invoice_id,customer_id,invoice_date,amount,payment_status,days_overdue,billing_issue,refund_requested
INV-0000001,CUST-100001,2026-03-01,28.51,Paid,0,0,0
INV-0000002,CUST-100001,2026-04-01,29.66,Paid,0,0,0
INV-0000003,CUST-100001,2026-05-01,29.35,Paid,0,0,0
INV-0000004,CUST-100001,2026-06-01,30.72,Paid,0,0,0
INV-0000005,CUST-100001,2026-07-01,29.89,Paid,0,0,0
INV-0000006,CUST-100001,2026-08-01,29.3,Paid,0,0,0
INV-0000007,CUST-100002,2026-03-01,154.46,Paid,0,0,0
INV-0000008,CUST-100002,2026-04-01,150.22,Paid,0,0,0
INV-0000009,CUST-100002,2026-05-01,149.85,Paid,0,0,0
INV-0000010,CUST-100002,2026-06-01,154.04,Paid,0,1,1
INV-0000011,CUST-100002,2026-07-01,145.53,Paid,0,0,0
INV-0000012,CUST-100002,2026-08-01,154.53,Paid,0,0,0
INV-0000013,CUST-100003,2026-03-01,157.32,Paid,0,0,0
INV-0000014,CUST-100003,2026-04-01,155.78,Paid,0,0,0
INV-0000015,CUST-100003,2026-05-01,155.42,Paid,0,0,0
INV-0000016,CUST-100003,2026-06-01,154.79,Late,4,0,0
INV-0000017,CUST-100003,2026-07-01,154.75,Paid,0,0,0
INV-0000018,CUST-100003,2026-08-01,154.12,Paid,0,0,0
INV-0000019,CUST-100004,2026-03-01,410.96,Paid,0,0,0
INV-0000020,CUST-100004,2026-04-01,403.93,Paid,0,0,0
INV-0000021,CUST-100004,2026-05-01,399.43,Paid,0,1,1
INV-0000022,CUST-100004,2026-06-01,383.72,Paid,0,0,0
INV-0000023,CUST-100004,2026-07-01,394.43,Paid,0,0,0
INV-0000024,CUST-100004,2026-08-01,415.88,Paid,0,0,0
INV-0000025,CUST-100005,2026-03-01,33.63,Paid,0,0,0
INV-0000026,CUST-100005,2026-04-01,32.34,Paid,0,0,0
INV-0000027,CUST-100005,2026-05-01,33.73,Paid,0,0,0
INV-0000028,CUST-100005,2026-06-01,34.46,Late,2,0,0
INV-0000029,CUST-100005,2026-07-01,32.63,Paid,0,0,0
INV-0000030,CUST-100005,2026-08-01,33.57,Paid,0,0,0
INV-0000031,CUST-100006,2026-03-01,102.43,Paid,0,0,0
INV-0000032,CUST-100006,2026-04-01,95.43,Paid,0,0,0
INV-0000033,CUST-100006,2026-05-01,93.78,Paid,0,0,0
INV-0000034,CUST-100006,2026-06-01,101.03,Paid,0,1,1
INV-0000035,CUST-100006,2026-07-01,100.09,Paid,0,0,0
INV-0000036,CUST-100006,2026-08-01,96.6,Paid,0,0,0
INV-0000037,CUST-100007,2026-03-01,89.66,Paid,0,1,1
INV-0000038,CUST-100007,2026-04-01,83.9,Paid,0,0,0
INV-0000039,CUST-100007,2026-05-01,109.63,Paid,0,0,0
INV-0000040,CUST-100007,2026-06-01,82.89,Paid,0,1,1
INV-0000041,CUST-100007,2026-07-01,87.27,Paid,0,0,0
INV-0000042,CUST-100007,2026-08-01,96.2,Paid,0,0,0
INV-0000043,CUST-100008,2026-03-01,30.38,Paid,0,0,0
INV-0000044,CUST-100008,2026-04-01,30.71,Paid,0,0,0
INV-0000045,CUST-100008,2026-05-01,31.42,Paid,0,0,0
INV-0000046,CUST-100008,2026-06-01,31.82,Paid,0,0,0
INV-0000047,CUST-100008,2026-07-01,32.89,Paid,0,0,0
INV-0000048,CUST-100008,2026-08-01,30.98,Paid,0,0,0
INV-0000049,CUST-100009,2026-03-01,89.56,Paid,0,0,0
INV-0000050,CUST-100009,2026-04-01,88.39,Paid,0,0,0
INV-0000051,CUST-100009,2026-05-01,86.47,Paid,0,0,0
INV-0000052,CUST-100009,2026-06-01,85.94,Paid,0,0,0
INV-0000053,CUST-100009,2026-07-01,85.6,Paid,0,0,0
INV-0000054,CUST-100009,2026-08-01,85.95,Paid,0,0,0
INV-0000055,CUST-100010,2026-03-01,33.0,Paid,0,0,0
INV-0000056,CUST-100010,2026-04-01,31.16,Paid,0,0,0
INV-0000057,CUST-100010,2026-05-01,31.11,Paid,0,0,0
INV-0000058,CUST-100010,2026-06-01,30.74,Paid,0,0,0
INV-0000059,CUST-100010,2026-07-01,31.48,Paid,0,1,1
INV-0000060,CUST-100010,2026-08-01,31.45,Paid,0,0,0
INV-0000061,CUST-100011,2026-03-01,33.28,Paid,0,0,0
INV-0000062,CUST-100011,2026-04-01,35.32,Paid,0,0,0
INV-0000063,CUST-100011,2026-05-01,34.09,Paid,0,1,0
INV-0000064,CUST-100011,2026-06-01,35.29,Paid,0,0,0
INV-0000065,CUST-100011,2026-07-01,34.78,Paid,0,0,0
INV-0000066,CUST-100011,2026-08-01,35.14,Paid,0,0,0
INV-0000067,CUST-100012,2026-03-01,164.18,Paid,0,0,0
INV-0000068,CUST-100012,2026-04-01,169.39,Paid,0,0,0
INV-0000069,CUST-100012,2026-05-01,173.04,Paid,0,0,0
INV-0000070,CUST-100012,2026-06-01,169.31,Paid,0,0,0
INV-0000071,CUST-100012,2026-07-01,167.99,Paid,0,0,0
INV-0000072,CUST-100012,2026-08-01,170.61,Paid,0,0,0
INV-0000073,CUST-100013,2026-03-01,72.95,Paid,0,0,0
INV-0000074,CUST-100013,2026-04-01,76.47,Paid,0,0,0
INV-0000075,CUST-100013,2026-05-01,73.96,Paid,0,0,0
INV-0000076,CUST-100013,2026-06-01,73.73,Paid,0,0,0
INV-0000077,CUST-100013,2026-07-01,75.33,Paid,0,0,0
INV-0000078,CUST-100013,2026-08-01,79.18,Paid,0,0,0
INV-0000079,CUST-100014,2026-03-01,29.75,Paid,0,0,0
INV-0000080,CUST-100014,2026-04-01,29.97,Paid,0,0,0
INV-0000081,CUST-100014,2026-05-01,29.44,Paid,0,0,0
INV-0000082,CUST-100014,2026-06-01,28.34,Paid,0,0,0
INV-0000083,CUST-100014,2026-07-01,29.56,Paid,0,0,0
INV-0000084,CUST-100014,2026-08-01,28.99,Paid,0,0,0
INV-0000085,CUST-100015,2026-03-01,166.15,Paid,0,0,0
INV-0000086,CUST-100015,2026-04-01,165.9,Paid,0,0,0
INV-0000087,CUST-100015,2026-05-01,165.24,Paid,0,0,0
INV-0000088,CUST-100015,2026-06-01,157.52,Paid,0,0,0
INV-0000089,CUST-100015,2026-07-01,160.76,Paid,0,0,0
INV-0000090,CUST-100015,2026-08-01,163.13,Paid,0,0,0
INV-0000091,CUST-100016,2026-03-01,37.74,Paid,0,0,0
INV-0000092,CUST-100016,2026-04-01,36.54,Paid,0,0,0
INV-0000093,CUST-100016,2026-05-01,36.55,Paid,0,0,0
INV-0000094,CUST-100016,2026-06-01,36.72,Paid,0,0,0
INV-0000095,CUST-100016,2026-07-01,36.11,Paid,0,0,0
INV-0000096,CUST-100016,2026-08-01,35.77,Paid,0,0,0
INV-0000097,CUST-100017,2026-03-01,395.53,Paid,0,0,0
INV-0000098,CUST-100017,2026-04-01,377.33,Paid,0,0,0
INV-0000099,CUST-100017,2026-05-01,390.89,Paid,0,0,0
INV-0000100,CUST-100017,2026-06-01,399.43,Paid,0,0,0
INV-0000101,CUST-100017,2026-07-01,369.13,Paid,0,0,0
INV-0000102,CUST-100017,2026-08-01,391.24,Paid,0,0,0
INV-0000103,CUST-100018,2026-03-01,32.37,Paid,0,0,0
INV-0000104,CUST-100018,2026-04-01,31.02,Paid,0,0,0
INV-0000105,CUST-100018,2026-05-01,30.41,Paid,0,0,0
INV-0000106,CUST-100018,2026-06-01,31.46,Paid,0,0,0
INV-0000107,CUST-100018,2026-07-01,31.06,Paid,0,0,0
INV-0000108,CUST-100018,2026-08-01,31.71,Paid,0,0,0
INV-0000109,CUST-100019,2026-03-01,85.29,Paid,0,0,0
INV-0000110,CUST-100019,2026-04-01,85.57,Late,2,1,0
INV-0000111,CUST-100019,2026-05-01,86.85,Late,24,1,0
INV-0000112,CUST-100019,2026-06-01,107.41,Paid,0,0,0
INV-0000113,CUST-100019,2026-07-01,89.0,Paid,0,0,0
INV-0000114,CUST-100019,2026-08-01,86.37,Late,10,1,1
INV-0000115,CUST-100020,2026-03-01,35.6,Paid,0,0,0
INV-0000116,CUST-100020,2026-04-01,33.55,Paid,0,0,0
INV-0000117,CUST-100020,2026-05-01,34.88,Paid,0,0,0
INV-0000118,CUST-100020,2026-06-01,33.97,Paid,0,0,0
INV-0000119,CUST-100020,2026-07-01,34.85,Paid,0,0,0
INV-0000120,CUST-100020,2026-08-01,33.09,Paid,0,0,0
INV-0000121,CUST-100021,2026-03-01,190.29,Paid,0,0,0
INV-0000122,CUST-100021,2026-04-01,188.01,Paid,0,0,0
INV-0000123,CUST-100021,2026-05-01,188.03,Paid,0,0,0
INV-0000124,CUST-100021,2026-06-01,190.3,Paid,0,0,0
INV-0000125,CUST-100021,2026-07-01,197.02,Late,23,0,0
INV-0000126,CUST-100021,2026-08-01,196.3,Paid,0,0,0
INV-0000127,CUST-100022,2026-03-01,33.3,Paid,0,1,1
INV-0000128,CUST-100022,2026-04-01,40.96,Paid,0,0,0
INV-0000129,CUST-100022,2026-05-01,35.05,Late,29,0,0
INV-0000130,CUST-100022,2026-06-01,34.95,Late,2,1,0
INV-0000131,CUST-100022,2026-07-01,34.99,Late,7,1,1
INV-0000132,CUST-100022,2026-08-01,35.73,Paid,0,1,1
INV-0000133,CUST-100023,2026-03-01,77.89,Paid,0,1,0
INV-0000134,CUST-100023,2026-04-01,76.17,Paid,0,0,0
INV-0000135,CUST-100023,2026-05-01,79.26,Paid,0,0,0
INV-0000136,CUST-100023,2026-06-01,76.71,Paid,0,0,0
INV-0000137,CUST-100023,2026-07-01,73.82,Paid,0,0,0
INV-0000138,CUST-100023,2026-08-01,74.76,Paid,0,0,0
INV-0000139,CUST-100024,2026-03-01,37.7,Paid,0,0,0
INV-0000140,CUST-100024,2026-04-01,38.69,Paid,0,0,0
INV-0000141,CUST-100024,2026-05-01,38.24,Paid,0,0,0
INV-0000142,CUST-100024,2026-06-01,37.91,Paid,0,0,0
INV-0000143,CUST-100024,2026-07-01,37.94,Paid,0,0,0
INV-0000144,CUST-100024,2026-08-01,38.01,Paid,0,0,0
INV-0000145,CUST-100025,2026-03-01,82.3,Paid,0,0,0
INV-0000146,CUST-100025,2026-04-01,78.87,Paid,0,0,0
INV-0000147,CUST-100025,2026-05-01,81.12,Paid,0,0,0
INV-0000148,CUST-100025,2026-06-01,84.98,Paid,0,0,0
INV-0000149,CUST-100025,2026-07-01,85.3,Paid,0,0,0
INV-0000150,CUST-100025,2026-08-01,78.85,Paid,0,0,0
INV-0000151,CUST-100026,2026-03-01,37.63,Paid,0,0,0
INV-0000152,CUST-100026,2026-04-01,39.15,Paid,0,0,0
INV-0000153,CUST-100026,2026-05-01,38.15,Paid,0,0,0
INV-0000154,CUST-100026,2026-06-01,38.59,Paid,0,0,0
INV-0000155,CUST-100026,2026-07-01,37.85,Paid,0,0,0
INV-0000156,CUST-100026,2026-08-01,38.32,Paid,0,0,0
INV-0000157,CUST-100027,2026-03-01,83.42,Paid,0,1,0
INV-0000158,CUST-100027,2026-04-01,90.34,Paid,0,0,0
INV-0000159,CUST-100027,2026-05-01,78.42,Paid,0,0,0
INV-0000160,CUST-100027,2026-06-01,92.61,Paid,0,0,0
INV-0000161,CUST-100027,2026-07-01,77.82,Late,12,0,0
INV-0000162,CUST-100027,2026-08-01,82.42,Late,29,0,0
INV-0000163,CUST-100028,2026-03-01,76.14,Paid,0,0,0
INV-0000164,CUST-100028,2026-04-01,77.42,Late,11,0,0
INV-0000165,CUST-100028,2026-05-01,75.32,Paid,0,0,0
INV-0000166,CUST-100028,2026-06-01,75.88,Late,21,0,0
INV-0000167,CUST-100028,2026-07-01,76.06,Paid,0,0,0
INV-0000168,CUST-100028,2026-08-01,76.43,Paid,0,0,0
INV-0000169,CUST-100029,2026-03-01,37.72,Paid,0,0,0
INV-0000170,CUST-100029,2026-04-01,36.76,Paid,0,0,0
INV-0000171,CUST-100029,2026-05-01,37.31,Paid,0,0,0
INV-0000172,CUST-100029,2026-06-01,38.05,Paid,0,0,0
INV-0000173,CUST-100029,2026-07-01,38.68,Paid,0,1,1
INV-0000174,CUST-100029,2026-08-01,39.59,Paid,0,0,0
INV-0000175,CUST-100030,2026-03-01,42.95,Paid,0,0,0
INV-0000176,CUST-100030,2026-04-01,43.15,Paid,0,0,0
INV-0000177,CUST-100030,2026-05-01,42.43,Paid,0,0,0
INV-0000178,CUST-100030,2026-06-01,42.63,Paid,0,0,0
INV-0000179,CUST-100030,2026-07-01,40.72,Paid,0,0,0
INV-0000180,CUST-100030,2026-08-01,41.34,Paid,0,0,0
INV-0000181,CUST-100031,2026-03-01,35.36,Paid,0,0,0
INV-0000182,CUST-100031,2026-04-01,36.91,Paid,0,0,0
INV-0000183,CUST-100031,2026-05-01,37.27,Paid,0,0,0
INV-0000184,CUST-100031,2026-06-01,35.37,Paid,0,0,0
INV-0000185,CUST-100031,2026-07-01,36.53,Paid,0,1,1
INV-0000186,CUST-100031,2026-08-01,37.75,Paid,0,0,0
INV-0000187,CUST-100032,2026-03-01,108.82,Paid,0,1,0
INV-0000188,CUST-100032,2026-04-01,79.95,Paid,0,0,0
INV-0000189,CUST-100032,2026-05-01,78.54,Paid,0,1,0
INV-0000190,CUST-100032,2026-06-01,91.26,Paid,0,0,0
INV-0000191,CUST-100032,2026-07-01,76.34,Paid,0,0,0
INV-0000192,CUST-100032,2026-08-01,91.04,Paid,0,1,0
INV-0000193,CUST-100033,2026-03-01,153.53,Paid,0,0,0
INV-0000194,CUST-100033,2026-04-01,155.62,Paid,0,0,0
INV-0000195,CUST-100033,2026-05-01,155.12,Paid,0,0,0
INV-0000196,CUST-100033,2026-06-01,153.59,Paid,0,0,0
INV-0000197,CUST-100033,2026-07-01,158.51,Paid,0,0,0
INV-0000198,CUST-100033,2026-08-01,157.12,Paid,0,0,0
INV-0000199,CUST-100034,2026-03-01,95.51,Late,25,0,0
INV-0000200,CUST-100034,2026-04-01,79.62,Paid,0,1,0
INV-0000201,CUST-100034,2026-05-01,79.55,Paid,0,0,0
INV-0000202,CUST-100034,2026-06-01,103.53,Paid,0,1,0
INV-0000203,CUST-100034,2026-07-01,78.77,Paid,0,0,0
INV-0000204,CUST-100034,2026-08-01,83.1,Late,31,0,0
INV-0000205,CUST-100035,2026-03-01,150.0,Paid,0,0,0
INV-0000206,CUST-100035,2026-04-01,148.47,Paid,0,0,0
INV-0000207,CUST-100035,2026-05-01,152.45,Paid,0,0,0
INV-0000208,CUST-100035,2026-06-01,151.02,Paid,0,0,0
INV-0000209,CUST-100035,2026-07-01,141.12,Paid,0,0,0
INV-0000210,CUST-100035,2026-08-01,148.23,Paid,0,0,0
INV-0000211,CUST-100036,2026-03-01,136.29,Paid,0,0,0
INV-0000212,CUST-100036,2026-04-01,143.35,Paid,0,0,0
INV-0000213,CUST-100036,2026-05-01,135.19,Paid,0,0,0
INV-0000214,CUST-100036,2026-06-01,134.64,Paid,0,0,0
INV-0000215,CUST-100036,2026-07-01,140.16,Paid,0,0,0
INV-0000216,CUST-100036,2026-08-01,140.8,Paid,0,0,0
INV-0000217,CUST-100037,2026-03-01,182.36,Paid,0,0,0
INV-0000218,CUST-100037,2026-04-01,183.66,Paid,0,0,0
INV-0000219,CUST-100037,2026-05-01,177.51,Paid,0,0,0
INV-0000220,CUST-100037,2026-06-01,185.19,Paid,0,0,0
INV-0000221,CUST-100037,2026-07-01,182.5,Paid,0,0,0
INV-0000222,CUST-100037,2026-08-01,185.76,Late,27,0,0
INV-0000223,CUST-100038,2026-03-01,34.24,Paid,0,0,0
INV-0000224,CUST-100038,2026-04-01,34.31,Paid,0,0,0
INV-0000225,CUST-100038,2026-05-01,35.86,Paid,0,0,0
INV-0000226,CUST-100038,2026-06-01,33.77,Paid,0,0,0
INV-0000227,CUST-100038,2026-07-01,34.94,Paid,0,0,0
INV-0000228,CUST-100038,2026-08-01,36.19,Paid,0,0,0
INV-0000229,CUST-100039,2026-03-01,144.03,Paid,0,0,0
INV-0000230,CUST-100039,2026-04-01,147.39,Paid,0,0,0
INV-0000231,CUST-100039,2026-05-01,141.29,Paid,0,0,0
INV-0000232,CUST-100039,2026-06-01,143.13,Paid,0,0,0
INV-0000233,CUST-100039,2026-07-01,148.33,Paid,0,0,0
INV-0000234,CUST-100039,2026-08-01,146.74,Paid,0,0,0
INV-0000235,CUST-100040,2026-03-01,41.04,Paid,0,0,0
INV-0000236,CUST-100040,2026-04-01,40.19,Paid,0,0,0
INV-0000237,CUST-100040,2026-05-01,39.7,Paid,0,0,0
INV-0000238,CUST-100040,2026-06-01,39.03,Paid,0,0,0
INV-0000239,CUST-100040,2026-07-01,39.73,Late,8,0,0
INV-0000240,CUST-100040,2026-08-01,39.59,Paid,0,1,0
INV-0000241,CUST-100041,2026-03-01,36.33,Late,33,0,0
INV-0000242,CUST-100041,2026-04-01,34.14,Paid,0,1,0
INV-0000243,CUST-100041,2026-05-01,33.33,Late,23,1,0
INV-0000244,CUST-100041,2026-06-01,33.59,Late,26,0,0
INV-0000245,CUST-100041,2026-07-01,31.73,Paid,0,1,0
INV-0000246,CUST-100041,2026-08-01,33.23,Late,33,1,0
INV-0000247,CUST-100042,2026-03-01,36.62,Paid,0,0,0
INV-0000248,CUST-100042,2026-04-01,40.47,Late,6,0,0
INV-0000249,CUST-100042,2026-05-01,39.88,Paid,0,0,0
INV-0000250,CUST-100042,2026-06-01,40.85,Paid,0,0,0
INV-0000251,CUST-100042,2026-07-01,40.49,Paid,0,0,0
INV-0000252,CUST-100042,2026-08-01,40.46,Paid,0,0,0
INV-0000253,CUST-100043,2026-03-01,120.21,Paid,0,0,0
INV-0000254,CUST-100043,2026-04-01,124.9,Paid,0,0,0
INV-0000255,CUST-100043,2026-05-01,123.04,Paid,0,0,0
INV-0000256,CUST-100043,2026-06-01,123.02,Paid,0,0,0
INV-0000257,CUST-100043,2026-07-01,129.48,Paid,0,0,0
INV-0000258,CUST-100043,2026-08-01,120.78,Paid,0,0,0
INV-0000259,CUST-100044,2026-03-01,137.35,Paid,0,0,0
INV-0000260,CUST-100044,2026-04-01,143.17,Paid,0,0,0
INV-0000261,CUST-100044,2026-05-01,143.05,Paid,0,0,0
INV-0000262,CUST-100044,2026-06-01,141.73,Paid,0,0,0
INV-0000263,CUST-100044,2026-07-01,141.62,Paid,0,0,0
INV-0000264,CUST-100044,2026-08-01,143.58,Paid,0,0,0
INV-0000265,CUST-100045,2026-03-01,161.67,Paid,0,0,0
INV-0000266,CUST-100045,2026-04-01,163.33,Paid,0,0,0
INV-0000267,CUST-100045,2026-05-01,163.71,Paid,0,0,0
INV-0000268,CUST-100045,2026-06-01,165.39,Paid,0,0,0
INV-0000269,CUST-100045,2026-07-01,166.11,Paid,0,0,0
INV-0000270,CUST-100045,2026-08-01,162.88,Paid,0,0,0
INV-0000271,CUST-100046,2026-03-01,130.59,Paid,0,0,0
INV-0000272,CUST-100046,2026-04-01,128.81,Paid,0,0,0
INV-0000273,CUST-100046,2026-05-01,127.1,Paid,0,0,0
INV-0000274,CUST-100046,2026-06-01,136.08,Paid,0,0,0
INV-0000275,CUST-100046,2026-07-01,136.48,Paid,0,0,0
INV-0000276,CUST-100046,2026-08-01,131.4,Paid,0,0,0
INV-0000277,CUST-100047,2026-03-01,40.05,Paid,0,0,0
INV-0000278,CUST-100047,2026-04-01,39.67,Paid,0,0,0
INV-0000279,CUST-100047,2026-05-01,38.95,Late,10,0,0
INV-0000280,CUST-100047,2026-06-01,40.03,Paid,0,0,0
INV-0000281,CUST-100047,2026-07-01,41.77,Paid,0,0,0
INV-0000282,CUST-100047,2026-08-01,40.57,Paid,0,0,0
INV-0000283,CUST-100048,2026-03-01,81.67,Paid,0,0,0
INV-0000284,CUST-100048,2026-04-01,78.08,Paid,0,0,0
INV-0000285,CUST-100048,2026-05-01,79.9,Paid,0,0,0
INV-0000286,CUST-100048,2026-06-01,77.13,Paid,0,0,0
INV-0000287,CUST-100048,2026-07-01,79.51,Paid,0,0,0
INV-0000288,CUST-100048,2026-08-01,79.87,Late,34,0,0
INV-0000289,CUST-100049,2026-03-01,91.11,Paid,0,0,0
INV-0000290,CUST-100049,2026-04-01,88.26,Paid,0,0,0
INV-0000291,CUST-100049,2026-05-01,85.92,Paid,0,0,0
INV-0000292,CUST-100049,2026-06-01,91.5,Paid,0,0,0
INV-0000293,CUST-100049,2026-07-01,82.51,Paid,0,0,0
INV-0000294,CUST-100049,2026-08-01,86.55,Paid,0,0,0
INV-0000295,CUST-100050,2026-03-01,103.72,Late,1,0,0
INV-0000296,CUST-100050,2026-04-01,104.36,Late,29,1,0
INV-0000297,CUST-100050,2026-05-01,81.01,Late,28,1,0
INV-0000298,CUST-100050,2026-06-01,83.84,Paid,0,0,0
INV-0000299,CUST-100050,2026-07-01,84.82,Late,15,1,1
INV-0000300,CUST-100050,2026-08-01,87.22,Paid,0,1,0
INV-0000301,CUST-100051,2026-03-01,68.49,Paid,0,0,0
INV-0000302,CUST-100051,2026-04-01,73.69,Paid,0,0,0
INV-0000303,CUST-100051,2026-05-01,74.68,Paid,0,0,0
INV-0000304,CUST-100051,2026-06-01,73.68,Paid,0,0,0
INV-0000305,CUST-100051,2026-07-01,70.85,Paid,0,0,0
INV-0000306,CUST-100051,2026-08-01,72.05,Paid,0,0,0
INV-0000307,CUST-100052,2026-03-01,81.22,Paid,0,0,0
INV-0000308,CUST-100052,2026-04-01,79.72,Paid,0,0,0
INV-0000309,CUST-100052,2026-05-01,75.07,Paid,0,0,0
INV-0000310,CUST-100052,2026-06-01,77.65,Paid,0,0,0
INV-0000311,CUST-100052,2026-07-01,77.37,Paid,0,0,0
INV-0000312,CUST-100052,2026-08-01,73.19,Paid,0,0,0
INV-0000313,CUST-100053,2026-03-01,34.23,Paid,0,0,0
INV-0000314,CUST-100053,2026-04-01,36.26,Paid,0,0,0
INV-0000315,CUST-100053,2026-05-01,35.89,Paid,0,0,0
INV-0000316,CUST-100053,2026-06-01,36.9,Paid,0,0,0
INV-0000317,CUST-100053,2026-07-01,34.78,Paid,0,0,0
INV-0000318,CUST-100053,2026-08-01,36.08,Paid,0,0,0
INV-0000319,CUST-100054,2026-03-01,436.99,Late,22,0,0
INV-0000320,CUST-100054,2026-04-01,422.76,Late,6,0,0
INV-0000321,CUST-100054,2026-05-01,436.89,Paid,0,0,0
INV-0000322,CUST-100054,2026-06-01,396.05,Paid,0,0,0
INV-0000323,CUST-100054,2026-07-01,448.92,Paid,0,0,0
INV-0000324,CUST-100054,2026-08-01,387.54,Late,27,0,0
INV-0000325,CUST-100055,2026-03-01,40.73,Paid,0,0,0
INV-0000326,CUST-100055,2026-04-01,29.53,Paid,0,0,0
INV-0000327,CUST-100055,2026-05-01,29.54,Paid,0,1,0
INV-0000328,CUST-100055,2026-06-01,29.0,Paid,0,0,0
INV-0000329,CUST-100055,2026-07-01,33.29,Paid,0,0,0
INV-0000330,CUST-100055,2026-08-01,29.77,Paid,0,0,0
INV-0000331,CUST-100056,2026-03-01,73.51,Paid,0,0,0
INV-0000332,CUST-100056,2026-04-01,71.16,Paid,0,0,0
INV-0000333,CUST-100056,2026-05-01,73.9,Paid,0,0,0
INV-0000334,CUST-100056,2026-06-01,72.14,Paid,0,0,0
INV-0000335,CUST-100056,2026-07-01,72.38,Paid,0,0,0
INV-0000336,CUST-100056,2026-08-01,75.39,Paid,0,0,0
INV-0000337,CUST-100057,2026-03-01,72.62,Paid,0,0,0
INV-0000338,CUST-100057,2026-04-01,74.27,Paid,0,0,0
INV-0000339,CUST-100057,2026-05-01,74.65,Paid,0,0,0
INV-0000340,CUST-100057,2026-06-01,76.95,Paid,0,0,0
INV-0000341,CUST-100057,2026-07-01,76.74,Paid,0,0,0
INV-0000342,CUST-100057,2026-08-01,73.58,Paid,0,0,0
INV-0000343,CUST-100058,2026-03-01,32.25,Paid,0,0,0
INV-0000344,CUST-100058,2026-04-01,33.22,Paid,0,0,0
INV-0000345,CUST-100058,2026-05-01,32.33,Paid,0,0,0
INV-0000346,CUST-100058,2026-06-01,33.02,Paid,0,0,0
INV-0000347,CUST-100058,2026-07-01,32.15,Paid,0,0,0
INV-0000348,CUST-100058,2026-08-01,31.74,Paid,0,0,0
INV-0000349,CUST-100059,2026-03-01,385.99,Paid,0,0,0
INV-0000350,CUST-100059,2026-04-01,405.78,Late,17,0,0
INV-0000351,CUST-100059,2026-05-01,414.94,Paid,0,0,0
INV-0000352,CUST-100059,2026-06-01,404.65,Paid,0,0,0
INV-0000353,CUST-100059,2026-07-01,418.05,Paid,0,0,0
INV-0000354,CUST-100059,2026-08-01,411.35,Paid,0,0,0
INV-0000355,CUST-100060,2026-03-01,156.01,Paid,0,0,0
INV-0000356,CUST-100060,2026-04-01,156.16,Paid,0,0,0
INV-0000357,CUST-100060,2026-05-01,155.15,Paid,0,0,0
INV-0000358,CUST-100060,2026-06-01,149.01,Paid,0,0,0
INV-0000359,CUST-100060,2026-07-01,156.11,Paid,0,0,0
INV-0000360,CUST-100060,2026-08-01,152.32,Paid,0,0,0
INV-0000361,CUST-100061,2026-03-01,35.57,Paid,0,0,0
INV-0000362,CUST-100061,2026-04-01,36.47,Paid,0,0,0
INV-0000363,CUST-100061,2026-05-01,36.62,Paid,0,0,0
INV-0000364,CUST-100061,2026-06-01,35.21,Paid,0,0,0
INV-0000365,CUST-100061,2026-07-01,36.57,Paid,0,0,0
INV-0000366,CUST-100061,2026-08-01,36.14,Paid,0,0,0
INV-0000367,CUST-100062,2026-03-01,33.6,Paid,0,0,0
INV-0000368,CUST-100062,2026-04-01,32.9,Paid,0,0,0
INV-0000369,CUST-100062,2026-05-01,32.22,Paid,0,0,0
INV-0000370,CUST-100062,2026-06-01,32.64,Paid,0,0,0
INV-0000371,CUST-100062,2026-07-01,32.8,Paid,0,0,0
INV-0000372,CUST-100062,2026-08-01,32.36,Paid,0,0,0
INV-0000373,CUST-100063,2026-03-01,30.27,Paid,0,0,0
INV-0000374,CUST-100063,2026-04-01,31.15,Paid,0,0,0
INV-0000375,CUST-100063,2026-05-01,30.54,Paid,0,0,0
INV-0000376,CUST-100063,2026-06-01,30.54,Paid,0,0,0
INV-0000377,CUST-100063,2026-07-01,31.51,Paid,0,0,0
INV-0000378,CUST-100063,2026-08-01,31.41,Paid,0,0,0
INV-0000379,CUST-100064,2026-03-01,422.09,Paid,0,0,0
INV-0000380,CUST-100064,2026-04-01,444.47,Paid,0,0,0
INV-0000381,CUST-100064,2026-05-01,442.86,Late,1,0,0
INV-0000382,CUST-100064,2026-06-01,433.08,Paid,0,0,0
INV-0000383,CUST-100064,2026-07-01,420.41,Paid,0,0,0
INV-0000384,CUST-100064,2026-08-01,435.09,Paid,0,0,0
INV-0000385,CUST-100065,2026-03-01,80.72,Paid,0,0,0
INV-0000386,CUST-100065,2026-04-01,79.75,Paid,0,0,0
INV-0000387,CUST-100065,2026-05-01,81.89,Paid,0,0,0
INV-0000388,CUST-100065,2026-06-01,79.54,Paid,0,0,0
INV-0000389,CUST-100065,2026-07-01,82.0,Paid,0,0,0
INV-0000390,CUST-100065,2026-08-01,81.36,Paid,0,0,0
INV-0000391,CUST-100066,2026-03-01,125.15,Paid,0,0,0
INV-0000392,CUST-100066,2026-04-01,119.84,Paid,0,0,0
INV-0000393,CUST-100066,2026-05-01,122.2,Paid,0,0,0
INV-0000394,CUST-100066,2026-06-01,123.02,Late,34,0,0
INV-0000395,CUST-100066,2026-07-01,122.51,Late,12,0,0
INV-0000396,CUST-100066,2026-08-01,120.42,Paid,0,0,0
INV-0000397,CUST-100067,2026-03-01,32.86,Paid,0,0,0
INV-0000398,CUST-100067,2026-04-01,33.9,Paid,0,0,0
INV-0000399,CUST-100067,2026-05-01,31.8,Paid,0,0,0
INV-0000400,CUST-100067,2026-06-01,32.85,Paid,0,0,0
INV-0000401,CUST-100067,2026-07-01,33.16,Paid,0,0,0
INV-0000402,CUST-100067,2026-08-01,32.78,Paid,0,0,0
INV-0000403,CUST-100068,2026-03-01,77.86,Paid,0,0,0
INV-0000404,CUST-100068,2026-04-01,74.98,Paid,0,0,0
INV-0000405,CUST-100068,2026-05-01,77.33,Paid,0,0,0
INV-0000406,CUST-100068,2026-06-01,74.86,Paid,0,0,0
INV-0000407,CUST-100068,2026-07-01,75.88,Paid,0,0,0
INV-0000408,CUST-100068,2026-08-01,73.96,Late,21,0,0
INV-0000409,CUST-100069,2026-03-01,91.31,Paid,0,1,1
INV-0000410,CUST-100069,2026-04-01,88.68,Paid,0,0,0
INV-0000411,CUST-100069,2026-05-01,89.26,Paid,0,0,0
INV-0000412,CUST-100069,2026-06-01,88.4,Paid,0,0,0
INV-0000413,CUST-100069,2026-07-01,90.97,Paid,0,1,1
INV-0000414,CUST-100069,2026-08-01,88.5,Paid,0,0,0
INV-0000415,CUST-100070,2026-03-01,156.96,Paid,0,0,0
INV-0000416,CUST-100070,2026-04-01,154.05,Paid,0,0,0
INV-0000417,CUST-100070,2026-05-01,149.63,Paid,0,0,0
INV-0000418,CUST-100070,2026-06-01,152.26,Paid,0,0,0
INV-0000419,CUST-100070,2026-07-01,152.06,Paid,0,0,0
INV-0000420,CUST-100070,2026-08-01,163.54,Paid,0,0,0
INV-0000421,CUST-100071,2026-03-01,86.86,Paid,0,0,0
INV-0000422,CUST-100071,2026-04-01,86.41,Paid,0,0,0
INV-0000423,CUST-100071,2026-05-01,86.28,Paid,0,0,0
INV-0000424,CUST-100071,2026-06-01,85.81,Paid,0,0,0
INV-0000425,CUST-100071,2026-07-01,89.05,Paid,0,0,0
INV-0000426,CUST-100071,2026-08-01,85.96,Paid,0,0,0
INV-0000427,CUST-100072,2026-03-01,87.98,Paid,0,0,0
INV-0000428,CUST-100072,2026-04-01,85.99,Paid,0,0,0
INV-0000429,CUST-100072,2026-05-01,86.71,Paid,0,1,0
INV-0000430,CUST-100072,2026-06-01,89.11,Paid,0,0,0
INV-0000431,CUST-100072,2026-07-01,86.91,Late,5,0,0
INV-0000432,CUST-100072,2026-08-01,89.47,Paid,0,0,0
INV-0000433,CUST-100073,2026-03-01,33.74,Paid,0,0,0
INV-0000434,CUST-100073,2026-04-01,35.32,Late,18,0,0
INV-0000435,CUST-100073,2026-05-01,33.5,Late,24,0,0
INV-0000436,CUST-100073,2026-06-01,33.9,Paid,0,0,0
INV-0000437,CUST-100073,2026-07-01,32.8,Paid,0,0,0
INV-0000438,CUST-100073,2026-08-01,32.27,Paid,0,0,0
INV-0000439,CUST-100074,2026-03-01,41.6,Paid,0,1,1
INV-0000440,CUST-100074,2026-04-01,39.74,Paid,0,0,0
INV-0000441,CUST-100074,2026-05-01,42.7,Paid,0,1,0
INV-0000442,CUST-100074,2026-06-01,42.46,Paid,0,0,0
INV-0000443,CUST-100074,2026-07-01,43.02,Paid,0,0,0
INV-0000444,CUST-100074,2026-08-01,41.04,Paid,0,0,0
INV-0000445,CUST-100075,2026-03-01,35.12,Paid,0,0,0
INV-0000446,CUST-100075,2026-04-01,33.19,Paid,0,0,0
INV-0000447,CUST-100075,2026-05-01,34.69,Paid,0,0,0
INV-0000448,CUST-100075,2026-06-01,33.59,Paid,0,0,0
INV-0000449,CUST-100075,2026-07-01,36.07,Paid,0,0,0
INV-0000450,CUST-100075,2026-08-01,36.68,Paid,0,0,0
INV-0000451,CUST-100076,2026-03-01,98.16,Late,28,0,0
INV-0000452,CUST-100076,2026-04-01,92.92,Paid,0,0,0
INV-0000453,CUST-100076,2026-05-01,95.31,Paid,0,0,0
INV-0000454,CUST-100076,2026-06-01,95.33,Paid,0,0,0
INV-0000455,CUST-100076,2026-07-01,94.16,Paid,0,0,0
INV-0000456,CUST-100076,2026-08-01,92.31,Paid,0,0,0
INV-0000457,CUST-100077,2026-03-01,69.85,Paid,0,0,0
INV-0000458,CUST-100077,2026-04-01,71.08,Late,11,0,0
INV-0000459,CUST-100077,2026-05-01,72.58,Paid,0,0,0
INV-0000460,CUST-100077,2026-06-01,68.04,Paid,0,0,0
INV-0000461,CUST-100077,2026-07-01,69.85,Paid,0,0,0
INV-0000462,CUST-100077,2026-08-01,69.21,Paid,0,0,0
INV-0000463,CUST-100078,2026-03-01,43.03,Paid,0,0,0
INV-0000464,CUST-100078,2026-04-01,43.43,Paid,0,0,0
INV-0000465,CUST-100078,2026-05-01,43.47,Paid,0,0,0
INV-0000466,CUST-100078,2026-06-01,43.68,Paid,0,0,0
INV-0000467,CUST-100078,2026-07-01,42.83,Paid,0,0,0
INV-0000468,CUST-100078,2026-08-01,41.13,Paid,0,0,0
INV-0000469,CUST-100079,2026-03-01,319.62,Paid,0,0,0
INV-0000470,CUST-100079,2026-04-01,315.79,Paid,0,0,0
INV-0000471,CUST-100079,2026-05-01,310.9,Paid,0,0,0
INV-0000472,CUST-100079,2026-06-01,330.01,Paid,0,1,1
INV-0000473,CUST-100079,2026-07-01,312.71,Paid,0,1,0
INV-0000474,CUST-100079,2026-08-01,325.65,Paid,0,1,1
INV-0000475,CUST-100080,2026-03-01,151.02,Paid,0,0,0
INV-0000476,CUST-100080,2026-04-01,150.37,Paid,0,0,0
INV-0000477,CUST-100080,2026-05-01,146.62,Paid,0,0,0
INV-0000478,CUST-100080,2026-06-01,149.44,Paid,0,0,0
INV-0000479,CUST-100080,2026-07-01,154.53,Paid,0,0,0
INV-0000480,CUST-100080,2026-08-01,148.89,Paid,0,0,0
INV-0000481,CUST-100081,2026-03-01,93.06,Late,34,0,0
INV-0000482,CUST-100081,2026-04-01,80.68,Late,25,0,0
INV-0000483,CUST-100081,2026-05-01,81.36,Paid,0,0,0
INV-0000484,CUST-100081,2026-06-01,94.8,Paid,0,0,0
INV-0000485,CUST-100081,2026-07-01,81.89,Paid,0,1,0
INV-0000486,CUST-100081,2026-08-01,78.07,Paid,0,1,0
INV-0000487,CUST-100082,2026-03-01,144.07,Paid,0,0,0
INV-0000488,CUST-100082,2026-04-01,142.83,Paid,0,0,0
INV-0000489,CUST-100082,2026-05-01,140.55,Paid,0,0,0
INV-0000490,CUST-100082,2026-06-01,142.71,Paid,0,0,0
INV-0000491,CUST-100082,2026-07-01,143.02,Late,21,0,0
INV-0000492,CUST-100082,2026-08-01,139.83,Paid,0,0,0
INV-0000493,CUST-100083,2026-03-01,414.55,Paid,0,0,0
INV-0000494,CUST-100083,2026-04-01,408.3,Late,29,0,0
INV-0000495,CUST-100083,2026-05-01,389.36,Paid,0,0,0
INV-0000496,CUST-100083,2026-06-01,416.56,Paid,0,1,1
INV-0000497,CUST-100083,2026-07-01,392.28,Paid,0,0,0
INV-0000498,CUST-100083,2026-08-01,415.72,Paid,0,0,0
INV-0000499,CUST-100084,2026-03-01,148.3,Paid,0,0,0
INV-0000500,CUST-100084,2026-04-01,153.42,Paid,0,0,0
INV-0000501,CUST-100084,2026-05-01,142.38,Paid,0,0,0
INV-0000502,CUST-100084,2026-06-01,149.9,Paid,0,0,0
INV-0000503,CUST-100084,2026-07-01,139.33,Paid,0,0,0
INV-0000504,CUST-100084,2026-08-01,141.53,Paid,0,0,0
INV-0000505,CUST-100085,2026-03-01,199.83,Paid,0,0,0
INV-0000506,CUST-100085,2026-04-01,205.75,Paid,0,0,0
INV-0000507,CUST-100085,2026-05-01,200.22,Paid,0,0,0
INV-0000508,CUST-100085,2026-06-01,204.57,Paid,0,0,0
INV-0000509,CUST-100085,2026-07-01,213.08,Paid,0,0,0
INV-0000510,CUST-100085,2026-08-01,207.64,Paid,0,0,0
INV-0000511,CUST-100086,2026-03-01,90.7,Paid,0,0,0
INV-0000512,CUST-100086,2026-04-01,91.96,Paid,0,0,0
INV-0000513,CUST-100086,2026-05-01,89.68,Paid,0,0,0
INV-0000514,CUST-100086,2026-06-01,92.91,Paid,0,0,0
INV-0000515,CUST-100086,2026-07-01,95.11,Paid,0,0,0
INV-0000516,CUST-100086,2026-08-01,90.83,Paid,0,0,0
INV-0000517,CUST-100087,2026-03-01,87.09,Paid,0,0,0
INV-0000518,CUST-100087,2026-04-01,84.02,Paid,0,0,0
INV-0000519,CUST-100087,2026-05-01,88.64,Paid,0,0,0
INV-0000520,CUST-100087,2026-06-01,82.71,Paid,0,0,0
INV-0000521,CUST-100087,2026-07-01,81.2,Paid,0,0,0
INV-0000522,CUST-100087,2026-08-01,87.29,Paid,0,0,0
INV-0000523,CUST-100088,2026-03-01,179.93,Paid,0,0,0
INV-0000524,CUST-100088,2026-04-01,208.04,Paid,0,0,0
INV-0000525,CUST-100088,2026-05-01,200.09,Paid,0,0,0
INV-0000526,CUST-100088,2026-06-01,173.92,Paid,0,0,0
INV-0000527,CUST-100088,2026-07-01,172.7,Paid,0,1,0
INV-0000528,CUST-100088,2026-08-01,229.09,Paid,0,0,0
INV-0000529,CUST-100089,2026-03-01,86.85,Paid,0,0,0
INV-0000530,CUST-100089,2026-04-01,87.26,Paid,0,0,0
INV-0000531,CUST-100089,2026-05-01,84.55,Paid,0,0,0
INV-0000532,CUST-100089,2026-06-01,87.21,Paid,0,0,0
INV-0000533,CUST-100089,2026-07-01,85.7,Paid,0,0,0
INV-0000534,CUST-100089,2026-08-01,86.9,Paid,0,0,0
INV-0000535,CUST-100090,2026-03-01,82.78,Paid,0,0,0
INV-0000536,CUST-100090,2026-04-01,81.4,Paid,0,0,0
INV-0000537,CUST-100090,2026-05-01,79.84,Late,8,0,0
INV-0000538,CUST-100090,2026-06-01,82.35,Late,27,0,0
INV-0000539,CUST-100090,2026-07-01,81.16,Paid,0,0,0
INV-0000540,CUST-100090,2026-08-01,80.45,Paid,0,0,0
INV-0000541,CUST-100091,2026-03-01,28.53,Paid,0,0,0
INV-0000542,CUST-100091,2026-04-01,29.63,Paid,0,0,0
INV-0000543,CUST-100091,2026-05-01,28.93,Paid,0,0,0
INV-0000544,CUST-100091,2026-06-01,28.5,Paid,0,0,0
INV-0000545,CUST-100091,2026-07-01,28.27,Paid,0,0,0
INV-0000546,CUST-100091,2026-08-01,27.91,Paid,0,0,0
INV-0000547,CUST-100092,2026-03-01,167.06,Late,4,0,0
INV-0000548,CUST-100092,2026-04-01,173.34,Paid,0,1,1
INV-0000549,CUST-100092,2026-05-01,164.38,Paid,0,0,0
INV-0000550,CUST-100092,2026-06-01,168.55,Late,5,0,0
INV-0000551,CUST-100092,2026-07-01,170.57,Paid,0,0,0
INV-0000552,CUST-100092,2026-08-01,170.17,Late,33,0,0
INV-0000553,CUST-100093,2026-03-01,32.18,Paid,0,0,0
INV-0000554,CUST-100093,2026-04-01,31.93,Paid,0,0,0
INV-0000555,CUST-100093,2026-05-01,32.09,Paid,0,0,0
INV-0000556,CUST-100093,2026-06-01,32.35,Paid,0,0,0
INV-0000557,CUST-100093,2026-07-01,32.71,Paid,0,0,0
INV-0000558,CUST-100093,2026-08-01,33.95,Paid,0,0,0
INV-0000559,CUST-100094,2026-03-01,69.96,Paid,0,0,0
INV-0000560,CUST-100094,2026-04-01,74.67,Paid,0,0,0
INV-0000561,CUST-100094,2026-05-01,73.56,Paid,0,0,0
INV-0000562,CUST-100094,2026-06-01,76.51,Paid,0,1,0
INV-0000563,CUST-100094,2026-07-01,73.22,Paid,0,0,0
INV-0000564,CUST-100094,2026-08-01,73.45,Paid,0,0,0
INV-0000565,CUST-100095,2026-03-01,160.17,Paid,0,1,0
INV-0000566,CUST-100095,2026-04-01,161.33,Paid,0,0,0
INV-0000567,CUST-100095,2026-05-01,158.84,Paid,0,0,0
INV-0000568,CUST-100095,2026-06-01,161.74,Paid,0,0,0
INV-0000569,CUST-100095,2026-07-01,170.1,Paid,0,0,0
INV-0000570,CUST-100095,2026-08-01,154.14,Paid,0,0,0
INV-0000571,CUST-100096,2026-03-01,148.67,Paid,0,0,0
INV-0000572,CUST-100096,2026-04-01,156.3,Paid,0,0,0
INV-0000573,CUST-100096,2026-05-01,149.91,Paid,0,0,0
INV-0000574,CUST-100096,2026-06-01,155.17,Paid,0,0,0
INV-0000575,CUST-100096,2026-07-01,153.88,Paid,0,0,0
INV-0000576,CUST-100096,2026-08-01,151.66,Paid,0,0,0
INV-0000577,CUST-100097,2026-03-01,77.25,Late,26,0,0
INV-0000578,CUST-100097,2026-04-01,79.17,Late,1,0,0
INV-0000579,CUST-100097,2026-05-01,102.53,Paid,0,0,0
INV-0000580,CUST-100097,2026-06-01,89.01,Paid,0,1,1
INV-0000581,CUST-100097,2026-07-01,89.44,Paid,0,0,0
INV-0000582,CUST-100097,2026-08-01,78.93,Late,9,0,0
INV-0000583,CUST-100098,2026-03-01,30.95,Paid,0,1,0
INV-0000584,CUST-100098,2026-04-01,30.72,Paid,0,0,0
INV-0000585,CUST-100098,2026-05-01,29.83,Paid,0,0,0
INV-0000586,CUST-100098,2026-06-01,29.47,Paid,0,1,1
INV-0000587,CUST-100098,2026-07-01,34.37,Paid,0,0,0
INV-0000588,CUST-100098,2026-08-01,29.76,Late,31,0,0
INV-0000589,CUST-100099,2026-03-01,85.71,Paid,0,0,0
INV-0000590,CUST-100099,2026-04-01,88.17,Paid,0,0,0
INV-0000591,CUST-100099,2026-05-01,85.29,Paid,0,0,0
INV-0000592,CUST-100099,2026-06-01,85.32,Paid,0,0,0
INV-0000593,CUST-100099,2026-07-01,82.25,Paid,0,0,0
INV-0000594,CUST-100099,2026-08-01,86.48,Paid,0,0,0
INV-0000595,CUST-100100,2026-03-01,33.64,Paid,0,0,0
INV-0000596,CUST-100100,2026-04-01,36.21,Paid,0,0,0
INV-0000597,CUST-100100,2026-05-01,34.79,Paid,0,0,0
INV-0000598,CUST-100100,2026-06-01,36.31,Paid,0,0,0
INV-0000599,CUST-100100,2026-07-01,34.29,Paid,0,0,0
INV-0000600,CUST-100100,2026-08-01,36.62,Paid,0,0,0
INV-0000601,CUST-100101,2026-03-01,46.22,Paid,0,1,0
INV-0000602,CUST-100101,2026-04-01,37.94,Paid,0,0,0
INV-0000603,CUST-100101,2026-05-01,51.33,Late,32,0,0
INV-0000604,CUST-100101,2026-06-01,40.14,Paid,0,0,0
INV-0000605,CUST-100101,2026-07-01,38.56,Paid,0,0,0
INV-0000606,CUST-100101,2026-08-01,46.18,Paid,0,0,0
INV-0000607,CUST-100102,2026-03-01,88.17,Paid,0,0,0
INV-0000608,CUST-100102,2026-04-01,85.51,Late,29,0,0
INV-0000609,CUST-100102,2026-05-01,85.83,Paid,0,0,0
INV-0000610,CUST-100102,2026-06-01,90.04,Paid,0,0,0
INV-0000611,CUST-100102,2026-07-01,89.73,Paid,0,0,0
INV-0000612,CUST-100102,2026-08-01,88.94,Paid,0,0,0
INV-0000613,CUST-100103,2026-03-01,70.63,Late,6,0,0
INV-0000614,CUST-100103,2026-04-01,71.15,Paid,0,0,0
INV-0000615,CUST-100103,2026-05-01,71.42,Paid,0,0,0
INV-0000616,CUST-100103,2026-06-01,68.16,Paid,0,0,0
INV-0000617,CUST-100103,2026-07-01,68.66,Paid,0,0,0
INV-0000618,CUST-100103,2026-08-01,69.22,Paid,0,1,1
INV-0000619,CUST-100104,2026-03-01,83.35,Paid,0,0,0
INV-0000620,CUST-100104,2026-04-01,81.69,Paid,0,0,0
INV-0000621,CUST-100104,2026-05-01,79.35,Paid,0,1,1
INV-0000622,CUST-100104,2026-06-01,78.39,Paid,0,0,0
INV-0000623,CUST-100104,2026-07-01,80.78,Paid,0,1,0
INV-0000624,CUST-100104,2026-08-01,78.74,Paid,0,0,0
INV-0000625,CUST-100105,2026-03-01,65.28,Paid,0,0,0
INV-0000626,CUST-100105,2026-04-01,65.3,Paid,0,0,0
INV-0000627,CUST-100105,2026-05-01,65.33,Paid,0,0,0
INV-0000628,CUST-100105,2026-06-01,66.75,Paid,0,0,0
INV-0000629,CUST-100105,2026-07-01,64.31,Paid,0,0,0
INV-0000630,CUST-100105,2026-08-01,66.4,Paid,0,1,0
INV-0000631,CUST-100106,2026-03-01,71.72,Paid,0,0,0
INV-0000632,CUST-100106,2026-04-01,74.71,Paid,0,0,0
INV-0000633,CUST-100106,2026-05-01,77.42,Paid,0,0,0
INV-0000634,CUST-100106,2026-06-01,69.4,Paid,0,0,0
INV-0000635,CUST-100106,2026-07-01,71.97,Paid,0,0,0
INV-0000636,CUST-100106,2026-08-01,72.79,Paid,0,0,0
INV-0000637,CUST-100107,2026-03-01,38.77,Late,14,1,0
INV-0000638,CUST-100107,2026-04-01,31.04,Late,26,1,0
INV-0000639,CUST-100107,2026-05-01,38.05,Late,2,1,1
INV-0000640,CUST-100107,2026-06-01,30.6,Paid,0,0,0
INV-0000641,CUST-100107,2026-07-01,31.84,Late,7,0,0
INV-0000642,CUST-100107,2026-08-01,39.62,Late,18,1,0
INV-0000643,CUST-100108,2026-03-01,84.72,Late,18,0,0
INV-0000644,CUST-100108,2026-04-01,83.66,Paid,0,0,0
INV-0000645,CUST-100108,2026-05-01,82.22,Paid,0,0,0
INV-0000646,CUST-100108,2026-06-01,83.09,Paid,0,0,0
INV-0000647,CUST-100108,2026-07-01,85.0,Paid,0,0,0
INV-0000648,CUST-100108,2026-08-01,82.94,Paid,0,0,0
INV-0000649,CUST-100109,2026-03-01,32.96,Paid,0,0,0
INV-0000650,CUST-100109,2026-04-01,33.13,Paid,0,0,0
INV-0000651,CUST-100109,2026-05-01,32.33,Paid,0,0,0
INV-0000652,CUST-100109,2026-06-01,33.85,Paid,0,0,0
INV-0000653,CUST-100109,2026-07-01,33.39,Paid,0,0,0
INV-0000654,CUST-100109,2026-08-01,32.68,Paid,0,0,0
INV-0000655,CUST-100110,2026-03-01,24.1,Paid,0,0,0
INV-0000656,CUST-100110,2026-04-01,24.79,Late,23,0,0
INV-0000657,CUST-100110,2026-05-01,24.55,Paid,0,0,0
INV-0000658,CUST-100110,2026-06-01,24.62,Paid,0,0,0
INV-0000659,CUST-100110,2026-07-01,23.49,Paid,0,0,0
INV-0000660,CUST-100110,2026-08-01,25.5,Paid,0,0,0
INV-0000661,CUST-100111,2026-03-01,35.14,Paid,0,0,0
INV-0000662,CUST-100111,2026-04-01,35.87,Paid,0,0,0
INV-0000663,CUST-100111,2026-05-01,33.15,Paid,0,0,0
INV-0000664,CUST-100111,2026-06-01,34.95,Paid,0,0,0
INV-0000665,CUST-100111,2026-07-01,34.37,Paid,0,0,0
INV-0000666,CUST-100111,2026-08-01,33.55,Paid,0,0,0
INV-0000667,CUST-100112,2026-03-01,75.67,Paid,0,0,0
INV-0000668,CUST-100112,2026-04-01,78.02,Paid,0,0,0
INV-0000669,CUST-100112,2026-05-01,77.97,Paid,0,0,0
INV-0000670,CUST-100112,2026-06-01,78.64,Paid,0,0,0
INV-0000671,CUST-100112,2026-07-01,77.15,Paid,0,0,0
INV-0000672,CUST-100112,2026-08-01,75.77,Paid,0,0,0
INV-0000673,CUST-100113,2026-03-01,89.57,Paid,0,0,0
INV-0000674,CUST-100113,2026-04-01,97.73,Late,27,0,0
INV-0000675,CUST-100113,2026-05-01,77.82,Late,31,0,0
INV-0000676,CUST-100113,2026-06-01,72.56,Paid,0,1,0
INV-0000677,CUST-100113,2026-07-01,74.79,Late,12,1,0
INV-0000678,CUST-100113,2026-08-01,87.6,Paid,0,0,0
INV-0000679,CUST-100114,2026-03-01,76.09,Paid,0,0,0
INV-0000680,CUST-100114,2026-04-01,74.96,Paid,0,0,0
INV-0000681,CUST-100114,2026-05-01,74.47,Paid,0,0,0
INV-0000682,CUST-100114,2026-06-01,75.31,Paid,0,0,0
INV-0000683,CUST-100114,2026-07-01,72.84,Paid,0,0,0
INV-0000684,CUST-100114,2026-08-01,73.9,Paid,0,0,0
INV-0000685,CUST-100115,2026-03-01,35.71,Paid,0,0,0
INV-0000686,CUST-100115,2026-04-01,36.46,Paid,0,0,0
INV-0000687,CUST-100115,2026-05-01,36.93,Paid,0,0,0
INV-0000688,CUST-100115,2026-06-01,36.05,Paid,0,0,0
INV-0000689,CUST-100115,2026-07-01,36.88,Paid,0,0,0
INV-0000690,CUST-100115,2026-08-01,36.77,Paid,0,0,0
INV-0000691,CUST-100116,2026-03-01,95.65,Paid,0,0,0
INV-0000692,CUST-100116,2026-04-01,94.88,Paid,0,0,0
INV-0000693,CUST-100116,2026-05-01,91.55,Paid,0,0,0
INV-0000694,CUST-100116,2026-06-01,97.43,Paid,0,0,0
INV-0000695,CUST-100116,2026-07-01,92.43,Paid,0,0,0
INV-0000696,CUST-100116,2026-08-01,92.31,Paid,0,0,0
INV-0000697,CUST-100117,2026-03-01,81.41,Paid,0,0,0
INV-0000698,CUST-100117,2026-04-01,84.68,Paid,0,0,0
INV-0000699,CUST-100117,2026-05-01,82.35,Paid,0,0,0
INV-0000700,CUST-100117,2026-06-01,86.14,Paid,0,0,0
INV-0000701,CUST-100117,2026-07-01,85.02,Paid,0,0,0
INV-0000702,CUST-100117,2026-08-01,81.31,Paid,0,0,0
INV-0000703,CUST-100118,2026-03-01,42.15,Paid,0,0,0
INV-0000704,CUST-100118,2026-04-01,40.73,Paid,0,0,0
INV-0000705,CUST-100118,2026-05-01,40.83,Paid,0,0,0
INV-0000706,CUST-100118,2026-06-01,41.32,Late,11,0,0
INV-0000707,CUST-100118,2026-07-01,40.56,Paid,0,0,0
INV-0000708,CUST-100118,2026-08-01,41.35,Paid,0,0,0
INV-0000709,CUST-100119,2026-03-01,64.54,Paid,0,1,0
INV-0000710,CUST-100119,2026-04-01,64.18,Paid,0,0,0
INV-0000711,CUST-100119,2026-05-01,60.42,Paid,0,0,0
INV-0000712,CUST-100119,2026-06-01,65.72,Paid,0,0,0
INV-0000713,CUST-100119,2026-07-01,60.14,Paid,0,0,0
INV-0000714,CUST-100119,2026-08-01,65.02,Paid,0,0,0
INV-0000715,CUST-100120,2026-03-01,89.89,Paid,0,0,0
INV-0000716,CUST-100120,2026-04-01,91.0,Paid,0,0,0
INV-0000717,CUST-100120,2026-05-01,86.27,Paid,0,0,0
INV-0000718,CUST-100120,2026-06-01,88.79,Paid,0,0,0
INV-0000719,CUST-100120,2026-07-01,93.8,Paid,0,0,0
INV-0000720,CUST-100120,2026-08-01,89.39,Paid,0,0,0
INV-0000721,CUST-100121,2026-03-01,33.09,Paid,0,1,0
INV-0000722,CUST-100121,2026-04-01,33.21,Paid,0,0,0
INV-0000723,CUST-100121,2026-05-01,33.66,Paid,0,0,0
INV-0000724,CUST-100121,2026-06-01,34.16,Paid,0,1,0
INV-0000725,CUST-100121,2026-07-01,33.99,Paid,0,0,0
INV-0000726,CUST-100121,2026-08-01,32.85,Paid,0,0,0
INV-0000727,CUST-100122,2026-03-01,33.97,Paid,0,0,0
INV-0000728,CUST-100122,2026-04-01,34.95,Paid,0,0,0
INV-0000729,CUST-100122,2026-05-01,35.53,Paid,0,0,0
INV-0000730,CUST-100122,2026-06-01,34.56,Paid,0,0,0
INV-0000731,CUST-100122,2026-07-01,35.83,Paid,0,0,0
INV-0000732,CUST-100122,2026-08-01,32.94,Paid,0,0,0
INV-0000733,CUST-100123,2026-03-01,38.98,Paid,0,0,0
INV-0000734,CUST-100123,2026-04-01,38.87,Paid,0,1,0
INV-0000735,CUST-100123,2026-05-01,38.83,Paid,0,0,0
INV-0000736,CUST-100123,2026-06-01,38.41,Paid,0,0,0
INV-0000737,CUST-100123,2026-07-01,35.76,Paid,0,0,0
INV-0000738,CUST-100123,2026-08-01,37.46,Paid,0,0,0
INV-0000739,CUST-100124,2026-03-01,38.54,Paid,0,0,0
INV-0000740,CUST-100124,2026-04-01,38.29,Paid,0,0,0
INV-0000741,CUST-100124,2026-05-01,37.55,Paid,0,1,0
INV-0000742,CUST-100124,2026-06-01,39.37,Paid,0,0,0
INV-0000743,CUST-100124,2026-07-01,37.24,Paid,0,0,0
INV-0000744,CUST-100124,2026-08-01,37.28,Paid,0,0,0
INV-0000745,CUST-100125,2026-03-01,224.22,Paid,0,1,0
INV-0000746,CUST-100125,2026-04-01,159.52,Paid,0,0,0
INV-0000747,CUST-100125,2026-05-01,210.04,Paid,0,0,0
INV-0000748,CUST-100125,2026-06-01,163.42,Paid,0,0,0
INV-0000749,CUST-100125,2026-07-01,172.3,Paid,0,0,0
INV-0000750,CUST-100125,2026-08-01,164.82,Late,22,0,0
INV-0000751,CUST-100126,2026-03-01,86.14,Paid,0,0,0
INV-0000752,CUST-100126,2026-04-01,83.73,Paid,0,0,0
INV-0000753,CUST-100126,2026-05-01,78.13,Paid,0,0,0
INV-0000754,CUST-100126,2026-06-01,78.75,Paid,0,0,0
INV-0000755,CUST-100126,2026-07-01,82.65,Paid,0,0,0
INV-0000756,CUST-100126,2026-08-01,80.35,Paid,0,0,0
INV-0000757,CUST-100127,2026-03-01,86.6,Paid,0,0,0
INV-0000758,CUST-100127,2026-04-01,84.94,Paid,0,0,0
INV-0000759,CUST-100127,2026-05-01,80.16,Paid,0,0,0
INV-0000760,CUST-100127,2026-06-01,80.09,Paid,0,0,0
INV-0000761,CUST-100127,2026-07-01,89.66,Paid,0,0,0
INV-0000762,CUST-100127,2026-08-01,85.1,Paid,0,0,0
INV-0000763,CUST-100128,2026-03-01,77.91,Paid,0,0,0
INV-0000764,CUST-100128,2026-04-01,75.39,Paid,0,0,0
INV-0000765,CUST-100128,2026-05-01,77.36,Paid,0,0,0
INV-0000766,CUST-100128,2026-06-01,74.65,Paid,0,0,0
INV-0000767,CUST-100128,2026-07-01,80.04,Paid,0,0,0
INV-0000768,CUST-100128,2026-08-01,76.45,Paid,0,0,0
INV-0000769,CUST-100129,2026-03-01,149.75,Paid,0,0,0
INV-0000770,CUST-100129,2026-04-01,159.09,Paid,0,0,0
INV-0000771,CUST-100129,2026-05-01,149.3,Paid,0,0,0
INV-0000772,CUST-100129,2026-06-01,158.32,Paid,0,0,0
INV-0000773,CUST-100129,2026-07-01,152.37,Paid,0,0,0
INV-0000774,CUST-100129,2026-08-01,150.31,Paid,0,0,0
INV-0000775,CUST-100130,2026-03-01,35.29,Paid,0,0,0
INV-0000776,CUST-100130,2026-04-01,33.59,Paid,0,0,0
INV-0000777,CUST-100130,2026-05-01,35.73,Paid,0,1,1
INV-0000778,CUST-100130,2026-06-01,33.73,Paid,0,0,0
INV-0000779,CUST-100130,2026-07-01,33.77,Paid,0,0,0
INV-0000780,CUST-100130,2026-08-01,36.43,Paid,0,0,0
INV-0000781,CUST-100131,2026-03-01,38.6,Paid,0,0,0
INV-0000782,CUST-100131,2026-04-01,37.86,Paid,0,1,0
INV-0000783,CUST-100131,2026-05-01,38.75,Paid,0,0,0
INV-0000784,CUST-100131,2026-06-01,38.56,Paid,0,0,0
INV-0000785,CUST-100131,2026-07-01,38.43,Paid,0,0,0
INV-0000786,CUST-100131,2026-08-01,38.34,Late,30,0,0
INV-0000787,CUST-100132,2026-03-01,37.82,Paid,0,0,0
INV-0000788,CUST-100132,2026-04-01,37.71,Paid,0,0,0
INV-0000789,CUST-100132,2026-05-01,36.51,Paid,0,1,0
INV-0000790,CUST-100132,2026-06-01,38.37,Paid,0,0,0
INV-0000791,CUST-100132,2026-07-01,38.5,Paid,0,0,0
INV-0000792,CUST-100132,2026-08-01,36.82,Paid,0,0,0
INV-0000793,CUST-100133,2026-03-01,124.9,Paid,0,0,0
INV-0000794,CUST-100133,2026-04-01,126.07,Paid,0,0,0
INV-0000795,CUST-100133,2026-05-01,128.63,Paid,0,0,0
INV-0000796,CUST-100133,2026-06-01,130.35,Paid,0,0,0
INV-0000797,CUST-100133,2026-07-01,136.75,Paid,0,0,0
INV-0000798,CUST-100133,2026-08-01,127.91,Paid,0,0,0
INV-0000799,CUST-100134,2026-03-01,175.67,Paid,0,0,0
INV-0000800,CUST-100134,2026-04-01,178.05,Paid,0,0,0
INV-0000801,CUST-100134,2026-05-01,169.71,Paid,0,0,0
INV-0000802,CUST-100134,2026-06-01,171.88,Paid,0,0,0
INV-0000803,CUST-100134,2026-07-01,169.5,Paid,0,0,0
INV-0000804,CUST-100134,2026-08-01,172.82,Paid,0,0,0
INV-0000805,CUST-100135,2026-03-01,85.29,Paid,0,0,0
INV-0000806,CUST-100135,2026-04-01,83.79,Paid,0,0,0
INV-0000807,CUST-100135,2026-05-01,80.39,Paid,0,1,1
INV-0000808,CUST-100135,2026-06-01,84.07,Paid,0,0,0
INV-0000809,CUST-100135,2026-07-01,80.03,Paid,0,1,0
INV-0000810,CUST-100135,2026-08-01,85.39,Paid,0,0,0
INV-0000811,CUST-100136,2026-03-01,165.91,Paid,0,0,0
INV-0000812,CUST-100136,2026-04-01,164.71,Paid,0,0,0
INV-0000813,CUST-100136,2026-05-01,162.49,Paid,0,0,0
INV-0000814,CUST-100136,2026-06-01,166.29,Paid,0,0,0
INV-0000815,CUST-100136,2026-07-01,163.97,Paid,0,0,0
INV-0000816,CUST-100136,2026-08-01,158.82,Paid,0,0,0
INV-0000817,CUST-100137,2026-03-01,154.64,Paid,0,0,0
INV-0000818,CUST-100137,2026-04-01,153.43,Paid,0,0,0
INV-0000819,CUST-100137,2026-05-01,153.73,Paid,0,0,0
INV-0000820,CUST-100137,2026-06-01,154.0,Paid,0,0,0
INV-0000821,CUST-100137,2026-07-01,149.13,Paid,0,0,0
INV-0000822,CUST-100137,2026-08-01,149.87,Paid,0,0,0
INV-0000823,CUST-100138,2026-03-01,81.31,Paid,0,0,0
INV-0000824,CUST-100138,2026-04-01,84.1,Paid,0,0,0
INV-0000825,CUST-100138,2026-05-01,82.98,Paid,0,0,0
INV-0000826,CUST-100138,2026-06-01,81.61,Paid,0,0,0
INV-0000827,CUST-100138,2026-07-01,78.72,Paid,0,0,0
INV-0000828,CUST-100138,2026-08-01,82.54,Paid,0,0,0
INV-0000829,CUST-100139,2026-03-01,189.11,Paid,0,0,0
INV-0000830,CUST-100139,2026-04-01,181.15,Paid,0,0,0
INV-0000831,CUST-100139,2026-05-01,183.46,Late,24,0,0
INV-0000832,CUST-100139,2026-06-01,193.17,Late,34,0,0
INV-0000833,CUST-100139,2026-07-01,189.97,Paid,0,0,0
INV-0000834,CUST-100139,2026-08-01,200.04,Paid,0,0,0
INV-0000835,CUST-100140,2026-03-01,67.53,Paid,0,0,0
INV-0000836,CUST-100140,2026-04-01,64.0,Paid,0,0,0
INV-0000837,CUST-100140,2026-05-01,69.45,Paid,0,0,0
INV-0000838,CUST-100140,2026-06-01,68.26,Paid,0,0,0
INV-0000839,CUST-100140,2026-07-01,68.94,Paid,0,0,0
INV-0000840,CUST-100140,2026-08-01,68.54,Paid,0,1,1
INV-0000841,CUST-100141,2026-03-01,61.7,Paid,0,1,0
INV-0000842,CUST-100141,2026-04-01,60.4,Paid,0,0,0
INV-0000843,CUST-100141,2026-05-01,57.87,Paid,0,0,0
INV-0000844,CUST-100141,2026-06-01,59.8,Paid,0,0,0
INV-0000845,CUST-100141,2026-07-01,61.14,Paid,0,0,0
INV-0000846,CUST-100141,2026-08-01,59.72,Paid,0,0,0
INV-0000847,CUST-100142,2026-03-01,36.51,Paid,0,0,0
INV-0000848,CUST-100142,2026-04-01,37.06,Paid,0,0,0
INV-0000849,CUST-100142,2026-05-01,35.48,Paid,0,0,0
INV-0000850,CUST-100142,2026-06-01,38.6,Paid,0,0,0
INV-0000851,CUST-100142,2026-07-01,35.09,Paid,0,0,0
INV-0000852,CUST-100142,2026-08-01,35.39,Paid,0,0,0
INV-0000853,CUST-100143,2026-03-01,88.28,Paid,0,0,0
INV-0000854,CUST-100143,2026-04-01,83.82,Paid,0,0,0
INV-0000855,CUST-100143,2026-05-01,89.07,Paid,0,0,0
INV-0000856,CUST-100143,2026-06-01,86.74,Late,16,0,0
INV-0000857,CUST-100143,2026-07-01,85.91,Paid,0,0,0
INV-0000858,CUST-100143,2026-08-01,88.04,Paid,0,0,0
INV-0000859,CUST-100144,2026-03-01,74.75,Paid,0,0,0
INV-0000860,CUST-100144,2026-04-01,78.28,Paid,0,0,0
INV-0000861,CUST-100144,2026-05-01,75.76,Paid,0,1,0
INV-0000862,CUST-100144,2026-06-01,81.0,Paid,0,0,0
INV-0000863,CUST-100144,2026-07-01,79.3,Paid,0,0,0
INV-0000864,CUST-100144,2026-08-01,76.4,Paid,0,0,0
INV-0000865,CUST-100145,2026-03-01,32.43,Paid,0,0,0
INV-0000866,CUST-100145,2026-04-01,29.69,Paid,0,0,0
INV-0000867,CUST-100145,2026-05-01,31.33,Paid,0,0,0
INV-0000868,CUST-100145,2026-06-01,30.85,Paid,0,0,0
INV-0000869,CUST-100145,2026-07-01,31.95,Paid,0,0,0
INV-0000870,CUST-100145,2026-08-01,31.39,Paid,0,0,0
INV-0000871,CUST-100146,2026-03-01,70.01,Paid,0,0,0
INV-0000872,CUST-100146,2026-04-01,70.79,Paid,0,0,0
INV-0000873,CUST-100146,2026-05-01,69.25,Paid,0,0,0
INV-0000874,CUST-100146,2026-06-01,68.43,Paid,0,0,0
INV-0000875,CUST-100146,2026-07-01,69.31,Paid,0,0,0
INV-0000876,CUST-100146,2026-08-01,67.64,Paid,0,0,0
INV-0000877,CUST-100147,2026-03-01,80.01,Paid,0,0,0
INV-0000878,CUST-100147,2026-04-01,81.84,Paid,0,0,0
INV-0000879,CUST-100147,2026-05-01,77.6,Paid,0,0,0
INV-0000880,CUST-100147,2026-06-01,79.13,Paid,0,0,0
INV-0000881,CUST-100147,2026-07-01,80.15,Paid,0,0,0
INV-0000882,CUST-100147,2026-08-01,79.66,Paid,0,0,0
INV-0000883,CUST-100148,2026-03-01,107.96,Late,12,0,0
INV-0000884,CUST-100148,2026-04-01,93.72,Late,20,0,0
INV-0000885,CUST-100148,2026-05-01,97.46,Late,11,0,0
INV-0000886,CUST-100148,2026-06-01,120.17,Late,6,0,0
INV-0000887,CUST-100148,2026-07-01,92.93,Paid,0,0,0
INV-0000888,CUST-100148,2026-08-01,109.93,Paid,0,0,0
INV-0000889,CUST-100149,2026-03-01,172.72,Paid,0,0,0
INV-0000890,CUST-100149,2026-04-01,174.3,Paid,0,0,0
INV-0000891,CUST-100149,2026-05-01,170.18,Paid,0,0,0
INV-0000892,CUST-100149,2026-06-01,178.46,Paid,0,0,0
INV-0000893,CUST-100149,2026-07-01,174.99,Paid,0,0,0
INV-0000894,CUST-100149,2026-08-01,177.23,Paid,0,0,0
INV-0000895,CUST-100150,2026-03-01,34.1,Paid,0,0,0
INV-0000896,CUST-100150,2026-04-01,33.83,Paid,0,0,0
INV-0000897,CUST-100150,2026-05-01,34.28,Paid,0,0,0
INV-0000898,CUST-100150,2026-06-01,34.55,Paid,0,0,0
INV-0000899,CUST-100150,2026-07-01,35.41,Paid,0,0,0
INV-0000900,CUST-100150,2026-08-01,33.55,Paid,0,0,0
INV-0000901,CUST-100151,2026-03-01,487.62,Paid,0,0,0
INV-0000902,CUST-100151,2026-04-01,505.4,Paid,0,0,0
INV-0000903,CUST-100151,2026-05-01,472.52,Paid,0,0,0
INV-0000904,CUST-100151,2026-06-01,495.25,Paid,0,0,0
INV-0000905,CUST-100151,2026-07-01,474.56,Paid,0,0,0
INV-0000906,CUST-100151,2026-08-01,491.83,Paid,0,0,0
INV-0000907,CUST-100152,2026-03-01,174.59,Paid,0,0,0
INV-0000908,CUST-100152,2026-04-01,166.52,Paid,0,0,0
INV-0000909,CUST-100152,2026-05-01,167.17,Paid,0,0,0
INV-0000910,CUST-100152,2026-06-01,176.05,Paid,0,0,0
INV-0000911,CUST-100152,2026-07-01,168.45,Paid,0,0,0
INV-0000912,CUST-100152,2026-08-01,170.14,Paid,0,1,0
INV-0000913,CUST-100153,2026-03-01,468.01,Paid,0,0,0
INV-0000914,CUST-100153,2026-04-01,467.24,Paid,0,0,0
INV-0000915,CUST-100153,2026-05-01,463.79,Paid,0,0,0
INV-0000916,CUST-100153,2026-06-01,458.77,Paid,0,0,0
INV-0000917,CUST-100153,2026-07-01,482.85,Paid,0,0,0
INV-0000918,CUST-100153,2026-08-01,468.1,Late,15,0,0
INV-0000919,CUST-100154,2026-03-01,77.63,Paid,0,0,0
INV-0000920,CUST-100154,2026-04-01,76.3,Paid,0,0,0
INV-0000921,CUST-100154,2026-05-01,75.13,Paid,0,0,0
INV-0000922,CUST-100154,2026-06-01,74.02,Paid,0,0,0
INV-0000923,CUST-100154,2026-07-01,78.71,Paid,0,0,0
INV-0000924,CUST-100154,2026-08-01,72.3,Paid,0,0,0
INV-0000925,CUST-100155,2026-03-01,86.32,Paid,0,0,0
INV-0000926,CUST-100155,2026-04-01,82.67,Paid,0,1,1
INV-0000927,CUST-100155,2026-05-01,86.81,Paid,0,0,0
INV-0000928,CUST-100155,2026-06-01,85.33,Paid,0,0,0
INV-0000929,CUST-100155,2026-07-01,91.23,Paid,0,0,0
INV-0000930,CUST-100155,2026-08-01,85.7,Late,27,0,0
INV-0000931,CUST-100156,2026-03-01,79.94,Paid,0,0,0
INV-0000932,CUST-100156,2026-04-01,95.27,Paid,0,1,0
INV-0000933,CUST-100156,2026-05-01,82.35,Paid,0,0,0
INV-0000934,CUST-100156,2026-06-01,76.75,Paid,0,0,0
INV-0000935,CUST-100156,2026-07-01,76.29,Paid,0,0,0
INV-0000936,CUST-100156,2026-08-01,77.71,Paid,0,0,0
INV-0000937,CUST-100157,2026-03-01,347.3,Paid,0,0,0
INV-0000938,CUST-100157,2026-04-01,343.64,Paid,0,0,0
INV-0000939,CUST-100157,2026-05-01,349.35,Paid,0,0,0
INV-0000940,CUST-100157,2026-06-01,342.35,Paid,0,0,0
INV-0000941,CUST-100157,2026-07-01,334.02,Paid,0,0,0
INV-0000942,CUST-100157,2026-08-01,343.91,Paid,0,0,0
INV-0000943,CUST-100158,2026-03-01,173.34,Paid,0,0,0
INV-0000944,CUST-100158,2026-04-01,170.25,Paid,0,0,0
INV-0000945,CUST-100158,2026-05-01,173.55,Paid,0,0,0
INV-0000946,CUST-100158,2026-06-01,171.94,Paid,0,0,0
INV-0000947,CUST-100158,2026-07-01,183.34,Paid,0,0,0
INV-0000948,CUST-100158,2026-08-01,177.98,Paid,0,0,0
INV-0000949,CUST-100159,2026-03-01,40.07,Paid,0,0,0
INV-0000950,CUST-100159,2026-04-01,39.55,Paid,0,0,0
INV-0000951,CUST-100159,2026-05-01,38.66,Paid,0,0,0
INV-0000952,CUST-100159,2026-06-01,38.97,Paid,0,0,0
INV-0000953,CUST-100159,2026-07-01,36.72,Paid,0,0,0
INV-0000954,CUST-100159,2026-08-01,38.99,Paid,0,0,0
INV-0000955,CUST-100160,2026-03-01,32.29,Paid,0,0,0
INV-0000956,CUST-100160,2026-04-01,31.96,Paid,0,0,0
INV-0000957,CUST-100160,2026-05-01,32.51,Paid,0,0,0
INV-0000958,CUST-100160,2026-06-01,33.14,Paid,0,0,0
INV-0000959,CUST-100160,2026-07-01,31.25,Paid,0,0,0
INV-0000960,CUST-100160,2026-08-01,32.05,Paid,0,0,0
INV-0000961,CUST-100161,2026-03-01,36.45,Paid,0,0,0
INV-0000962,CUST-100161,2026-04-01,36.05,Paid,0,0,0
INV-0000963,CUST-100161,2026-05-01,35.88,Paid,0,0,0
INV-0000964,CUST-100161,2026-06-01,37.71,Paid,0,0,0
INV-0000965,CUST-100161,2026-07-01,35.05,Paid,0,0,0
INV-0000966,CUST-100161,2026-08-01,36.43,Paid,0,0,0
INV-0000967,CUST-100162,2026-03-01,166.92,Paid,0,0,0
INV-0000968,CUST-100162,2026-04-01,161.77,Paid,0,0,0
INV-0000969,CUST-100162,2026-05-01,160.63,Paid,0,0,0
INV-0000970,CUST-100162,2026-06-01,168.75,Paid,0,0,0
INV-0000971,CUST-100162,2026-07-01,169.38,Late,29,0,0
INV-0000972,CUST-100162,2026-08-01,213.96,Late,3,1,0
INV-0000973,CUST-100163,2026-03-01,44.05,Paid,0,0,0
INV-0000974,CUST-100163,2026-04-01,35.4,Paid,0,0,0
INV-0000975,CUST-100163,2026-05-01,36.41,Paid,0,0,0
INV-0000976,CUST-100163,2026-06-01,36.27,Late,19,0,0
INV-0000977,CUST-100163,2026-07-01,44.79,Paid,0,1,0
INV-0000978,CUST-100163,2026-08-01,35.37,Paid,0,1,0
INV-0000979,CUST-100164,2026-03-01,89.49,Paid,0,1,1
INV-0000980,CUST-100164,2026-04-01,87.83,Paid,0,0,0
INV-0000981,CUST-100164,2026-05-01,85.86,Late,3,1,0
INV-0000982,CUST-100164,2026-06-01,86.87,Paid,0,0,0
INV-0000983,CUST-100164,2026-07-01,87.99,Late,19,0,0
INV-0000984,CUST-100164,2026-08-01,87.29,Late,4,1,0
INV-0000985,CUST-100165,2026-03-01,92.29,Paid,0,0,0
INV-0000986,CUST-100165,2026-04-01,85.29,Paid,0,1,0
INV-0000987,CUST-100165,2026-05-01,90.8,Late,14,0,0
INV-0000988,CUST-100165,2026-06-01,90.37,Late,27,0,0
INV-0000989,CUST-100165,2026-07-01,92.93,Paid,0,0,0
INV-0000990,CUST-100165,2026-08-01,90.57,Paid,0,0,0
INV-0000991,CUST-100166,2026-03-01,37.55,Paid,0,0,0
INV-0000992,CUST-100166,2026-04-01,37.09,Paid,0,0,0
INV-0000993,CUST-100166,2026-05-01,35.96,Paid,0,0,0
INV-0000994,CUST-100166,2026-06-01,37.73,Paid,0,0,0
INV-0000995,CUST-100166,2026-07-01,36.87,Paid,0,0,0
INV-0000996,CUST-100166,2026-08-01,36.4,Paid,0,0,0
INV-0000997,CUST-100167,2026-03-01,448.97,Paid,0,0,0
INV-0000998,CUST-100167,2026-04-01,434.65,Paid,0,0,0
INV-0000999,CUST-100167,2026-05-01,435.71,Paid,0,0,0
INV-0001000,CUST-100167,2026-06-01,426.31,Late,27,0,0
INV-0001001,CUST-100167,2026-07-01,427.75,Paid,0,0,0
INV-0001002,CUST-100167,2026-08-01,422.37,Paid,0,0,0
INV-0001003,CUST-100168,2026-03-01,32.89,Paid,0,0,0
INV-0001004,CUST-100168,2026-04-01,32.57,Paid,0,0,0
INV-0001005,CUST-100168,2026-05-01,31.16,Paid,0,0,0
INV-0001006,CUST-100168,2026-06-01,32.61,Paid,0,0,0
INV-0001007,CUST-100168,2026-07-01,32.89,Paid,0,0,0
INV-0001008,CUST-100168,2026-08-01,32.28,Paid,0,0,0
INV-0001009,CUST-100169,2026-03-01,73.99,Paid,0,0,0
INV-0001010,CUST-100169,2026-04-01,73.2,Paid,0,1,1
INV-0001011,CUST-100169,2026-05-01,74.1,Paid,0,0,0
INV-0001012,CUST-100169,2026-06-01,74.03,Paid,0,0,0
INV-0001013,CUST-100169,2026-07-01,76.54,Paid,0,0,0
INV-0001014,CUST-100169,2026-08-01,78.76,Paid,0,0,0
INV-0001015,CUST-100170,2026-03-01,77.14,Paid,0,0,0
INV-0001016,CUST-100170,2026-04-01,76.52,Paid,0,0,0
INV-0001017,CUST-100170,2026-05-01,80.56,Paid,0,0,0
INV-0001018,CUST-100170,2026-06-01,75.58,Paid,0,0,0
INV-0001019,CUST-100170,2026-07-01,76.07,Paid,0,0,0
INV-0001020,CUST-100170,2026-08-01,73.33,Paid,0,0,0
INV-0001021,CUST-100171,2026-03-01,169.59,Paid,0,0,0
INV-0001022,CUST-100171,2026-04-01,178.02,Paid,0,0,0
INV-0001023,CUST-100171,2026-05-01,165.28,Paid,0,0,0
INV-0001024,CUST-100171,2026-06-01,169.22,Paid,0,0,0
INV-0001025,CUST-100171,2026-07-01,172.0,Paid,0,1,1
INV-0001026,CUST-100171,2026-08-01,174.96,Paid,0,0,0
INV-0001027,CUST-100172,2026-03-01,25.45,Late,23,0,0
INV-0001028,CUST-100172,2026-04-01,26.82,Paid,0,0,0
INV-0001029,CUST-100172,2026-05-01,26.62,Paid,0,0,0
INV-0001030,CUST-100172,2026-06-01,26.44,Paid,0,0,0
INV-0001031,CUST-100172,2026-07-01,25.71,Paid,0,0,0
INV-0001032,CUST-100172,2026-08-01,25.83,Late,7,0,0
INV-0001033,CUST-100173,2026-03-01,34.64,Late,25,0,0
INV-0001034,CUST-100173,2026-04-01,36.23,Paid,0,1,0
INV-0001035,CUST-100173,2026-05-01,45.3,Paid,0,1,0
INV-0001036,CUST-100173,2026-06-01,37.32,Paid,0,1,0
INV-0001037,CUST-100173,2026-07-01,34.62,Paid,0,1,0
INV-0001038,CUST-100173,2026-08-01,46.43,Paid,0,0,0
INV-0001039,CUST-100174,2026-03-01,84.42,Late,32,1,0
INV-0001040,CUST-100174,2026-04-01,86.1,Late,9,1,1
INV-0001041,CUST-100174,2026-05-01,85.93,Late,12,0,0
INV-0001042,CUST-100174,2026-06-01,101.8,Late,22,0,0
INV-0001043,CUST-100174,2026-07-01,85.48,Paid,0,0,0
INV-0001044,CUST-100174,2026-08-01,112.9,Paid,0,0,0
INV-0001045,CUST-100175,2026-03-01,402.72,Paid,0,0,0
INV-0001046,CUST-100175,2026-04-01,419.73,Paid,0,0,0
INV-0001047,CUST-100175,2026-05-01,416.55,Paid,0,0,0
INV-0001048,CUST-100175,2026-06-01,422.37,Late,10,0,0
INV-0001049,CUST-100175,2026-07-01,392.08,Paid,0,0,0
INV-0001050,CUST-100175,2026-08-01,419.09,Paid,0,0,0
INV-0001051,CUST-100176,2026-03-01,38.21,Paid,0,0,0
INV-0001052,CUST-100176,2026-04-01,35.18,Paid,0,0,0
INV-0001053,CUST-100176,2026-05-01,38.18,Paid,0,0,0
INV-0001054,CUST-100176,2026-06-01,37.29,Paid,0,0,0
INV-0001055,CUST-100176,2026-07-01,37.79,Late,10,0,0
INV-0001056,CUST-100176,2026-08-01,38.07,Paid,0,0,0
INV-0001057,CUST-100177,2026-03-01,30.34,Paid,0,0,0
INV-0001058,CUST-100177,2026-04-01,31.05,Paid,0,0,0
INV-0001059,CUST-100177,2026-05-01,29.87,Paid,0,0,0
INV-0001060,CUST-100177,2026-06-01,30.68,Paid,0,0,0
INV-0001061,CUST-100177,2026-07-01,30.23,Paid,0,0,0
INV-0001062,CUST-100177,2026-08-01,31.1,Paid,0,0,0
INV-0001063,CUST-100178,2026-03-01,87.81,Paid,0,0,0
INV-0001064,CUST-100178,2026-04-01,84.25,Paid,0,0,0
INV-0001065,CUST-100178,2026-05-01,83.04,Late,19,0,0
INV-0001066,CUST-100178,2026-06-01,88.03,Paid,0,0,0
INV-0001067,CUST-100178,2026-07-01,84.86,Paid,0,0,0
INV-0001068,CUST-100178,2026-08-01,83.29,Paid,0,0,0
INV-0001069,CUST-100179,2026-03-01,31.23,Paid,0,0,0
INV-0001070,CUST-100179,2026-04-01,33.09,Paid,0,1,1
INV-0001071,CUST-100179,2026-05-01,32.99,Late,17,0,0
INV-0001072,CUST-100179,2026-06-01,32.79,Late,32,0,0
INV-0001073,CUST-100179,2026-07-01,33.33,Paid,0,0,0
INV-0001074,CUST-100179,2026-08-01,30.86,Paid,0,0,0
INV-0001075,CUST-100180,2026-03-01,35.42,Late,29,0,0
INV-0001076,CUST-100180,2026-04-01,36.16,Paid,0,0,0
INV-0001077,CUST-100180,2026-05-01,34.95,Paid,0,0,0
INV-0001078,CUST-100180,2026-06-01,36.34,Late,19,0,0
INV-0001079,CUST-100180,2026-07-01,36.69,Paid,0,0,0
INV-0001080,CUST-100180,2026-08-01,36.39,Paid,0,0,0
INV-0001081,CUST-100181,2026-03-01,34.15,Paid,0,0,0
INV-0001082,CUST-100181,2026-04-01,36.24,Paid,0,0,0
INV-0001083,CUST-100181,2026-05-01,35.69,Paid,0,0,0
INV-0001084,CUST-100181,2026-06-01,36.17,Paid,0,0,0
INV-0001085,CUST-100181,2026-07-01,37.27,Paid,0,0,0
INV-0001086,CUST-100181,2026-08-01,36.84,Late,22,0,0
INV-0001087,CUST-100182,2026-03-01,39.44,Late,33,0,0
INV-0001088,CUST-100182,2026-04-01,38.25,Late,26,0,0
INV-0001089,CUST-100182,2026-05-01,39.69,Paid,0,0,0
INV-0001090,CUST-100182,2026-06-01,39.67,Paid,0,1,1
INV-0001091,CUST-100182,2026-07-01,37.54,Paid,0,0,0
INV-0001092,CUST-100182,2026-08-01,39.68,Paid,0,0,0
INV-0001093,CUST-100183,2026-03-01,91.86,Late,20,0,0
INV-0001094,CUST-100183,2026-04-01,87.28,Late,31,0,0
INV-0001095,CUST-100183,2026-05-01,88.37,Paid,0,1,1
INV-0001096,CUST-100183,2026-06-01,89.09,Paid,0,0,0
INV-0001097,CUST-100183,2026-07-01,90.45,Paid,0,1,1
INV-0001098,CUST-100183,2026-08-01,109.45,Late,10,0,0
INV-0001099,CUST-100184,2026-03-01,75.26,Paid,0,0,0
INV-0001100,CUST-100184,2026-04-01,72.61,Paid,0,0,0
INV-0001101,CUST-100184,2026-05-01,74.09,Paid,0,0,0
INV-0001102,CUST-100184,2026-06-01,76.5,Paid,0,0,0
INV-0001103,CUST-100184,2026-07-01,73.83,Late,20,0,0
INV-0001104,CUST-100184,2026-08-01,71.09,Paid,0,0,0
INV-0001105,CUST-100185,2026-03-01,70.49,Paid,0,0,0
INV-0001106,CUST-100185,2026-04-01,69.35,Late,32,0,0
INV-0001107,CUST-100185,2026-05-01,67.85,Paid,0,0,0
INV-0001108,CUST-100185,2026-06-01,67.67,Paid,0,0,0
INV-0001109,CUST-100185,2026-07-01,64.65,Paid,0,0,0
INV-0001110,CUST-100185,2026-08-01,68.12,Paid,0,0,0
INV-0001111,CUST-100186,2026-03-01,148.51,Paid,0,1,1
INV-0001112,CUST-100186,2026-04-01,182.86,Paid,0,0,0
INV-0001113,CUST-100186,2026-05-01,147.34,Paid,0,0,0
INV-0001114,CUST-100186,2026-06-01,144.54,Late,30,0,0
INV-0001115,CUST-100186,2026-07-01,148.67,Late,24,1,1
INV-0001116,CUST-100186,2026-08-01,147.26,Paid,0,0,0
INV-0001117,CUST-100187,2026-03-01,157.23,Paid,0,0,0
INV-0001118,CUST-100187,2026-04-01,149.06,Paid,0,0,0
INV-0001119,CUST-100187,2026-05-01,154.4,Paid,0,0,0
INV-0001120,CUST-100187,2026-06-01,151.93,Paid,0,0,0
INV-0001121,CUST-100187,2026-07-01,148.83,Paid,0,0,0
INV-0001122,CUST-100187,2026-08-01,155.87,Paid,0,0,0
INV-0001123,CUST-100188,2026-03-01,97.25,Paid,0,0,0
INV-0001124,CUST-100188,2026-04-01,92.49,Paid,0,0,0
INV-0001125,CUST-100188,2026-05-01,93.13,Paid,0,0,0
INV-0001126,CUST-100188,2026-06-01,89.99,Paid,0,0,0
INV-0001127,CUST-100188,2026-07-01,90.96,Paid,0,0,0
INV-0001128,CUST-100188,2026-08-01,94.32,Paid,0,0,0
INV-0001129,CUST-100189,2026-03-01,380.77,Paid,0,0,0
INV-0001130,CUST-100189,2026-04-01,379.83,Paid,0,0,0
INV-0001131,CUST-100189,2026-05-01,394.38,Paid,0,0,0
INV-0001132,CUST-100189,2026-06-01,395.06,Late,11,0,0
INV-0001133,CUST-100189,2026-07-01,398.66,Paid,0,0,0
INV-0001134,CUST-100189,2026-08-01,376.64,Paid,0,0,0
INV-0001135,CUST-100190,2026-03-01,32.15,Paid,0,0,0
INV-0001136,CUST-100190,2026-04-01,31.28,Paid,0,0,0
INV-0001137,CUST-100190,2026-05-01,31.82,Paid,0,0,0
INV-0001138,CUST-100190,2026-06-01,31.52,Paid,0,0,0
INV-0001139,CUST-100190,2026-07-01,32.21,Paid,0,0,0
INV-0001140,CUST-100190,2026-08-01,32.11,Paid,0,0,0
INV-0001141,CUST-100191,2026-03-01,37.09,Paid,0,1,0
INV-0001142,CUST-100191,2026-04-01,36.19,Paid,0,0,0
INV-0001143,CUST-100191,2026-05-01,38.19,Paid,0,0,0
INV-0001144,CUST-100191,2026-06-01,36.31,Paid,0,1,1
INV-0001145,CUST-100191,2026-07-01,36.45,Paid,0,0,0
INV-0001146,CUST-100191,2026-08-01,36.73,Paid,0,0,0
INV-0001147,CUST-100192,2026-03-01,498.29,Paid,0,0,0
INV-0001148,CUST-100192,2026-04-01,484.59,Paid,0,0,0
INV-0001149,CUST-100192,2026-05-01,657.43,Paid,0,0,0
INV-0001150,CUST-100192,2026-06-01,712.31,Paid,0,0,0
INV-0001151,CUST-100192,2026-07-01,484.58,Paid,0,0,0
INV-0001152,CUST-100192,2026-08-01,503.39,Paid,0,0,0
INV-0001153,CUST-100193,2026-03-01,39.82,Paid,0,0,0
INV-0001154,CUST-100193,2026-04-01,30.71,Late,13,1,0
INV-0001155,CUST-100193,2026-05-01,28.45,Late,8,0,0
INV-0001156,CUST-100193,2026-06-01,31.66,Paid,0,0,0
INV-0001157,CUST-100193,2026-07-01,29.59,Late,1,1,0
INV-0001158,CUST-100193,2026-08-01,30.16,Paid,0,0,0
INV-0001159,CUST-100194,2026-03-01,45.8,Late,23,0,0
INV-0001160,CUST-100194,2026-04-01,37.12,Late,26,0,0
INV-0001161,CUST-100194,2026-05-01,36.95,Paid,0,0,0
INV-0001162,CUST-100194,2026-06-01,35.29,Late,4,0,0
INV-0001163,CUST-100194,2026-07-01,34.76,Paid,0,0,0
INV-0001164,CUST-100194,2026-08-01,37.06,Late,12,1,0
INV-0001165,CUST-100195,2026-03-01,39.66,Paid,0,0,0
INV-0001166,CUST-100195,2026-04-01,38.54,Paid,0,0,0
INV-0001167,CUST-100195,2026-05-01,38.43,Paid,0,0,0
INV-0001168,CUST-100195,2026-06-01,38.59,Paid,0,0,0
INV-0001169,CUST-100195,2026-07-01,40.75,Paid,0,1,1
INV-0001170,CUST-100195,2026-08-01,40.88,Paid,0,0,0
INV-0001171,CUST-100196,2026-03-01,175.55,Paid,0,0,0
INV-0001172,CUST-100196,2026-04-01,177.39,Paid,0,0,0
INV-0001173,CUST-100196,2026-05-01,172.68,Paid,0,0,0
INV-0001174,CUST-100196,2026-06-01,174.47,Paid,0,0,0
INV-0001175,CUST-100196,2026-07-01,178.56,Paid,0,0,0
INV-0001176,CUST-100196,2026-08-01,168.64,Paid,0,0,0
INV-0001177,CUST-100197,2026-03-01,140.44,Paid,0,0,0
INV-0001178,CUST-100197,2026-04-01,146.56,Paid,0,0,0
INV-0001179,CUST-100197,2026-05-01,138.31,Paid,0,0,0
INV-0001180,CUST-100197,2026-06-01,138.09,Paid,0,1,1
INV-0001181,CUST-100197,2026-07-01,131.37,Paid,0,0,0
INV-0001182,CUST-100197,2026-08-01,135.57,Paid,0,0,0
INV-0001183,CUST-100198,2026-03-01,79.65,Late,15,0,0
INV-0001184,CUST-100198,2026-04-01,89.06,Paid,0,1,0
INV-0001185,CUST-100198,2026-05-01,76.01,Paid,0,1,0
INV-0001186,CUST-100198,2026-06-01,78.31,Late,16,0,0
INV-0001187,CUST-100198,2026-07-01,100.23,Paid,0,0,0
INV-0001188,CUST-100198,2026-08-01,77.96,Paid,0,0,0
INV-0001189,CUST-100199,2026-03-01,201.71,Paid,0,0,0
INV-0001190,CUST-100199,2026-04-01,195.03,Paid,0,0,0
INV-0001191,CUST-100199,2026-05-01,198.66,Paid,0,0,0
INV-0001192,CUST-100199,2026-06-01,197.5,Late,23,1,0
INV-0001193,CUST-100199,2026-07-01,197.27,Paid,0,0,0
INV-0001194,CUST-100199,2026-08-01,190.85,Paid,0,0,0
INV-0001195,CUST-100200,2026-03-01,32.81,Paid,0,0,0
INV-0001196,CUST-100200,2026-04-01,34.12,Paid,0,0,0
INV-0001197,CUST-100200,2026-05-01,33.65,Paid,0,0,0
INV-0001198,CUST-100200,2026-06-01,33.18,Paid,0,0,0
INV-0001199,CUST-100200,2026-07-01,32.76,Paid,0,0,0
INV-0001200,CUST-100200,2026-08-01,34.33,Paid,0,0,0
INV-0001201,CUST-100201,2026-03-01,30.33,Paid,0,0,0
INV-0001202,CUST-100201,2026-04-01,30.89,Paid,0,0,0
INV-0001203,CUST-100201,2026-05-01,35.67,Paid,0,0,0
INV-0001204,CUST-100201,2026-06-01,33.37,Paid,0,1,0
INV-0001205,CUST-100201,2026-07-01,29.55,Paid,0,1,1
INV-0001206,CUST-100201,2026-08-01,31.88,Paid,0,1,0
INV-0001207,CUST-100202,2026-03-01,34.52,Paid,0,0,0
INV-0001208,CUST-100202,2026-04-01,37.0,Late,2,0,0
INV-0001209,CUST-100202,2026-05-01,35.81,Late,3,1,0
INV-0001210,CUST-100202,2026-06-01,37.43,Late,16,0,0
INV-0001211,CUST-100202,2026-07-01,46.41,Paid,0,0,0
INV-0001212,CUST-100202,2026-08-01,36.19,Late,32,0,0
INV-0001213,CUST-100203,2026-03-01,439.68,Paid,0,0,0
INV-0001214,CUST-100203,2026-04-01,454.61,Paid,0,0,0
INV-0001215,CUST-100203,2026-05-01,420.97,Paid,0,0,0
INV-0001216,CUST-100203,2026-06-01,456.27,Paid,0,0,0
INV-0001217,CUST-100203,2026-07-01,446.96,Paid,0,0,0
INV-0001218,CUST-100203,2026-08-01,438.74,Paid,0,0,0
INV-0001219,CUST-100204,2026-03-01,72.02,Paid,0,0,0
INV-0001220,CUST-100204,2026-04-01,74.18,Paid,0,0,0
INV-0001221,CUST-100204,2026-05-01,72.81,Paid,0,0,0
INV-0001222,CUST-100204,2026-06-01,77.3,Paid,0,0,0
INV-0001223,CUST-100204,2026-07-01,72.37,Paid,0,0,0
INV-0001224,CUST-100204,2026-08-01,71.71,Paid,0,0,0
INV-0001225,CUST-100205,2026-03-01,413.63,Late,24,0,0
INV-0001226,CUST-100205,2026-04-01,521.08,Paid,0,0,0
INV-0001227,CUST-100205,2026-05-01,403.76,Paid,0,1,1
INV-0001228,CUST-100205,2026-06-01,414.39,Paid,0,0,0
INV-0001229,CUST-100205,2026-07-01,419.69,Paid,0,1,0
INV-0001230,CUST-100205,2026-08-01,425.18,Paid,0,0,0
INV-0001231,CUST-100206,2026-03-01,184.44,Paid,0,0,0
INV-0001232,CUST-100206,2026-04-01,176.56,Paid,0,0,0
INV-0001233,CUST-100206,2026-05-01,184.61,Paid,0,0,0
INV-0001234,CUST-100206,2026-06-01,185.0,Paid,0,0,0
INV-0001235,CUST-100206,2026-07-01,184.29,Paid,0,0,0
INV-0001236,CUST-100206,2026-08-01,175.59,Paid,0,0,0
INV-0001237,CUST-100207,2026-03-01,79.56,Paid,0,0,0
INV-0001238,CUST-100207,2026-04-01,75.56,Paid,0,0,0
INV-0001239,CUST-100207,2026-05-01,74.91,Late,33,0,0
INV-0001240,CUST-100207,2026-06-01,73.88,Paid,0,0,0
INV-0001241,CUST-100207,2026-07-01,78.22,Late,10,0,0
INV-0001242,CUST-100207,2026-08-01,79.62,Paid,0,0,0
INV-0001243,CUST-100208,2026-03-01,81.41,Paid,0,1,0
INV-0001244,CUST-100208,2026-04-01,84.89,Paid,0,0,0
INV-0001245,CUST-100208,2026-05-01,85.95,Paid,0,1,0
INV-0001246,CUST-100208,2026-06-01,86.36,Paid,0,0,0
INV-0001247,CUST-100208,2026-07-01,86.76,Paid,0,0,0
INV-0001248,CUST-100208,2026-08-01,88.36,Paid,0,0,0
INV-0001249,CUST-100209,2026-03-01,77.8,Paid,0,0,0
INV-0001250,CUST-100209,2026-04-01,76.72,Paid,0,0,0
INV-0001251,CUST-100209,2026-05-01,77.38,Paid,0,0,0
INV-0001252,CUST-100209,2026-06-01,76.05,Paid,0,0,0
INV-0001253,CUST-100209,2026-07-01,77.83,Paid,0,0,0
INV-0001254,CUST-100209,2026-08-01,80.66,Paid,0,0,0
INV-0001255,CUST-100210,2026-03-01,68.96,Paid,0,0,0
INV-0001256,CUST-100210,2026-04-01,66.84,Paid,0,0,0
INV-0001257,CUST-100210,2026-05-01,73.21,Paid,0,0,0
INV-0001258,CUST-100210,2026-06-01,68.86,Paid,0,0,0
INV-0001259,CUST-100210,2026-07-01,69.4,Paid,0,0,0
INV-0001260,CUST-100210,2026-08-01,66.99,Paid,0,0,0
INV-0001261,CUST-100211,2026-03-01,144.52,Paid,0,0,0
INV-0001262,CUST-100211,2026-04-01,140.59,Paid,0,0,0
INV-0001263,CUST-100211,2026-05-01,130.11,Paid,0,0,0
INV-0001264,CUST-100211,2026-06-01,131.33,Paid,0,0,0
INV-0001265,CUST-100211,2026-07-01,134.93,Paid,0,0,0
INV-0001266,CUST-100211,2026-08-01,132.07,Paid,0,0,0
INV-0001267,CUST-100212,2026-03-01,37.0,Paid,0,0,0
INV-0001268,CUST-100212,2026-04-01,37.9,Paid,0,0,0
INV-0001269,CUST-100212,2026-05-01,39.21,Paid,0,0,0
INV-0001270,CUST-100212,2026-06-01,39.65,Paid,0,0,0
INV-0001271,CUST-100212,2026-07-01,37.39,Paid,0,0,0
INV-0001272,CUST-100212,2026-08-01,39.1,Paid,0,0,0
INV-0001273,CUST-100213,2026-03-01,136.03,Paid,0,1,0
INV-0001274,CUST-100213,2026-04-01,132.41,Paid,0,0,0
INV-0001275,CUST-100213,2026-05-01,139.33,Paid,0,0,0
INV-0001276,CUST-100213,2026-06-01,132.99,Paid,0,0,0
INV-0001277,CUST-100213,2026-07-01,156.43,Paid,0,1,0
INV-0001278,CUST-100213,2026-08-01,183.42,Paid,0,1,1
INV-0001279,CUST-100214,2026-03-01,152.54,Paid,0,0,0
INV-0001280,CUST-100214,2026-04-01,153.56,Paid,0,0,0
INV-0001281,CUST-100214,2026-05-01,152.09,Paid,0,0,0
INV-0001282,CUST-100214,2026-06-01,158.26,Late,12,0,0
INV-0001283,CUST-100214,2026-07-01,153.54,Paid,0,0,0
INV-0001284,CUST-100214,2026-08-01,150.79,Paid,0,0,0
INV-0001285,CUST-100215,2026-03-01,31.65,Paid,0,0,0
INV-0001286,CUST-100215,2026-04-01,31.37,Paid,0,0,0
INV-0001287,CUST-100215,2026-05-01,32.24,Paid,0,0,0
INV-0001288,CUST-100215,2026-06-01,32.96,Paid,0,0,0
INV-0001289,CUST-100215,2026-07-01,33.47,Paid,0,0,0
INV-0001290,CUST-100215,2026-08-01,32.85,Paid,0,1,0
INV-0001291,CUST-100216,2026-03-01,57.72,Paid,0,0,0
INV-0001292,CUST-100216,2026-04-01,61.38,Paid,0,0,0
INV-0001293,CUST-100216,2026-05-01,59.32,Paid,0,0,0
INV-0001294,CUST-100216,2026-06-01,55.87,Paid,0,0,0
INV-0001295,CUST-100216,2026-07-01,58.53,Paid,0,0,0
INV-0001296,CUST-100216,2026-08-01,58.06,Paid,0,0,0
INV-0001297,CUST-100217,2026-03-01,34.6,Paid,0,0,0
INV-0001298,CUST-100217,2026-04-01,33.97,Paid,0,0,0
INV-0001299,CUST-100217,2026-05-01,35.81,Paid,0,0,0
INV-0001300,CUST-100217,2026-06-01,33.48,Paid,0,0,0
INV-0001301,CUST-100217,2026-07-01,34.15,Late,32,0,0
INV-0001302,CUST-100217,2026-08-01,34.8,Paid,0,0,0
INV-0001303,CUST-100218,2026-03-01,35.22,Paid,0,0,0
INV-0001304,CUST-100218,2026-04-01,34.31,Paid,0,0,0
INV-0001305,CUST-100218,2026-05-01,35.89,Paid,0,0,0
INV-0001306,CUST-100218,2026-06-01,34.87,Paid,0,0,0
INV-0001307,CUST-100218,2026-07-01,35.13,Paid,0,0,0
INV-0001308,CUST-100218,2026-08-01,35.46,Paid,0,0,0
INV-0001309,CUST-100219,2026-03-01,135.73,Late,18,0,0
INV-0001310,CUST-100219,2026-04-01,128.65,Paid,0,0,0
INV-0001311,CUST-100219,2026-05-01,125.48,Paid,0,0,0
INV-0001312,CUST-100219,2026-06-01,127.15,Late,30,0,0
INV-0001313,CUST-100219,2026-07-01,131.25,Paid,0,0,0
INV-0001314,CUST-100219,2026-08-01,127.87,Paid,0,0,0
INV-0001315,CUST-100220,2026-03-01,176.58,Paid,0,0,0
INV-0001316,CUST-100220,2026-04-01,181.41,Paid,0,0,0
INV-0001317,CUST-100220,2026-05-01,179.18,Paid,0,0,0
INV-0001318,CUST-100220,2026-06-01,189.51,Paid,0,1,1
INV-0001319,CUST-100220,2026-07-01,177.86,Paid,0,0,0
INV-0001320,CUST-100220,2026-08-01,187.71,Paid,0,0,0
INV-0001321,CUST-100221,2026-03-01,45.57,Paid,0,0,0
INV-0001322,CUST-100221,2026-04-01,45.16,Paid,0,0,0
INV-0001323,CUST-100221,2026-05-01,46.39,Paid,0,0,0
INV-0001324,CUST-100221,2026-06-01,44.68,Paid,0,0,0
INV-0001325,CUST-100221,2026-07-01,45.01,Paid,0,0,0
INV-0001326,CUST-100221,2026-08-01,45.92,Paid,0,0,0
INV-0001327,CUST-100222,2026-03-01,39.4,Paid,0,0,0
INV-0001328,CUST-100222,2026-04-01,40.7,Paid,0,0,0
INV-0001329,CUST-100222,2026-05-01,38.03,Paid,0,0,0
INV-0001330,CUST-100222,2026-06-01,41.08,Paid,0,0,0
INV-0001331,CUST-100222,2026-07-01,40.13,Paid,0,0,0
INV-0001332,CUST-100222,2026-08-01,40.38,Paid,0,0,0
INV-0001333,CUST-100223,2026-03-01,79.74,Paid,0,0,0
INV-0001334,CUST-100223,2026-04-01,84.17,Paid,0,0,0
INV-0001335,CUST-100223,2026-05-01,80.94,Paid,0,0,0
INV-0001336,CUST-100223,2026-06-01,85.28,Paid,0,0,0
INV-0001337,CUST-100223,2026-07-01,87.63,Paid,0,0,0
INV-0001338,CUST-100223,2026-08-01,85.34,Late,28,0,0
INV-0001339,CUST-100224,2026-03-01,39.4,Late,1,1,0
INV-0001340,CUST-100224,2026-04-01,39.1,Paid,0,0,0
INV-0001341,CUST-100224,2026-05-01,40.72,Paid,0,1,0
INV-0001342,CUST-100224,2026-06-01,41.96,Paid,0,1,0
INV-0001343,CUST-100224,2026-07-01,40.44,Paid,0,0,0
INV-0001344,CUST-100224,2026-08-01,41.14,Paid,0,1,0
INV-0001345,CUST-100225,2026-03-01,98.96,Late,16,1,0
INV-0001346,CUST-100225,2026-04-01,92.14,Paid,0,0,0
INV-0001347,CUST-100225,2026-05-01,121.58,Paid,0,1,1
INV-0001348,CUST-100225,2026-06-01,97.15,Paid,0,0,0
INV-0001349,CUST-100225,2026-07-01,125.63,Paid,0,1,0
INV-0001350,CUST-100225,2026-08-01,95.68,Paid,0,1,0
INV-0001351,CUST-100226,2026-03-01,36.86,Paid,0,0,0
INV-0001352,CUST-100226,2026-04-01,38.2,Paid,0,0,0
INV-0001353,CUST-100226,2026-05-01,37.28,Paid,0,0,0
INV-0001354,CUST-100226,2026-06-01,36.58,Paid,0,0,0
INV-0001355,CUST-100226,2026-07-01,36.55,Paid,0,0,0
INV-0001356,CUST-100226,2026-08-01,35.49,Paid,0,0,0
INV-0001357,CUST-100227,2026-03-01,429.13,Paid,0,0,0
INV-0001358,CUST-100227,2026-04-01,402.61,Paid,0,0,0
INV-0001359,CUST-100227,2026-05-01,415.45,Paid,0,0,0
INV-0001360,CUST-100227,2026-06-01,415.76,Paid,0,0,0
INV-0001361,CUST-100227,2026-07-01,420.39,Paid,0,0,0
INV-0001362,CUST-100227,2026-08-01,418.83,Paid,0,0,0
INV-0001363,CUST-100228,2026-03-01,537.85,Paid,0,0,0
INV-0001364,CUST-100228,2026-04-01,531.89,Paid,0,0,0
INV-0001365,CUST-100228,2026-05-01,542.51,Paid,0,0,0
INV-0001366,CUST-100228,2026-06-01,544.47,Paid,0,0,0
INV-0001367,CUST-100228,2026-07-01,518.44,Paid,0,0,0
INV-0001368,CUST-100228,2026-08-01,557.4,Paid,0,0,0
INV-0001369,CUST-100229,2026-03-01,79.26,Paid,0,0,0
INV-0001370,CUST-100229,2026-04-01,79.89,Paid,0,1,0
INV-0001371,CUST-100229,2026-05-01,76.86,Late,20,0,0
INV-0001372,CUST-100229,2026-06-01,77.88,Paid,0,0,0
INV-0001373,CUST-100229,2026-07-01,78.05,Paid,0,0,0
INV-0001374,CUST-100229,2026-08-01,78.03,Paid,0,0,0
INV-0001375,CUST-100230,2026-03-01,77.82,Paid,0,1,1
INV-0001376,CUST-100230,2026-04-01,77.45,Paid,0,1,1
INV-0001377,CUST-100230,2026-05-01,81.04,Late,22,0,0
INV-0001378,CUST-100230,2026-06-01,78.96,Late,15,1,0
INV-0001379,CUST-100230,2026-07-01,77.77,Paid,0,0,0
INV-0001380,CUST-100230,2026-08-01,76.1,Paid,0,0,0
INV-0001381,CUST-100231,2026-03-01,465.28,Late,5,0,0
INV-0001382,CUST-100231,2026-04-01,469.46,Late,23,0,0
INV-0001383,CUST-100231,2026-05-01,537.07,Late,5,1,0
INV-0001384,CUST-100231,2026-06-01,437.95,Paid,0,1,1
INV-0001385,CUST-100231,2026-07-01,458.31,Late,19,0,0
INV-0001386,CUST-100231,2026-08-01,444.19,Paid,0,0,0
INV-0001387,CUST-100232,2026-03-01,87.51,Late,9,1,0
INV-0001388,CUST-100232,2026-04-01,83.73,Paid,0,1,1
INV-0001389,CUST-100232,2026-05-01,88.01,Late,15,1,0
INV-0001390,CUST-100232,2026-06-01,99.84,Late,3,0,0
INV-0001391,CUST-100232,2026-07-01,86.46,Late,34,0,0
INV-0001392,CUST-100232,2026-08-01,109.18,Paid,0,0,0
INV-0001393,CUST-100233,2026-03-01,43.25,Late,2,0,0
INV-0001394,CUST-100233,2026-04-01,40.07,Late,15,1,0
INV-0001395,CUST-100233,2026-05-01,42.15,Paid,0,1,1
INV-0001396,CUST-100233,2026-06-01,41.65,Late,31,0,0
INV-0001397,CUST-100233,2026-07-01,45.49,Paid,0,0,0
INV-0001398,CUST-100233,2026-08-01,39.67,Late,2,0,0
INV-0001399,CUST-100234,2026-03-01,78.9,Paid,0,0,0
INV-0001400,CUST-100234,2026-04-01,75.16,Paid,0,0,0
INV-0001401,CUST-100234,2026-05-01,77.91,Paid,0,0,0
INV-0001402,CUST-100234,2026-06-01,79.83,Paid,0,0,0
INV-0001403,CUST-100234,2026-07-01,76.38,Late,16,0,0
INV-0001404,CUST-100234,2026-08-01,78.18,Paid,0,0,0
INV-0001405,CUST-100235,2026-03-01,72.07,Late,33,0,0
INV-0001406,CUST-100235,2026-04-01,74.78,Paid,0,0,0
INV-0001407,CUST-100235,2026-05-01,71.25,Paid,0,0,0
INV-0001408,CUST-100235,2026-06-01,72.04,Paid,0,0,0
INV-0001409,CUST-100235,2026-07-01,73.33,Paid,0,0,0
INV-0001410,CUST-100235,2026-08-01,73.85,Paid,0,0,0
INV-0001411,CUST-100236,2026-03-01,37.75,Paid,0,0,0
INV-0001412,CUST-100236,2026-04-01,35.23,Paid,0,0,0
INV-0001413,CUST-100236,2026-05-01,36.26,Paid,0,0,0
INV-0001414,CUST-100236,2026-06-01,35.04,Late,14,0,0
INV-0001415,CUST-100236,2026-07-01,35.8,Paid,0,0,0
INV-0001416,CUST-100236,2026-08-01,35.66,Late,21,0,0
INV-0001417,CUST-100237,2026-03-01,42.53,Paid,0,0,0
INV-0001418,CUST-100237,2026-04-01,42.74,Paid,0,0,0
INV-0001419,CUST-100237,2026-05-01,43.49,Paid,0,0,0
INV-0001420,CUST-100237,2026-06-01,40.65,Paid,0,0,0
INV-0001421,CUST-100237,2026-07-01,42.39,Paid,0,0,0
INV-0001422,CUST-100237,2026-08-01,43.24,Paid,0,0,0
INV-0001423,CUST-100238,2026-03-01,41.93,Paid,0,0,0
INV-0001424,CUST-100238,2026-04-01,38.35,Paid,0,0,0
INV-0001425,CUST-100238,2026-05-01,40.37,Paid,0,0,0
INV-0001426,CUST-100238,2026-06-01,39.67,Paid,0,0,0
INV-0001427,CUST-100238,2026-07-01,40.52,Paid,0,0,0
INV-0001428,CUST-100238,2026-08-01,41.14,Late,6,0,0
INV-0001429,CUST-100239,2026-03-01,72.92,Paid,0,0,0
INV-0001430,CUST-100239,2026-04-01,70.93,Paid,0,0,0
INV-0001431,CUST-100239,2026-05-01,68.29,Paid,0,0,0
INV-0001432,CUST-100239,2026-06-01,66.96,Paid,0,1,1
INV-0001433,CUST-100239,2026-07-01,67.63,Paid,0,0,0
INV-0001434,CUST-100239,2026-08-01,71.25,Paid,0,0,0
INV-0001435,CUST-100240,2026-03-01,390.01,Paid,0,0,0
INV-0001436,CUST-100240,2026-04-01,394.43,Paid,0,0,0
INV-0001437,CUST-100240,2026-05-01,405.22,Paid,0,0,0
INV-0001438,CUST-100240,2026-06-01,402.56,Paid,0,0,0
INV-0001439,CUST-100240,2026-07-01,397.44,Paid,0,0,0
INV-0001440,CUST-100240,2026-08-01,385.67,Paid,0,0,0
INV-0001441,CUST-100241,2026-03-01,31.08,Paid,0,0,0
INV-0001442,CUST-100241,2026-04-01,31.16,Paid,0,0,0
INV-0001443,CUST-100241,2026-05-01,31.51,Paid,0,0,0
INV-0001444,CUST-100241,2026-06-01,31.09,Paid,0,0,0
INV-0001445,CUST-100241,2026-07-01,31.84,Paid,0,0,0
INV-0001446,CUST-100241,2026-08-01,30.72,Paid,0,0,0
INV-0001447,CUST-100242,2026-03-01,85.04,Paid,0,0,0
INV-0001448,CUST-100242,2026-04-01,80.7,Paid,0,0,0
INV-0001449,CUST-100242,2026-05-01,83.77,Paid,0,0,0
INV-0001450,CUST-100242,2026-06-01,82.02,Paid,0,0,0
INV-0001451,CUST-100242,2026-07-01,82.32,Paid,0,0,0
INV-0001452,CUST-100242,2026-08-01,81.6,Paid,0,0,0
INV-0001453,CUST-100243,2026-03-01,189.7,Paid,0,0,0
INV-0001454,CUST-100243,2026-04-01,175.82,Late,13,0,0
INV-0001455,CUST-100243,2026-05-01,177.81,Paid,0,0,0
INV-0001456,CUST-100243,2026-06-01,230.61,Late,29,1,0
INV-0001457,CUST-100243,2026-07-01,184.49,Paid,0,0,0
INV-0001458,CUST-100243,2026-08-01,227.92,Paid,0,0,0
INV-0001459,CUST-100244,2026-03-01,39.84,Paid,0,0,0
INV-0001460,CUST-100244,2026-04-01,39.91,Paid,0,0,0
INV-0001461,CUST-100244,2026-05-01,45.5,Paid,0,0,0
INV-0001462,CUST-100244,2026-06-01,41.48,Late,8,1,0
INV-0001463,CUST-100244,2026-07-01,54.99,Paid,0,0,0
INV-0001464,CUST-100244,2026-08-01,40.79,Late,10,0,0
INV-0001465,CUST-100245,2026-03-01,74.62,Paid,0,0,0
INV-0001466,CUST-100245,2026-04-01,73.7,Paid,0,0,0
INV-0001467,CUST-100245,2026-05-01,76.23,Paid,0,0,0
INV-0001468,CUST-100245,2026-06-01,77.46,Paid,0,0,0
INV-0001469,CUST-100245,2026-07-01,74.88,Paid,0,0,0
INV-0001470,CUST-100245,2026-08-01,74.8,Paid,0,0,0
INV-0001471,CUST-100246,2026-03-01,32.61,Paid,0,0,0
INV-0001472,CUST-100246,2026-04-01,33.74,Late,14,0,0
INV-0001473,CUST-100246,2026-05-01,32.06,Paid,0,0,0
INV-0001474,CUST-100246,2026-06-01,31.23,Paid,0,0,0
INV-0001475,CUST-100246,2026-07-01,32.79,Paid,0,0,0
INV-0001476,CUST-100246,2026-08-01,32.42,Paid,0,0,0
INV-0001477,CUST-100247,2026-03-01,85.1,Paid,0,0,0
INV-0001478,CUST-100247,2026-04-01,82.66,Paid,0,0,0
INV-0001479,CUST-100247,2026-05-01,71.66,Paid,0,1,0
INV-0001480,CUST-100247,2026-06-01,70.66,Paid,0,0,0
INV-0001481,CUST-100247,2026-07-01,69.38,Late,17,0,0
INV-0001482,CUST-100247,2026-08-01,67.86,Paid,0,1,1
INV-0001483,CUST-100248,2026-03-01,42.58,Paid,0,1,0
INV-0001484,CUST-100248,2026-04-01,41.25,Paid,0,0,0
INV-0001485,CUST-100248,2026-05-01,41.67,Paid,0,0,0
INV-0001486,CUST-100248,2026-06-01,41.03,Paid,0,0,0
INV-0001487,CUST-100248,2026-07-01,43.37,Paid,0,0,0
INV-0001488,CUST-100248,2026-08-01,43.92,Paid,0,0,0
INV-0001489,CUST-100249,2026-03-01,32.76,Paid,0,0,0
INV-0001490,CUST-100249,2026-04-01,30.68,Paid,0,0,0
INV-0001491,CUST-100249,2026-05-01,29.32,Late,8,0,0
INV-0001492,CUST-100249,2026-06-01,30.91,Paid,0,0,0
INV-0001493,CUST-100249,2026-07-01,31.72,Late,2,0,0
INV-0001494,CUST-100249,2026-08-01,32.27,Paid,0,0,0
INV-0001495,CUST-100250,2026-03-01,32.11,Paid,0,0,0
INV-0001496,CUST-100250,2026-04-01,32.92,Paid,0,0,0
INV-0001497,CUST-100250,2026-05-01,33.86,Paid,0,0,0
INV-0001498,CUST-100250,2026-06-01,31.5,Paid,0,0,0
INV-0001499,CUST-100250,2026-07-01,32.23,Paid,0,0,0
INV-0001500,CUST-100250,2026-08-01,32.65,Paid,0,0,0
INV-0001501,CUST-100251,2026-03-01,137.74,Paid,0,0,0
INV-0001502,CUST-100251,2026-04-01,143.49,Paid,0,0,0
INV-0001503,CUST-100251,2026-05-01,133.89,Paid,0,0,0
INV-0001504,CUST-100251,2026-06-01,134.18,Paid,0,0,0
INV-0001505,CUST-100251,2026-07-01,141.33,Paid,0,0,0
INV-0001506,CUST-100251,2026-08-01,133.1,Paid,0,0,0
INV-0001507,CUST-100252,2026-03-01,62.26,Paid,0,0,0
INV-0001508,CUST-100252,2026-04-01,63.13,Paid,0,0,0
INV-0001509,CUST-100252,2026-05-01,65.57,Paid,0,0,0
INV-0001510,CUST-100252,2026-06-01,65.66,Paid,0,0,0
INV-0001511,CUST-100252,2026-07-01,65.07,Paid,0,0,0
INV-0001512,CUST-100252,2026-08-01,63.31,Paid,0,0,0
INV-0001513,CUST-100253,2026-03-01,33.46,Paid,0,0,0
INV-0001514,CUST-100253,2026-04-01,34.03,Paid,0,0,0
INV-0001515,CUST-100253,2026-05-01,33.51,Paid,0,0,0
INV-0001516,CUST-100253,2026-06-01,33.29,Paid,0,0,0
INV-0001517,CUST-100253,2026-07-01,33.42,Paid,0,0,0
INV-0001518,CUST-100253,2026-08-01,33.42,Paid,0,1,1
INV-0001519,CUST-100254,2026-03-01,179.95,Late,5,0,0
INV-0001520,CUST-100254,2026-04-01,187.79,Late,31,0,0
INV-0001521,CUST-100254,2026-05-01,193.32,Paid,0,0,0
INV-0001522,CUST-100254,2026-06-01,184.43,Paid,0,0,0
INV-0001523,CUST-100254,2026-07-01,182.02,Paid,0,0,0
INV-0001524,CUST-100254,2026-08-01,181.59,Paid,0,0,0
INV-0001525,CUST-100255,2026-03-01,144.05,Paid,0,0,0
INV-0001526,CUST-100255,2026-04-01,141.72,Late,2,0,0
INV-0001527,CUST-100255,2026-05-01,149.36,Paid,0,1,0
INV-0001528,CUST-100255,2026-06-01,192.34,Paid,0,0,0
INV-0001529,CUST-100255,2026-07-01,200.09,Late,2,1,0
INV-0001530,CUST-100255,2026-08-01,150.25,Paid,0,0,0
INV-0001531,CUST-100256,2026-03-01,35.97,Paid,0,0,0
INV-0001532,CUST-100256,2026-04-01,33.89,Paid,0,0,0
INV-0001533,CUST-100256,2026-05-01,33.94,Paid,0,0,0
INV-0001534,CUST-100256,2026-06-01,35.9,Paid,0,0,0
INV-0001535,CUST-100256,2026-07-01,34.11,Paid,0,0,0
INV-0001536,CUST-100256,2026-08-01,37.21,Late,10,0,0
INV-0001537,CUST-100257,2026-03-01,40.16,Paid,0,0,0
INV-0001538,CUST-100257,2026-04-01,40.04,Late,21,0,0
INV-0001539,CUST-100257,2026-05-01,49.75,Paid,0,0,0
INV-0001540,CUST-100257,2026-06-01,39.64,Paid,0,0,0
INV-0001541,CUST-100257,2026-07-01,39.48,Paid,0,0,0
INV-0001542,CUST-100257,2026-08-01,43.12,Late,22,0,0
INV-0001543,CUST-100258,2026-03-01,83.47,Paid,0,0,0
INV-0001544,CUST-100258,2026-04-01,84.1,Paid,0,0,0
INV-0001545,CUST-100258,2026-05-01,82.22,Paid,0,0,0
INV-0001546,CUST-100258,2026-06-01,78.42,Paid,0,0,0
INV-0001547,CUST-100258,2026-07-01,82.91,Paid,0,0,0
INV-0001548,CUST-100258,2026-08-01,80.83,Paid,0,0,0
INV-0001549,CUST-100259,2026-03-01,72.13,Paid,0,0,0
INV-0001550,CUST-100259,2026-04-01,74.1,Paid,0,0,0
INV-0001551,CUST-100259,2026-05-01,76.92,Paid,0,0,0
INV-0001552,CUST-100259,2026-06-01,78.3,Paid,0,0,0
INV-0001553,CUST-100259,2026-07-01,76.36,Paid,0,0,0
INV-0001554,CUST-100259,2026-08-01,77.1,Paid,0,0,0
INV-0001555,CUST-100260,2026-03-01,77.93,Paid,0,0,0
INV-0001556,CUST-100260,2026-04-01,75.16,Paid,0,0,0
INV-0001557,CUST-100260,2026-05-01,76.95,Paid,0,0,0
INV-0001558,CUST-100260,2026-06-01,74.83,Paid,0,0,0
INV-0001559,CUST-100260,2026-07-01,75.91,Paid,0,0,0
INV-0001560,CUST-100260,2026-08-01,76.44,Paid,0,0,0
INV-0001561,CUST-100261,2026-03-01,36.85,Paid,0,0,0
INV-0001562,CUST-100261,2026-04-01,35.84,Paid,0,0,0
INV-0001563,CUST-100261,2026-05-01,38.3,Paid,0,0,0
INV-0001564,CUST-100261,2026-06-01,38.54,Paid,0,0,0
INV-0001565,CUST-100261,2026-07-01,36.87,Paid,0,0,0
INV-0001566,CUST-100261,2026-08-01,38.18,Paid,0,0,0
INV-0001567,CUST-100262,2026-03-01,82.02,Paid,0,0,0
INV-0001568,CUST-100262,2026-04-01,85.2,Paid,0,0,0
INV-0001569,CUST-100262,2026-05-01,85.6,Paid,0,0,0
INV-0001570,CUST-100262,2026-06-01,83.49,Paid,0,0,0
INV-0001571,CUST-100262,2026-07-01,82.55,Paid,0,0,0
INV-0001572,CUST-100262,2026-08-01,80.63,Paid,0,0,0
INV-0001573,CUST-100263,2026-03-01,80.23,Paid,0,0,0
INV-0001574,CUST-100263,2026-04-01,86.97,Paid,0,0,0
INV-0001575,CUST-100263,2026-05-01,84.16,Paid,0,0,0
INV-0001576,CUST-100263,2026-06-01,80.75,Paid,0,0,0
INV-0001577,CUST-100263,2026-07-01,85.86,Paid,0,0,0
INV-0001578,CUST-100263,2026-08-01,87.65,Paid,0,0,0
INV-0001579,CUST-100264,2026-03-01,423.47,Paid,0,0,0
INV-0001580,CUST-100264,2026-04-01,429.98,Paid,0,1,0
INV-0001581,CUST-100264,2026-05-01,410.41,Paid,0,1,0
INV-0001582,CUST-100264,2026-06-01,411.98,Paid,0,0,0
INV-0001583,CUST-100264,2026-07-01,426.23,Paid,0,0,0
INV-0001584,CUST-100264,2026-08-01,399.9,Paid,0,0,0
INV-0001585,CUST-100265,2026-03-01,368.01,Paid,0,0,0
INV-0001586,CUST-100265,2026-04-01,350.53,Paid,0,0,0
INV-0001587,CUST-100265,2026-05-01,363.87,Paid,0,0,0
INV-0001588,CUST-100265,2026-06-01,376.16,Paid,0,0,0
INV-0001589,CUST-100265,2026-07-01,355.78,Paid,0,0,0
INV-0001590,CUST-100265,2026-08-01,364.09,Paid,0,0,0
INV-0001591,CUST-100266,2026-03-01,184.99,Late,27,1,0
INV-0001592,CUST-100266,2026-04-01,162.86,Paid,0,0,0
INV-0001593,CUST-100266,2026-05-01,165.21,Paid,0,0,0
INV-0001594,CUST-100266,2026-06-01,159.63,Late,15,0,0
INV-0001595,CUST-100266,2026-07-01,160.83,Paid,0,0,0
INV-0001596,CUST-100266,2026-08-01,160.18,Late,28,1,0
INV-0001597,CUST-100267,2026-03-01,169.97,Paid,0,0,0
INV-0001598,CUST-100267,2026-04-01,170.33,Paid,0,0,0
INV-0001599,CUST-100267,2026-05-01,166.91,Paid,0,0,0
INV-0001600,CUST-100267,2026-06-01,170.61,Paid,0,0,0
INV-0001601,CUST-100267,2026-07-01,166.13,Paid,0,0,0
INV-0001602,CUST-100267,2026-08-01,173.27,Paid,0,0,0
INV-0001603,CUST-100268,2026-03-01,36.05,Paid,0,0,0
INV-0001604,CUST-100268,2026-04-01,37.22,Paid,0,0,0
INV-0001605,CUST-100268,2026-05-01,35.89,Paid,0,0,0
INV-0001606,CUST-100268,2026-06-01,35.04,Paid,0,0,0
INV-0001607,CUST-100268,2026-07-01,35.73,Paid,0,1,0
INV-0001608,CUST-100268,2026-08-01,35.77,Paid,0,0,0
INV-0001609,CUST-100269,2026-03-01,198.77,Paid,0,0,0
INV-0001610,CUST-100269,2026-04-01,197.02,Paid,0,0,0
INV-0001611,CUST-100269,2026-05-01,190.55,Paid,0,0,0
INV-0001612,CUST-100269,2026-06-01,188.57,Paid,0,0,0
INV-0001613,CUST-100269,2026-07-01,195.01,Paid,0,0,0
INV-0001614,CUST-100269,2026-08-01,189.34,Paid,0,0,0
INV-0001615,CUST-100270,2026-03-01,64.16,Paid,0,0,0
INV-0001616,CUST-100270,2026-04-01,63.85,Paid,0,0,0
INV-0001617,CUST-100270,2026-05-01,62.53,Paid,0,0,0
INV-0001618,CUST-100270,2026-06-01,57.98,Paid,0,0,0
INV-0001619,CUST-100270,2026-07-01,60.85,Paid,0,0,0
INV-0001620,CUST-100270,2026-08-01,60.56,Paid,0,0,0
INV-0001621,CUST-100271,2026-03-01,85.94,Paid,0,0,0
INV-0001622,CUST-100271,2026-04-01,88.02,Paid,0,0,0
INV-0001623,CUST-100271,2026-05-01,86.37,Paid,0,0,0
INV-0001624,CUST-100271,2026-06-01,86.43,Paid,0,0,0
INV-0001625,CUST-100271,2026-07-01,85.68,Paid,0,0,0
INV-0001626,CUST-100271,2026-08-01,85.48,Paid,0,0,0
INV-0001627,CUST-100272,2026-03-01,34.56,Paid,0,0,0
INV-0001628,CUST-100272,2026-04-01,34.48,Paid,0,0,0
INV-0001629,CUST-100272,2026-05-01,35.02,Late,19,1,0
INV-0001630,CUST-100272,2026-06-01,33.49,Paid,0,0,0
INV-0001631,CUST-100272,2026-07-01,33.57,Paid,0,0,0
INV-0001632,CUST-100272,2026-08-01,35.99,Paid,0,0,0
INV-0001633,CUST-100273,2026-03-01,133.77,Paid,0,0,0
INV-0001634,CUST-100273,2026-04-01,137.01,Paid,0,0,0
INV-0001635,CUST-100273,2026-05-01,138.16,Paid,0,0,0
INV-0001636,CUST-100273,2026-06-01,136.87,Paid,0,0,0
INV-0001637,CUST-100273,2026-07-01,135.53,Paid,0,1,0
INV-0001638,CUST-100273,2026-08-01,130.97,Paid,0,0,0
INV-0001639,CUST-100274,2026-03-01,77.05,Paid,0,0,0
INV-0001640,CUST-100274,2026-04-01,77.25,Late,25,1,0
INV-0001641,CUST-100274,2026-05-01,76.68,Paid,0,0,0
INV-0001642,CUST-100274,2026-06-01,78.58,Late,28,1,0
INV-0001643,CUST-100274,2026-07-01,76.88,Late,34,0,0
INV-0001644,CUST-100274,2026-08-01,77.5,Paid,0,0,0
INV-0001645,CUST-100275,2026-03-01,141.46,Paid,0,0,0
INV-0001646,CUST-100275,2026-04-01,152.31,Paid,0,0,0
INV-0001647,CUST-100275,2026-05-01,149.58,Paid,0,0,0
INV-0001648,CUST-100275,2026-06-01,152.31,Late,4,0,0
INV-0001649,CUST-100275,2026-07-01,152.59,Paid,0,0,0
INV-0001650,CUST-100275,2026-08-01,152.27,Paid,0,0,0
INV-0001651,CUST-100276,2026-03-01,70.8,Paid,0,0,0
INV-0001652,CUST-100276,2026-04-01,73.17,Paid,0,0,0
INV-0001653,CUST-100276,2026-05-01,73.71,Paid,0,0,0
INV-0001654,CUST-100276,2026-06-01,73.3,Paid,0,0,0
INV-0001655,CUST-100276,2026-07-01,70.61,Paid,0,0,0
INV-0001656,CUST-100276,2026-08-01,72.85,Paid,0,0,0
INV-0001657,CUST-100277,2026-03-01,37.11,Late,1,0,0
INV-0001658,CUST-100277,2026-04-01,37.68,Paid,0,0,0
INV-0001659,CUST-100277,2026-05-01,36.63,Paid,0,0,0
INV-0001660,CUST-100277,2026-06-01,37.47,Paid,0,1,0
INV-0001661,CUST-100277,2026-07-01,36.9,Paid,0,0,0
INV-0001662,CUST-100277,2026-08-01,37.58,Paid,0,0,0
INV-0001663,CUST-100278,2026-03-01,165.76,Late,17,0,0
INV-0001664,CUST-100278,2026-04-01,164.56,Late,5,0,0
INV-0001665,CUST-100278,2026-05-01,161.18,Paid,0,0,0
INV-0001666,CUST-100278,2026-06-01,162.6,Late,9,1,0
INV-0001667,CUST-100278,2026-07-01,160.12,Paid,0,0,0
INV-0001668,CUST-100278,2026-08-01,209.84,Late,21,0,0
INV-0001669,CUST-100279,2026-03-01,102.43,Paid,0,0,0
INV-0001670,CUST-100279,2026-04-01,98.21,Paid,0,0,0
INV-0001671,CUST-100279,2026-05-01,99.33,Paid,0,0,0
INV-0001672,CUST-100279,2026-06-01,102.07,Paid,0,1,1
INV-0001673,CUST-100279,2026-07-01,98.48,Paid,0,0,0
INV-0001674,CUST-100279,2026-08-01,96.8,Late,3,0,0
INV-0001675,CUST-100280,2026-03-01,158.89,Paid,0,0,0
INV-0001676,CUST-100280,2026-04-01,176.62,Paid,0,0,0
INV-0001677,CUST-100280,2026-05-01,167.04,Paid,0,0,0
INV-0001678,CUST-100280,2026-06-01,161.52,Paid,0,0,0
INV-0001679,CUST-100280,2026-07-01,169.14,Paid,0,0,0
INV-0001680,CUST-100280,2026-08-01,162.45,Paid,0,0,0
INV-0001681,CUST-100281,2026-03-01,86.19,Paid,0,1,0
INV-0001682,CUST-100281,2026-04-01,90.85,Late,7,0,0
INV-0001683,CUST-100281,2026-05-01,93.31,Late,15,0,0
INV-0001684,CUST-100281,2026-06-01,93.03,Late,24,0,0
INV-0001685,CUST-100281,2026-07-01,105.66,Late,22,1,1
INV-0001686,CUST-100281,2026-08-01,93.83,Late,7,0,0
INV-0001687,CUST-100282,2026-03-01,144.64,Paid,0,0,0
INV-0001688,CUST-100282,2026-04-01,138.27,Paid,0,0,0
INV-0001689,CUST-100282,2026-05-01,150.39,Paid,0,0,0
INV-0001690,CUST-100282,2026-06-01,144.0,Paid,0,0,0
INV-0001691,CUST-100282,2026-07-01,139.32,Paid,0,0,0
INV-0001692,CUST-100282,2026-08-01,146.1,Paid,0,0,0
INV-0001693,CUST-100283,2026-03-01,166.71,Paid,0,0,0
INV-0001694,CUST-100283,2026-04-01,165.52,Paid,0,0,0
INV-0001695,CUST-100283,2026-05-01,160.11,Paid,0,0,0
INV-0001696,CUST-100283,2026-06-01,161.66,Paid,0,0,0
INV-0001697,CUST-100283,2026-07-01,168.52,Paid,0,0,0
INV-0001698,CUST-100283,2026-08-01,164.99,Paid,0,0,0
INV-0001699,CUST-100284,2026-03-01,131.5,Paid,0,0,0
INV-0001700,CUST-100284,2026-04-01,127.79,Paid,0,0,0
INV-0001701,CUST-100284,2026-05-01,123.57,Paid,0,0,0
INV-0001702,CUST-100284,2026-06-01,104.45,Late,6,0,0
INV-0001703,CUST-100284,2026-07-01,100.61,Late,25,0,0
INV-0001704,CUST-100284,2026-08-01,98.75,Paid,0,0,0
INV-0001705,CUST-100285,2026-03-01,25.39,Paid,0,0,0
INV-0001706,CUST-100285,2026-04-01,25.37,Paid,0,0,0
INV-0001707,CUST-100285,2026-05-01,27.49,Paid,0,0,0
INV-0001708,CUST-100285,2026-06-01,26.77,Paid,0,0,0
INV-0001709,CUST-100285,2026-07-01,26.89,Paid,0,0,0
INV-0001710,CUST-100285,2026-08-01,25.73,Paid,0,0,0
INV-0001711,CUST-100286,2026-03-01,211.88,Paid,0,0,0
INV-0001712,CUST-100286,2026-04-01,164.77,Paid,0,0,0
INV-0001713,CUST-100286,2026-05-01,161.75,Paid,0,0,0
INV-0001714,CUST-100286,2026-06-01,160.77,Late,28,0,0
INV-0001715,CUST-100286,2026-07-01,214.75,Paid,0,1,0
INV-0001716,CUST-100286,2026-08-01,191.72,Paid,0,0,0
INV-0001717,CUST-100287,2026-03-01,38.07,Late,24,1,0
INV-0001718,CUST-100287,2026-04-01,36.62,Paid,0,1,0
INV-0001719,CUST-100287,2026-05-01,37.67,Late,28,1,1
INV-0001720,CUST-100287,2026-06-01,48.78,Paid,0,1,0
INV-0001721,CUST-100287,2026-07-01,38.05,Paid,0,1,1
INV-0001722,CUST-100287,2026-08-01,37.71,Paid,0,0,0
INV-0001723,CUST-100288,2026-03-01,370.72,Late,32,0,0
INV-0001724,CUST-100288,2026-04-01,364.62,Late,13,0,0
INV-0001725,CUST-100288,2026-05-01,351.43,Paid,0,0,0
INV-0001726,CUST-100288,2026-06-01,419.54,Paid,0,1,0
INV-0001727,CUST-100288,2026-07-01,351.69,Late,7,1,1
INV-0001728,CUST-100288,2026-08-01,371.48,Late,3,1,1
INV-0001729,CUST-100289,2026-03-01,86.22,Paid,0,1,0
INV-0001730,CUST-100289,2026-04-01,79.88,Paid,0,1,1
INV-0001731,CUST-100289,2026-05-01,85.32,Paid,0,0,0
INV-0001732,CUST-100289,2026-06-01,87.04,Paid,0,0,0
INV-0001733,CUST-100289,2026-07-01,85.75,Paid,0,0,0
INV-0001734,CUST-100289,2026-08-01,86.35,Paid,0,1,1
INV-0001735,CUST-100290,2026-03-01,168.4,Late,21,0,0
INV-0001736,CUST-100290,2026-04-01,179.24,Paid,0,0,0
INV-0001737,CUST-100290,2026-05-01,174.42,Paid,0,0,0
INV-0001738,CUST-100290,2026-06-01,173.62,Paid,0,0,0
INV-0001739,CUST-100290,2026-07-01,173.03,Paid,0,0,0
INV-0001740,CUST-100290,2026-08-01,172.78,Paid,0,0,0
INV-0001741,CUST-100291,2026-03-01,435.66,Paid,0,0,0
INV-0001742,CUST-100291,2026-04-01,446.14,Paid,0,0,0
INV-0001743,CUST-100291,2026-05-01,425.24,Paid,0,0,0
INV-0001744,CUST-100291,2026-06-01,443.16,Paid,0,0,0
INV-0001745,CUST-100291,2026-07-01,444.47,Paid,0,0,0
INV-0001746,CUST-100291,2026-08-01,446.07,Paid,0,0,0
INV-0001747,CUST-100292,2026-03-01,31.21,Paid,0,0,0
INV-0001748,CUST-100292,2026-04-01,31.35,Paid,0,0,0
INV-0001749,CUST-100292,2026-05-01,31.42,Paid,0,0,0
INV-0001750,CUST-100292,2026-06-01,30.53,Paid,0,0,0
INV-0001751,CUST-100292,2026-07-01,30.99,Paid,0,0,0
INV-0001752,CUST-100292,2026-08-01,31.12,Late,32,0,0
INV-0001753,CUST-100293,2026-03-01,73.19,Paid,0,0,0
INV-0001754,CUST-100293,2026-04-01,72.31,Paid,0,0,0
INV-0001755,CUST-100293,2026-05-01,70.01,Paid,0,0,0
INV-0001756,CUST-100293,2026-06-01,76.0,Paid,0,0,0
INV-0001757,CUST-100293,2026-07-01,71.97,Paid,0,0,0
INV-0001758,CUST-100293,2026-08-01,70.73,Paid,0,1,0
INV-0001759,CUST-100294,2026-03-01,141.83,Paid,0,0,0
INV-0001760,CUST-100294,2026-04-01,147.96,Paid,0,0,0
INV-0001761,CUST-100294,2026-05-01,144.7,Paid,0,0,0
INV-0001762,CUST-100294,2026-06-01,143.75,Paid,0,0,0
INV-0001763,CUST-100294,2026-07-01,140.22,Paid,0,0,0
INV-0001764,CUST-100294,2026-08-01,150.06,Paid,0,0,0
INV-0001765,CUST-100295,2026-03-01,91.44,Paid,0,0,0
INV-0001766,CUST-100295,2026-04-01,87.32,Paid,0,0,0
INV-0001767,CUST-100295,2026-05-01,90.52,Paid,0,0,0
INV-0001768,CUST-100295,2026-06-01,89.0,Paid,0,0,0
INV-0001769,CUST-100295,2026-07-01,91.03,Paid,0,0,0
INV-0001770,CUST-100295,2026-08-01,87.62,Paid,0,0,0
INV-0001771,CUST-100296,2026-03-01,148.48,Paid,0,0,0
INV-0001772,CUST-100296,2026-04-01,144.4,Paid,0,0,0
INV-0001773,CUST-100296,2026-05-01,139.34,Paid,0,0,0
INV-0001774,CUST-100296,2026-06-01,143.79,Paid,0,1,0
INV-0001775,CUST-100296,2026-07-01,145.12,Paid,0,1,1
INV-0001776,CUST-100296,2026-08-01,148.92,Paid,0,0,0
INV-0001777,CUST-100297,2026-03-01,390.99,Paid,0,0,0
INV-0001778,CUST-100297,2026-04-01,376.76,Paid,0,0,0
INV-0001779,CUST-100297,2026-05-01,379.4,Paid,0,0,0
INV-0001780,CUST-100297,2026-06-01,376.47,Paid,0,0,0
INV-0001781,CUST-100297,2026-07-01,361.76,Paid,0,0,0
INV-0001782,CUST-100297,2026-08-01,370.65,Paid,0,0,0
INV-0001783,CUST-100298,2026-03-01,36.58,Paid,0,0,0
INV-0001784,CUST-100298,2026-04-01,34.88,Paid,0,0,0
INV-0001785,CUST-100298,2026-05-01,35.61,Paid,0,0,0
INV-0001786,CUST-100298,2026-06-01,35.65,Paid,0,0,0
INV-0001787,CUST-100298,2026-07-01,35.42,Paid,0,0,0
INV-0001788,CUST-100298,2026-08-01,34.54,Late,14,0,0
INV-0001789,CUST-100299,2026-03-01,89.9,Paid,0,0,0
INV-0001790,CUST-100299,2026-04-01,90.08,Paid,0,0,0
INV-0001791,CUST-100299,2026-05-01,90.12,Paid,0,0,0
INV-0001792,CUST-100299,2026-06-01,87.27,Paid,0,0,0
INV-0001793,CUST-100299,2026-07-01,93.03,Paid,0,0,0
INV-0001794,CUST-100299,2026-08-01,87.12,Paid,0,0,0
INV-0001795,CUST-100300,2026-03-01,382.06,Paid,0,0,0
INV-0001796,CUST-100300,2026-04-01,393.21,Paid,0,0,0
INV-0001797,CUST-100300,2026-05-01,412.58,Paid,0,0,0
INV-0001798,CUST-100300,2026-06-01,395.26,Paid,0,0,0
INV-0001799,CUST-100300,2026-07-01,396.17,Paid,0,0,0
INV-0001800,CUST-100300,2026-08-01,399.54,Paid,0,0,0
INV-0001801,CUST-100301,2026-03-01,30.59,Paid,0,0,0
INV-0001802,CUST-100301,2026-04-01,30.63,Paid,0,0,0
INV-0001803,CUST-100301,2026-05-01,30.89,Paid,0,0,0
INV-0001804,CUST-100301,2026-06-01,31.12,Paid,0,0,0
INV-0001805,CUST-100301,2026-07-01,30.9,Paid,0,0,0
INV-0001806,CUST-100301,2026-08-01,31.29,Paid,0,0,0
INV-0001807,CUST-100302,2026-03-01,71.29,Late,32,0,0
INV-0001808,CUST-100302,2026-04-01,71.31,Paid,0,0,0
INV-0001809,CUST-100302,2026-05-01,70.83,Paid,0,0,0
INV-0001810,CUST-100302,2026-06-01,73.5,Paid,0,1,1
INV-0001811,CUST-100302,2026-07-01,71.04,Late,1,0,0
INV-0001812,CUST-100302,2026-08-01,76.36,Paid,0,0,0
INV-0001813,CUST-100303,2026-03-01,131.22,Paid,0,0,0
INV-0001814,CUST-100303,2026-04-01,138.99,Late,11,0,0
INV-0001815,CUST-100303,2026-05-01,139.21,Paid,0,0,0
INV-0001816,CUST-100303,2026-06-01,138.51,Paid,0,0,0
INV-0001817,CUST-100303,2026-07-01,135.23,Paid,0,0,0
INV-0001818,CUST-100303,2026-08-01,136.76,Paid,0,0,0
INV-0001819,CUST-100304,2026-03-01,37.22,Paid,0,0,0
INV-0001820,CUST-100304,2026-04-01,38.93,Paid,0,0,0
INV-0001821,CUST-100304,2026-05-01,39.51,Paid,0,0,0
INV-0001822,CUST-100304,2026-06-01,38.17,Late,12,0,0
INV-0001823,CUST-100304,2026-07-01,37.9,Paid,0,0,0
INV-0001824,CUST-100304,2026-08-01,38.01,Paid,0,0,0
INV-0001825,CUST-100305,2026-03-01,84.17,Paid,0,0,0
INV-0001826,CUST-100305,2026-04-01,81.95,Paid,0,0,0
INV-0001827,CUST-100305,2026-05-01,83.73,Paid,0,0,0
INV-0001828,CUST-100305,2026-06-01,79.6,Paid,0,0,0
INV-0001829,CUST-100305,2026-07-01,80.36,Paid,0,0,0
INV-0001830,CUST-100305,2026-08-01,84.04,Paid,0,0,0
INV-0001831,CUST-100306,2026-03-01,34.75,Paid,0,0,0
INV-0001832,CUST-100306,2026-04-01,36.96,Paid,0,0,0
INV-0001833,CUST-100306,2026-05-01,35.81,Paid,0,0,0
INV-0001834,CUST-100306,2026-06-01,35.05,Paid,0,0,0
INV-0001835,CUST-100306,2026-07-01,35.18,Paid,0,0,0
INV-0001836,CUST-100306,2026-08-01,35.26,Paid,0,0,0
INV-0001837,CUST-100307,2026-03-01,461.88,Paid,0,0,0
INV-0001838,CUST-100307,2026-04-01,444.22,Paid,0,0,0
INV-0001839,CUST-100307,2026-05-01,448.47,Paid,0,0,0
INV-0001840,CUST-100307,2026-06-01,459.85,Paid,0,0,0
INV-0001841,CUST-100307,2026-07-01,458.28,Paid,0,0,0
INV-0001842,CUST-100307,2026-08-01,471.55,Paid,0,0,0
INV-0001843,CUST-100308,2026-03-01,27.99,Paid,0,0,0
INV-0001844,CUST-100308,2026-04-01,28.48,Paid,0,0,0
INV-0001845,CUST-100308,2026-05-01,29.62,Paid,0,0,0
INV-0001846,CUST-100308,2026-06-01,27.3,Paid,0,0,0
INV-0001847,CUST-100308,2026-07-01,28.02,Paid,0,0,0
INV-0001848,CUST-100308,2026-08-01,27.49,Paid,0,0,0
INV-0001849,CUST-100309,2026-03-01,85.66,Paid,0,0,0
INV-0001850,CUST-100309,2026-04-01,86.11,Paid,0,0,0
INV-0001851,CUST-100309,2026-05-01,85.81,Paid,0,0,0
INV-0001852,CUST-100309,2026-06-01,87.44,Paid,0,0,0
INV-0001853,CUST-100309,2026-07-01,89.35,Paid,0,0,0
INV-0001854,CUST-100309,2026-08-01,83.78,Paid,0,0,0
INV-0001855,CUST-100310,2026-03-01,492.61,Paid,0,0,0
INV-0001856,CUST-100310,2026-04-01,466.41,Paid,0,0,0
INV-0001857,CUST-100310,2026-05-01,458.22,Paid,0,0,0
INV-0001858,CUST-100310,2026-06-01,471.87,Paid,0,0,0
INV-0001859,CUST-100310,2026-07-01,483.32,Paid,0,0,0
INV-0001860,CUST-100310,2026-08-01,478.94,Late,11,0,0
INV-0001861,CUST-100311,2026-03-01,72.41,Paid,0,0,0
INV-0001862,CUST-100311,2026-04-01,73.28,Paid,0,0,0
INV-0001863,CUST-100311,2026-05-01,69.24,Paid,0,0,0
INV-0001864,CUST-100311,2026-06-01,75.52,Paid,0,0,0
INV-0001865,CUST-100311,2026-07-01,72.79,Paid,0,0,0
INV-0001866,CUST-100311,2026-08-01,69.84,Paid,0,0,0
INV-0001867,CUST-100312,2026-03-01,75.12,Late,16,0,0
INV-0001868,CUST-100312,2026-04-01,75.61,Late,4,0,0
INV-0001869,CUST-100312,2026-05-01,76.96,Late,26,0,0
INV-0001870,CUST-100312,2026-06-01,94.11,Paid,0,1,1
INV-0001871,CUST-100312,2026-07-01,75.93,Paid,0,1,1
INV-0001872,CUST-100312,2026-08-01,84.77,Paid,0,1,0
INV-0001873,CUST-100313,2026-03-01,68.3,Paid,0,0,0
INV-0001874,CUST-100313,2026-04-01,68.41,Paid,0,0,0
INV-0001875,CUST-100313,2026-05-01,66.14,Paid,0,0,0
INV-0001876,CUST-100313,2026-06-01,67.69,Paid,0,0,0
INV-0001877,CUST-100313,2026-07-01,65.98,Paid,0,0,0
INV-0001878,CUST-100313,2026-08-01,65.96,Paid,0,0,0
INV-0001879,CUST-100314,2026-03-01,425.76,Paid,0,0,0
INV-0001880,CUST-100314,2026-04-01,382.69,Paid,0,0,0
INV-0001881,CUST-100314,2026-05-01,401.56,Paid,0,0,0
INV-0001882,CUST-100314,2026-06-01,411.71,Paid,0,0,0
INV-0001883,CUST-100314,2026-07-01,410.18,Paid,0,0,0
INV-0001884,CUST-100314,2026-08-01,407.03,Paid,0,0,0
INV-0001885,CUST-100315,2026-03-01,155.18,Paid,0,0,0
INV-0001886,CUST-100315,2026-04-01,158.91,Paid,0,0,0
INV-0001887,CUST-100315,2026-05-01,155.46,Paid,0,0,0
INV-0001888,CUST-100315,2026-06-01,152.81,Paid,0,0,0
INV-0001889,CUST-100315,2026-07-01,149.58,Paid,0,0,0
INV-0001890,CUST-100315,2026-08-01,156.84,Paid,0,0,0
INV-0001891,CUST-100316,2026-03-01,418.44,Paid,0,0,0
INV-0001892,CUST-100316,2026-04-01,418.84,Paid,0,1,1
INV-0001893,CUST-100316,2026-05-01,429.63,Late,2,0,0
INV-0001894,CUST-100316,2026-06-01,419.27,Paid,0,0,0
INV-0001895,CUST-100316,2026-07-01,430.95,Late,2,0,0
INV-0001896,CUST-100316,2026-08-01,428.59,Paid,0,0,0
INV-0001897,CUST-100317,2026-03-01,148.38,Paid,0,0,0
INV-0001898,CUST-100317,2026-04-01,137.3,Paid,0,0,0
INV-0001899,CUST-100317,2026-05-01,144.28,Paid,0,0,0
INV-0001900,CUST-100317,2026-06-01,141.28,Paid,0,0,0
INV-0001901,CUST-100317,2026-07-01,143.03,Paid,0,1,0
INV-0001902,CUST-100317,2026-08-01,147.96,Paid,0,0,0
INV-0001903,CUST-100318,2026-03-01,86.56,Paid,0,0,0
INV-0001904,CUST-100318,2026-04-01,91.17,Paid,0,0,0
INV-0001905,CUST-100318,2026-05-01,89.46,Late,12,0,0
INV-0001906,CUST-100318,2026-06-01,87.04,Paid,0,0,0
INV-0001907,CUST-100318,2026-07-01,92.0,Paid,0,0,0
INV-0001908,CUST-100318,2026-08-01,90.07,Paid,0,0,0
INV-0001909,CUST-100319,2026-03-01,28.83,Paid,0,1,0
INV-0001910,CUST-100319,2026-04-01,29.83,Paid,0,0,0
INV-0001911,CUST-100319,2026-05-01,28.96,Paid,0,0,0
INV-0001912,CUST-100319,2026-06-01,28.4,Paid,0,0,0
INV-0001913,CUST-100319,2026-07-01,29.63,Paid,0,0,0
INV-0001914,CUST-100319,2026-08-01,30.44,Paid,0,0,0
INV-0001915,CUST-100320,2026-03-01,34.45,Paid,0,0,0
INV-0001916,CUST-100320,2026-04-01,32.96,Paid,0,0,0
INV-0001917,CUST-100320,2026-05-01,33.41,Paid,0,0,0
INV-0001918,CUST-100320,2026-06-01,33.86,Paid,0,0,0
INV-0001919,CUST-100320,2026-07-01,34.28,Paid,0,0,0
INV-0001920,CUST-100320,2026-08-01,32.18,Paid,0,0,0
INV-0001921,CUST-100321,2026-03-01,83.96,Late,33,1,1
INV-0001922,CUST-100321,2026-04-01,90.19,Late,24,0,0
INV-0001923,CUST-100321,2026-05-01,86.43,Paid,0,1,0
INV-0001924,CUST-100321,2026-06-01,90.8,Late,33,0,0
INV-0001925,CUST-100321,2026-07-01,86.4,Paid,0,0,0
INV-0001926,CUST-100321,2026-08-01,89.1,Paid,0,0,0
INV-0001927,CUST-100322,2026-03-01,149.2,Paid,0,0,0
INV-0001928,CUST-100322,2026-04-01,173.46,Paid,0,0,0
INV-0001929,CUST-100322,2026-05-01,142.26,Paid,0,0,0
INV-0001930,CUST-100322,2026-06-01,186.75,Paid,0,0,0
INV-0001931,CUST-100322,2026-07-01,147.3,Paid,0,0,0
INV-0001932,CUST-100322,2026-08-01,195.28,Late,16,0,0
INV-0001933,CUST-100323,2026-03-01,40.12,Paid,0,0,0
INV-0001934,CUST-100323,2026-04-01,40.79,Paid,0,0,0
INV-0001935,CUST-100323,2026-05-01,40.47,Paid,0,0,0
INV-0001936,CUST-100323,2026-06-01,41.27,Paid,0,0,0
INV-0001937,CUST-100323,2026-07-01,40.15,Paid,0,0,0
INV-0001938,CUST-100323,2026-08-01,40.94,Paid,0,0,0
INV-0001939,CUST-100324,2026-03-01,28.54,Paid,0,0,0
INV-0001940,CUST-100324,2026-04-01,29.27,Paid,0,0,0
INV-0001941,CUST-100324,2026-05-01,29.29,Late,8,0,0
INV-0001942,CUST-100324,2026-06-01,29.38,Paid,0,0,0
INV-0001943,CUST-100324,2026-07-01,28.01,Paid,0,0,0
INV-0001944,CUST-100324,2026-08-01,29.4,Paid,0,0,0
INV-0001945,CUST-100325,2026-03-01,37.52,Paid,0,0,0
INV-0001946,CUST-100325,2026-04-01,36.87,Paid,0,0,0
INV-0001947,CUST-100325,2026-05-01,35.19,Paid,0,0,0
INV-0001948,CUST-100325,2026-06-01,36.14,Paid,0,0,0
INV-0001949,CUST-100325,2026-07-01,35.66,Paid,0,0,0
INV-0001950,CUST-100325,2026-08-01,36.08,Paid,0,0,0
INV-0001951,CUST-100326,2026-03-01,168.26,Paid,0,0,0
INV-0001952,CUST-100326,2026-04-01,164.66,Late,7,0,0
INV-0001953,CUST-100326,2026-05-01,158.98,Paid,0,0,0
INV-0001954,CUST-100326,2026-06-01,156.7,Paid,0,0,0
INV-0001955,CUST-100326,2026-07-01,168.01,Paid,0,0,0
INV-0001956,CUST-100326,2026-08-01,162.22,Paid,0,0,0
INV-0001957,CUST-100327,2026-03-01,36.15,Paid,0,0,0
INV-0001958,CUST-100327,2026-04-01,36.14,Paid,0,0,0
INV-0001959,CUST-100327,2026-05-01,36.31,Paid,0,0,0
INV-0001960,CUST-100327,2026-06-01,37.27,Paid,0,0,0
INV-0001961,CUST-100327,2026-07-01,36.01,Paid,0,0,0
INV-0001962,CUST-100327,2026-08-01,36.81,Paid,0,0,0
INV-0001963,CUST-100328,2026-03-01,70.65,Paid,0,0,0
INV-0001964,CUST-100328,2026-04-01,72.84,Paid,0,0,0
INV-0001965,CUST-100328,2026-05-01,76.66,Paid,0,0,0
INV-0001966,CUST-100328,2026-06-01,73.28,Paid,0,0,0
INV-0001967,CUST-100328,2026-07-01,77.65,Paid,0,0,0
INV-0001968,CUST-100328,2026-08-01,76.58,Paid,0,0,0
INV-0001969,CUST-100329,2026-03-01,342.08,Paid,0,0,0
INV-0001970,CUST-100329,2026-04-01,365.86,Paid,0,0,0
INV-0001971,CUST-100329,2026-05-01,328.04,Paid,0,0,0
INV-0001972,CUST-100329,2026-06-01,339.19,Paid,0,0,0
INV-0001973,CUST-100329,2026-07-01,354.54,Paid,0,0,0
INV-0001974,CUST-100329,2026-08-01,358.39,Paid,0,0,0
INV-0001975,CUST-100330,2026-03-01,182.37,Paid,0,0,0
INV-0001976,CUST-100330,2026-04-01,188.43,Paid,0,0,0
INV-0001977,CUST-100330,2026-05-01,193.12,Paid,0,0,0
INV-0001978,CUST-100330,2026-06-01,189.73,Paid,0,0,0
INV-0001979,CUST-100330,2026-07-01,187.57,Paid,0,0,0
INV-0001980,CUST-100330,2026-08-01,186.61,Paid,0,0,0
INV-0001981,CUST-100331,2026-03-01,78.3,Paid,0,0,0
INV-0001982,CUST-100331,2026-04-01,77.71,Paid,0,0,0
INV-0001983,CUST-100331,2026-05-01,78.79,Paid,0,0,0
INV-0001984,CUST-100331,2026-06-01,74.41,Paid,0,0,0
INV-0001985,CUST-100331,2026-07-01,73.31,Paid,0,0,0
INV-0001986,CUST-100331,2026-08-01,77.7,Paid,0,0,0
INV-0001987,CUST-100332,2026-03-01,28.64,Paid,0,0,0
INV-0001988,CUST-100332,2026-04-01,29.54,Paid,0,0,0
INV-0001989,CUST-100332,2026-05-01,28.99,Paid,0,0,0
INV-0001990,CUST-100332,2026-06-01,37.44,Paid,0,0,0
INV-0001991,CUST-100332,2026-07-01,29.13,Paid,0,1,1
INV-0001992,CUST-100332,2026-08-01,28.71,Paid,0,1,0
INV-0001993,CUST-100333,2026-03-01,84.97,Paid,0,0,0
INV-0001994,CUST-100333,2026-04-01,83.74,Paid,0,0,0
INV-0001995,CUST-100333,2026-05-01,81.41,Paid,0,0,0
INV-0001996,CUST-100333,2026-06-01,83.78,Paid,0,0,0
INV-0001997,CUST-100333,2026-07-01,80.23,Paid,0,0,0
INV-0001998,CUST-100333,2026-08-01,81.29,Paid,0,0,0
INV-0001999,CUST-100334,2026-03-01,63.64,Paid,0,0,0
INV-0002000,CUST-100334,2026-04-01,66.16,Paid,0,0,0
INV-0002001,CUST-100334,2026-05-01,66.36,Paid,0,0,0
INV-0002002,CUST-100334,2026-06-01,62.64,Paid,0,1,0
INV-0002003,CUST-100334,2026-07-01,66.04,Paid,0,0,0
INV-0002004,CUST-100334,2026-08-01,63.49,Paid,0,0,0
INV-0002005,CUST-100335,2026-03-01,38.73,Paid,0,0,0
INV-0002006,CUST-100335,2026-04-01,42.45,Paid,0,0,0
INV-0002007,CUST-100335,2026-05-01,38.98,Paid,0,0,0
INV-0002008,CUST-100335,2026-06-01,42.33,Paid,0,0,0
INV-0002009,CUST-100335,2026-07-01,43.34,Paid,0,0,0
INV-0002010,CUST-100335,2026-08-01,40.69,Paid,0,0,0
INV-0002011,CUST-100336,2026-03-01,112.19,Paid,0,0,0
INV-0002012,CUST-100336,2026-04-01,116.98,Paid,0,0,0
INV-0002013,CUST-100336,2026-05-01,115.94,Paid,0,0,0
INV-0002014,CUST-100336,2026-06-01,117.3,Paid,0,0,0
INV-0002015,CUST-100336,2026-07-01,115.14,Paid,0,1,0
INV-0002016,CUST-100336,2026-08-01,116.71,Paid,0,0,0
INV-0002017,CUST-100337,2026-03-01,38.5,Paid,0,0,0
INV-0002018,CUST-100337,2026-04-01,49.76,Paid,0,0,0
INV-0002019,CUST-100337,2026-05-01,37.99,Late,22,0,0
INV-0002020,CUST-100337,2026-06-01,38.01,Late,3,0,0
INV-0002021,CUST-100337,2026-07-01,41.27,Late,25,0,0
INV-0002022,CUST-100337,2026-08-01,41.63,Paid,0,0,0
INV-0002023,CUST-100338,2026-03-01,82.43,Paid,0,0,0
INV-0002024,CUST-100338,2026-04-01,84.44,Paid,0,0,0
INV-0002025,CUST-100338,2026-05-01,82.68,Paid,0,0,0
INV-0002026,CUST-100338,2026-06-01,85.48,Paid,0,0,0
INV-0002027,CUST-100338,2026-07-01,86.14,Paid,0,0,0
INV-0002028,CUST-100338,2026-08-01,85.29,Paid,0,0,0
INV-0002029,CUST-100339,2026-03-01,82.66,Paid,0,0,0
INV-0002030,CUST-100339,2026-04-01,93.08,Paid,0,0,0
INV-0002031,CUST-100339,2026-05-01,85.23,Paid,0,1,0
INV-0002032,CUST-100339,2026-06-01,102.28,Late,31,0,0
INV-0002033,CUST-100339,2026-07-01,81.53,Paid,0,1,0
INV-0002034,CUST-100339,2026-08-01,81.39,Late,12,0,0
INV-0002035,CUST-100340,2026-03-01,310.55,Paid,0,0,0
INV-0002036,CUST-100340,2026-04-01,338.28,Paid,0,1,1
INV-0002037,CUST-100340,2026-05-01,337.72,Late,3,0,0
INV-0002038,CUST-100340,2026-06-01,325.46,Paid,0,0,0
INV-0002039,CUST-100340,2026-07-01,331.32,Paid,0,0,0
INV-0002040,CUST-100340,2026-08-01,337.0,Paid,0,1,0
INV-0002041,CUST-100341,2026-03-01,162.29,Paid,0,0,0
INV-0002042,CUST-100341,2026-04-01,157.19,Paid,0,0,0
INV-0002043,CUST-100341,2026-05-01,156.08,Paid,0,0,0
INV-0002044,CUST-100341,2026-06-01,157.48,Paid,0,0,0
INV-0002045,CUST-100341,2026-07-01,156.69,Late,8,0,0
INV-0002046,CUST-100341,2026-08-01,157.15,Paid,0,0,0
INV-0002047,CUST-100342,2026-03-01,29.96,Late,24,1,0
INV-0002048,CUST-100342,2026-04-01,29.32,Paid,0,0,0
INV-0002049,CUST-100342,2026-05-01,29.8,Late,27,0,0
INV-0002050,CUST-100342,2026-06-01,28.0,Paid,0,0,0
INV-0002051,CUST-100342,2026-07-01,38.87,Paid,0,1,1
INV-0002052,CUST-100342,2026-08-01,28.85,Paid,0,0,0
INV-0002053,CUST-100343,2026-03-01,34.82,Paid,0,0,0
INV-0002054,CUST-100343,2026-04-01,34.55,Paid,0,0,0
INV-0002055,CUST-100343,2026-05-01,34.16,Paid,0,0,0
INV-0002056,CUST-100343,2026-06-01,35.26,Paid,0,0,0
INV-0002057,CUST-100343,2026-07-01,33.91,Paid,0,0,0
INV-0002058,CUST-100343,2026-08-01,32.75,Paid,0,0,0
INV-0002059,CUST-100344,2026-03-01,154.23,Paid,0,0,0
INV-0002060,CUST-100344,2026-04-01,150.13,Paid,0,0,0
INV-0002061,CUST-100344,2026-05-01,155.85,Paid,0,0,0
INV-0002062,CUST-100344,2026-06-01,147.12,Paid,0,0,0
INV-0002063,CUST-100344,2026-07-01,148.13,Paid,0,0,0
INV-0002064,CUST-100344,2026-08-01,145.38,Paid,0,0,0
INV-0002065,CUST-100345,2026-03-01,170.2,Paid,0,0,0
INV-0002066,CUST-100345,2026-04-01,161.72,Paid,0,0,0
INV-0002067,CUST-100345,2026-05-01,169.01,Paid,0,0,0
INV-0002068,CUST-100345,2026-06-01,163.37,Paid,0,0,0
INV-0002069,CUST-100345,2026-07-01,162.63,Paid,0,0,0
INV-0002070,CUST-100345,2026-08-01,159.91,Paid,0,0,0
INV-0002071,CUST-100346,2026-03-01,80.05,Paid,0,0,0
INV-0002072,CUST-100346,2026-04-01,75.89,Paid,0,0,0
INV-0002073,CUST-100346,2026-05-01,79.08,Paid,0,0,0
INV-0002074,CUST-100346,2026-06-01,75.11,Paid,0,1,1
INV-0002075,CUST-100346,2026-07-01,76.1,Paid,0,0,0
INV-0002076,CUST-100346,2026-08-01,76.41,Paid,0,0,0
INV-0002077,CUST-100347,2026-03-01,34.56,Paid,0,0,0
INV-0002078,CUST-100347,2026-04-01,35.23,Late,28,0,0
INV-0002079,CUST-100347,2026-05-01,35.77,Paid,0,0,0
INV-0002080,CUST-100347,2026-06-01,35.43,Paid,0,0,0
INV-0002081,CUST-100347,2026-07-01,35.48,Paid,0,0,0
INV-0002082,CUST-100347,2026-08-01,35.75,Paid,0,1,0
INV-0002083,CUST-100348,2026-03-01,174.39,Paid,0,0,0
INV-0002084,CUST-100348,2026-04-01,175.43,Paid,0,0,0
INV-0002085,CUST-100348,2026-05-01,173.38,Paid,0,0,0
INV-0002086,CUST-100348,2026-06-01,173.72,Paid,0,0,0
INV-0002087,CUST-100348,2026-07-01,175.66,Paid,0,0,0
INV-0002088,CUST-100348,2026-08-01,166.64,Paid,0,0,0
INV-0002089,CUST-100349,2026-03-01,27.61,Paid,0,0,0
INV-0002090,CUST-100349,2026-04-01,26.73,Paid,0,0,0
INV-0002091,CUST-100349,2026-05-01,27.97,Paid,0,0,0
INV-0002092,CUST-100349,2026-06-01,26.97,Paid,0,0,0
INV-0002093,CUST-100349,2026-07-01,26.61,Paid,0,0,0
INV-0002094,CUST-100349,2026-08-01,26.29,Paid,0,0,0
INV-0002095,CUST-100350,2026-03-01,80.01,Paid,0,0,0
INV-0002096,CUST-100350,2026-04-01,77.96,Paid,0,0,0
INV-0002097,CUST-100350,2026-05-01,78.11,Paid,0,0,0
INV-0002098,CUST-100350,2026-06-01,76.45,Paid,0,0,0
INV-0002099,CUST-100350,2026-07-01,78.26,Paid,0,0,0
INV-0002100,CUST-100350,2026-08-01,77.51,Paid,0,0,0
INV-0002101,CUST-100351,2026-03-01,80.4,Paid,0,0,0
INV-0002102,CUST-100351,2026-04-01,83.29,Paid,0,0,0
INV-0002103,CUST-100351,2026-05-01,81.9,Paid,0,0,0
INV-0002104,CUST-100351,2026-06-01,85.28,Paid,0,0,0
INV-0002105,CUST-100351,2026-07-01,82.97,Paid,0,0,0
INV-0002106,CUST-100351,2026-08-01,80.15,Paid,0,0,0
INV-0002107,CUST-100352,2026-03-01,456.33,Late,33,0,0
INV-0002108,CUST-100352,2026-04-01,448.0,Paid,0,0,0
INV-0002109,CUST-100352,2026-05-01,455.03,Paid,0,0,0
INV-0002110,CUST-100352,2026-06-01,463.07,Paid,0,1,1
INV-0002111,CUST-100352,2026-07-01,436.16,Paid,0,0,0
INV-0002112,CUST-100352,2026-08-01,430.09,Paid,0,0,0
INV-0002113,CUST-100353,2026-03-01,164.72,Paid,0,0,0
INV-0002114,CUST-100353,2026-04-01,168.71,Paid,0,0,0
INV-0002115,CUST-100353,2026-05-01,168.31,Paid,0,0,0
INV-0002116,CUST-100353,2026-06-01,171.57,Paid,0,0,0
INV-0002117,CUST-100353,2026-07-01,173.61,Paid,0,0,0
INV-0002118,CUST-100353,2026-08-01,178.51,Paid,0,0,0
INV-0002119,CUST-100354,2026-03-01,70.23,Paid,0,1,0
INV-0002120,CUST-100354,2026-04-01,72.29,Late,1,0,0
INV-0002121,CUST-100354,2026-05-01,98.29,Late,29,1,1
INV-0002122,CUST-100354,2026-06-01,91.05,Late,22,1,1
INV-0002123,CUST-100354,2026-07-01,69.14,Paid,0,1,1
INV-0002124,CUST-100354,2026-08-01,71.05,Late,16,0,0
INV-0002125,CUST-100355,2026-03-01,82.15,Paid,0,0,0
INV-0002126,CUST-100355,2026-04-01,80.69,Late,33,0,0
INV-0002127,CUST-100355,2026-05-01,76.63,Paid,0,0,0
INV-0002128,CUST-100355,2026-06-01,78.0,Late,1,0,0
INV-0002129,CUST-100355,2026-07-01,81.71,Paid,0,0,0
INV-0002130,CUST-100355,2026-08-01,80.12,Paid,0,0,0
INV-0002131,CUST-100356,2026-03-01,118.52,Paid,0,0,0
INV-0002132,CUST-100356,2026-04-01,116.15,Late,23,0,0
INV-0002133,CUST-100356,2026-05-01,120.83,Paid,0,0,0
INV-0002134,CUST-100356,2026-06-01,112.4,Paid,0,0,0
INV-0002135,CUST-100356,2026-07-01,116.11,Paid,0,0,0
INV-0002136,CUST-100356,2026-08-01,116.05,Paid,0,0,0
INV-0002137,CUST-100357,2026-03-01,397.72,Paid,0,0,0
INV-0002138,CUST-100357,2026-04-01,402.62,Paid,0,0,0
INV-0002139,CUST-100357,2026-05-01,408.35,Paid,0,0,0
INV-0002140,CUST-100357,2026-06-01,382.82,Late,1,0,0
INV-0002141,CUST-100357,2026-07-01,398.11,Paid,0,0,0
INV-0002142,CUST-100357,2026-08-01,405.4,Paid,0,1,0
INV-0002143,CUST-100358,2026-03-01,77.65,Paid,0,0,0
INV-0002144,CUST-100358,2026-04-01,77.9,Paid,0,0,0
INV-0002145,CUST-100358,2026-05-01,77.46,Paid,0,0,0
INV-0002146,CUST-100358,2026-06-01,75.39,Paid,0,0,0
INV-0002147,CUST-100358,2026-07-01,77.57,Paid,0,0,0
INV-0002148,CUST-100358,2026-08-01,77.78,Paid,0,0,0
INV-0002149,CUST-100359,2026-03-01,347.57,Paid,0,0,0
INV-0002150,CUST-100359,2026-04-01,348.12,Paid,0,0,0
INV-0002151,CUST-100359,2026-05-01,351.89,Paid,0,0,0
INV-0002152,CUST-100359,2026-06-01,344.14,Paid,0,0,0
INV-0002153,CUST-100359,2026-07-01,341.35,Paid,0,0,0
INV-0002154,CUST-100359,2026-08-01,335.67,Paid,0,0,0
INV-0002155,CUST-100360,2026-03-01,166.27,Paid,0,0,0
INV-0002156,CUST-100360,2026-04-01,159.18,Paid,0,0,0
INV-0002157,CUST-100360,2026-05-01,156.63,Paid,0,0,0
INV-0002158,CUST-100360,2026-06-01,160.82,Paid,0,0,0
INV-0002159,CUST-100360,2026-07-01,166.81,Paid,0,0,0
INV-0002160,CUST-100360,2026-08-01,163.16,Paid,0,0,0
INV-0002161,CUST-100361,2026-03-01,160.89,Paid,0,0,0
INV-0002162,CUST-100361,2026-04-01,155.15,Paid,0,0,0
INV-0002163,CUST-100361,2026-05-01,155.62,Paid,0,0,0
INV-0002164,CUST-100361,2026-06-01,157.05,Paid,0,0,0
INV-0002165,CUST-100361,2026-07-01,149.82,Paid,0,0,0
INV-0002166,CUST-100361,2026-08-01,162.75,Paid,0,1,0
INV-0002167,CUST-100362,2026-03-01,150.06,Paid,0,0,0
INV-0002168,CUST-100362,2026-04-01,147.57,Paid,0,0,0
INV-0002169,CUST-100362,2026-05-01,144.92,Paid,0,0,0
INV-0002170,CUST-100362,2026-06-01,153.62,Paid,0,0,0
INV-0002171,CUST-100362,2026-07-01,151.78,Paid,0,0,0
INV-0002172,CUST-100362,2026-08-01,149.95,Paid,0,0,0
INV-0002173,CUST-100363,2026-03-01,36.57,Paid,0,0,0
INV-0002174,CUST-100363,2026-04-01,37.05,Paid,0,0,0
INV-0002175,CUST-100363,2026-05-01,35.85,Paid,0,0,0
INV-0002176,CUST-100363,2026-06-01,36.4,Paid,0,0,0
INV-0002177,CUST-100363,2026-07-01,37.13,Paid,0,0,0
INV-0002178,CUST-100363,2026-08-01,36.36,Paid,0,0,0
INV-0002179,CUST-100364,2026-03-01,89.59,Paid,0,0,0
INV-0002180,CUST-100364,2026-04-01,91.74,Paid,0,0,0
INV-0002181,CUST-100364,2026-05-01,94.36,Paid,0,0,0
INV-0002182,CUST-100364,2026-06-01,91.18,Paid,0,0,0
INV-0002183,CUST-100364,2026-07-01,93.03,Paid,0,0,0
INV-0002184,CUST-100364,2026-08-01,88.62,Paid,0,0,0
INV-0002185,CUST-100365,2026-03-01,38.03,Paid,0,1,1
INV-0002186,CUST-100365,2026-04-01,37.91,Paid,0,0,0
INV-0002187,CUST-100365,2026-05-01,35.23,Paid,0,0,0
INV-0002188,CUST-100365,2026-06-01,36.56,Paid,0,1,0
INV-0002189,CUST-100365,2026-07-01,38.82,Paid,0,0,0
INV-0002190,CUST-100365,2026-08-01,36.66,Late,29,0,0
INV-0002191,CUST-100366,2026-03-01,481.14,Paid,0,0,0
INV-0002192,CUST-100366,2026-04-01,478.04,Paid,0,0,0
INV-0002193,CUST-100366,2026-05-01,469.14,Late,16,0,0
INV-0002194,CUST-100366,2026-06-01,490.83,Paid,0,0,0
INV-0002195,CUST-100366,2026-07-01,472.38,Paid,0,0,0
INV-0002196,CUST-100366,2026-08-01,486.31,Paid,0,0,0
INV-0002197,CUST-100367,2026-03-01,35.91,Paid,0,0,0
INV-0002198,CUST-100367,2026-04-01,38.31,Paid,0,0,0
INV-0002199,CUST-100367,2026-05-01,35.45,Paid,0,0,0
INV-0002200,CUST-100367,2026-06-01,36.89,Paid,0,0,0
INV-0002201,CUST-100367,2026-07-01,36.77,Paid,0,0,0
INV-0002202,CUST-100367,2026-08-01,36.67,Paid,0,0,0
INV-0002203,CUST-100368,2026-03-01,26.93,Paid,0,0,0
INV-0002204,CUST-100368,2026-04-01,26.27,Paid,0,0,0
INV-0002205,CUST-100368,2026-05-01,24.85,Paid,0,0,0
INV-0002206,CUST-100368,2026-06-01,26.68,Paid,0,0,0
INV-0002207,CUST-100368,2026-07-01,26.23,Paid,0,0,0
INV-0002208,CUST-100368,2026-08-01,26.34,Paid,0,0,0
INV-0002209,CUST-100369,2026-03-01,30.59,Paid,0,0,0
INV-0002210,CUST-100369,2026-04-01,30.69,Paid,0,0,0
INV-0002211,CUST-100369,2026-05-01,30.71,Paid,0,0,0
INV-0002212,CUST-100369,2026-06-01,30.54,Late,22,0,0
INV-0002213,CUST-100369,2026-07-01,30.36,Paid,0,0,0
INV-0002214,CUST-100369,2026-08-01,30.99,Paid,0,0,0
INV-0002215,CUST-100370,2026-03-01,39.37,Paid,0,1,1
INV-0002216,CUST-100370,2026-04-01,39.05,Late,32,0,0
INV-0002217,CUST-100370,2026-05-01,37.71,Late,2,0,0
INV-0002218,CUST-100370,2026-06-01,38.36,Late,15,0,0
INV-0002219,CUST-100370,2026-07-01,38.96,Paid,0,0,0
INV-0002220,CUST-100370,2026-08-01,53.0,Late,3,1,0
INV-0002221,CUST-100371,2026-03-01,85.03,Late,25,0,0
INV-0002222,CUST-100371,2026-04-01,90.93,Paid,0,0,0
INV-0002223,CUST-100371,2026-05-01,87.79,Paid,0,0,0
INV-0002224,CUST-100371,2026-06-01,86.24,Paid,0,0,0
INV-0002225,CUST-100371,2026-07-01,87.24,Paid,0,0,0
INV-0002226,CUST-100371,2026-08-01,90.64,Paid,0,0,0
INV-0002227,CUST-100372,2026-03-01,40.63,Late,2,0,0
INV-0002228,CUST-100372,2026-04-01,42.35,Paid,0,1,0
INV-0002229,CUST-100372,2026-05-01,41.87,Paid,0,1,0
INV-0002230,CUST-100372,2026-06-01,41.34,Paid,0,0,0
INV-0002231,CUST-100372,2026-07-01,45.34,Paid,0,1,0
INV-0002232,CUST-100372,2026-08-01,40.82,Late,20,0,0
INV-0002233,CUST-100373,2026-03-01,74.58,Paid,0,0,0
INV-0002234,CUST-100373,2026-04-01,73.19,Paid,0,0,0
INV-0002235,CUST-100373,2026-05-01,74.74,Paid,0,0,0
INV-0002236,CUST-100373,2026-06-01,75.32,Late,33,0,0
INV-0002237,CUST-100373,2026-07-01,76.04,Paid,0,0,0
INV-0002238,CUST-100373,2026-08-01,72.37,Paid,0,1,0
INV-0002239,CUST-100374,2026-03-01,169.5,Late,14,0,0
INV-0002240,CUST-100374,2026-04-01,165.41,Paid,0,0,0
INV-0002241,CUST-100374,2026-05-01,171.67,Late,25,0,0
INV-0002242,CUST-100374,2026-06-01,199.38,Paid,0,1,0
INV-0002243,CUST-100374,2026-07-01,211.51,Late,5,0,0
INV-0002244,CUST-100374,2026-08-01,159.58,Late,8,1,1
INV-0002245,CUST-100375,2026-03-01,62.11,Paid,0,0,0
INV-0002246,CUST-100375,2026-04-01,65.32,Paid,0,0,0
INV-0002247,CUST-100375,2026-05-01,61.6,Paid,0,0,0
INV-0002248,CUST-100375,2026-06-01,61.28,Paid,0,1,1
INV-0002249,CUST-100375,2026-07-01,65.66,Paid,0,0,0
INV-0002250,CUST-100375,2026-08-01,61.39,Paid,0,0,0
INV-0002251,CUST-100376,2026-03-01,81.65,Paid,0,0,0
INV-0002252,CUST-100376,2026-04-01,83.91,Paid,0,0,0
INV-0002253,CUST-100376,2026-05-01,83.61,Paid,0,0,0
INV-0002254,CUST-100376,2026-06-01,83.11,Paid,0,0,0
INV-0002255,CUST-100376,2026-07-01,83.51,Paid,0,0,0
INV-0002256,CUST-100376,2026-08-01,82.07,Paid,0,0,0
INV-0002257,CUST-100377,2026-03-01,35.89,Late,22,0,0
INV-0002258,CUST-100377,2026-04-01,34.38,Paid,0,0,0
INV-0002259,CUST-100377,2026-05-01,36.12,Paid,0,0,0
INV-0002260,CUST-100377,2026-06-01,37.1,Paid,0,0,0
INV-0002261,CUST-100377,2026-07-01,35.99,Paid,0,0,0
INV-0002262,CUST-100377,2026-08-01,36.72,Paid,0,0,0
INV-0002263,CUST-100378,2026-03-01,139.06,Late,2,0,0
INV-0002264,CUST-100378,2026-04-01,134.82,Paid,0,0,0
INV-0002265,CUST-100378,2026-05-01,141.08,Paid,0,0,0
INV-0002266,CUST-100378,2026-06-01,143.07,Paid,0,0,0
INV-0002267,CUST-100378,2026-07-01,139.32,Paid,0,0,0
INV-0002268,CUST-100378,2026-08-01,146.37,Paid,0,0,0
INV-0002269,CUST-100379,2026-03-01,71.86,Paid,0,0,0
INV-0002270,CUST-100379,2026-04-01,71.0,Paid,0,0,0
INV-0002271,CUST-100379,2026-05-01,75.42,Paid,0,0,0
INV-0002272,CUST-100379,2026-06-01,71.56,Paid,0,0,0
INV-0002273,CUST-100379,2026-07-01,73.35,Paid,0,0,0
INV-0002274,CUST-100379,2026-08-01,73.62,Paid,0,0,0
INV-0002275,CUST-100380,2026-03-01,34.25,Paid,0,0,0
INV-0002276,CUST-100380,2026-04-01,34.73,Paid,0,0,0
INV-0002277,CUST-100380,2026-05-01,33.74,Paid,0,0,0
INV-0002278,CUST-100380,2026-06-01,34.55,Paid,0,0,0
INV-0002279,CUST-100380,2026-07-01,32.88,Paid,0,0,0
INV-0002280,CUST-100380,2026-08-01,35.44,Paid,0,0,0
INV-0002281,CUST-100381,2026-03-01,80.96,Paid,0,0,0
INV-0002282,CUST-100381,2026-04-01,82.43,Paid,0,0,0
INV-0002283,CUST-100381,2026-05-01,79.41,Paid,0,0,0
INV-0002284,CUST-100381,2026-06-01,77.05,Paid,0,0,0
INV-0002285,CUST-100381,2026-07-01,78.44,Paid,0,0,0
INV-0002286,CUST-100381,2026-08-01,76.98,Paid,0,0,0
INV-0002287,CUST-100382,2026-03-01,28.6,Paid,0,1,0
INV-0002288,CUST-100382,2026-04-01,28.3,Paid,0,0,0
INV-0002289,CUST-100382,2026-05-01,27.95,Paid,0,0,0
INV-0002290,CUST-100382,2026-06-01,27.71,Paid,0,0,0
INV-0002291,CUST-100382,2026-07-01,26.55,Paid,0,0,0
INV-0002292,CUST-100382,2026-08-01,28.25,Paid,0,0,0
INV-0002293,CUST-100383,2026-03-01,73.93,Paid,0,0,0
INV-0002294,CUST-100383,2026-04-01,71.55,Paid,0,0,0
INV-0002295,CUST-100383,2026-05-01,74.74,Paid,0,1,0
INV-0002296,CUST-100383,2026-06-01,74.89,Paid,0,0,0
INV-0002297,CUST-100383,2026-07-01,73.4,Paid,0,0,0
INV-0002298,CUST-100383,2026-08-01,72.91,Paid,0,0,0
INV-0002299,CUST-100384,2026-03-01,415.9,Paid,0,0,0
INV-0002300,CUST-100384,2026-04-01,440.08,Paid,0,0,0
INV-0002301,CUST-100384,2026-05-01,436.48,Paid,0,0,0
INV-0002302,CUST-100384,2026-06-01,440.29,Paid,0,0,0
INV-0002303,CUST-100384,2026-07-01,441.21,Paid,0,0,0
INV-0002304,CUST-100384,2026-08-01,433.99,Paid,0,0,0
INV-0002305,CUST-100385,2026-03-01,70.09,Late,17,0,0
INV-0002306,CUST-100385,2026-04-01,70.81,Late,6,0,0
INV-0002307,CUST-100385,2026-05-01,68.11,Paid,0,0,0
INV-0002308,CUST-100385,2026-06-01,69.55,Paid,0,0,0
INV-0002309,CUST-100385,2026-07-01,71.23,Paid,0,0,0
INV-0002310,CUST-100385,2026-08-01,71.35,Paid,0,0,0
INV-0002311,CUST-100386,2026-03-01,70.36,Paid,0,0,0
INV-0002312,CUST-100386,2026-04-01,70.81,Paid,0,0,0
INV-0002313,CUST-100386,2026-05-01,74.14,Paid,0,0,0
INV-0002314,CUST-100386,2026-06-01,70.26,Paid,0,0,0
INV-0002315,CUST-100386,2026-07-01,69.78,Paid,0,1,0
INV-0002316,CUST-100386,2026-08-01,69.15,Paid,0,0,0
INV-0002317,CUST-100387,2026-03-01,89.33,Paid,0,0,0
INV-0002318,CUST-100387,2026-04-01,90.64,Paid,0,0,0
INV-0002319,CUST-100387,2026-05-01,84.0,Paid,0,0,0
INV-0002320,CUST-100387,2026-06-01,87.58,Paid,0,0,0
INV-0002321,CUST-100387,2026-07-01,87.05,Paid,0,0,0
INV-0002322,CUST-100387,2026-08-01,84.7,Paid,0,0,0
INV-0002323,CUST-100388,2026-03-01,35.08,Paid,0,0,0
INV-0002324,CUST-100388,2026-04-01,32.56,Paid,0,0,0
INV-0002325,CUST-100388,2026-05-01,34.52,Paid,0,0,0
INV-0002326,CUST-100388,2026-06-01,32.35,Paid,0,0,0
INV-0002327,CUST-100388,2026-07-01,33.19,Paid,0,0,0
INV-0002328,CUST-100388,2026-08-01,32.92,Paid,0,0,0
INV-0002329,CUST-100389,2026-03-01,464.07,Paid,0,0,0
INV-0002330,CUST-100389,2026-04-01,471.54,Paid,0,0,0
INV-0002331,CUST-100389,2026-05-01,469.67,Paid,0,0,0
INV-0002332,CUST-100389,2026-06-01,495.74,Paid,0,0,0
INV-0002333,CUST-100389,2026-07-01,462.57,Paid,0,0,0
INV-0002334,CUST-100389,2026-08-01,475.51,Paid,0,0,0
INV-0002335,CUST-100390,2026-03-01,67.44,Paid,0,0,0
INV-0002336,CUST-100390,2026-04-01,69.46,Paid,0,0,0
INV-0002337,CUST-100390,2026-05-01,68.04,Paid,0,0,0
INV-0002338,CUST-100390,2026-06-01,64.65,Paid,0,0,0
INV-0002339,CUST-100390,2026-07-01,70.2,Paid,0,0,0
INV-0002340,CUST-100390,2026-08-01,67.09,Paid,0,0,0
INV-0002341,CUST-100391,2026-03-01,38.62,Paid,0,0,0
INV-0002342,CUST-100391,2026-04-01,37.38,Paid,0,0,0
INV-0002343,CUST-100391,2026-05-01,35.59,Paid,0,0,0
INV-0002344,CUST-100391,2026-06-01,37.58,Paid,0,1,1
INV-0002345,CUST-100391,2026-07-01,36.68,Paid,0,0,0
INV-0002346,CUST-100391,2026-08-01,34.12,Paid,0,0,0
INV-0002347,CUST-100392,2026-03-01,497.71,Paid,0,0,0
INV-0002348,CUST-100392,2026-04-01,503.06,Paid,0,0,0
INV-0002349,CUST-100392,2026-05-01,507.11,Paid,0,0,0
INV-0002350,CUST-100392,2026-06-01,487.0,Paid,0,0,0
INV-0002351,CUST-100392,2026-07-01,498.34,Paid,0,1,0
INV-0002352,CUST-100392,2026-08-01,483.89,Paid,0,1,0
INV-0002353,CUST-100393,2026-03-01,85.94,Paid,0,0,0
INV-0002354,CUST-100393,2026-04-01,87.13,Late,24,0,0
INV-0002355,CUST-100393,2026-05-01,89.57,Paid,0,0,0
INV-0002356,CUST-100393,2026-06-01,89.29,Paid,0,0,0
INV-0002357,CUST-100393,2026-07-01,84.16,Paid,0,0,0
INV-0002358,CUST-100393,2026-08-01,87.48,Paid,0,0,0
INV-0002359,CUST-100394,2026-03-01,74.62,Late,29,0,0
INV-0002360,CUST-100394,2026-04-01,71.97,Paid,0,0,0
INV-0002361,CUST-100394,2026-05-01,71.84,Paid,0,0,0
INV-0002362,CUST-100394,2026-06-01,73.41,Paid,0,1,1
INV-0002363,CUST-100394,2026-07-01,72.24,Paid,0,0,0
INV-0002364,CUST-100394,2026-08-01,69.6,Paid,0,0,0
INV-0002365,CUST-100395,2026-03-01,156.75,Paid,0,0,0
INV-0002366,CUST-100395,2026-04-01,159.31,Paid,0,0,0
INV-0002367,CUST-100395,2026-05-01,162.28,Paid,0,1,0
INV-0002368,CUST-100395,2026-06-01,156.25,Late,19,0,0
INV-0002369,CUST-100395,2026-07-01,162.18,Paid,0,0,0
INV-0002370,CUST-100395,2026-08-01,158.41,Late,1,0,0
INV-0002371,CUST-100396,2026-03-01,73.69,Paid,0,0,0
INV-0002372,CUST-100396,2026-04-01,72.67,Paid,0,0,0
INV-0002373,CUST-100396,2026-05-01,69.5,Paid,0,0,0
INV-0002374,CUST-100396,2026-06-01,69.52,Paid,0,1,0
INV-0002375,CUST-100396,2026-07-01,76.32,Paid,0,0,0
INV-0002376,CUST-100396,2026-08-01,74.14,Paid,0,0,0
INV-0002377,CUST-100397,2026-03-01,37.09,Paid,0,0,0
INV-0002378,CUST-100397,2026-04-01,37.35,Paid,0,0,0
INV-0002379,CUST-100397,2026-05-01,37.85,Paid,0,0,0
INV-0002380,CUST-100397,2026-06-01,38.61,Paid,0,0,0
INV-0002381,CUST-100397,2026-07-01,39.73,Paid,0,0,0
INV-0002382,CUST-100397,2026-08-01,37.73,Paid,0,0,0
INV-0002383,CUST-100398,2026-03-01,138.09,Late,33,0,0
INV-0002384,CUST-100398,2026-04-01,137.8,Late,19,0,0
INV-0002385,CUST-100398,2026-05-01,159.72,Paid,0,0,0
INV-0002386,CUST-100398,2026-06-01,134.69,Paid,0,0,0
INV-0002387,CUST-100398,2026-07-01,136.52,Paid,0,1,1
INV-0002388,CUST-100398,2026-08-01,181.7,Paid,0,0,0
INV-0002389,CUST-100399,2026-03-01,31.34,Paid,0,0,0
INV-0002390,CUST-100399,2026-04-01,30.52,Paid,0,0,0
INV-0002391,CUST-100399,2026-05-01,30.31,Paid,0,0,0
INV-0002392,CUST-100399,2026-06-01,30.19,Paid,0,0,0
INV-0002393,CUST-100399,2026-07-01,28.93,Paid,0,0,0
INV-0002394,CUST-100399,2026-08-01,30.54,Paid,0,0,0
INV-0002395,CUST-100400,2026-03-01,468.77,Paid,0,0,0
INV-0002396,CUST-100400,2026-04-01,463.46,Paid,0,0,0
INV-0002397,CUST-100400,2026-05-01,468.09,Paid,0,0,0
INV-0002398,CUST-100400,2026-06-01,447.68,Paid,0,0,0
INV-0002399,CUST-100400,2026-07-01,473.16,Paid,0,0,0
INV-0002400,CUST-100400,2026-08-01,485.97,Paid,0,0,0
INV-0002401,CUST-100401,2026-03-01,74.32,Paid,0,0,0
INV-0002402,CUST-100401,2026-04-01,73.87,Paid,0,0,0
INV-0002403,CUST-100401,2026-05-01,72.77,Paid,0,0,0
INV-0002404,CUST-100401,2026-06-01,71.31,Paid,0,0,0
INV-0002405,CUST-100401,2026-07-01,73.86,Paid,0,0,0
INV-0002406,CUST-100401,2026-08-01,73.61,Paid,0,0,0
INV-0002407,CUST-100402,2026-03-01,31.79,Paid,0,0,0
INV-0002408,CUST-100402,2026-04-01,33.23,Paid,0,0,0
INV-0002409,CUST-100402,2026-05-01,32.2,Late,9,0,0
INV-0002410,CUST-100402,2026-06-01,40.6,Paid,0,1,0
INV-0002411,CUST-100402,2026-07-01,39.25,Paid,0,0,0
INV-0002412,CUST-100402,2026-08-01,33.38,Paid,0,0,0
INV-0002413,CUST-100403,2026-03-01,27.47,Paid,0,0,0
INV-0002414,CUST-100403,2026-04-01,28.34,Paid,0,0,0
INV-0002415,CUST-100403,2026-05-01,29.91,Paid,0,0,0
INV-0002416,CUST-100403,2026-06-01,28.46,Paid,0,0,0
INV-0002417,CUST-100403,2026-07-01,27.32,Paid,0,0,0
INV-0002418,CUST-100403,2026-08-01,27.38,Paid,0,0,0
INV-0002419,CUST-100404,2026-03-01,39.64,Paid,0,0,0
INV-0002420,CUST-100404,2026-04-01,38.85,Paid,0,0,0
INV-0002421,CUST-100404,2026-05-01,38.09,Paid,0,0,0
INV-0002422,CUST-100404,2026-06-01,39.02,Paid,0,0,0
INV-0002423,CUST-100404,2026-07-01,38.94,Paid,0,0,0
INV-0002424,CUST-100404,2026-08-01,39.5,Paid,0,0,0
INV-0002425,CUST-100405,2026-03-01,34.52,Paid,0,0,0
INV-0002426,CUST-100405,2026-04-01,32.98,Paid,0,0,0
INV-0002427,CUST-100405,2026-05-01,34.01,Paid,0,0,0
INV-0002428,CUST-100405,2026-06-01,33.47,Paid,0,0,0
INV-0002429,CUST-100405,2026-07-01,33.27,Paid,0,0,0
INV-0002430,CUST-100405,2026-08-01,34.23,Paid,0,0,0
INV-0002431,CUST-100406,2026-03-01,34.89,Paid,0,0,0
INV-0002432,CUST-100406,2026-04-01,36.46,Paid,0,0,0
INV-0002433,CUST-100406,2026-05-01,35.53,Paid,0,0,0
INV-0002434,CUST-100406,2026-06-01,36.72,Paid,0,0,0
INV-0002435,CUST-100406,2026-07-01,38.13,Paid,0,0,0
INV-0002436,CUST-100406,2026-08-01,34.72,Paid,0,0,0
INV-0002437,CUST-100407,2026-03-01,72.83,Paid,0,0,0
INV-0002438,CUST-100407,2026-04-01,71.03,Paid,0,0,0
INV-0002439,CUST-100407,2026-05-01,70.22,Late,14,0,0
INV-0002440,CUST-100407,2026-06-01,70.54,Paid,0,0,0
INV-0002441,CUST-100407,2026-07-01,74.2,Paid,0,0,0
INV-0002442,CUST-100407,2026-08-01,74.47,Paid,0,0,0
INV-0002443,CUST-100408,2026-03-01,189.18,Paid,0,0,0
INV-0002444,CUST-100408,2026-04-01,193.45,Paid,0,0,0
INV-0002445,CUST-100408,2026-05-01,188.57,Paid,0,0,0
INV-0002446,CUST-100408,2026-06-01,201.74,Paid,0,0,0
INV-0002447,CUST-100408,2026-07-01,198.62,Paid,0,0,0
INV-0002448,CUST-100408,2026-08-01,189.95,Paid,0,0,0
INV-0002449,CUST-100409,2026-03-01,63.84,Late,31,0,0
INV-0002450,CUST-100409,2026-04-01,67.6,Paid,0,1,1
INV-0002451,CUST-100409,2026-05-01,67.73,Paid,0,0,0
INV-0002452,CUST-100409,2026-06-01,68.73,Paid,0,0,0
INV-0002453,CUST-100409,2026-07-01,64.2,Paid,0,0,0
INV-0002454,CUST-100409,2026-08-01,65.82,Paid,0,0,0
INV-0002455,CUST-100410,2026-03-01,34.69,Paid,0,0,0
INV-0002456,CUST-100410,2026-04-01,34.25,Paid,0,0,0
INV-0002457,CUST-100410,2026-05-01,34.68,Late,19,0,0
INV-0002458,CUST-100410,2026-06-01,35.05,Paid,0,0,0
INV-0002459,CUST-100410,2026-07-01,34.91,Paid,0,0,0
INV-0002460,CUST-100410,2026-08-01,34.34,Paid,0,1,0
INV-0002461,CUST-100411,2026-03-01,81.27,Paid,0,0,0
INV-0002462,CUST-100411,2026-04-01,75.15,Late,30,0,0
INV-0002463,CUST-100411,2026-05-01,80.78,Paid,0,0,0
INV-0002464,CUST-100411,2026-06-01,83.89,Paid,0,0,0
INV-0002465,CUST-100411,2026-07-01,77.12,Paid,0,1,1
INV-0002466,CUST-100411,2026-08-01,77.45,Paid,0,0,0
INV-0002467,CUST-100412,2026-03-01,132.38,Paid,0,0,0
INV-0002468,CUST-100412,2026-04-01,135.44,Paid,0,0,0
INV-0002469,CUST-100412,2026-05-01,138.87,Paid,0,0,0
INV-0002470,CUST-100412,2026-06-01,128.21,Paid,0,0,0
INV-0002471,CUST-100412,2026-07-01,134.28,Paid,0,0,0
INV-0002472,CUST-100412,2026-08-01,134.52,Paid,0,0,0
INV-0002473,CUST-100413,2026-03-01,133.51,Paid,0,0,0
INV-0002474,CUST-100413,2026-04-01,136.74,Paid,0,0,0
INV-0002475,CUST-100413,2026-05-01,124.95,Paid,0,1,0
INV-0002476,CUST-100413,2026-06-01,135.07,Paid,0,0,0
INV-0002477,CUST-100413,2026-07-01,135.36,Paid,0,0,0
INV-0002478,CUST-100413,2026-08-01,132.98,Paid,0,0,0
INV-0002479,CUST-100414,2026-03-01,36.11,Paid,0,0,0
INV-0002480,CUST-100414,2026-04-01,35.89,Paid,0,0,0
INV-0002481,CUST-100414,2026-05-01,34.58,Paid,0,0,0
INV-0002482,CUST-100414,2026-06-01,34.92,Paid,0,0,0
INV-0002483,CUST-100414,2026-07-01,33.77,Paid,0,0,0
INV-0002484,CUST-100414,2026-08-01,35.96,Paid,0,0,0
INV-0002485,CUST-100415,2026-03-01,130.41,Paid,0,0,0
INV-0002486,CUST-100415,2026-04-01,137.98,Paid,0,0,0
INV-0002487,CUST-100415,2026-05-01,135.86,Paid,0,0,0
INV-0002488,CUST-100415,2026-06-01,140.37,Paid,0,0,0
INV-0002489,CUST-100415,2026-07-01,135.54,Paid,0,0,0
INV-0002490,CUST-100415,2026-08-01,133.91,Paid,0,0,0
INV-0002491,CUST-100416,2026-03-01,32.72,Paid,0,0,0
INV-0002492,CUST-100416,2026-04-01,34.72,Paid,0,0,0
INV-0002493,CUST-100416,2026-05-01,34.04,Paid,0,0,0
INV-0002494,CUST-100416,2026-06-01,33.99,Paid,0,0,0
INV-0002495,CUST-100416,2026-07-01,33.96,Paid,0,0,0
INV-0002496,CUST-100416,2026-08-01,34.29,Paid,0,0,0
INV-0002497,CUST-100417,2026-03-01,466.28,Paid,0,0,0
INV-0002498,CUST-100417,2026-04-01,466.57,Paid,0,0,0
INV-0002499,CUST-100417,2026-05-01,479.22,Paid,0,0,0
INV-0002500,CUST-100417,2026-06-01,495.36,Paid,0,0,0
INV-0002501,CUST-100417,2026-07-01,488.38,Paid,0,0,0
INV-0002502,CUST-100417,2026-08-01,490.71,Paid,0,0,0
INV-0002503,CUST-100418,2026-03-01,78.83,Paid,0,0,0
INV-0002504,CUST-100418,2026-04-01,81.84,Paid,0,0,0
INV-0002505,CUST-100418,2026-05-01,80.89,Paid,0,0,0
INV-0002506,CUST-100418,2026-06-01,76.89,Paid,0,0,0
INV-0002507,CUST-100418,2026-07-01,77.17,Paid,0,0,0
INV-0002508,CUST-100418,2026-08-01,78.66,Paid,0,0,0
INV-0002509,CUST-100419,2026-03-01,30.44,Paid,0,0,0
INV-0002510,CUST-100419,2026-04-01,29.61,Paid,0,0,0
INV-0002511,CUST-100419,2026-05-01,30.2,Paid,0,0,0
INV-0002512,CUST-100419,2026-06-01,30.43,Paid,0,0,0
INV-0002513,CUST-100419,2026-07-01,29.42,Paid,0,0,0
INV-0002514,CUST-100419,2026-08-01,29.35,Paid,0,0,0
INV-0002515,CUST-100420,2026-03-01,31.34,Paid,0,1,0
INV-0002516,CUST-100420,2026-04-01,31.23,Paid,0,1,1
INV-0002517,CUST-100420,2026-05-01,30.88,Paid,0,1,1
INV-0002518,CUST-100420,2026-06-01,37.77,Late,29,0,0
INV-0002519,CUST-100420,2026-07-01,31.29,Late,9,0,0
INV-0002520,CUST-100420,2026-08-01,37.79,Paid,0,1,0
INV-0002521,CUST-100421,2026-03-01,152.65,Late,30,0,0
INV-0002522,CUST-100421,2026-04-01,156.22,Paid,0,0,0
INV-0002523,CUST-100421,2026-05-01,150.49,Paid,0,0,0
INV-0002524,CUST-100421,2026-06-01,155.31,Late,29,0,0
INV-0002525,CUST-100421,2026-07-01,153.92,Paid,0,0,0
INV-0002526,CUST-100421,2026-08-01,152.97,Paid,0,0,0
INV-0002527,CUST-100422,2026-03-01,86.1,Paid,0,0,0
INV-0002528,CUST-100422,2026-04-01,80.72,Paid,0,0,0
INV-0002529,CUST-100422,2026-05-01,81.86,Paid,0,0,0
INV-0002530,CUST-100422,2026-06-01,85.11,Paid,0,0,0
INV-0002531,CUST-100422,2026-07-01,86.67,Late,26,0,0
INV-0002532,CUST-100422,2026-08-01,83.38,Paid,0,0,0
INV-0002533,CUST-100423,2026-03-01,153.44,Late,27,1,1
INV-0002534,CUST-100423,2026-04-01,161.06,Late,5,0,0
INV-0002535,CUST-100423,2026-05-01,218.36,Paid,0,0,0
INV-0002536,CUST-100423,2026-06-01,164.69,Paid,0,0,0
INV-0002537,CUST-100423,2026-07-01,150.8,Late,25,0,0
INV-0002538,CUST-100423,2026-08-01,200.63,Paid,0,0,0
INV-0002539,CUST-100424,2026-03-01,343.53,Late,19,0,0
INV-0002540,CUST-100424,2026-04-01,347.28,Paid,0,0,0
INV-0002541,CUST-100424,2026-05-01,332.55,Paid,0,0,0
INV-0002542,CUST-100424,2026-06-01,324.41,Paid,0,0,0
INV-0002543,CUST-100424,2026-07-01,348.43,Paid,0,0,0
INV-0002544,CUST-100424,2026-08-01,345.23,Paid,0,0,0
INV-0002545,CUST-100425,2026-03-01,189.23,Paid,0,0,0
INV-0002546,CUST-100425,2026-04-01,189.33,Paid,0,0,0
INV-0002547,CUST-100425,2026-05-01,190.2,Paid,0,0,0
INV-0002548,CUST-100425,2026-06-01,182.66,Paid,0,0,0
INV-0002549,CUST-100425,2026-07-01,194.16,Paid,0,0,0
INV-0002550,CUST-100425,2026-08-01,187.71,Paid,0,0,0
INV-0002551,CUST-100426,2026-03-01,75.38,Paid,0,0,0
INV-0002552,CUST-100426,2026-04-01,74.99,Paid,0,1,0
INV-0002553,CUST-100426,2026-05-01,72.95,Paid,0,0,0
INV-0002554,CUST-100426,2026-06-01,72.34,Paid,0,0,0
INV-0002555,CUST-100426,2026-07-01,74.9,Paid,0,0,0
INV-0002556,CUST-100426,2026-08-01,73.46,Paid,0,0,0
INV-0002557,CUST-100427,2026-03-01,155.15,Late,32,0,0
INV-0002558,CUST-100427,2026-04-01,165.2,Paid,0,0,0
INV-0002559,CUST-100427,2026-05-01,166.21,Paid,0,0,0
INV-0002560,CUST-100427,2026-06-01,163.37,Paid,0,0,0
INV-0002561,CUST-100427,2026-07-01,169.93,Paid,0,0,0
INV-0002562,CUST-100427,2026-08-01,168.85,Paid,0,0,0
INV-0002563,CUST-100428,2026-03-01,159.38,Late,22,0,0
INV-0002564,CUST-100428,2026-04-01,171.07,Late,31,0,0
INV-0002565,CUST-100428,2026-05-01,215.7,Paid,0,0,0
INV-0002566,CUST-100428,2026-06-01,164.66,Late,20,0,0
INV-0002567,CUST-100428,2026-07-01,169.86,Paid,0,1,1
INV-0002568,CUST-100428,2026-08-01,183.27,Late,32,1,0
INV-0002569,CUST-100429,2026-03-01,69.76,Paid,0,0,0
INV-0002570,CUST-100429,2026-04-01,72.88,Paid,0,0,0
INV-0002571,CUST-100429,2026-05-01,71.37,Paid,0,0,0
INV-0002572,CUST-100429,2026-06-01,68.8,Late,3,0,0
INV-0002573,CUST-100429,2026-07-01,71.08,Paid,0,0,0
INV-0002574,CUST-100429,2026-08-01,71.0,Paid,0,0,0
INV-0002575,CUST-100430,2026-03-01,482.48,Paid,0,0,0
INV-0002576,CUST-100430,2026-04-01,505.71,Paid,0,0,0
INV-0002577,CUST-100430,2026-05-01,513.33,Paid,0,0,0
INV-0002578,CUST-100430,2026-06-01,494.3,Paid,0,0,0
INV-0002579,CUST-100430,2026-07-01,482.04,Paid,0,0,0
INV-0002580,CUST-100430,2026-08-01,498.03,Paid,0,0,0
INV-0002581,CUST-100431,2026-03-01,89.33,Paid,0,0,0
INV-0002582,CUST-100431,2026-04-01,88.83,Paid,0,0,0
INV-0002583,CUST-100431,2026-05-01,85.71,Paid,0,0,0
INV-0002584,CUST-100431,2026-06-01,88.11,Paid,0,0,0
INV-0002585,CUST-100431,2026-07-01,86.2,Paid,0,0,0
INV-0002586,CUST-100431,2026-08-01,85.03,Paid,0,0,0
INV-0002587,CUST-100432,2026-03-01,81.46,Paid,0,1,0
INV-0002588,CUST-100432,2026-04-01,86.64,Paid,0,0,0
INV-0002589,CUST-100432,2026-05-01,80.43,Paid,0,0,0
INV-0002590,CUST-100432,2026-06-01,75.77,Paid,0,0,0
INV-0002591,CUST-100432,2026-07-01,81.87,Paid,0,0,0
INV-0002592,CUST-100432,2026-08-01,80.37,Paid,0,0,0
INV-0002593,CUST-100433,2026-03-01,69.71,Paid,0,0,0
INV-0002594,CUST-100433,2026-04-01,71.01,Paid,0,0,0
INV-0002595,CUST-100433,2026-05-01,70.44,Paid,0,0,0
INV-0002596,CUST-100433,2026-06-01,70.25,Paid,0,0,0
INV-0002597,CUST-100433,2026-07-01,68.53,Paid,0,0,0
INV-0002598,CUST-100433,2026-08-01,69.28,Paid,0,0,0
INV-0002599,CUST-100434,2026-03-01,83.17,Paid,0,0,0
INV-0002600,CUST-100434,2026-04-01,82.04,Paid,0,1,0
INV-0002601,CUST-100434,2026-05-01,80.92,Paid,0,0,0
INV-0002602,CUST-100434,2026-06-01,79.06,Paid,0,0,0
INV-0002603,CUST-100434,2026-07-01,77.29,Paid,0,0,0
INV-0002604,CUST-100434,2026-08-01,81.74,Paid,0,0,0
INV-0002605,CUST-100435,2026-03-01,81.65,Paid,0,0,0
INV-0002606,CUST-100435,2026-04-01,85.39,Paid,0,0,0
INV-0002607,CUST-100435,2026-05-01,85.66,Paid,0,0,0
INV-0002608,CUST-100435,2026-06-01,83.14,Paid,0,0,0
INV-0002609,CUST-100435,2026-07-01,82.9,Paid,0,0,0
INV-0002610,CUST-100435,2026-08-01,80.32,Paid,0,0,0
INV-0002611,CUST-100436,2026-03-01,97.82,Paid,0,0,0
INV-0002612,CUST-100436,2026-04-01,90.74,Paid,0,0,0
INV-0002613,CUST-100436,2026-05-01,91.03,Paid,0,0,0
INV-0002614,CUST-100436,2026-06-01,92.45,Paid,0,0,0
INV-0002615,CUST-100436,2026-07-01,99.75,Paid,0,0,0
INV-0002616,CUST-100436,2026-08-01,96.46,Paid,0,0,0
INV-0002617,CUST-100437,2026-03-01,342.01,Paid,0,0,0
INV-0002618,CUST-100437,2026-04-01,353.84,Late,16,1,0
INV-0002619,CUST-100437,2026-05-01,438.8,Paid,0,1,0
INV-0002620,CUST-100437,2026-06-01,328.49,Late,17,1,1
INV-0002621,CUST-100437,2026-07-01,350.18,Late,1,1,0
INV-0002622,CUST-100437,2026-08-01,340.97,Late,1,1,0
INV-0002623,CUST-100438,2026-03-01,77.85,Paid,0,0,0
INV-0002624,CUST-100438,2026-04-01,80.39,Late,17,0,0
INV-0002625,CUST-100438,2026-05-01,80.1,Paid,0,0,0
INV-0002626,CUST-100438,2026-06-01,81.42,Paid,0,0,0
INV-0002627,CUST-100438,2026-07-01,78.89,Paid,0,1,1
INV-0002628,CUST-100438,2026-08-01,77.11,Late,16,1,0
INV-0002629,CUST-100439,2026-03-01,88.87,Paid,0,0,0
INV-0002630,CUST-100439,2026-04-01,87.58,Paid,0,0,0
INV-0002631,CUST-100439,2026-05-01,89.08,Paid,0,0,0
INV-0002632,CUST-100439,2026-06-01,88.84,Paid,0,0,0
INV-0002633,CUST-100439,2026-07-01,92.88,Paid,0,0,0
INV-0002634,CUST-100439,2026-08-01,87.9,Paid,0,0,0
INV-0002635,CUST-100440,2026-03-01,82.55,Paid,0,0,0
INV-0002636,CUST-100440,2026-04-01,81.99,Late,4,0,0
INV-0002637,CUST-100440,2026-05-01,84.25,Paid,0,0,0
INV-0002638,CUST-100440,2026-06-01,86.52,Paid,0,0,0
INV-0002639,CUST-100440,2026-07-01,80.5,Paid,0,0,0
INV-0002640,CUST-100440,2026-08-01,83.65,Paid,0,0,0
INV-0002641,CUST-100441,2026-03-01,166.9,Paid,0,0,0
INV-0002642,CUST-100441,2026-04-01,162.99,Paid,0,0,0
INV-0002643,CUST-100441,2026-05-01,158.8,Paid,0,0,0
INV-0002644,CUST-100441,2026-06-01,156.38,Paid,0,0,0
INV-0002645,CUST-100441,2026-07-01,159.01,Paid,0,0,0
INV-0002646,CUST-100441,2026-08-01,156.94,Paid,0,0,0
INV-0002647,CUST-100442,2026-03-01,67.36,Paid,0,0,0
INV-0002648,CUST-100442,2026-04-01,62.71,Paid,0,0,0
INV-0002649,CUST-100442,2026-05-01,65.24,Paid,0,0,0
INV-0002650,CUST-100442,2026-06-01,60.22,Paid,0,0,0
INV-0002651,CUST-100442,2026-07-01,62.21,Paid,0,0,0
INV-0002652,CUST-100442,2026-08-01,63.3,Paid,0,0,0
INV-0002653,CUST-100443,2026-03-01,40.54,Paid,0,0,0
INV-0002654,CUST-100443,2026-04-01,39.36,Paid,0,0,0
INV-0002655,CUST-100443,2026-05-01,39.79,Paid,0,0,0
INV-0002656,CUST-100443,2026-06-01,40.56,Paid,0,0,0
INV-0002657,CUST-100443,2026-07-01,37.99,Paid,0,0,0
INV-0002658,CUST-100443,2026-08-01,39.12,Paid,0,0,0
INV-0002659,CUST-100444,2026-03-01,130.45,Paid,0,0,0
INV-0002660,CUST-100444,2026-04-01,125.18,Paid,0,0,0
INV-0002661,CUST-100444,2026-05-01,125.39,Paid,0,0,0
INV-0002662,CUST-100444,2026-06-01,127.99,Paid,0,0,0
INV-0002663,CUST-100444,2026-07-01,122.67,Paid,0,0,0
INV-0002664,CUST-100444,2026-08-01,125.42,Paid,0,0,0
INV-0002665,CUST-100445,2026-03-01,323.56,Paid,0,0,0
INV-0002666,CUST-100445,2026-04-01,325.61,Paid,0,0,0
INV-0002667,CUST-100445,2026-05-01,320.59,Paid,0,0,0
INV-0002668,CUST-100445,2026-06-01,300.84,Paid,0,1,1
INV-0002669,CUST-100445,2026-07-01,308.54,Paid,0,0,0
INV-0002670,CUST-100445,2026-08-01,326.28,Late,7,0,0
INV-0002671,CUST-100446,2026-03-01,75.97,Paid,0,0,0
INV-0002672,CUST-100446,2026-04-01,78.8,Paid,0,0,0
INV-0002673,CUST-100446,2026-05-01,78.24,Paid,0,0,0
INV-0002674,CUST-100446,2026-06-01,78.24,Paid,0,0,0
INV-0002675,CUST-100446,2026-07-01,77.77,Paid,0,0,0
INV-0002676,CUST-100446,2026-08-01,79.56,Paid,0,0,0
INV-0002677,CUST-100447,2026-03-01,73.22,Paid,0,0,0
INV-0002678,CUST-100447,2026-04-01,73.57,Paid,0,0,0
INV-0002679,CUST-100447,2026-05-01,68.41,Paid,0,0,0
INV-0002680,CUST-100447,2026-06-01,71.16,Paid,0,0,0
INV-0002681,CUST-100447,2026-07-01,70.6,Paid,0,0,0
INV-0002682,CUST-100447,2026-08-01,71.55,Paid,0,0,0
INV-0002683,CUST-100448,2026-03-01,91.35,Late,32,1,0
INV-0002684,CUST-100448,2026-04-01,90.08,Paid,0,0,0
INV-0002685,CUST-100448,2026-05-01,88.94,Late,18,0,0
INV-0002686,CUST-100448,2026-06-01,91.21,Paid,0,0,0
INV-0002687,CUST-100448,2026-07-01,90.27,Paid,0,0,0
INV-0002688,CUST-100448,2026-08-01,87.03,Paid,0,0,0
INV-0002689,CUST-100449,2026-03-01,63.37,Paid,0,0,0
INV-0002690,CUST-100449,2026-04-01,66.06,Paid,0,0,0
INV-0002691,CUST-100449,2026-05-01,61.81,Paid,0,0,0
INV-0002692,CUST-100449,2026-06-01,64.8,Paid,0,0,0
INV-0002693,CUST-100449,2026-07-01,64.4,Paid,0,0,0
INV-0002694,CUST-100449,2026-08-01,64.39,Paid,0,0,0
INV-0002695,CUST-100450,2026-03-01,79.99,Paid,0,0,0
INV-0002696,CUST-100450,2026-04-01,74.5,Paid,0,0,0
INV-0002697,CUST-100450,2026-05-01,76.33,Paid,0,0,0
INV-0002698,CUST-100450,2026-06-01,75.27,Paid,0,0,0
INV-0002699,CUST-100450,2026-07-01,75.63,Paid,0,0,0
INV-0002700,CUST-100450,2026-08-01,74.34,Paid,0,1,0
INV-0002701,CUST-100451,2026-03-01,36.37,Paid,0,0,0
INV-0002702,CUST-100451,2026-04-01,37.13,Paid,0,0,0
INV-0002703,CUST-100451,2026-05-01,36.12,Paid,0,0,0
INV-0002704,CUST-100451,2026-06-01,37.53,Paid,0,0,0
INV-0002705,CUST-100451,2026-07-01,37.08,Paid,0,0,0
INV-0002706,CUST-100451,2026-08-01,36.51,Paid,0,0,0
INV-0002707,CUST-100452,2026-03-01,34.37,Paid,0,0,0
INV-0002708,CUST-100452,2026-04-01,34.85,Paid,0,0,0
INV-0002709,CUST-100452,2026-05-01,35.04,Paid,0,0,0
INV-0002710,CUST-100452,2026-06-01,34.15,Paid,0,1,1
INV-0002711,CUST-100452,2026-07-01,34.02,Paid,0,0,0
INV-0002712,CUST-100452,2026-08-01,34.12,Paid,0,0,0
INV-0002713,CUST-100453,2026-03-01,76.8,Paid,0,0,0
INV-0002714,CUST-100453,2026-04-01,70.6,Late,13,0,0
INV-0002715,CUST-100453,2026-05-01,78.09,Paid,0,0,0
INV-0002716,CUST-100453,2026-06-01,73.58,Paid,0,0,0
INV-0002717,CUST-100453,2026-07-01,78.45,Paid,0,0,0
INV-0002718,CUST-100453,2026-08-01,77.75,Paid,0,0,0
INV-0002719,CUST-100454,2026-03-01,69.18,Paid,0,0,0
INV-0002720,CUST-100454,2026-04-01,65.44,Paid,0,0,0
INV-0002721,CUST-100454,2026-05-01,68.95,Paid,0,0,0
INV-0002722,CUST-100454,2026-06-01,66.71,Paid,0,0,0
INV-0002723,CUST-100454,2026-07-01,63.87,Paid,0,0,0
INV-0002724,CUST-100454,2026-08-01,67.3,Paid,0,0,0
INV-0002725,CUST-100455,2026-03-01,31.17,Paid,0,0,0
INV-0002726,CUST-100455,2026-04-01,28.56,Paid,0,0,0
INV-0002727,CUST-100455,2026-05-01,28.47,Paid,0,0,0
INV-0002728,CUST-100455,2026-06-01,29.48,Paid,0,0,0
INV-0002729,CUST-100455,2026-07-01,28.7,Late,26,0,0
INV-0002730,CUST-100455,2026-08-01,29.17,Late,12,0,0
INV-0002731,CUST-100456,2026-03-01,33.67,Paid,0,0,0
INV-0002732,CUST-100456,2026-04-01,33.6,Paid,0,0,0
INV-0002733,CUST-100456,2026-05-01,34.81,Paid,0,0,0
INV-0002734,CUST-100456,2026-06-01,33.71,Paid,0,0,0
INV-0002735,CUST-100456,2026-07-01,34.05,Paid,0,0,0
INV-0002736,CUST-100456,2026-08-01,32.96,Paid,0,0,0
INV-0002737,CUST-100457,2026-03-01,36.2,Paid,0,0,0
INV-0002738,CUST-100457,2026-04-01,35.65,Paid,0,0,0
INV-0002739,CUST-100457,2026-05-01,36.34,Paid,0,0,0
INV-0002740,CUST-100457,2026-06-01,36.37,Paid,0,0,0
INV-0002741,CUST-100457,2026-07-01,37.35,Paid,0,0,0
INV-0002742,CUST-100457,2026-08-01,37.18,Paid,0,0,0
INV-0002743,CUST-100458,2026-03-01,89.21,Paid,0,0,0
INV-0002744,CUST-100458,2026-04-01,90.38,Paid,0,0,0
INV-0002745,CUST-100458,2026-05-01,91.74,Paid,0,0,0
INV-0002746,CUST-100458,2026-06-01,88.03,Paid,0,0,0
INV-0002747,CUST-100458,2026-07-01,90.25,Paid,0,0,0
INV-0002748,CUST-100458,2026-08-01,88.04,Paid,0,0,0
INV-0002749,CUST-100459,2026-03-01,150.98,Paid,0,0,0
INV-0002750,CUST-100459,2026-04-01,129.01,Paid,0,1,1
INV-0002751,CUST-100459,2026-05-01,123.47,Paid,0,0,0
INV-0002752,CUST-100459,2026-06-01,126.86,Late,33,0,0
INV-0002753,CUST-100459,2026-07-01,129.42,Paid,0,0,0
INV-0002754,CUST-100459,2026-08-01,131.19,Paid,0,0,0
INV-0002755,CUST-100460,2026-03-01,66.57,Paid,0,0,0
INV-0002756,CUST-100460,2026-04-01,64.58,Paid,0,0,0
INV-0002757,CUST-100460,2026-05-01,66.23,Paid,0,0,0
INV-0002758,CUST-100460,2026-06-01,65.51,Paid,0,0,0
INV-0002759,CUST-100460,2026-07-01,63.58,Paid,0,0,0
INV-0002760,CUST-100460,2026-08-01,67.76,Paid,0,0,0
INV-0002761,CUST-100461,2026-03-01,128.19,Paid,0,0,0
INV-0002762,CUST-100461,2026-04-01,130.25,Paid,0,0,0
INV-0002763,CUST-100461,2026-05-01,131.34,Paid,0,0,0
INV-0002764,CUST-100461,2026-06-01,131.79,Paid,0,0,0
INV-0002765,CUST-100461,2026-07-01,131.21,Paid,0,0,0
INV-0002766,CUST-100461,2026-08-01,130.6,Paid,0,0,0
INV-0002767,CUST-100462,2026-03-01,175.22,Paid,0,0,0
INV-0002768,CUST-100462,2026-04-01,170.85,Paid,0,0,0
INV-0002769,CUST-100462,2026-05-01,180.81,Paid,0,0,0
INV-0002770,CUST-100462,2026-06-01,172.56,Paid,0,0,0
INV-0002771,CUST-100462,2026-07-01,176.81,Paid,0,0,0
INV-0002772,CUST-100462,2026-08-01,181.51,Paid,0,0,0
INV-0002773,CUST-100463,2026-03-01,31.49,Paid,0,0,0
INV-0002774,CUST-100463,2026-04-01,31.61,Paid,0,0,0
INV-0002775,CUST-100463,2026-05-01,30.35,Paid,0,0,0
INV-0002776,CUST-100463,2026-06-01,29.98,Paid,0,0,0
INV-0002777,CUST-100463,2026-07-01,31.58,Paid,0,0,0
INV-0002778,CUST-100463,2026-08-01,31.39,Paid,0,0,0
INV-0002779,CUST-100464,2026-03-01,35.83,Paid,0,0,0
INV-0002780,CUST-100464,2026-04-01,36.35,Paid,0,0,0
INV-0002781,CUST-100464,2026-05-01,36.6,Paid,0,0,0
INV-0002782,CUST-100464,2026-06-01,37.73,Paid,0,0,0
INV-0002783,CUST-100464,2026-07-01,36.24,Paid,0,0,0
INV-0002784,CUST-100464,2026-08-01,36.45,Paid,0,0,0
INV-0002785,CUST-100465,2026-03-01,151.36,Late,18,0,0
INV-0002786,CUST-100465,2026-04-01,150.63,Paid,0,0,0
INV-0002787,CUST-100465,2026-05-01,143.22,Paid,0,0,0
INV-0002788,CUST-100465,2026-06-01,146.46,Paid,0,0,0
INV-0002789,CUST-100465,2026-07-01,148.11,Paid,0,0,0
INV-0002790,CUST-100465,2026-08-01,152.48,Paid,0,0,0
INV-0002791,CUST-100466,2026-03-01,67.74,Paid,0,0,0
INV-0002792,CUST-100466,2026-04-01,67.57,Paid,0,0,0
INV-0002793,CUST-100466,2026-05-01,64.94,Paid,0,0,0
INV-0002794,CUST-100466,2026-06-01,67.64,Paid,0,0,0
INV-0002795,CUST-100466,2026-07-01,67.87,Late,18,0,0
INV-0002796,CUST-100466,2026-08-01,66.29,Paid,0,0,0
INV-0002797,CUST-100467,2026-03-01,87.51,Paid,0,0,0
INV-0002798,CUST-100467,2026-04-01,89.89,Paid,0,0,0
INV-0002799,CUST-100467,2026-05-01,91.05,Paid,0,0,0
INV-0002800,CUST-100467,2026-06-01,90.07,Paid,0,0,0
INV-0002801,CUST-100467,2026-07-01,93.56,Paid,0,0,0
INV-0002802,CUST-100467,2026-08-01,88.54,Paid,0,0,0
INV-0002803,CUST-100468,2026-03-01,148.34,Paid,0,0,0
INV-0002804,CUST-100468,2026-04-01,149.5,Paid,0,0,0
INV-0002805,CUST-100468,2026-05-01,153.39,Paid,0,0,0
INV-0002806,CUST-100468,2026-06-01,150.41,Paid,0,0,0
INV-0002807,CUST-100468,2026-07-01,147.28,Paid,0,0,0
INV-0002808,CUST-100468,2026-08-01,151.79,Paid,0,0,0
INV-0002809,CUST-100469,2026-03-01,73.79,Paid,0,0,0
INV-0002810,CUST-100469,2026-04-01,72.24,Paid,0,0,0
INV-0002811,CUST-100469,2026-05-01,73.71,Paid,0,0,0
INV-0002812,CUST-100469,2026-06-01,73.08,Paid,0,0,0
INV-0002813,CUST-100469,2026-07-01,75.01,Paid,0,0,0
INV-0002814,CUST-100469,2026-08-01,75.16,Paid,0,0,0
INV-0002815,CUST-100470,2026-03-01,154.16,Paid,0,0,0
INV-0002816,CUST-100470,2026-04-01,156.24,Paid,0,0,0
INV-0002817,CUST-100470,2026-05-01,161.54,Paid,0,0,0
INV-0002818,CUST-100470,2026-06-01,156.72,Paid,0,0,0
INV-0002819,CUST-100470,2026-07-01,152.63,Paid,0,0,0
INV-0002820,CUST-100470,2026-08-01,154.62,Paid,0,0,0
INV-0002821,CUST-100471,2026-03-01,26.65,Paid,0,0,0
INV-0002822,CUST-100471,2026-04-01,26.14,Late,17,0,0
INV-0002823,CUST-100471,2026-05-01,26.78,Paid,0,0,0
INV-0002824,CUST-100471,2026-06-01,26.69,Paid,0,0,0
INV-0002825,CUST-100471,2026-07-01,26.36,Paid,0,0,0
INV-0002826,CUST-100471,2026-08-01,26.17,Paid,0,0,0
INV-0002827,CUST-100472,2026-03-01,40.27,Paid,0,0,0
INV-0002828,CUST-100472,2026-04-01,39.57,Paid,0,0,0
INV-0002829,CUST-100472,2026-05-01,40.74,Paid,0,0,0
INV-0002830,CUST-100472,2026-06-01,39.53,Paid,0,0,0
INV-0002831,CUST-100472,2026-07-01,40.22,Paid,0,0,0
INV-0002832,CUST-100472,2026-08-01,41.72,Paid,0,0,0
INV-0002833,CUST-100473,2026-03-01,88.06,Paid,0,0,0
INV-0002834,CUST-100473,2026-04-01,84.85,Paid,0,0,0
INV-0002835,CUST-100473,2026-05-01,88.18,Paid,0,0,0
INV-0002836,CUST-100473,2026-06-01,90.07,Paid,0,1,1
INV-0002837,CUST-100473,2026-07-01,84.62,Paid,0,0,0
INV-0002838,CUST-100473,2026-08-01,85.8,Paid,0,0,0
INV-0002839,CUST-100474,2026-03-01,26.83,Late,19,1,0
INV-0002840,CUST-100474,2026-04-01,27.8,Paid,0,0,0
INV-0002841,CUST-100474,2026-05-01,27.83,Paid,0,0,0
INV-0002842,CUST-100474,2026-06-01,31.17,Paid,0,0,0
INV-0002843,CUST-100474,2026-07-01,29.54,Late,16,0,0
INV-0002844,CUST-100474,2026-08-01,37.8,Paid,0,0,0
INV-0002845,CUST-100475,2026-03-01,200.57,Paid,0,0,0
INV-0002846,CUST-100475,2026-04-01,201.04,Paid,0,0,0
INV-0002847,CUST-100475,2026-05-01,190.44,Paid,0,0,0
INV-0002848,CUST-100475,2026-06-01,190.21,Paid,0,0,0
INV-0002849,CUST-100475,2026-07-01,198.92,Paid,0,0,0
INV-0002850,CUST-100475,2026-08-01,197.24,Paid,0,0,0
INV-0002851,CUST-100476,2026-03-01,80.89,Paid,0,0,0
INV-0002852,CUST-100476,2026-04-01,83.41,Paid,0,0,0
INV-0002853,CUST-100476,2026-05-01,80.34,Paid,0,0,0
INV-0002854,CUST-100476,2026-06-01,83.79,Paid,0,0,0
INV-0002855,CUST-100476,2026-07-01,81.47,Paid,0,0,0
INV-0002856,CUST-100476,2026-08-01,82.8,Paid,0,0,0
INV-0002857,CUST-100477,2026-03-01,69.05,Paid,0,0,0
INV-0002858,CUST-100477,2026-04-01,67.6,Paid,0,0,0
INV-0002859,CUST-100477,2026-05-01,71.68,Paid,0,0,0
INV-0002860,CUST-100477,2026-06-01,73.62,Late,13,0,0
INV-0002861,CUST-100477,2026-07-01,69.19,Paid,0,0,0
INV-0002862,CUST-100477,2026-08-01,71.86,Paid,0,0,0
INV-0002863,CUST-100478,2026-03-01,400.58,Paid,0,0,0
INV-0002864,CUST-100478,2026-04-01,396.77,Paid,0,0,0
INV-0002865,CUST-100478,2026-05-01,401.76,Paid,0,0,0
INV-0002866,CUST-100478,2026-06-01,403.72,Paid,0,0,0
INV-0002867,CUST-100478,2026-07-01,408.28,Paid,0,0,0
INV-0002868,CUST-100478,2026-08-01,389.59,Paid,0,0,0
INV-0002869,CUST-100479,2026-03-01,30.95,Paid,0,0,0
INV-0002870,CUST-100479,2026-04-01,33.27,Paid,0,0,0
INV-0002871,CUST-100479,2026-05-01,31.68,Paid,0,0,0
INV-0002872,CUST-100479,2026-06-01,31.86,Paid,0,0,0
INV-0002873,CUST-100479,2026-07-01,31.36,Paid,0,0,0
INV-0002874,CUST-100479,2026-08-01,32.77,Paid,0,0,0
INV-0002875,CUST-100480,2026-03-01,69.82,Paid,0,0,0
INV-0002876,CUST-100480,2026-04-01,72.18,Paid,0,0,0
INV-0002877,CUST-100480,2026-05-01,72.73,Paid,0,0,0
INV-0002878,CUST-100480,2026-06-01,71.64,Paid,0,0,0
INV-0002879,CUST-100480,2026-07-01,74.51,Paid,0,0,0
INV-0002880,CUST-100480,2026-08-01,71.48,Paid,0,0,0
INV-0002881,CUST-100481,2026-03-01,80.56,Paid,0,0,0
INV-0002882,CUST-100481,2026-04-01,74.6,Paid,0,0,0
INV-0002883,CUST-100481,2026-05-01,74.56,Paid,0,0,0
INV-0002884,CUST-100481,2026-06-01,75.82,Paid,0,0,0
INV-0002885,CUST-100481,2026-07-01,82.23,Paid,0,0,0
INV-0002886,CUST-100481,2026-08-01,83.73,Paid,0,0,0
INV-0002887,CUST-100482,2026-03-01,37.0,Paid,0,0,0
INV-0002888,CUST-100482,2026-04-01,37.56,Paid,0,0,0
INV-0002889,CUST-100482,2026-05-01,38.5,Paid,0,0,0
INV-0002890,CUST-100482,2026-06-01,38.56,Paid,0,0,0
INV-0002891,CUST-100482,2026-07-01,40.16,Paid,0,0,0
INV-0002892,CUST-100482,2026-08-01,38.9,Paid,0,0,0
INV-0002893,CUST-100483,2026-03-01,33.33,Paid,0,0,0
INV-0002894,CUST-100483,2026-04-01,33.59,Paid,0,0,0
INV-0002895,CUST-100483,2026-05-01,35.14,Paid,0,0,0
INV-0002896,CUST-100483,2026-06-01,35.37,Paid,0,0,0
INV-0002897,CUST-100483,2026-07-01,35.57,Paid,0,0,0
INV-0002898,CUST-100483,2026-08-01,33.5,Paid,0,0,0
INV-0002899,CUST-100484,2026-03-01,75.92,Paid,0,0,0
INV-0002900,CUST-100484,2026-04-01,76.06,Paid,0,0,0
INV-0002901,CUST-100484,2026-05-01,72.1,Paid,0,0,0
INV-0002902,CUST-100484,2026-06-01,70.51,Paid,0,0,0
INV-0002903,CUST-100484,2026-07-01,76.19,Paid,0,0,0
INV-0002904,CUST-100484,2026-08-01,72.16,Paid,0,0,0
INV-0002905,CUST-100485,2026-03-01,76.72,Paid,0,0,0
INV-0002906,CUST-100485,2026-04-01,80.5,Paid,0,0,0
INV-0002907,CUST-100485,2026-05-01,77.77,Paid,0,0,0
INV-0002908,CUST-100485,2026-06-01,74.84,Paid,0,0,0
INV-0002909,CUST-100485,2026-07-01,78.13,Late,24,0,0
INV-0002910,CUST-100485,2026-08-01,79.0,Paid,0,0,0
INV-0002911,CUST-100486,2026-03-01,36.81,Paid,0,0,0
INV-0002912,CUST-100486,2026-04-01,37.33,Paid,0,0,0
INV-0002913,CUST-100486,2026-05-01,36.91,Paid,0,0,0
INV-0002914,CUST-100486,2026-06-01,35.81,Paid,0,0,0
INV-0002915,CUST-100486,2026-07-01,35.38,Paid,0,0,0
INV-0002916,CUST-100486,2026-08-01,36.11,Late,20,0,0
INV-0002917,CUST-100487,2026-03-01,383.37,Paid,0,0,0
INV-0002918,CUST-100487,2026-04-01,370.87,Paid,0,0,0
INV-0002919,CUST-100487,2026-05-01,364.44,Paid,0,0,0
INV-0002920,CUST-100487,2026-06-01,384.83,Paid,0,0,0
INV-0002921,CUST-100487,2026-07-01,366.3,Paid,0,0,0
INV-0002922,CUST-100487,2026-08-01,371.64,Paid,0,0,0
INV-0002923,CUST-100488,2026-03-01,37.21,Paid,0,0,0
INV-0002924,CUST-100488,2026-04-01,34.03,Paid,0,0,0
INV-0002925,CUST-100488,2026-05-01,33.67,Paid,0,0,0
INV-0002926,CUST-100488,2026-06-01,34.23,Paid,0,0,0
INV-0002927,CUST-100488,2026-07-01,36.25,Late,5,1,0
INV-0002928,CUST-100488,2026-08-01,34.13,Paid,0,0,0
INV-0002929,CUST-100489,2026-03-01,403.72,Paid,0,0,0
INV-0002930,CUST-100489,2026-04-01,402.62,Late,18,0,0
INV-0002931,CUST-100489,2026-05-01,410.33,Paid,0,0,0
INV-0002932,CUST-100489,2026-06-01,437.96,Paid,0,0,0
INV-0002933,CUST-100489,2026-07-01,407.5,Paid,0,0,0
INV-0002934,CUST-100489,2026-08-01,421.06,Paid,0,0,0
INV-0002935,CUST-100490,2026-03-01,161.22,Paid,0,0,0
INV-0002936,CUST-100490,2026-04-01,170.11,Paid,0,0,0
INV-0002937,CUST-100490,2026-05-01,173.93,Paid,0,0,0
INV-0002938,CUST-100490,2026-06-01,161.99,Paid,0,0,0
INV-0002939,CUST-100490,2026-07-01,167.45,Paid,0,0,0
INV-0002940,CUST-100490,2026-08-01,173.09,Paid,0,0,0
INV-0002941,CUST-100491,2026-03-01,190.48,Paid,0,1,1
INV-0002942,CUST-100491,2026-04-01,187.95,Paid,0,0,0
INV-0002943,CUST-100491,2026-05-01,192.86,Paid,0,0,0
INV-0002944,CUST-100491,2026-06-01,189.27,Late,16,1,0
INV-0002945,CUST-100491,2026-07-01,181.93,Paid,0,0,0
INV-0002946,CUST-100491,2026-08-01,188.36,Paid,0,0,0
INV-0002947,CUST-100492,2026-03-01,76.73,Paid,0,0,0
INV-0002948,CUST-100492,2026-04-01,96.97,Paid,0,0,0
INV-0002949,CUST-100492,2026-05-01,72.27,Paid,0,1,1
INV-0002950,CUST-100492,2026-06-01,91.71,Paid,0,0,0
INV-0002951,CUST-100492,2026-07-01,92.67,Late,19,1,0
INV-0002952,CUST-100492,2026-08-01,75.66,Paid,0,0,0
INV-0002953,CUST-100493,2026-03-01,32.75,Paid,0,0,0
INV-0002954,CUST-100493,2026-04-01,33.53,Paid,0,0,0
INV-0002955,CUST-100493,2026-05-01,34.88,Paid,0,0,0
INV-0002956,CUST-100493,2026-06-01,35.23,Paid,0,0,0
INV-0002957,CUST-100493,2026-07-01,34.29,Paid,0,0,0
INV-0002958,CUST-100493,2026-08-01,34.63,Paid,0,0,0
INV-0002959,CUST-100494,2026-03-01,450.25,Paid,0,0,0
INV-0002960,CUST-100494,2026-04-01,437.86,Late,20,0,0
INV-0002961,CUST-100494,2026-05-01,443.87,Paid,0,0,0
INV-0002962,CUST-100494,2026-06-01,455.23,Paid,0,0,0
INV-0002963,CUST-100494,2026-07-01,433.26,Paid,0,0,0
INV-0002964,CUST-100494,2026-08-01,432.2,Paid,0,0,0
INV-0002965,CUST-100495,2026-03-01,164.79,Paid,0,0,0
INV-0002966,CUST-100495,2026-04-01,165.78,Paid,0,0,0
INV-0002967,CUST-100495,2026-05-01,161.38,Paid,0,0,0
INV-0002968,CUST-100495,2026-06-01,160.46,Paid,0,0,0
INV-0002969,CUST-100495,2026-07-01,166.64,Paid,0,0,0
INV-0002970,CUST-100495,2026-08-01,168.0,Paid,0,0,0
INV-0002971,CUST-100496,2026-03-01,160.39,Paid,0,0,0
INV-0002972,CUST-100496,2026-04-01,156.52,Paid,0,0,0
INV-0002973,CUST-100496,2026-05-01,157.52,Paid,0,0,0
INV-0002974,CUST-100496,2026-06-01,159.55,Paid,0,0,0
INV-0002975,CUST-100496,2026-07-01,156.47,Paid,0,0,0
INV-0002976,CUST-100496,2026-08-01,149.24,Late,14,0,0
INV-0002977,CUST-100497,2026-03-01,33.73,Paid,0,0,0
INV-0002978,CUST-100497,2026-04-01,32.87,Paid,0,0,0
INV-0002979,CUST-100497,2026-05-01,32.33,Late,29,0,0
INV-0002980,CUST-100497,2026-06-01,33.56,Paid,0,1,1
INV-0002981,CUST-100497,2026-07-01,31.68,Paid,0,0,0
INV-0002982,CUST-100497,2026-08-01,33.32,Paid,0,0,0
INV-0002983,CUST-100498,2026-03-01,92.04,Paid,0,0,0
INV-0002984,CUST-100498,2026-04-01,92.98,Paid,0,0,0
INV-0002985,CUST-100498,2026-05-01,89.43,Paid,0,0,0
INV-0002986,CUST-100498,2026-06-01,95.7,Paid,0,0,0
INV-0002987,CUST-100498,2026-07-01,93.15,Paid,0,0,0
INV-0002988,CUST-100498,2026-08-01,92.98,Paid,0,0,0
INV-0002989,CUST-100499,2026-03-01,32.22,Paid,0,0,0
INV-0002990,CUST-100499,2026-04-01,31.26,Paid,0,0,0
INV-0002991,CUST-100499,2026-05-01,32.59,Paid,0,0,0
INV-0002992,CUST-100499,2026-06-01,31.81,Paid,0,0,0
INV-0002993,CUST-100499,2026-07-01,31.88,Paid,0,0,0
INV-0002994,CUST-100499,2026-08-01,31.71,Paid,0,0,0
INV-0002995,CUST-100500,2026-03-01,26.99,Paid,0,1,0
INV-0002996,CUST-100500,2026-04-01,28.44,Paid,0,0,0
INV-0002997,CUST-100500,2026-05-01,28.67,Paid,0,0,0
INV-0002998,CUST-100500,2026-06-01,28.81,Paid,0,0,0
INV-0002999,CUST-100500,2026-07-01,29.25,Paid,0,0,0
INV-0003000,CUST-100500,2026-08-01,28.77,Paid,0,0,0
INV-0003001,CUST-100501,2026-03-01,73.03,Paid,0,0,0
INV-0003002,CUST-100501,2026-04-01,74.3,Late,25,0,0
INV-0003003,CUST-100501,2026-05-01,76.92,Paid,0,0,0
INV-0003004,CUST-100501,2026-06-01,75.84,Paid,0,0,0
INV-0003005,CUST-100501,2026-07-01,75.91,Paid,0,0,0
INV-0003006,CUST-100501,2026-08-01,74.96,Late,19,0,0
INV-0003007,CUST-100502,2026-03-01,187.98,Paid,0,0,0
INV-0003008,CUST-100502,2026-04-01,180.82,Paid,0,0,0
INV-0003009,CUST-100502,2026-05-01,175.13,Paid,0,0,0
INV-0003010,CUST-100502,2026-06-01,187.36,Paid,0,0,0
INV-0003011,CUST-100502,2026-07-01,184.42,Paid,0,0,0
INV-0003012,CUST-100502,2026-08-01,191.02,Paid,0,0,0
INV-0003013,CUST-100503,2026-03-01,170.38,Paid,0,0,0
INV-0003014,CUST-100503,2026-04-01,171.94,Paid,0,0,0
INV-0003015,CUST-100503,2026-05-01,169.37,Paid,0,0,0
INV-0003016,CUST-100503,2026-06-01,173.33,Paid,0,0,0
INV-0003017,CUST-100503,2026-07-01,171.23,Paid,0,0,0
INV-0003018,CUST-100503,2026-08-01,171.52,Paid,0,0,0
INV-0003019,CUST-100504,2026-03-01,83.82,Paid,0,0,0
INV-0003020,CUST-100504,2026-04-01,82.33,Paid,0,0,0
INV-0003021,CUST-100504,2026-05-01,74.9,Paid,0,0,0
INV-0003022,CUST-100504,2026-06-01,78.63,Paid,0,0,0
INV-0003023,CUST-100504,2026-07-01,77.72,Paid,0,0,0
INV-0003024,CUST-100504,2026-08-01,79.41,Paid,0,0,0
INV-0003025,CUST-100505,2026-03-01,158.28,Late,9,0,0
INV-0003026,CUST-100505,2026-04-01,164.22,Paid,0,0,0
INV-0003027,CUST-100505,2026-05-01,168.24,Paid,0,0,0
INV-0003028,CUST-100505,2026-06-01,165.21,Paid,0,0,0
INV-0003029,CUST-100505,2026-07-01,161.15,Paid,0,0,0
INV-0003030,CUST-100505,2026-08-01,160.91,Paid,0,0,0
INV-0003031,CUST-100506,2026-03-01,67.54,Late,3,1,0
INV-0003032,CUST-100506,2026-04-01,67.72,Paid,0,0,0
INV-0003033,CUST-100506,2026-05-01,82.56,Late,34,0,0
INV-0003034,CUST-100506,2026-06-01,66.62,Paid,0,1,0
INV-0003035,CUST-100506,2026-07-01,64.5,Paid,0,0,0
INV-0003036,CUST-100506,2026-08-01,67.28,Paid,0,0,0
INV-0003037,CUST-100507,2026-03-01,33.2,Paid,0,1,0
INV-0003038,CUST-100507,2026-04-01,25.81,Late,20,0,0
INV-0003039,CUST-100507,2026-05-01,25.99,Paid,0,0,0
INV-0003040,CUST-100507,2026-06-01,27.35,Paid,0,1,1
INV-0003041,CUST-100507,2026-07-01,26.82,Late,23,0,0
INV-0003042,CUST-100507,2026-08-01,32.99,Late,29,0,0
INV-0003043,CUST-100508,2026-03-01,35.84,Paid,0,0,0
INV-0003044,CUST-100508,2026-04-01,37.45,Paid,0,0,0
INV-0003045,CUST-100508,2026-05-01,36.35,Paid,0,0,0
INV-0003046,CUST-100508,2026-06-01,34.83,Paid,0,0,0
INV-0003047,CUST-100508,2026-07-01,35.58,Paid,0,0,0
INV-0003048,CUST-100508,2026-08-01,35.28,Paid,0,1,0
INV-0003049,CUST-100509,2026-03-01,343.63,Paid,0,0,0
INV-0003050,CUST-100509,2026-04-01,343.95,Paid,0,1,0
INV-0003051,CUST-100509,2026-05-01,416.9,Paid,0,0,0
INV-0003052,CUST-100509,2026-06-01,367.65,Paid,0,1,0
INV-0003053,CUST-100509,2026-07-01,387.83,Paid,0,0,0
INV-0003054,CUST-100509,2026-08-01,329.02,Paid,0,1,0
INV-0003055,CUST-100510,2026-03-01,74.64,Paid,0,0,0
INV-0003056,CUST-100510,2026-04-01,72.37,Paid,0,0,0
INV-0003057,CUST-100510,2026-05-01,74.42,Paid,0,0,0
INV-0003058,CUST-100510,2026-06-01,73.9,Paid,0,0,0
INV-0003059,CUST-100510,2026-07-01,74.48,Paid,0,0,0
INV-0003060,CUST-100510,2026-08-01,73.41,Paid,0,0,0
INV-0003061,CUST-100511,2026-03-01,99.37,Paid,0,0,0
INV-0003062,CUST-100511,2026-04-01,97.82,Paid,0,0,0
INV-0003063,CUST-100511,2026-05-01,99.3,Paid,0,0,0
INV-0003064,CUST-100511,2026-06-01,105.24,Paid,0,1,1
INV-0003065,CUST-100511,2026-07-01,104.5,Paid,0,0,0
INV-0003066,CUST-100511,2026-08-01,103.27,Paid,0,0,0
INV-0003067,CUST-100512,2026-03-01,103.65,Paid,0,0,0
INV-0003068,CUST-100512,2026-04-01,103.11,Late,25,0,0
INV-0003069,CUST-100512,2026-05-01,100.13,Late,15,0,0
INV-0003070,CUST-100512,2026-06-01,107.91,Paid,0,0,0
INV-0003071,CUST-100512,2026-07-01,142.08,Paid,0,0,0
INV-0003072,CUST-100512,2026-08-01,106.14,Late,24,1,1
INV-0003073,CUST-100513,2026-03-01,350.17,Paid,0,0,0
INV-0003074,CUST-100513,2026-04-01,365.94,Paid,0,0,0
INV-0003075,CUST-100513,2026-05-01,349.48,Paid,0,0,0
INV-0003076,CUST-100513,2026-06-01,343.19,Paid,0,0,0
INV-0003077,CUST-100513,2026-07-01,367.03,Paid,0,0,0
INV-0003078,CUST-100513,2026-08-01,347.74,Paid,0,0,0
INV-0003079,CUST-100514,2026-03-01,78.86,Paid,0,0,0
INV-0003080,CUST-100514,2026-04-01,77.94,Paid,0,0,0
INV-0003081,CUST-100514,2026-05-01,75.39,Paid,0,0,0
INV-0003082,CUST-100514,2026-06-01,78.89,Paid,0,0,0
INV-0003083,CUST-100514,2026-07-01,79.92,Paid,0,0,0
INV-0003084,CUST-100514,2026-08-01,79.15,Paid,0,0,0
INV-0003085,CUST-100515,2026-03-01,354.32,Paid,0,0,0
INV-0003086,CUST-100515,2026-04-01,380.68,Paid,0,0,0
INV-0003087,CUST-100515,2026-05-01,371.93,Late,26,0,0
INV-0003088,CUST-100515,2026-06-01,365.77,Paid,0,0,0
INV-0003089,CUST-100515,2026-07-01,372.66,Paid,0,0,0
INV-0003090,CUST-100515,2026-08-01,359.97,Paid,0,0,0
INV-0003091,CUST-100516,2026-03-01,75.09,Paid,0,0,0
INV-0003092,CUST-100516,2026-04-01,76.71,Paid,0,0,0
INV-0003093,CUST-100516,2026-05-01,75.38,Paid,0,0,0
INV-0003094,CUST-100516,2026-06-01,79.59,Paid,0,0,0
INV-0003095,CUST-100516,2026-07-01,77.12,Paid,0,1,0
INV-0003096,CUST-100516,2026-08-01,75.53,Paid,0,0,0
INV-0003097,CUST-100517,2026-03-01,76.52,Paid,0,0,0
INV-0003098,CUST-100517,2026-04-01,79.79,Paid,0,0,0
INV-0003099,CUST-100517,2026-05-01,78.2,Paid,0,0,0
INV-0003100,CUST-100517,2026-06-01,79.38,Paid,0,0,0
INV-0003101,CUST-100517,2026-07-01,76.21,Paid,0,0,0
INV-0003102,CUST-100517,2026-08-01,75.42,Paid,0,0,0
INV-0003103,CUST-100518,2026-03-01,155.7,Paid,0,0,0
INV-0003104,CUST-100518,2026-04-01,151.62,Paid,0,0,0
INV-0003105,CUST-100518,2026-05-01,145.9,Paid,0,0,0
INV-0003106,CUST-100518,2026-06-01,144.05,Late,29,0,0
INV-0003107,CUST-100518,2026-07-01,142.46,Paid,0,0,0
INV-0003108,CUST-100518,2026-08-01,143.4,Paid,0,0,0
INV-0003109,CUST-100519,2026-03-01,32.69,Late,22,1,0
INV-0003110,CUST-100519,2026-04-01,24.27,Paid,0,0,0
INV-0003111,CUST-100519,2026-05-01,31.53,Late,4,0,0
INV-0003112,CUST-100519,2026-06-01,30.44,Paid,0,0,0
INV-0003113,CUST-100519,2026-07-01,25.48,Paid,0,0,0
INV-0003114,CUST-100519,2026-08-01,26.08,Paid,0,0,0
INV-0003115,CUST-100520,2026-03-01,73.41,Late,34,0,0
INV-0003116,CUST-100520,2026-04-01,72.63,Paid,0,1,0
INV-0003117,CUST-100520,2026-05-01,73.85,Late,17,0,0
INV-0003118,CUST-100520,2026-06-01,75.02,Late,1,1,1
INV-0003119,CUST-100520,2026-07-01,82.83,Late,34,1,0
INV-0003120,CUST-100520,2026-08-01,71.18,Paid,0,0,0
INV-0003121,CUST-100521,2026-03-01,79.32,Paid,0,0,0
INV-0003122,CUST-100521,2026-04-01,79.46,Paid,0,0,0
INV-0003123,CUST-100521,2026-05-01,75.86,Paid,0,0,0
INV-0003124,CUST-100521,2026-06-01,76.95,Paid,0,0,0
INV-0003125,CUST-100521,2026-07-01,79.04,Paid,0,0,0
INV-0003126,CUST-100521,2026-08-01,77.98,Paid,0,0,0
INV-0003127,CUST-100522,2026-03-01,90.8,Paid,0,0,0
INV-0003128,CUST-100522,2026-04-01,94.07,Paid,0,0,0
INV-0003129,CUST-100522,2026-05-01,92.75,Paid,0,0,0
INV-0003130,CUST-100522,2026-06-01,90.83,Paid,0,0,0
INV-0003131,CUST-100522,2026-07-01,92.01,Paid,0,0,0
INV-0003132,CUST-100522,2026-08-01,88.81,Paid,0,0,0
INV-0003133,CUST-100523,2026-03-01,37.46,Paid,0,0,0
INV-0003134,CUST-100523,2026-04-01,39.35,Paid,0,0,0
INV-0003135,CUST-100523,2026-05-01,38.5,Paid,0,0,0
INV-0003136,CUST-100523,2026-06-01,37.5,Paid,0,0,0
INV-0003137,CUST-100523,2026-07-01,39.07,Paid,0,0,0
INV-0003138,CUST-100523,2026-08-01,37.57,Paid,0,0,0
INV-0003139,CUST-100524,2026-03-01,43.77,Paid,0,0,0
INV-0003140,CUST-100524,2026-04-01,43.08,Paid,0,0,0
INV-0003141,CUST-100524,2026-05-01,43.29,Paid,0,0,0
INV-0003142,CUST-100524,2026-06-01,45.59,Paid,0,0,0
INV-0003143,CUST-100524,2026-07-01,42.61,Paid,0,0,0
INV-0003144,CUST-100524,2026-08-01,43.92,Paid,0,0,0
INV-0003145,CUST-100525,2026-03-01,37.73,Paid,0,0,0
INV-0003146,CUST-100525,2026-04-01,38.53,Paid,0,0,0
INV-0003147,CUST-100525,2026-05-01,37.37,Paid,0,0,0
INV-0003148,CUST-100525,2026-06-01,37.29,Paid,0,0,0
INV-0003149,CUST-100525,2026-07-01,37.0,Paid,0,0,0
INV-0003150,CUST-100525,2026-08-01,38.32,Paid,0,0,0
INV-0003151,CUST-100526,2026-03-01,173.66,Paid,0,0,0
INV-0003152,CUST-100526,2026-04-01,173.07,Paid,0,0,0
INV-0003153,CUST-100526,2026-05-01,185.9,Paid,0,0,0
INV-0003154,CUST-100526,2026-06-01,179.83,Paid,0,0,0
INV-0003155,CUST-100526,2026-07-01,166.6,Paid,0,0,0
INV-0003156,CUST-100526,2026-08-01,175.2,Paid,0,0,0
INV-0003157,CUST-100527,2026-03-01,417.03,Late,1,1,1
INV-0003158,CUST-100527,2026-04-01,399.58,Paid,0,0,0
INV-0003159,CUST-100527,2026-05-01,433.63,Late,20,0,0
INV-0003160,CUST-100527,2026-06-01,426.42,Paid,0,0,0
INV-0003161,CUST-100527,2026-07-01,431.44,Paid,0,0,0
INV-0003162,CUST-100527,2026-08-01,422.82,Late,32,0,0
INV-0003163,CUST-100528,2026-03-01,31.53,Paid,0,0,0
INV-0003164,CUST-100528,2026-04-01,31.5,Paid,0,0,0
INV-0003165,CUST-100528,2026-05-01,30.13,Late,1,0,0
INV-0003166,CUST-100528,2026-06-01,30.8,Paid,0,0,0
INV-0003167,CUST-100528,2026-07-01,31.71,Late,5,0,0
INV-0003168,CUST-100528,2026-08-01,31.58,Paid,0,0,0
INV-0003169,CUST-100529,2026-03-01,90.8,Paid,0,0,0
INV-0003170,CUST-100529,2026-04-01,91.6,Paid,0,1,0
INV-0003171,CUST-100529,2026-05-01,88.83,Paid,0,0,0
INV-0003172,CUST-100529,2026-06-01,90.17,Late,34,0,0
INV-0003173,CUST-100529,2026-07-01,87.16,Paid,0,1,0
INV-0003174,CUST-100529,2026-08-01,82.26,Paid,0,0,0
INV-0003175,CUST-100530,2026-03-01,355.98,Late,9,0,0
INV-0003176,CUST-100530,2026-04-01,372.4,Late,3,0,0
INV-0003177,CUST-100530,2026-05-01,491.91,Paid,0,0,0
INV-0003178,CUST-100530,2026-06-01,362.32,Late,4,1,0
INV-0003179,CUST-100530,2026-07-01,358.8,Late,15,0,0
INV-0003180,CUST-100530,2026-08-01,349.7,Paid,0,0,0
INV-0003181,CUST-100531,2026-03-01,39.19,Paid,0,0,0
INV-0003182,CUST-100531,2026-04-01,37.85,Paid,0,0,0
INV-0003183,CUST-100531,2026-05-01,38.81,Paid,0,0,0
INV-0003184,CUST-100531,2026-06-01,38.38,Paid,0,0,0
INV-0003185,CUST-100531,2026-07-01,39.56,Paid,0,0,0
INV-0003186,CUST-100531,2026-08-01,37.71,Paid,0,0,0
INV-0003187,CUST-100532,2026-03-01,33.91,Paid,0,0,0
INV-0003188,CUST-100532,2026-04-01,35.67,Late,30,0,0
INV-0003189,CUST-100532,2026-05-01,35.84,Paid,0,0,0
INV-0003190,CUST-100532,2026-06-01,35.77,Late,30,0,0
INV-0003191,CUST-100532,2026-07-01,34.86,Paid,0,0,0
INV-0003192,CUST-100532,2026-08-01,34.76,Paid,0,0,0
INV-0003193,CUST-100533,2026-03-01,39.33,Paid,0,0,0
INV-0003194,CUST-100533,2026-04-01,30.16,Paid,0,1,0
INV-0003195,CUST-100533,2026-05-01,29.78,Paid,0,0,0
INV-0003196,CUST-100533,2026-06-01,30.2,Paid,0,0,0
INV-0003197,CUST-100533,2026-07-01,31.77,Paid,0,0,0
INV-0003198,CUST-100533,2026-08-01,29.37,Paid,0,0,0
INV-0003199,CUST-100534,2026-03-01,111.81,Paid,0,0,0
INV-0003200,CUST-100534,2026-04-01,117.76,Paid,0,1,1
INV-0003201,CUST-100534,2026-05-01,117.07,Paid,0,0,0
INV-0003202,CUST-100534,2026-06-01,114.76,Paid,0,0,0
INV-0003203,CUST-100534,2026-07-01,112.44,Paid,0,0,0
INV-0003204,CUST-100534,2026-08-01,112.51,Paid,0,0,0
INV-0003205,CUST-100535,2026-03-01,155.54,Paid,0,0,0
INV-0003206,CUST-100535,2026-04-01,154.91,Paid,0,0,0
INV-0003207,CUST-100535,2026-05-01,156.89,Paid,0,0,0
INV-0003208,CUST-100535,2026-06-01,158.83,Paid,0,0,0
INV-0003209,CUST-100535,2026-07-01,164.75,Paid,0,0,0
INV-0003210,CUST-100535,2026-08-01,158.51,Paid,0,0,0
INV-0003211,CUST-100536,2026-03-01,71.92,Paid,0,0,0
INV-0003212,CUST-100536,2026-04-01,69.52,Paid,0,0,0
INV-0003213,CUST-100536,2026-05-01,71.34,Paid,0,0,0
INV-0003214,CUST-100536,2026-06-01,71.91,Paid,0,0,0
INV-0003215,CUST-100536,2026-07-01,72.81,Paid,0,0,0
INV-0003216,CUST-100536,2026-08-01,71.7,Paid,0,0,0
INV-0003217,CUST-100537,2026-03-01,78.26,Paid,0,0,0
INV-0003218,CUST-100537,2026-04-01,77.15,Paid,0,0,0
INV-0003219,CUST-100537,2026-05-01,74.83,Paid,0,0,0
INV-0003220,CUST-100537,2026-06-01,75.99,Paid,0,0,0
INV-0003221,CUST-100537,2026-07-01,76.46,Paid,0,1,1
INV-0003222,CUST-100537,2026-08-01,77.42,Paid,0,0,0
INV-0003223,CUST-100538,2026-03-01,38.28,Paid,0,0,0
INV-0003224,CUST-100538,2026-04-01,37.83,Paid,0,0,0
INV-0003225,CUST-100538,2026-05-01,37.02,Paid,0,0,0
INV-0003226,CUST-100538,2026-06-01,39.33,Paid,0,0,0
INV-0003227,CUST-100538,2026-07-01,36.48,Paid,0,0,0
INV-0003228,CUST-100538,2026-08-01,36.69,Paid,0,0,0
INV-0003229,CUST-100539,2026-03-01,63.09,Paid,0,0,0
INV-0003230,CUST-100539,2026-04-01,64.06,Paid,0,0,0
INV-0003231,CUST-100539,2026-05-01,68.08,Paid,0,0,0
INV-0003232,CUST-100539,2026-06-01,63.54,Paid,0,0,0
INV-0003233,CUST-100539,2026-07-01,62.39,Paid,0,0,0
INV-0003234,CUST-100539,2026-08-01,66.82,Paid,0,0,0
INV-0003235,CUST-100540,2026-03-01,88.17,Paid,0,1,1
INV-0003236,CUST-100540,2026-04-01,86.93,Late,7,0,0
INV-0003237,CUST-100540,2026-05-01,81.39,Paid,0,0,0
INV-0003238,CUST-100540,2026-06-01,84.13,Late,27,0,0
INV-0003239,CUST-100540,2026-07-01,89.53,Late,24,0,0
INV-0003240,CUST-100540,2026-08-01,81.49,Late,7,0,0
INV-0003241,CUST-100541,2026-03-01,28.47,Paid,0,0,0
INV-0003242,CUST-100541,2026-04-01,27.83,Paid,0,0,0
INV-0003243,CUST-100541,2026-05-01,28.28,Paid,0,0,0
INV-0003244,CUST-100541,2026-06-01,27.01,Paid,0,0,0
INV-0003245,CUST-100541,2026-07-01,29.14,Paid,0,0,0
INV-0003246,CUST-100541,2026-08-01,28.6,Late,29,0,0
INV-0003247,CUST-100542,2026-03-01,35.12,Paid,0,0,0
INV-0003248,CUST-100542,2026-04-01,39.74,Paid,0,0,0
INV-0003249,CUST-100542,2026-05-01,35.4,Paid,0,0,0
INV-0003250,CUST-100542,2026-06-01,36.37,Paid,0,1,0
INV-0003251,CUST-100542,2026-07-01,34.41,Late,34,0,0
INV-0003252,CUST-100542,2026-08-01,36.14,Paid,0,0,0
INV-0003253,CUST-100543,2026-03-01,189.33,Paid,0,0,0
INV-0003254,CUST-100543,2026-04-01,185.26,Paid,0,0,0
INV-0003255,CUST-100543,2026-05-01,181.56,Paid,0,0,0
INV-0003256,CUST-100543,2026-06-01,185.57,Paid,0,0,0
INV-0003257,CUST-100543,2026-07-01,189.74,Paid,0,0,0
INV-0003258,CUST-100543,2026-08-01,185.74,Paid,0,0,0
INV-0003259,CUST-100544,2026-03-01,205.22,Late,17,0,0
INV-0003260,CUST-100544,2026-04-01,205.32,Paid,0,0,0
INV-0003261,CUST-100544,2026-05-01,196.84,Paid,0,0,0
INV-0003262,CUST-100544,2026-06-01,197.26,Paid,0,0,0
INV-0003263,CUST-100544,2026-07-01,210.19,Paid,0,1,0
INV-0003264,CUST-100544,2026-08-01,203.83,Paid,0,0,0
INV-0003265,CUST-100545,2026-03-01,146.6,Paid,0,0,0
INV-0003266,CUST-100545,2026-04-01,155.1,Paid,0,0,0
INV-0003267,CUST-100545,2026-05-01,140.52,Paid,0,0,0
INV-0003268,CUST-100545,2026-06-01,147.57,Paid,0,1,0
INV-0003269,CUST-100545,2026-07-01,145.98,Paid,0,0,0
INV-0003270,CUST-100545,2026-08-01,151.63,Paid,0,0,0
INV-0003271,CUST-100546,2026-03-01,83.46,Paid,0,1,0
INV-0003272,CUST-100546,2026-04-01,80.96,Paid,0,0,0
INV-0003273,CUST-100546,2026-05-01,79.23,Paid,0,0,0
INV-0003274,CUST-100546,2026-06-01,82.28,Paid,0,0,0
INV-0003275,CUST-100546,2026-07-01,77.64,Paid,0,0,0
INV-0003276,CUST-100546,2026-08-01,82.03,Paid,0,0,0
INV-0003277,CUST-100547,2026-03-01,32.3,Paid,0,0,0
INV-0003278,CUST-100547,2026-04-01,33.08,Paid,0,0,0
INV-0003279,CUST-100547,2026-05-01,31.75,Paid,0,0,0
INV-0003280,CUST-100547,2026-06-01,32.25,Paid,0,0,0
INV-0003281,CUST-100547,2026-07-01,32.95,Paid,0,0,0
INV-0003282,CUST-100547,2026-08-01,32.07,Paid,0,0,0
INV-0003283,CUST-100548,2026-03-01,446.11,Paid,0,0,0
INV-0003284,CUST-100548,2026-04-01,445.72,Paid,0,0,0
INV-0003285,CUST-100548,2026-05-01,483.68,Paid,0,0,0
INV-0003286,CUST-100548,2026-06-01,455.13,Paid,0,0,0
INV-0003287,CUST-100548,2026-07-01,449.35,Paid,0,1,0
INV-0003288,CUST-100548,2026-08-01,461.84,Paid,0,0,0
INV-0003289,CUST-100549,2026-03-01,153.5,Paid,0,0,0
INV-0003290,CUST-100549,2026-04-01,164.28,Paid,0,0,0
INV-0003291,CUST-100549,2026-05-01,160.64,Paid,0,0,0
INV-0003292,CUST-100549,2026-06-01,160.35,Paid,0,0,0
INV-0003293,CUST-100549,2026-07-01,156.92,Paid,0,0,0
INV-0003294,CUST-100549,2026-08-01,150.27,Paid,0,0,0
INV-0003295,CUST-100550,2026-03-01,435.37,Paid,0,0,0
INV-0003296,CUST-100550,2026-04-01,429.24,Paid,0,0,0
INV-0003297,CUST-100550,2026-05-01,415.63,Paid,0,0,0
INV-0003298,CUST-100550,2026-06-01,418.56,Paid,0,0,0
INV-0003299,CUST-100550,2026-07-01,401.87,Paid,0,0,0
INV-0003300,CUST-100550,2026-08-01,452.23,Paid,0,0,0
INV-0003301,CUST-100551,2026-03-01,76.48,Paid,0,0,0
INV-0003302,CUST-100551,2026-04-01,75.62,Paid,0,0,0
INV-0003303,CUST-100551,2026-05-01,78.11,Paid,0,0,0
INV-0003304,CUST-100551,2026-06-01,73.91,Paid,0,0,0
INV-0003305,CUST-100551,2026-07-01,74.09,Paid,0,0,0
INV-0003306,CUST-100551,2026-08-01,75.73,Paid,0,0,0
INV-0003307,CUST-100552,2026-03-01,72.42,Paid,0,0,0
INV-0003308,CUST-100552,2026-04-01,74.99,Paid,0,0,0
INV-0003309,CUST-100552,2026-05-01,75.15,Paid,0,0,0
INV-0003310,CUST-100552,2026-06-01,78.02,Paid,0,0,0
INV-0003311,CUST-100552,2026-07-01,76.75,Paid,0,0,0
INV-0003312,CUST-100552,2026-08-01,73.81,Paid,0,0,0
INV-0003313,CUST-100553,2026-03-01,77.09,Late,21,0,0
INV-0003314,CUST-100553,2026-04-01,80.04,Paid,0,0,0
INV-0003315,CUST-100553,2026-05-01,77.21,Paid,0,0,0
INV-0003316,CUST-100553,2026-06-01,78.58,Paid,0,0,0
INV-0003317,CUST-100553,2026-07-01,77.27,Paid,0,0,0
INV-0003318,CUST-100553,2026-08-01,77.17,Paid,0,0,0
INV-0003319,CUST-100554,2026-03-01,36.55,Paid,0,0,0
INV-0003320,CUST-100554,2026-04-01,35.96,Paid,0,0,0
INV-0003321,CUST-100554,2026-05-01,34.84,Paid,0,0,0
INV-0003322,CUST-100554,2026-06-01,34.35,Paid,0,0,0
INV-0003323,CUST-100554,2026-07-01,36.63,Paid,0,0,0
INV-0003324,CUST-100554,2026-08-01,36.37,Paid,0,0,0
INV-0003325,CUST-100555,2026-03-01,180.74,Paid,0,0,0
INV-0003326,CUST-100555,2026-04-01,182.54,Paid,0,0,0
INV-0003327,CUST-100555,2026-05-01,183.82,Paid,0,0,0
INV-0003328,CUST-100555,2026-06-01,175.1,Paid,0,0,0
INV-0003329,CUST-100555,2026-07-01,183.22,Paid,0,0,0
INV-0003330,CUST-100555,2026-08-01,180.95,Paid,0,0,0
INV-0003331,CUST-100556,2026-03-01,181.26,Paid,0,0,0
INV-0003332,CUST-100556,2026-04-01,189.26,Paid,0,0,0
INV-0003333,CUST-100556,2026-05-01,187.65,Paid,0,0,0
INV-0003334,CUST-100556,2026-06-01,183.21,Paid,0,0,0
INV-0003335,CUST-100556,2026-07-01,185.53,Paid,0,0,0
INV-0003336,CUST-100556,2026-08-01,185.23,Paid,0,0,0
INV-0003337,CUST-100557,2026-03-01,135.65,Paid,0,0,0
INV-0003338,CUST-100557,2026-04-01,126.22,Paid,0,0,0
INV-0003339,CUST-100557,2026-05-01,136.24,Paid,0,0,0
INV-0003340,CUST-100557,2026-06-01,125.51,Paid,0,0,0
INV-0003341,CUST-100557,2026-07-01,133.44,Paid,0,0,0
INV-0003342,CUST-100557,2026-08-01,126.97,Paid,0,0,0
INV-0003343,CUST-100558,2026-03-01,156.92,Paid,0,0,0
INV-0003344,CUST-100558,2026-04-01,159.31,Paid,0,0,0
INV-0003345,CUST-100558,2026-05-01,161.92,Paid,0,0,0
INV-0003346,CUST-100558,2026-06-01,157.65,Paid,0,0,0
INV-0003347,CUST-100558,2026-07-01,151.64,Paid,0,0,0
INV-0003348,CUST-100558,2026-08-01,150.61,Paid,0,0,0
INV-0003349,CUST-100559,2026-03-01,188.39,Paid,0,0,0
INV-0003350,CUST-100559,2026-04-01,198.19,Paid,0,0,0
INV-0003351,CUST-100559,2026-05-01,177.67,Paid,0,0,0
INV-0003352,CUST-100559,2026-06-01,193.11,Paid,0,0,0
INV-0003353,CUST-100559,2026-07-01,192.33,Paid,0,0,0
INV-0003354,CUST-100559,2026-08-01,189.73,Paid,0,0,0
INV-0003355,CUST-100560,2026-03-01,147.31,Paid,0,0,0
INV-0003356,CUST-100560,2026-04-01,149.38,Paid,0,0,0
INV-0003357,CUST-100560,2026-05-01,151.65,Paid,0,0,0
INV-0003358,CUST-100560,2026-06-01,148.67,Paid,0,0,0
INV-0003359,CUST-100560,2026-07-01,146.47,Paid,0,0,0
INV-0003360,CUST-100560,2026-08-01,147.58,Paid,0,0,0
INV-0003361,CUST-100561,2026-03-01,90.0,Paid,0,0,0
INV-0003362,CUST-100561,2026-04-01,91.53,Paid,0,0,0
INV-0003363,CUST-100561,2026-05-01,90.43,Paid,0,0,0
INV-0003364,CUST-100561,2026-06-01,91.31,Paid,0,0,0
INV-0003365,CUST-100561,2026-07-01,90.87,Paid,0,0,0
INV-0003366,CUST-100561,2026-08-01,91.83,Paid,0,0,0
INV-0003367,CUST-100562,2026-03-01,34.96,Paid,0,0,0
INV-0003368,CUST-100562,2026-04-01,34.53,Paid,0,0,0
INV-0003369,CUST-100562,2026-05-01,35.81,Paid,0,0,0
INV-0003370,CUST-100562,2026-06-01,34.76,Paid,0,0,0
INV-0003371,CUST-100562,2026-07-01,35.38,Paid,0,0,0
INV-0003372,CUST-100562,2026-08-01,33.61,Paid,0,0,0
INV-0003373,CUST-100563,2026-03-01,181.57,Paid,0,0,0
INV-0003374,CUST-100563,2026-04-01,190.99,Paid,0,0,0
INV-0003375,CUST-100563,2026-05-01,185.45,Paid,0,0,0
INV-0003376,CUST-100563,2026-06-01,191.39,Paid,0,0,0
INV-0003377,CUST-100563,2026-07-01,181.79,Paid,0,0,0
INV-0003378,CUST-100563,2026-08-01,183.06,Paid,0,1,1
INV-0003379,CUST-100564,2026-03-01,186.12,Paid,0,0,0
INV-0003380,CUST-100564,2026-04-01,181.92,Paid,0,0,0
INV-0003381,CUST-100564,2026-05-01,183.92,Paid,0,0,0
INV-0003382,CUST-100564,2026-06-01,186.22,Paid,0,0,0
INV-0003383,CUST-100564,2026-07-01,189.24,Paid,0,0,0
INV-0003384,CUST-100564,2026-08-01,189.24,Paid,0,0,0
INV-0003385,CUST-100565,2026-03-01,76.58,Paid,0,0,0
INV-0003386,CUST-100565,2026-04-01,78.27,Paid,0,0,0
INV-0003387,CUST-100565,2026-05-01,74.62,Paid,0,0,0
INV-0003388,CUST-100565,2026-06-01,76.61,Paid,0,0,0
INV-0003389,CUST-100565,2026-07-01,79.59,Paid,0,0,0
INV-0003390,CUST-100565,2026-08-01,73.12,Paid,0,0,0
INV-0003391,CUST-100566,2026-03-01,36.4,Paid,0,0,0
INV-0003392,CUST-100566,2026-04-01,38.56,Paid,0,0,0
INV-0003393,CUST-100566,2026-05-01,35.85,Paid,0,0,0
INV-0003394,CUST-100566,2026-06-01,36.93,Late,7,0,0
INV-0003395,CUST-100566,2026-07-01,42.51,Paid,0,0,0
INV-0003396,CUST-100566,2026-08-01,39.45,Late,29,0,0
INV-0003397,CUST-100567,2026-03-01,155.69,Paid,0,0,0
INV-0003398,CUST-100567,2026-04-01,161.83,Paid,0,0,0
INV-0003399,CUST-100567,2026-05-01,157.66,Paid,0,0,0
INV-0003400,CUST-100567,2026-06-01,148.57,Paid,0,0,0
INV-0003401,CUST-100567,2026-07-01,154.12,Paid,0,0,0
INV-0003402,CUST-100567,2026-08-01,153.29,Paid,0,0,0
INV-0003403,CUST-100568,2026-03-01,97.38,Paid,0,0,0
INV-0003404,CUST-100568,2026-04-01,96.42,Paid,0,0,0
INV-0003405,CUST-100568,2026-05-01,101.26,Paid,0,0,0
INV-0003406,CUST-100568,2026-06-01,97.96,Paid,0,0,0
INV-0003407,CUST-100568,2026-07-01,99.26,Paid,0,0,0
INV-0003408,CUST-100568,2026-08-01,98.24,Late,4,0,0
INV-0003409,CUST-100569,2026-03-01,75.48,Paid,0,0,0
INV-0003410,CUST-100569,2026-04-01,74.13,Paid,0,0,0
INV-0003411,CUST-100569,2026-05-01,74.33,Paid,0,0,0
INV-0003412,CUST-100569,2026-06-01,79.3,Paid,0,1,1
INV-0003413,CUST-100569,2026-07-01,77.9,Paid,0,0,0
INV-0003414,CUST-100569,2026-08-01,74.85,Paid,0,0,0
INV-0003415,CUST-100570,2026-03-01,78.38,Paid,0,0,0
INV-0003416,CUST-100570,2026-04-01,79.26,Paid,0,0,0
INV-0003417,CUST-100570,2026-05-01,80.06,Paid,0,0,0
INV-0003418,CUST-100570,2026-06-01,81.78,Paid,0,0,0
INV-0003419,CUST-100570,2026-07-01,81.21,Paid,0,0,0
INV-0003420,CUST-100570,2026-08-01,78.55,Paid,0,0,0
INV-0003421,CUST-100571,2026-03-01,102.51,Paid,0,0,0
INV-0003422,CUST-100571,2026-04-01,114.24,Paid,0,0,0
INV-0003423,CUST-100571,2026-05-01,90.07,Paid,0,1,0
INV-0003424,CUST-100571,2026-06-01,101.2,Paid,0,0,0
INV-0003425,CUST-100571,2026-07-01,104.91,Paid,0,1,0
INV-0003426,CUST-100571,2026-08-01,86.67,Paid,0,0,0
INV-0003427,CUST-100572,2026-03-01,35.16,Paid,0,0,0
INV-0003428,CUST-100572,2026-04-01,37.47,Paid,0,0,0
INV-0003429,CUST-100572,2026-05-01,36.28,Paid,0,0,0
INV-0003430,CUST-100572,2026-06-01,37.66,Paid,0,0,0
INV-0003431,CUST-100572,2026-07-01,36.62,Paid,0,0,0
INV-0003432,CUST-100572,2026-08-01,36.2,Paid,0,0,0
INV-0003433,CUST-100573,2026-03-01,32.9,Paid,0,0,0
INV-0003434,CUST-100573,2026-04-01,34.41,Paid,0,0,0
INV-0003435,CUST-100573,2026-05-01,36.7,Paid,0,0,0
INV-0003436,CUST-100573,2026-06-01,33.23,Paid,0,0,0
INV-0003437,CUST-100573,2026-07-01,33.88,Paid,0,0,0
INV-0003438,CUST-100573,2026-08-01,34.35,Paid,0,0,0
INV-0003439,CUST-100574,2026-03-01,318.01,Paid,0,0,0
INV-0003440,CUST-100574,2026-04-01,306.56,Paid,0,0,0
INV-0003441,CUST-100574,2026-05-01,328.17,Paid,0,0,0
INV-0003442,CUST-100574,2026-06-01,317.15,Paid,0,0,0
INV-0003443,CUST-100574,2026-07-01,326.39,Paid,0,0,0
INV-0003444,CUST-100574,2026-08-01,331.37,Paid,0,1,0
INV-0003445,CUST-100575,2026-03-01,58.11,Paid,0,0,0
INV-0003446,CUST-100575,2026-04-01,61.24,Paid,0,0,0
INV-0003447,CUST-100575,2026-05-01,58.9,Paid,0,0,0
INV-0003448,CUST-100575,2026-06-01,61.33,Paid,0,0,0
INV-0003449,CUST-100575,2026-07-01,60.35,Paid,0,0,0
INV-0003450,CUST-100575,2026-08-01,56.88,Paid,0,0,0
INV-0003451,CUST-100576,2026-03-01,496.76,Paid,0,0,0
INV-0003452,CUST-100576,2026-04-01,491.09,Paid,0,0,0
INV-0003453,CUST-100576,2026-05-01,496.07,Paid,0,0,0
INV-0003454,CUST-100576,2026-06-01,510.75,Paid,0,0,0
INV-0003455,CUST-100576,2026-07-01,511.3,Paid,0,0,0
INV-0003456,CUST-100576,2026-08-01,486.53,Paid,0,0,0
INV-0003457,CUST-100577,2026-03-01,137.34,Late,24,0,0
INV-0003458,CUST-100577,2026-04-01,135.4,Paid,0,1,0
INV-0003459,CUST-100577,2026-05-01,136.83,Paid,0,0,0
INV-0003460,CUST-100577,2026-06-01,141.46,Paid,0,0,0
INV-0003461,CUST-100577,2026-07-01,136.28,Paid,0,0,0
INV-0003462,CUST-100577,2026-08-01,135.49,Paid,0,0,0
INV-0003463,CUST-100578,2026-03-01,151.72,Paid,0,0,0
INV-0003464,CUST-100578,2026-04-01,155.21,Paid,0,0,0
INV-0003465,CUST-100578,2026-05-01,147.67,Paid,0,0,0
INV-0003466,CUST-100578,2026-06-01,151.05,Paid,0,0,0
INV-0003467,CUST-100578,2026-07-01,149.69,Paid,0,0,0
INV-0003468,CUST-100578,2026-08-01,151.5,Paid,0,0,0
INV-0003469,CUST-100579,2026-03-01,152.27,Paid,0,0,0
INV-0003470,CUST-100579,2026-04-01,152.55,Paid,0,0,0
INV-0003471,CUST-100579,2026-05-01,151.05,Late,6,0,0
INV-0003472,CUST-100579,2026-06-01,152.91,Late,31,0,0
INV-0003473,CUST-100579,2026-07-01,149.18,Paid,0,0,0
INV-0003474,CUST-100579,2026-08-01,156.05,Paid,0,1,0
INV-0003475,CUST-100580,2026-03-01,32.34,Paid,0,0,0
INV-0003476,CUST-100580,2026-04-01,30.85,Paid,0,0,0
INV-0003477,CUST-100580,2026-05-01,32.65,Paid,0,0,0
INV-0003478,CUST-100580,2026-06-01,31.97,Paid,0,0,0
INV-0003479,CUST-100580,2026-07-01,31.75,Paid,0,0,0
INV-0003480,CUST-100580,2026-08-01,32.35,Paid,0,0,0
INV-0003481,CUST-100581,2026-03-01,77.37,Paid,0,0,0
INV-0003482,CUST-100581,2026-04-01,77.49,Paid,0,0,0
INV-0003483,CUST-100581,2026-05-01,75.64,Paid,0,0,0
INV-0003484,CUST-100581,2026-06-01,79.61,Paid,0,0,0
INV-0003485,CUST-100581,2026-07-01,77.13,Paid,0,0,0
INV-0003486,CUST-100581,2026-08-01,79.56,Paid,0,0,0
INV-0003487,CUST-100582,2026-03-01,398.01,Paid,0,0,0
INV-0003488,CUST-100582,2026-04-01,385.12,Late,26,0,0
INV-0003489,CUST-100582,2026-05-01,379.64,Late,27,0,0
INV-0003490,CUST-100582,2026-06-01,389.98,Paid,0,0,0
INV-0003491,CUST-100582,2026-07-01,388.2,Paid,0,0,0
INV-0003492,CUST-100582,2026-08-01,410.62,Paid,0,0,0
INV-0003493,CUST-100583,2026-03-01,398.51,Paid,0,0,0
INV-0003494,CUST-100583,2026-04-01,399.03,Paid,0,0,0
INV-0003495,CUST-100583,2026-05-01,408.61,Paid,0,0,0
INV-0003496,CUST-100583,2026-06-01,419.48,Paid,0,0,0
INV-0003497,CUST-100583,2026-07-01,395.86,Paid,0,0,0
INV-0003498,CUST-100583,2026-08-01,408.46,Paid,0,0,0
INV-0003499,CUST-100584,2026-03-01,431.16,Paid,0,0,0
INV-0003500,CUST-100584,2026-04-01,433.13,Paid,0,0,0
INV-0003501,CUST-100584,2026-05-01,444.86,Paid,0,0,0
INV-0003502,CUST-100584,2026-06-01,424.49,Paid,0,0,0
INV-0003503,CUST-100584,2026-07-01,411.67,Paid,0,0,0
INV-0003504,CUST-100584,2026-08-01,437.44,Paid,0,0,0
INV-0003505,CUST-100585,2026-03-01,61.5,Paid,0,0,0
INV-0003506,CUST-100585,2026-04-01,61.38,Paid,0,0,0
INV-0003507,CUST-100585,2026-05-01,59.27,Paid,0,0,0
INV-0003508,CUST-100585,2026-06-01,60.61,Paid,0,0,0
INV-0003509,CUST-100585,2026-07-01,59.92,Paid,0,0,0
INV-0003510,CUST-100585,2026-08-01,61.66,Paid,0,0,0
INV-0003511,CUST-100586,2026-03-01,77.84,Paid,0,0,0
INV-0003512,CUST-100586,2026-04-01,78.02,Paid,0,0,0
INV-0003513,CUST-100586,2026-05-01,82.33,Paid,0,0,0
INV-0003514,CUST-100586,2026-06-01,74.93,Paid,0,0,0
INV-0003515,CUST-100586,2026-07-01,75.53,Paid,0,0,0
INV-0003516,CUST-100586,2026-08-01,81.48,Paid,0,0,0
INV-0003517,CUST-100587,2026-03-01,165.39,Paid,0,0,0
INV-0003518,CUST-100587,2026-04-01,170.34,Paid,0,0,0
INV-0003519,CUST-100587,2026-05-01,168.02,Late,33,0,0
INV-0003520,CUST-100587,2026-06-01,164.63,Paid,0,1,0
INV-0003521,CUST-100587,2026-07-01,173.0,Paid,0,0,0
INV-0003522,CUST-100587,2026-08-01,160.77,Paid,0,0,0
INV-0003523,CUST-100588,2026-03-01,147.38,Paid,0,0,0
INV-0003524,CUST-100588,2026-04-01,151.31,Paid,0,0,0
INV-0003525,CUST-100588,2026-05-01,153.73,Paid,0,0,0
INV-0003526,CUST-100588,2026-06-01,145.06,Late,2,0,0
INV-0003527,CUST-100588,2026-07-01,147.2,Paid,0,0,0
INV-0003528,CUST-100588,2026-08-01,148.62,Paid,0,0,0
INV-0003529,CUST-100589,2026-03-01,68.8,Paid,0,0,0
INV-0003530,CUST-100589,2026-04-01,67.65,Paid,0,0,0
INV-0003531,CUST-100589,2026-05-01,67.45,Paid,0,0,0
INV-0003532,CUST-100589,2026-06-01,66.93,Paid,0,0,0
INV-0003533,CUST-100589,2026-07-01,68.56,Paid,0,0,0
INV-0003534,CUST-100589,2026-08-01,64.92,Paid,0,0,0
INV-0003535,CUST-100590,2026-03-01,169.52,Late,24,0,0
INV-0003536,CUST-100590,2026-04-01,158.69,Paid,0,0,0
INV-0003537,CUST-100590,2026-05-01,168.14,Paid,0,0,0
INV-0003538,CUST-100590,2026-06-01,158.21,Paid,0,0,0
INV-0003539,CUST-100590,2026-07-01,163.11,Paid,0,0,0
INV-0003540,CUST-100590,2026-08-01,162.08,Paid,0,0,0
INV-0003541,CUST-100591,2026-03-01,166.69,Paid,0,0,0
INV-0003542,CUST-100591,2026-04-01,165.48,Paid,0,0,0
INV-0003543,CUST-100591,2026-05-01,173.94,Paid,0,0,0
INV-0003544,CUST-100591,2026-06-01,178.19,Paid,0,0,0
INV-0003545,CUST-100591,2026-07-01,166.96,Paid,0,0,0
INV-0003546,CUST-100591,2026-08-01,170.28,Paid,0,0,0
INV-0003547,CUST-100592,2026-03-01,32.74,Paid,0,0,0
INV-0003548,CUST-100592,2026-04-01,32.69,Paid,0,0,0
INV-0003549,CUST-100592,2026-05-01,34.09,Paid,0,0,0
INV-0003550,CUST-100592,2026-06-01,34.44,Paid,0,0,0
INV-0003551,CUST-100592,2026-07-01,34.71,Paid,0,0,0
INV-0003552,CUST-100592,2026-08-01,33.25,Late,16,0,0
INV-0003553,CUST-100593,2026-03-01,135.34,Paid,0,0,0
INV-0003554,CUST-100593,2026-04-01,140.38,Paid,0,1,0
INV-0003555,CUST-100593,2026-05-01,144.01,Late,18,0,0
INV-0003556,CUST-100593,2026-06-01,142.89,Paid,0,0,0
INV-0003557,CUST-100593,2026-07-01,134.85,Paid,0,0,0
INV-0003558,CUST-100593,2026-08-01,139.89,Paid,0,0,0
INV-0003559,CUST-100594,2026-03-01,131.53,Paid,0,0,0
INV-0003560,CUST-100594,2026-04-01,138.52,Paid,0,0,0
INV-0003561,CUST-100594,2026-05-01,128.91,Paid,0,0,0
INV-0003562,CUST-100594,2026-06-01,135.37,Late,10,0,0
INV-0003563,CUST-100594,2026-07-01,131.2,Paid,0,0,0
INV-0003564,CUST-100594,2026-08-01,132.43,Paid,0,0,0
INV-0003565,CUST-100595,2026-03-01,150.15,Paid,0,0,0
INV-0003566,CUST-100595,2026-04-01,153.05,Paid,0,0,0
INV-0003567,CUST-100595,2026-05-01,154.52,Paid,0,0,0
INV-0003568,CUST-100595,2026-06-01,159.43,Paid,0,0,0
INV-0003569,CUST-100595,2026-07-01,159.69,Paid,0,0,0
INV-0003570,CUST-100595,2026-08-01,156.38,Paid,0,0,0
INV-0003571,CUST-100596,2026-03-01,75.28,Paid,0,1,0
INV-0003572,CUST-100596,2026-04-01,89.01,Paid,0,1,1
INV-0003573,CUST-100596,2026-05-01,75.21,Paid,0,0,0
INV-0003574,CUST-100596,2026-06-01,72.81,Paid,0,1,1
INV-0003575,CUST-100596,2026-07-01,94.51,Late,21,1,0
INV-0003576,CUST-100596,2026-08-01,88.79,Late,32,1,0
INV-0003577,CUST-100597,2026-03-01,40.12,Paid,0,0,0
INV-0003578,CUST-100597,2026-04-01,40.35,Late,13,0,0
INV-0003579,CUST-100597,2026-05-01,40.45,Paid,0,0,0
INV-0003580,CUST-100597,2026-06-01,40.29,Paid,0,0,0
INV-0003581,CUST-100597,2026-07-01,41.25,Paid,0,0,0
INV-0003582,CUST-100597,2026-08-01,39.41,Paid,0,0,0
INV-0003583,CUST-100598,2026-03-01,71.41,Paid,0,0,0
INV-0003584,CUST-100598,2026-04-01,71.09,Late,10,1,0
INV-0003585,CUST-100598,2026-05-01,70.22,Paid,0,0,0
INV-0003586,CUST-100598,2026-06-01,69.29,Late,7,1,0
INV-0003587,CUST-100598,2026-07-01,72.62,Paid,0,0,0
INV-0003588,CUST-100598,2026-08-01,72.05,Paid,0,0,0
INV-0003589,CUST-100599,2026-03-01,65.96,Paid,0,0,0
INV-0003590,CUST-100599,2026-04-01,67.27,Paid,0,0,0
INV-0003591,CUST-100599,2026-05-01,65.81,Paid,0,0,0
INV-0003592,CUST-100599,2026-06-01,64.9,Late,14,0,0
INV-0003593,CUST-100599,2026-07-01,66.18,Paid,0,0,0
INV-0003594,CUST-100599,2026-08-01,69.38,Paid,0,0,0
INV-0003595,CUST-100600,2026-03-01,329.91,Late,32,0,0
INV-0003596,CUST-100600,2026-04-01,342.32,Paid,0,0,0
INV-0003597,CUST-100600,2026-05-01,317.17,Paid,0,0,0
INV-0003598,CUST-100600,2026-06-01,360.04,Paid,0,0,0
INV-0003599,CUST-100600,2026-07-01,333.83,Paid,0,0,0
INV-0003600,CUST-100600,2026-08-01,341.41,Paid,0,0,0
INV-0003601,CUST-100601,2026-03-01,180.61,Paid,0,1,0
INV-0003602,CUST-100601,2026-04-01,146.58,Paid,0,0,0
INV-0003603,CUST-100601,2026-05-01,146.89,Paid,0,0,0
INV-0003604,CUST-100601,2026-06-01,186.39,Late,31,0,0
INV-0003605,CUST-100601,2026-07-01,186.1,Paid,0,1,0
INV-0003606,CUST-100601,2026-08-01,180.14,Paid,0,0,0
INV-0003607,CUST-100602,2026-03-01,80.45,Paid,0,0,0
INV-0003608,CUST-100602,2026-04-01,76.35,Paid,0,0,0
INV-0003609,CUST-100602,2026-05-01,77.49,Paid,0,0,0
INV-0003610,CUST-100602,2026-06-01,78.64,Paid,0,0,0
INV-0003611,CUST-100602,2026-07-01,81.82,Paid,0,0,0
INV-0003612,CUST-100602,2026-08-01,76.99,Paid,0,0,0
INV-0003613,CUST-100603,2026-03-01,80.5,Paid,0,0,0
INV-0003614,CUST-100603,2026-04-01,91.48,Paid,0,0,0
INV-0003615,CUST-100603,2026-05-01,84.23,Paid,0,0,0
INV-0003616,CUST-100603,2026-06-01,82.23,Paid,0,0,0
INV-0003617,CUST-100603,2026-07-01,85.67,Paid,0,0,0
INV-0003618,CUST-100603,2026-08-01,83.75,Paid,0,0,0
INV-0003619,CUST-100604,2026-03-01,35.88,Paid,0,0,0
INV-0003620,CUST-100604,2026-04-01,34.75,Paid,0,0,0
INV-0003621,CUST-100604,2026-05-01,35.19,Paid,0,0,0
INV-0003622,CUST-100604,2026-06-01,36.23,Paid,0,0,0
INV-0003623,CUST-100604,2026-07-01,35.58,Late,31,0,0
INV-0003624,CUST-100604,2026-08-01,33.82,Paid,0,0,0
INV-0003625,CUST-100605,2026-03-01,84.42,Paid,0,0,0
INV-0003626,CUST-100605,2026-04-01,78.78,Paid,0,0,0
INV-0003627,CUST-100605,2026-05-01,78.03,Paid,0,0,0
INV-0003628,CUST-100605,2026-06-01,76.76,Paid,0,0,0
INV-0003629,CUST-100605,2026-07-01,78.38,Paid,0,0,0
INV-0003630,CUST-100605,2026-08-01,79.35,Paid,0,0,0
INV-0003631,CUST-100606,2026-03-01,55.89,Paid,0,0,0
INV-0003632,CUST-100606,2026-04-01,55.7,Paid,0,0,0
INV-0003633,CUST-100606,2026-05-01,56.24,Paid,0,0,0
INV-0003634,CUST-100606,2026-06-01,56.19,Paid,0,0,0
INV-0003635,CUST-100606,2026-07-01,56.91,Paid,0,0,0
INV-0003636,CUST-100606,2026-08-01,59.88,Paid,0,0,0
INV-0003637,CUST-100607,2026-03-01,36.41,Paid,0,0,0
INV-0003638,CUST-100607,2026-04-01,35.98,Paid,0,0,0
INV-0003639,CUST-100607,2026-05-01,36.37,Paid,0,0,0
INV-0003640,CUST-100607,2026-06-01,38.19,Paid,0,0,0
INV-0003641,CUST-100607,2026-07-01,35.31,Paid,0,0,0
INV-0003642,CUST-100607,2026-08-01,35.51,Paid,0,0,0
INV-0003643,CUST-100608,2026-03-01,34.65,Paid,0,0,0
INV-0003644,CUST-100608,2026-04-01,34.51,Paid,0,0,0
INV-0003645,CUST-100608,2026-05-01,33.22,Paid,0,1,0
INV-0003646,CUST-100608,2026-06-01,33.22,Paid,0,0,0
INV-0003647,CUST-100608,2026-07-01,33.56,Paid,0,0,0
INV-0003648,CUST-100608,2026-08-01,35.96,Paid,0,0,0
INV-0003649,CUST-100609,2026-03-01,130.33,Paid,0,0,0
INV-0003650,CUST-100609,2026-04-01,130.3,Paid,0,0,0
INV-0003651,CUST-100609,2026-05-01,132.03,Paid,0,0,0
INV-0003652,CUST-100609,2026-06-01,140.95,Paid,0,0,0
INV-0003653,CUST-100609,2026-07-01,126.32,Paid,0,0,0
INV-0003654,CUST-100609,2026-08-01,130.21,Paid,0,0,0
INV-0003655,CUST-100610,2026-03-01,33.56,Paid,0,0,0
INV-0003656,CUST-100610,2026-04-01,32.61,Late,34,0,0
INV-0003657,CUST-100610,2026-05-01,34.74,Paid,0,0,0
INV-0003658,CUST-100610,2026-06-01,33.45,Paid,0,1,0
INV-0003659,CUST-100610,2026-07-01,33.64,Paid,0,0,0
INV-0003660,CUST-100610,2026-08-01,32.92,Paid,0,0,0
INV-0003661,CUST-100611,2026-03-01,81.6,Paid,0,0,0
INV-0003662,CUST-100611,2026-04-01,79.48,Paid,0,0,0
INV-0003663,CUST-100611,2026-05-01,81.61,Paid,0,0,0
INV-0003664,CUST-100611,2026-06-01,80.79,Paid,0,1,1
INV-0003665,CUST-100611,2026-07-01,80.85,Late,9,0,0
INV-0003666,CUST-100611,2026-08-01,83.93,Paid,0,0,0
INV-0003667,CUST-100612,2026-03-01,78.82,Late,3,0,0
INV-0003668,CUST-100612,2026-04-01,77.79,Paid,0,1,1
INV-0003669,CUST-100612,2026-05-01,81.7,Late,19,1,1
INV-0003670,CUST-100612,2026-06-01,86.39,Paid,0,0,0
INV-0003671,CUST-100612,2026-07-01,80.05,Late,31,0,0
INV-0003672,CUST-100612,2026-08-01,79.11,Paid,0,1,1
INV-0003673,CUST-100613,2026-03-01,98.07,Paid,0,0,0
INV-0003674,CUST-100613,2026-04-01,100.3,Paid,0,0,0
INV-0003675,CUST-100613,2026-05-01,99.56,Paid,0,0,0
INV-0003676,CUST-100613,2026-06-01,103.12,Paid,0,0,0
INV-0003677,CUST-100613,2026-07-01,98.02,Paid,0,0,0
INV-0003678,CUST-100613,2026-08-01,97.83,Paid,0,0,0
INV-0003679,CUST-100614,2026-03-01,183.41,Paid,0,0,0
INV-0003680,CUST-100614,2026-04-01,211.48,Paid,0,0,0
INV-0003681,CUST-100614,2026-05-01,170.3,Paid,0,0,0
INV-0003682,CUST-100614,2026-06-01,167.5,Paid,0,1,1
INV-0003683,CUST-100614,2026-07-01,171.09,Late,2,0,0
INV-0003684,CUST-100614,2026-08-01,171.14,Paid,0,0,0
INV-0003685,CUST-100615,2026-03-01,35.8,Paid,0,0,0
INV-0003686,CUST-100615,2026-04-01,34.69,Paid,0,0,0
INV-0003687,CUST-100615,2026-05-01,34.9,Paid,0,0,0
INV-0003688,CUST-100615,2026-06-01,33.74,Paid,0,0,0
INV-0003689,CUST-100615,2026-07-01,35.32,Paid,0,0,0
INV-0003690,CUST-100615,2026-08-01,34.89,Paid,0,0,0
INV-0003691,CUST-100616,2026-03-01,69.89,Paid,0,0,0
INV-0003692,CUST-100616,2026-04-01,70.0,Paid,0,0,0
INV-0003693,CUST-100616,2026-05-01,71.71,Paid,0,0,0
INV-0003694,CUST-100616,2026-06-01,67.76,Paid,0,0,0
INV-0003695,CUST-100616,2026-07-01,69.83,Paid,0,0,0
INV-0003696,CUST-100616,2026-08-01,71.55,Paid,0,0,0
INV-0003697,CUST-100617,2026-03-01,426.36,Paid,0,0,0
INV-0003698,CUST-100617,2026-04-01,448.86,Paid,0,0,0
INV-0003699,CUST-100617,2026-05-01,410.07,Paid,0,0,0
INV-0003700,CUST-100617,2026-06-01,429.3,Paid,0,0,0
INV-0003701,CUST-100617,2026-07-01,442.63,Paid,0,0,0
INV-0003702,CUST-100617,2026-08-01,416.43,Paid,0,0,0
INV-0003703,CUST-100618,2026-03-01,90.35,Paid,0,0,0
INV-0003704,CUST-100618,2026-04-01,88.55,Paid,0,0,0
INV-0003705,CUST-100618,2026-05-01,88.12,Paid,0,0,0
INV-0003706,CUST-100618,2026-06-01,91.09,Paid,0,0,0
INV-0003707,CUST-100618,2026-07-01,89.92,Paid,0,0,0
INV-0003708,CUST-100618,2026-08-01,85.42,Paid,0,0,0
INV-0003709,CUST-100619,2026-03-01,104.94,Paid,0,1,0
INV-0003710,CUST-100619,2026-04-01,93.88,Paid,0,0,0
INV-0003711,CUST-100619,2026-05-01,103.36,Late,33,0,0
INV-0003712,CUST-100619,2026-06-01,83.53,Paid,0,0,0
INV-0003713,CUST-100619,2026-07-01,84.26,Paid,0,0,0
INV-0003714,CUST-100619,2026-08-01,103.38,Paid,0,0,0
INV-0003715,CUST-100620,2026-03-01,46.9,Paid,0,1,0
INV-0003716,CUST-100620,2026-04-01,37.35,Late,31,0,0
INV-0003717,CUST-100620,2026-05-01,36.75,Paid,0,1,0
INV-0003718,CUST-100620,2026-06-01,36.04,Paid,0,1,0
INV-0003719,CUST-100620,2026-07-01,36.31,Late,28,0,0
INV-0003720,CUST-100620,2026-08-01,37.83,Late,6,0,0
INV-0003721,CUST-100621,2026-03-01,36.83,Paid,0,0,0
INV-0003722,CUST-100621,2026-04-01,36.34,Paid,0,0,0
INV-0003723,CUST-100621,2026-05-01,38.76,Paid,0,0,0
INV-0003724,CUST-100621,2026-06-01,38.82,Paid,0,0,0
INV-0003725,CUST-100621,2026-07-01,38.26,Paid,0,0,0
INV-0003726,CUST-100621,2026-08-01,38.8,Paid,0,0,0
INV-0003727,CUST-100622,2026-03-01,39.55,Paid,0,0,0
INV-0003728,CUST-100622,2026-04-01,49.81,Late,25,1,0
INV-0003729,CUST-100622,2026-05-01,38.58,Late,31,0,0
INV-0003730,CUST-100622,2026-06-01,51.47,Paid,0,1,0
INV-0003731,CUST-100622,2026-07-01,39.93,Late,17,0,0
INV-0003732,CUST-100622,2026-08-01,46.01,Paid,0,0,0
INV-0003733,CUST-100623,2026-03-01,137.36,Paid,0,0,0
INV-0003734,CUST-100623,2026-04-01,144.04,Paid,0,0,0
INV-0003735,CUST-100623,2026-05-01,136.58,Paid,0,0,0
INV-0003736,CUST-100623,2026-06-01,138.6,Paid,0,0,0
INV-0003737,CUST-100623,2026-07-01,139.1,Paid,0,0,0
INV-0003738,CUST-100623,2026-08-01,138.82,Paid,0,0,0
INV-0003739,CUST-100624,2026-03-01,80.27,Paid,0,0,0
INV-0003740,CUST-100624,2026-04-01,78.49,Paid,0,0,0
INV-0003741,CUST-100624,2026-05-01,82.74,Paid,0,0,0
INV-0003742,CUST-100624,2026-06-01,82.23,Paid,0,0,0
INV-0003743,CUST-100624,2026-07-01,79.66,Late,13,0,0
INV-0003744,CUST-100624,2026-08-01,79.01,Paid,0,0,0
INV-0003745,CUST-100625,2026-03-01,34.51,Paid,0,1,0
INV-0003746,CUST-100625,2026-04-01,34.31,Paid,0,0,0
INV-0003747,CUST-100625,2026-05-01,34.8,Paid,0,0,0
INV-0003748,CUST-100625,2026-06-01,34.13,Paid,0,0,0
INV-0003749,CUST-100625,2026-07-01,34.94,Paid,0,0,0
INV-0003750,CUST-100625,2026-08-01,34.87,Paid,0,0,0
INV-0003751,CUST-100626,2026-03-01,91.73,Paid,0,0,0
INV-0003752,CUST-100626,2026-04-01,90.78,Paid,0,0,0
INV-0003753,CUST-100626,2026-05-01,90.82,Paid,0,0,0
INV-0003754,CUST-100626,2026-06-01,89.58,Paid,0,0,0
INV-0003755,CUST-100626,2026-07-01,93.11,Paid,0,0,0
INV-0003756,CUST-100626,2026-08-01,94.45,Paid,0,0,0
INV-0003757,CUST-100627,2026-03-01,163.62,Paid,0,0,0
INV-0003758,CUST-100627,2026-04-01,169.22,Paid,0,0,0
INV-0003759,CUST-100627,2026-05-01,167.83,Paid,0,0,0
INV-0003760,CUST-100627,2026-06-01,166.32,Paid,0,0,0
INV-0003761,CUST-100627,2026-07-01,165.18,Paid,0,0,0
INV-0003762,CUST-100627,2026-08-01,168.83,Paid,0,0,0
INV-0003763,CUST-100628,2026-03-01,86.05,Paid,0,0,0
INV-0003764,CUST-100628,2026-04-01,80.05,Paid,0,0,0
INV-0003765,CUST-100628,2026-05-01,80.56,Paid,0,1,1
INV-0003766,CUST-100628,2026-06-01,80.96,Paid,0,0,0
INV-0003767,CUST-100628,2026-07-01,79.35,Paid,0,0,0
INV-0003768,CUST-100628,2026-08-01,83.32,Paid,0,0,0
INV-0003769,CUST-100629,2026-03-01,89.49,Paid,0,0,0
INV-0003770,CUST-100629,2026-04-01,88.5,Paid,0,0,0
INV-0003771,CUST-100629,2026-05-01,83.83,Paid,0,0,0
INV-0003772,CUST-100629,2026-06-01,86.19,Paid,0,0,0
INV-0003773,CUST-100629,2026-07-01,90.49,Paid,0,0,0
INV-0003774,CUST-100629,2026-08-01,85.95,Paid,0,1,0
INV-0003775,CUST-100630,2026-03-01,33.15,Paid,0,0,0
INV-0003776,CUST-100630,2026-04-01,32.86,Paid,0,0,0
INV-0003777,CUST-100630,2026-05-01,33.94,Paid,0,0,0
INV-0003778,CUST-100630,2026-06-01,34.69,Paid,0,0,0
INV-0003779,CUST-100630,2026-07-01,33.11,Paid,0,0,0
INV-0003780,CUST-100630,2026-08-01,34.15,Paid,0,0,0
INV-0003781,CUST-100631,2026-03-01,94.86,Paid,0,0,0
INV-0003782,CUST-100631,2026-04-01,97.97,Paid,0,0,0
INV-0003783,CUST-100631,2026-05-01,92.84,Paid,0,0,0
INV-0003784,CUST-100631,2026-06-01,91.21,Paid,0,0,0
INV-0003785,CUST-100631,2026-07-01,92.83,Late,23,0,0
INV-0003786,CUST-100631,2026-08-01,94.64,Paid,0,0,0
INV-0003787,CUST-100632,2026-03-01,43.48,Paid,0,0,0
INV-0003788,CUST-100632,2026-04-01,41.33,Paid,0,0,0
INV-0003789,CUST-100632,2026-05-01,41.76,Paid,0,0,0
INV-0003790,CUST-100632,2026-06-01,41.1,Paid,0,0,0
INV-0003791,CUST-100632,2026-07-01,42.43,Paid,0,0,0
INV-0003792,CUST-100632,2026-08-01,41.68,Paid,0,0,0
INV-0003793,CUST-100633,2026-03-01,181.64,Paid,0,0,0
INV-0003794,CUST-100633,2026-04-01,169.14,Paid,0,0,0
INV-0003795,CUST-100633,2026-05-01,172.75,Paid,0,0,0
INV-0003796,CUST-100633,2026-06-01,178.26,Paid,0,1,0
INV-0003797,CUST-100633,2026-07-01,171.97,Paid,0,0,0
INV-0003798,CUST-100633,2026-08-01,185.67,Paid,0,0,0
INV-0003799,CUST-100634,2026-03-01,35.28,Late,9,0,0
INV-0003800,CUST-100634,2026-04-01,44.7,Paid,0,1,1
INV-0003801,CUST-100634,2026-05-01,35.21,Paid,0,0,0
INV-0003802,CUST-100634,2026-06-01,33.72,Paid,0,0,0
INV-0003803,CUST-100634,2026-07-01,35.47,Paid,0,0,0
INV-0003804,CUST-100634,2026-08-01,36.02,Late,34,1,0
INV-0003805,CUST-100635,2026-03-01,71.93,Paid,0,0,0
INV-0003806,CUST-100635,2026-04-01,71.78,Paid,0,0,0
INV-0003807,CUST-100635,2026-05-01,69.33,Paid,0,0,0
INV-0003808,CUST-100635,2026-06-01,69.7,Paid,0,0,0
INV-0003809,CUST-100635,2026-07-01,73.12,Paid,0,0,0
INV-0003810,CUST-100635,2026-08-01,72.05,Late,4,0,0
INV-0003811,CUST-100636,2026-03-01,88.99,Paid,0,0,0
INV-0003812,CUST-100636,2026-04-01,89.19,Paid,0,0,0
INV-0003813,CUST-100636,2026-05-01,88.31,Paid,0,0,0
INV-0003814,CUST-100636,2026-06-01,93.48,Paid,0,0,0
INV-0003815,CUST-100636,2026-07-01,90.55,Paid,0,0,0
INV-0003816,CUST-100636,2026-08-01,89.81,Paid,0,0,0
INV-0003817,CUST-100637,2026-03-01,84.24,Paid,0,0,0
INV-0003818,CUST-100637,2026-04-01,84.59,Paid,0,0,0
INV-0003819,CUST-100637,2026-05-01,90.97,Late,32,0,0
INV-0003820,CUST-100637,2026-06-01,88.01,Paid,0,0,0
INV-0003821,CUST-100637,2026-07-01,85.91,Paid,0,0,0
INV-0003822,CUST-100637,2026-08-01,85.66,Paid,0,0,0
INV-0003823,CUST-100638,2026-03-01,418.86,Paid,0,0,0
INV-0003824,CUST-100638,2026-04-01,396.57,Paid,0,0,0
INV-0003825,CUST-100638,2026-05-01,380.88,Paid,0,0,0
INV-0003826,CUST-100638,2026-06-01,385.19,Paid,0,0,0
INV-0003827,CUST-100638,2026-07-01,414.39,Paid,0,0,0
INV-0003828,CUST-100638,2026-08-01,393.25,Paid,0,0,0
INV-0003829,CUST-100639,2026-03-01,180.21,Paid,0,0,0
INV-0003830,CUST-100639,2026-04-01,187.21,Paid,0,0,0
INV-0003831,CUST-100639,2026-05-01,175.02,Paid,0,0,0
INV-0003832,CUST-100639,2026-06-01,175.93,Paid,0,0,0
INV-0003833,CUST-100639,2026-07-01,170.76,Paid,0,0,0
INV-0003834,CUST-100639,2026-08-01,179.29,Paid,0,0,0
INV-0003835,CUST-100640,2026-03-01,73.33,Paid,0,0,0
INV-0003836,CUST-100640,2026-04-01,74.23,Paid,0,0,0
INV-0003837,CUST-100640,2026-05-01,73.01,Paid,0,0,0
INV-0003838,CUST-100640,2026-06-01,73.06,Paid,0,0,0
INV-0003839,CUST-100640,2026-07-01,74.82,Paid,0,0,0
INV-0003840,CUST-100640,2026-08-01,73.91,Paid,0,0,0
INV-0003841,CUST-100641,2026-03-01,491.91,Paid,0,0,0
INV-0003842,CUST-100641,2026-04-01,522.41,Paid,0,0,0
INV-0003843,CUST-100641,2026-05-01,402.73,Late,17,0,0
INV-0003844,CUST-100641,2026-06-01,392.18,Paid,0,0,0
INV-0003845,CUST-100641,2026-07-01,539.49,Late,9,1,0
INV-0003846,CUST-100641,2026-08-01,444.88,Paid,0,0,0
INV-0003847,CUST-100642,2026-03-01,39.36,Paid,0,0,0
INV-0003848,CUST-100642,2026-04-01,40.02,Late,24,0,0
INV-0003849,CUST-100642,2026-05-01,38.16,Paid,0,0,0
INV-0003850,CUST-100642,2026-06-01,38.47,Late,17,0,0
INV-0003851,CUST-100642,2026-07-01,39.57,Paid,0,0,0
INV-0003852,CUST-100642,2026-08-01,38.57,Paid,0,0,0
INV-0003853,CUST-100643,2026-03-01,80.51,Paid,0,0,0
INV-0003854,CUST-100643,2026-04-01,78.44,Paid,0,0,0
INV-0003855,CUST-100643,2026-05-01,80.85,Paid,0,0,0
INV-0003856,CUST-100643,2026-06-01,78.5,Paid,0,0,0
INV-0003857,CUST-100643,2026-07-01,82.72,Paid,0,0,0
INV-0003858,CUST-100643,2026-08-01,76.28,Paid,0,0,0
INV-0003859,CUST-100644,2026-03-01,85.41,Paid,0,0,0
INV-0003860,CUST-100644,2026-04-01,84.92,Paid,0,0,0
INV-0003861,CUST-100644,2026-05-01,87.05,Paid,0,0,0
INV-0003862,CUST-100644,2026-06-01,83.13,Paid,0,0,0
INV-0003863,CUST-100644,2026-07-01,90.11,Paid,0,0,0
INV-0003864,CUST-100644,2026-08-01,82.96,Paid,0,0,0
INV-0003865,CUST-100645,2026-03-01,34.66,Late,24,0,0
INV-0003866,CUST-100645,2026-04-01,34.22,Paid,0,0,0
INV-0003867,CUST-100645,2026-05-01,38.61,Late,7,0,0
INV-0003868,CUST-100645,2026-06-01,34.88,Late,7,0,0
INV-0003869,CUST-100645,2026-07-01,34.24,Paid,0,0,0
INV-0003870,CUST-100645,2026-08-01,45.62,Paid,0,0,0
INV-0003871,CUST-100646,2026-03-01,159.23,Paid,0,0,0
INV-0003872,CUST-100646,2026-04-01,157.85,Paid,0,0,0
INV-0003873,CUST-100646,2026-05-01,155.37,Paid,0,0,0
INV-0003874,CUST-100646,2026-06-01,161.96,Paid,0,0,0
INV-0003875,CUST-100646,2026-07-01,166.2,Paid,0,0,0
INV-0003876,CUST-100646,2026-08-01,155.72,Paid,0,0,0
INV-0003877,CUST-100647,2026-03-01,141.08,Paid,0,0,0
INV-0003878,CUST-100647,2026-04-01,141.41,Paid,0,0,0
INV-0003879,CUST-100647,2026-05-01,147.34,Paid,0,0,0
INV-0003880,CUST-100647,2026-06-01,145.11,Paid,0,0,0
INV-0003881,CUST-100647,2026-07-01,147.17,Paid,0,0,0
INV-0003882,CUST-100647,2026-08-01,152.67,Paid,0,0,0
INV-0003883,CUST-100648,2026-03-01,32.29,Paid,0,0,0
INV-0003884,CUST-100648,2026-04-01,31.65,Paid,0,0,0
INV-0003885,CUST-100648,2026-05-01,33.41,Paid,0,1,1
INV-0003886,CUST-100648,2026-06-01,34.28,Paid,0,0,0
INV-0003887,CUST-100648,2026-07-01,32.48,Paid,0,0,0
INV-0003888,CUST-100648,2026-08-01,33.91,Paid,0,0,0
INV-0003889,CUST-100649,2026-03-01,145.35,Paid,0,0,0
INV-0003890,CUST-100649,2026-04-01,145.88,Late,1,0,0
INV-0003891,CUST-100649,2026-05-01,141.72,Paid,0,0,0
INV-0003892,CUST-100649,2026-06-01,150.12,Paid,0,0,0
INV-0003893,CUST-100649,2026-07-01,137.28,Paid,0,0,0
INV-0003894,CUST-100649,2026-08-01,146.76,Paid,0,0,0
INV-0003895,CUST-100650,2026-03-01,82.85,Paid,0,0,0
INV-0003896,CUST-100650,2026-04-01,83.71,Paid,0,0,0
INV-0003897,CUST-100650,2026-05-01,86.55,Late,1,0,0
INV-0003898,CUST-100650,2026-06-01,88.92,Late,15,0,0
INV-0003899,CUST-100650,2026-07-01,99.65,Paid,0,1,1
INV-0003900,CUST-100650,2026-08-01,83.04,Paid,0,0,0
INV-0003901,CUST-100651,2026-03-01,41.75,Paid,0,0,0
INV-0003902,CUST-100651,2026-04-01,42.37,Paid,0,0,0
INV-0003903,CUST-100651,2026-05-01,42.72,Paid,0,0,0
INV-0003904,CUST-100651,2026-06-01,43.25,Late,4,0,0
INV-0003905,CUST-100651,2026-07-01,43.32,Paid,0,0,0
INV-0003906,CUST-100651,2026-08-01,40.84,Paid,0,0,0
INV-0003907,CUST-100652,2026-03-01,88.77,Paid,0,0,0
INV-0003908,CUST-100652,2026-04-01,83.76,Paid,0,0,0
INV-0003909,CUST-100652,2026-05-01,87.09,Paid,0,0,0
INV-0003910,CUST-100652,2026-06-01,85.41,Paid,0,0,0
INV-0003911,CUST-100652,2026-07-01,84.46,Paid,0,0,0
INV-0003912,CUST-100652,2026-08-01,83.19,Paid,0,0,0
INV-0003913,CUST-100653,2026-03-01,29.48,Paid,0,0,0
INV-0003914,CUST-100653,2026-04-01,27.76,Paid,0,0,0
INV-0003915,CUST-100653,2026-05-01,28.81,Paid,0,0,0
INV-0003916,CUST-100653,2026-06-01,27.42,Paid,0,0,0
INV-0003917,CUST-100653,2026-07-01,29.42,Paid,0,0,0
INV-0003918,CUST-100653,2026-08-01,27.83,Paid,0,0,0
INV-0003919,CUST-100654,2026-03-01,82.45,Paid,0,0,0
INV-0003920,CUST-100654,2026-04-01,82.5,Paid,0,1,1
INV-0003921,CUST-100654,2026-05-01,77.81,Paid,0,0,0
INV-0003922,CUST-100654,2026-06-01,80.25,Paid,0,0,0
INV-0003923,CUST-100654,2026-07-01,80.29,Paid,0,0,0
INV-0003924,CUST-100654,2026-08-01,80.97,Paid,0,0,0
INV-0003925,CUST-100655,2026-03-01,86.62,Paid,0,0,0
INV-0003926,CUST-100655,2026-04-01,86.65,Paid,0,0,0
INV-0003927,CUST-100655,2026-05-01,88.89,Paid,0,0,0
INV-0003928,CUST-100655,2026-06-01,85.63,Paid,0,0,0
INV-0003929,CUST-100655,2026-07-01,83.04,Paid,0,0,0
INV-0003930,CUST-100655,2026-08-01,87.48,Paid,0,0,0
INV-0003931,CUST-100656,2026-03-01,95.1,Paid,0,1,1
INV-0003932,CUST-100656,2026-04-01,100.24,Paid,0,0,0
INV-0003933,CUST-100656,2026-05-01,103.85,Paid,0,0,0
INV-0003934,CUST-100656,2026-06-01,101.18,Paid,0,0,0
INV-0003935,CUST-100656,2026-07-01,96.83,Paid,0,0,0
INV-0003936,CUST-100656,2026-08-01,97.19,Paid,0,0,0
INV-0003937,CUST-100657,2026-03-01,71.79,Paid,0,0,0
INV-0003938,CUST-100657,2026-04-01,73.34,Paid,0,0,0
INV-0003939,CUST-100657,2026-05-01,72.63,Paid,0,0,0
INV-0003940,CUST-100657,2026-06-01,73.19,Paid,0,0,0
INV-0003941,CUST-100657,2026-07-01,71.48,Paid,0,0,0
INV-0003942,CUST-100657,2026-08-01,70.98,Paid,0,0,0
INV-0003943,CUST-100658,2026-03-01,80.25,Paid,0,0,0
INV-0003944,CUST-100658,2026-04-01,79.27,Paid,0,0,0
INV-0003945,CUST-100658,2026-05-01,84.38,Paid,0,0,0
INV-0003946,CUST-100658,2026-06-01,84.32,Paid,0,0,0
INV-0003947,CUST-100658,2026-07-01,79.38,Paid,0,0,0
INV-0003948,CUST-100658,2026-08-01,81.46,Paid,0,0,0
INV-0003949,CUST-100659,2026-03-01,157.34,Paid,0,0,0
INV-0003950,CUST-100659,2026-04-01,159.49,Paid,0,0,0
INV-0003951,CUST-100659,2026-05-01,146.85,Paid,0,0,0
INV-0003952,CUST-100659,2026-06-01,158.27,Paid,0,0,0
INV-0003953,CUST-100659,2026-07-01,152.1,Paid,0,0,0
INV-0003954,CUST-100659,2026-08-01,151.61,Paid,0,0,0
INV-0003955,CUST-100660,2026-03-01,66.52,Paid,0,0,0
INV-0003956,CUST-100660,2026-04-01,64.89,Paid,0,0,0
INV-0003957,CUST-100660,2026-05-01,67.53,Paid,0,0,0
INV-0003958,CUST-100660,2026-06-01,69.22,Paid,0,0,0
INV-0003959,CUST-100660,2026-07-01,63.63,Paid,0,0,0
INV-0003960,CUST-100660,2026-08-01,68.2,Paid,0,0,0
INV-0003961,CUST-100661,2026-03-01,69.55,Paid,0,0,0
INV-0003962,CUST-100661,2026-04-01,68.24,Paid,0,0,0
INV-0003963,CUST-100661,2026-05-01,68.49,Paid,0,0,0
INV-0003964,CUST-100661,2026-06-01,66.33,Paid,0,0,0
INV-0003965,CUST-100661,2026-07-01,68.21,Paid,0,0,0
INV-0003966,CUST-100661,2026-08-01,68.32,Paid,0,0,0
INV-0003967,CUST-100662,2026-03-01,85.21,Paid,0,0,0
INV-0003968,CUST-100662,2026-04-01,88.03,Paid,0,0,0
INV-0003969,CUST-100662,2026-05-01,87.52,Paid,0,0,0
INV-0003970,CUST-100662,2026-06-01,83.07,Paid,0,0,0
INV-0003971,CUST-100662,2026-07-01,86.81,Paid,0,0,0
INV-0003972,CUST-100662,2026-08-01,90.56,Paid,0,0,0
INV-0003973,CUST-100663,2026-03-01,32.88,Late,16,1,0
INV-0003974,CUST-100663,2026-04-01,33.44,Paid,0,0,0
INV-0003975,CUST-100663,2026-05-01,33.96,Paid,0,0,0
INV-0003976,CUST-100663,2026-06-01,33.73,Paid,0,0,0
INV-0003977,CUST-100663,2026-07-01,33.53,Late,23,0,0
INV-0003978,CUST-100663,2026-08-01,32.8,Late,10,0,0
INV-0003979,CUST-100664,2026-03-01,78.88,Paid,0,0,0
INV-0003980,CUST-100664,2026-04-01,74.1,Late,20,0,0
INV-0003981,CUST-100664,2026-05-01,79.47,Paid,0,0,0
INV-0003982,CUST-100664,2026-06-01,77.22,Late,31,0,0
INV-0003983,CUST-100664,2026-07-01,81.61,Paid,0,0,0
INV-0003984,CUST-100664,2026-08-01,81.43,Paid,0,0,0
INV-0003985,CUST-100665,2026-03-01,127.93,Paid,0,0,0
INV-0003986,CUST-100665,2026-04-01,136.33,Paid,0,0,0
INV-0003987,CUST-100665,2026-05-01,130.9,Paid,0,0,0
INV-0003988,CUST-100665,2026-06-01,133.08,Late,5,0,0
INV-0003989,CUST-100665,2026-07-01,128.13,Paid,0,0,0
INV-0003990,CUST-100665,2026-08-01,134.66,Paid,0,0,0
INV-0003991,CUST-100666,2026-03-01,152.13,Paid,0,0,0
INV-0003992,CUST-100666,2026-04-01,156.67,Paid,0,0,0
INV-0003993,CUST-100666,2026-05-01,153.17,Paid,0,0,0
INV-0003994,CUST-100666,2026-06-01,148.67,Paid,0,0,0
INV-0003995,CUST-100666,2026-07-01,154.38,Paid,0,0,0
INV-0003996,CUST-100666,2026-08-01,152.2,Paid,0,0,0
INV-0003997,CUST-100667,2026-03-01,33.03,Paid,0,0,0
INV-0003998,CUST-100667,2026-04-01,31.59,Paid,0,0,0
INV-0003999,CUST-100667,2026-05-01,32.33,Paid,0,0,0
INV-0004000,CUST-100667,2026-06-01,32.69,Paid,0,0,0
INV-0004001,CUST-100667,2026-07-01,32.54,Paid,0,0,0
INV-0004002,CUST-100667,2026-08-01,33.38,Paid,0,0,0
INV-0004003,CUST-100668,2026-03-01,95.96,Paid,0,0,0
INV-0004004,CUST-100668,2026-04-01,98.48,Paid,0,0,0
INV-0004005,CUST-100668,2026-05-01,94.63,Paid,0,0,0
INV-0004006,CUST-100668,2026-06-01,96.78,Paid,0,0,0
INV-0004007,CUST-100668,2026-07-01,97.21,Paid,0,0,0
INV-0004008,CUST-100668,2026-08-01,95.98,Paid,0,0,0
INV-0004009,CUST-100669,2026-03-01,152.08,Paid,0,0,0
INV-0004010,CUST-100669,2026-04-01,145.58,Paid,0,0,0
INV-0004011,CUST-100669,2026-05-01,150.81,Paid,0,0,0
INV-0004012,CUST-100669,2026-06-01,150.28,Paid,0,0,0
INV-0004013,CUST-100669,2026-07-01,147.07,Paid,0,0,0
INV-0004014,CUST-100669,2026-08-01,148.52,Paid,0,0,0
INV-0004015,CUST-100670,2026-03-01,72.13,Paid,0,0,0
INV-0004016,CUST-100670,2026-04-01,72.96,Paid,0,0,0
INV-0004017,CUST-100670,2026-05-01,67.61,Paid,0,0,0
INV-0004018,CUST-100670,2026-06-01,67.86,Paid,0,0,0
INV-0004019,CUST-100670,2026-07-01,71.45,Paid,0,0,0
INV-0004020,CUST-100670,2026-08-01,72.68,Late,4,1,0
INV-0004021,CUST-100671,2026-03-01,142.06,Paid,0,0,0
INV-0004022,CUST-100671,2026-04-01,144.61,Paid,0,0,0
INV-0004023,CUST-100671,2026-05-01,141.91,Paid,0,0,0
INV-0004024,CUST-100671,2026-06-01,153.67,Paid,0,0,0
INV-0004025,CUST-100671,2026-07-01,144.71,Paid,0,0,0
INV-0004026,CUST-100671,2026-08-01,149.58,Paid,0,0,0
INV-0004027,CUST-100672,2026-03-01,79.12,Paid,0,0,0
INV-0004028,CUST-100672,2026-04-01,77.4,Paid,0,0,0
INV-0004029,CUST-100672,2026-05-01,80.88,Late,3,0,0
INV-0004030,CUST-100672,2026-06-01,81.18,Late,17,1,0
INV-0004031,CUST-100672,2026-07-01,78.85,Paid,0,0,0
INV-0004032,CUST-100672,2026-08-01,84.88,Paid,0,0,0
INV-0004033,CUST-100673,2026-03-01,79.96,Paid,0,0,0
INV-0004034,CUST-100673,2026-04-01,82.19,Paid,0,0,0
INV-0004035,CUST-100673,2026-05-01,81.76,Paid,0,0,0
INV-0004036,CUST-100673,2026-06-01,82.31,Paid,0,0,0
INV-0004037,CUST-100673,2026-07-01,81.64,Paid,0,0,0
INV-0004038,CUST-100673,2026-08-01,79.38,Paid,0,0,0
INV-0004039,CUST-100674,2026-03-01,158.1,Late,34,0,0
INV-0004040,CUST-100674,2026-04-01,154.07,Paid,0,0,0
INV-0004041,CUST-100674,2026-05-01,150.13,Paid,0,0,0
INV-0004042,CUST-100674,2026-06-01,154.64,Paid,0,0,0
INV-0004043,CUST-100674,2026-07-01,161.75,Paid,0,0,0
INV-0004044,CUST-100674,2026-08-01,159.73,Paid,0,1,0
INV-0004045,CUST-100675,2026-03-01,24.76,Paid,0,0,0
INV-0004046,CUST-100675,2026-04-01,24.31,Paid,0,0,0
INV-0004047,CUST-100675,2026-05-01,25.15,Paid,0,0,0
INV-0004048,CUST-100675,2026-06-01,24.38,Paid,0,0,0
INV-0004049,CUST-100675,2026-07-01,24.14,Paid,0,0,0
INV-0004050,CUST-100675,2026-08-01,23.69,Paid,0,0,0
INV-0004051,CUST-100676,2026-03-01,167.3,Paid,0,0,0
INV-0004052,CUST-100676,2026-04-01,168.17,Paid,0,0,0
INV-0004053,CUST-100676,2026-05-01,162.88,Paid,0,0,0
INV-0004054,CUST-100676,2026-06-01,163.73,Paid,0,0,0
INV-0004055,CUST-100676,2026-07-01,171.03,Late,6,0,0
INV-0004056,CUST-100676,2026-08-01,169.2,Paid,0,0,0
INV-0004057,CUST-100677,2026-03-01,66.59,Paid,0,0,0
INV-0004058,CUST-100677,2026-04-01,63.19,Paid,0,0,0
INV-0004059,CUST-100677,2026-05-01,65.73,Paid,0,0,0
INV-0004060,CUST-100677,2026-06-01,62.75,Paid,0,0,0
INV-0004061,CUST-100677,2026-07-01,62.72,Paid,0,0,0
INV-0004062,CUST-100677,2026-08-01,63.29,Paid,0,0,0
INV-0004063,CUST-100678,2026-03-01,36.13,Paid,0,0,0
INV-0004064,CUST-100678,2026-04-01,36.73,Paid,0,0,0
INV-0004065,CUST-100678,2026-05-01,37.5,Paid,0,0,0
INV-0004066,CUST-100678,2026-06-01,37.63,Paid,0,0,0
INV-0004067,CUST-100678,2026-07-01,35.67,Paid,0,0,0
INV-0004068,CUST-100678,2026-08-01,37.18,Paid,0,0,0
INV-0004069,CUST-100679,2026-03-01,410.1,Paid,0,0,0
INV-0004070,CUST-100679,2026-04-01,409.67,Paid,0,0,0
INV-0004071,CUST-100679,2026-05-01,418.11,Paid,0,0,0
INV-0004072,CUST-100679,2026-06-01,419.99,Paid,0,0,0
INV-0004073,CUST-100679,2026-07-01,416.4,Paid,0,0,0
INV-0004074,CUST-100679,2026-08-01,417.08,Paid,0,0,0
INV-0004075,CUST-100680,2026-03-01,31.42,Paid,0,0,0
INV-0004076,CUST-100680,2026-04-01,32.9,Paid,0,0,0
INV-0004077,CUST-100680,2026-05-01,31.76,Paid,0,0,0
INV-0004078,CUST-100680,2026-06-01,31.48,Paid,0,0,0
INV-0004079,CUST-100680,2026-07-01,31.43,Paid,0,0,0
INV-0004080,CUST-100680,2026-08-01,32.47,Paid,0,0,0
INV-0004081,CUST-100681,2026-03-01,71.97,Late,2,1,0
INV-0004082,CUST-100681,2026-04-01,89.33,Paid,0,0,0
INV-0004083,CUST-100681,2026-05-01,66.74,Paid,0,0,0
INV-0004084,CUST-100681,2026-06-01,65.87,Late,1,0,0
INV-0004085,CUST-100681,2026-07-01,79.76,Paid,0,1,1
INV-0004086,CUST-100681,2026-08-01,69.94,Late,19,1,0
INV-0004087,CUST-100682,2026-03-01,159.4,Paid,0,0,0
INV-0004088,CUST-100682,2026-04-01,161.34,Paid,0,0,0
INV-0004089,CUST-100682,2026-05-01,157.85,Paid,0,0,0
INV-0004090,CUST-100682,2026-06-01,157.3,Paid,0,0,0
INV-0004091,CUST-100682,2026-07-01,157.6,Paid,0,0,0
INV-0004092,CUST-100682,2026-08-01,156.09,Paid,0,0,0
INV-0004093,CUST-100683,2026-03-01,137.11,Paid,0,0,0
INV-0004094,CUST-100683,2026-04-01,141.78,Paid,0,0,0
INV-0004095,CUST-100683,2026-05-01,139.72,Paid,0,0,0
INV-0004096,CUST-100683,2026-06-01,141.81,Paid,0,0,0
INV-0004097,CUST-100683,2026-07-01,141.19,Paid,0,0,0
INV-0004098,CUST-100683,2026-08-01,140.11,Paid,0,0,0
INV-0004099,CUST-100684,2026-03-01,76.17,Paid,0,0,0
INV-0004100,CUST-100684,2026-04-01,74.75,Paid,0,0,0
INV-0004101,CUST-100684,2026-05-01,75.62,Paid,0,0,0
INV-0004102,CUST-100684,2026-06-01,73.25,Paid,0,0,0
INV-0004103,CUST-100684,2026-07-01,74.21,Paid,0,0,0
INV-0004104,CUST-100684,2026-08-01,78.26,Paid,0,0,0
INV-0004105,CUST-100685,2026-03-01,139.72,Paid,0,0,0
INV-0004106,CUST-100685,2026-04-01,138.96,Paid,0,0,0
INV-0004107,CUST-100685,2026-05-01,138.45,Paid,0,0,0
INV-0004108,CUST-100685,2026-06-01,142.89,Paid,0,0,0
INV-0004109,CUST-100685,2026-07-01,134.98,Late,21,0,0
INV-0004110,CUST-100685,2026-08-01,136.23,Paid,0,0,0
INV-0004111,CUST-100686,2026-03-01,40.94,Paid,0,0,0
INV-0004112,CUST-100686,2026-04-01,40.6,Paid,0,0,0
INV-0004113,CUST-100686,2026-05-01,41.1,Paid,0,0,0
INV-0004114,CUST-100686,2026-06-01,41.0,Paid,0,0,0
INV-0004115,CUST-100686,2026-07-01,40.51,Paid,0,0,0
INV-0004116,CUST-100686,2026-08-01,41.7,Paid,0,0,0
INV-0004117,CUST-100687,2026-03-01,39.38,Paid,0,0,0
INV-0004118,CUST-100687,2026-04-01,39.43,Paid,0,0,0
INV-0004119,CUST-100687,2026-05-01,40.13,Late,3,1,0
INV-0004120,CUST-100687,2026-06-01,41.62,Paid,0,0,0
INV-0004121,CUST-100687,2026-07-01,41.2,Paid,0,0,0
INV-0004122,CUST-100687,2026-08-01,39.7,Paid,0,0,0
INV-0004123,CUST-100688,2026-03-01,40.47,Paid,0,0,0
INV-0004124,CUST-100688,2026-04-01,42.11,Paid,0,0,0
INV-0004125,CUST-100688,2026-05-01,38.73,Paid,0,0,0
INV-0004126,CUST-100688,2026-06-01,42.29,Paid,0,0,0
INV-0004127,CUST-100688,2026-07-01,40.62,Paid,0,0,0
INV-0004128,CUST-100688,2026-08-01,41.78,Paid,0,0,0
INV-0004129,CUST-100689,2026-03-01,31.68,Paid,0,0,0
INV-0004130,CUST-100689,2026-04-01,33.57,Paid,0,0,0
INV-0004131,CUST-100689,2026-05-01,33.39,Paid,0,0,0
INV-0004132,CUST-100689,2026-06-01,31.92,Paid,0,0,0
INV-0004133,CUST-100689,2026-07-01,34.65,Late,11,0,0
INV-0004134,CUST-100689,2026-08-01,34.35,Paid,0,0,0
INV-0004135,CUST-100690,2026-03-01,61.93,Paid,0,0,0
INV-0004136,CUST-100690,2026-04-01,65.67,Paid,0,0,0
INV-0004137,CUST-100690,2026-05-01,64.63,Paid,0,1,1
INV-0004138,CUST-100690,2026-06-01,66.52,Paid,0,0,0
INV-0004139,CUST-100690,2026-07-01,65.33,Paid,0,0,0
INV-0004140,CUST-100690,2026-08-01,63.0,Paid,0,0,0
INV-0004141,CUST-100691,2026-03-01,75.88,Late,11,1,0
INV-0004142,CUST-100691,2026-04-01,78.69,Paid,0,0,0
INV-0004143,CUST-100691,2026-05-01,79.93,Late,24,0,0
INV-0004144,CUST-100691,2026-06-01,74.35,Paid,0,0,0
INV-0004145,CUST-100691,2026-07-01,77.06,Paid,0,0,0
INV-0004146,CUST-100691,2026-08-01,76.67,Paid,0,0,0
INV-0004147,CUST-100692,2026-03-01,72.48,Paid,0,0,0
INV-0004148,CUST-100692,2026-04-01,69.18,Late,14,0,0
INV-0004149,CUST-100692,2026-05-01,71.11,Paid,0,0,0
INV-0004150,CUST-100692,2026-06-01,71.2,Paid,0,0,0
INV-0004151,CUST-100692,2026-07-01,73.87,Paid,0,0,0
INV-0004152,CUST-100692,2026-08-01,72.15,Paid,0,0,0
INV-0004153,CUST-100693,2026-03-01,77.64,Paid,0,0,0
INV-0004154,CUST-100693,2026-04-01,75.73,Paid,0,0,0
INV-0004155,CUST-100693,2026-05-01,77.6,Late,26,0,0
INV-0004156,CUST-100693,2026-06-01,78.0,Paid,0,0,0
INV-0004157,CUST-100693,2026-07-01,72.33,Paid,0,0,0
INV-0004158,CUST-100693,2026-08-01,75.4,Paid,0,0,0
INV-0004159,CUST-100694,2026-03-01,89.69,Paid,0,0,0
INV-0004160,CUST-100694,2026-04-01,93.31,Paid,0,0,0
INV-0004161,CUST-100694,2026-05-01,88.77,Paid,0,0,0
INV-0004162,CUST-100694,2026-06-01,89.03,Paid,0,0,0
INV-0004163,CUST-100694,2026-07-01,88.26,Paid,0,0,0
INV-0004164,CUST-100694,2026-08-01,90.43,Paid,0,0,0
INV-0004165,CUST-100695,2026-03-01,173.5,Late,26,0,0
INV-0004166,CUST-100695,2026-04-01,204.96,Paid,0,0,0
INV-0004167,CUST-100695,2026-05-01,184.92,Paid,0,0,0
INV-0004168,CUST-100695,2026-06-01,164.08,Paid,0,0,0
INV-0004169,CUST-100695,2026-07-01,220.27,Late,6,0,0
INV-0004170,CUST-100695,2026-08-01,161.11,Paid,0,0,0
INV-0004171,CUST-100696,2026-03-01,80.68,Paid,0,0,0
INV-0004172,CUST-100696,2026-04-01,75.33,Paid,0,0,0
INV-0004173,CUST-100696,2026-05-01,76.41,Paid,0,0,0
INV-0004174,CUST-100696,2026-06-01,83.6,Paid,0,0,0
INV-0004175,CUST-100696,2026-07-01,80.0,Paid,0,0,0
INV-0004176,CUST-100696,2026-08-01,79.73,Paid,0,0,0
INV-0004177,CUST-100697,2026-03-01,37.97,Paid,0,0,0
INV-0004178,CUST-100697,2026-04-01,38.51,Paid,0,0,0
INV-0004179,CUST-100697,2026-05-01,38.66,Paid,0,0,0
INV-0004180,CUST-100697,2026-06-01,38.74,Paid,0,0,0
INV-0004181,CUST-100697,2026-07-01,37.59,Paid,0,0,0
INV-0004182,CUST-100697,2026-08-01,37.71,Paid,0,0,0
INV-0004183,CUST-100698,2026-03-01,44.66,Late,20,0,0
INV-0004184,CUST-100698,2026-04-01,36.36,Late,1,1,1
INV-0004185,CUST-100698,2026-05-01,46.44,Paid,0,0,0
INV-0004186,CUST-100698,2026-06-01,36.14,Paid,0,0,0
INV-0004187,CUST-100698,2026-07-01,38.09,Paid,0,0,0
INV-0004188,CUST-100698,2026-08-01,34.94,Paid,0,1,0
INV-0004189,CUST-100699,2026-03-01,37.99,Paid,0,0,0
INV-0004190,CUST-100699,2026-04-01,36.65,Paid,0,0,0
INV-0004191,CUST-100699,2026-05-01,37.63,Paid,0,0,0
INV-0004192,CUST-100699,2026-06-01,39.38,Paid,0,0,0
INV-0004193,CUST-100699,2026-07-01,39.22,Paid,0,0,0
INV-0004194,CUST-100699,2026-08-01,38.75,Paid,0,0,0
INV-0004195,CUST-100700,2026-03-01,182.39,Paid,0,0,0
INV-0004196,CUST-100700,2026-04-01,187.59,Paid,0,0,0
INV-0004197,CUST-100700,2026-05-01,184.87,Paid,0,0,0
INV-0004198,CUST-100700,2026-06-01,180.84,Paid,0,0,0
INV-0004199,CUST-100700,2026-07-01,182.62,Late,11,0,0
INV-0004200,CUST-100700,2026-08-01,185.89,Paid,0,1,1
INV-0004201,CUST-100701,2026-03-01,71.43,Paid,0,0,0
INV-0004202,CUST-100701,2026-04-01,73.1,Paid,0,1,0
INV-0004203,CUST-100701,2026-05-01,74.87,Paid,0,0,0
INV-0004204,CUST-100701,2026-06-01,73.68,Paid,0,0,0
INV-0004205,CUST-100701,2026-07-01,75.88,Paid,0,0,0
INV-0004206,CUST-100701,2026-08-01,73.0,Paid,0,0,0
INV-0004207,CUST-100702,2026-03-01,176.88,Paid,0,0,0
INV-0004208,CUST-100702,2026-04-01,180.27,Paid,0,0,0
INV-0004209,CUST-100702,2026-05-01,175.16,Paid,0,0,0
INV-0004210,CUST-100702,2026-06-01,173.73,Paid,0,1,1
INV-0004211,CUST-100702,2026-07-01,177.14,Paid,0,0,0
INV-0004212,CUST-100702,2026-08-01,167.99,Paid,0,0,0
INV-0004213,CUST-100703,2026-03-01,28.6,Paid,0,0,0
INV-0004214,CUST-100703,2026-04-01,27.07,Paid,0,0,0
INV-0004215,CUST-100703,2026-05-01,26.62,Paid,0,0,0
INV-0004216,CUST-100703,2026-06-01,27.68,Paid,0,0,0
INV-0004217,CUST-100703,2026-07-01,26.85,Paid,0,0,0
INV-0004218,CUST-100703,2026-08-01,26.9,Paid,0,0,0
INV-0004219,CUST-100704,2026-03-01,70.41,Paid,0,0,0
INV-0004220,CUST-100704,2026-04-01,73.09,Paid,0,0,0
INV-0004221,CUST-100704,2026-05-01,75.07,Paid,0,0,0
INV-0004222,CUST-100704,2026-06-01,73.42,Paid,0,0,0
INV-0004223,CUST-100704,2026-07-01,73.41,Paid,0,0,0
INV-0004224,CUST-100704,2026-08-01,74.36,Paid,0,0,0
INV-0004225,CUST-100705,2026-03-01,51.46,Paid,0,0,0
INV-0004226,CUST-100705,2026-04-01,50.9,Paid,0,0,0
INV-0004227,CUST-100705,2026-05-01,54.42,Paid,0,0,0
INV-0004228,CUST-100705,2026-06-01,52.38,Paid,0,0,0
INV-0004229,CUST-100705,2026-07-01,53.14,Late,16,0,0
INV-0004230,CUST-100705,2026-08-01,53.67,Late,23,0,0
INV-0004231,CUST-100706,2026-03-01,102.3,Paid,0,0,0
INV-0004232,CUST-100706,2026-04-01,103.25,Paid,0,0,0
INV-0004233,CUST-100706,2026-05-01,97.31,Paid,0,0,0
INV-0004234,CUST-100706,2026-06-01,100.38,Paid,0,0,0
INV-0004235,CUST-100706,2026-07-01,97.76,Paid,0,0,0
INV-0004236,CUST-100706,2026-08-01,101.89,Paid,0,0,0
INV-0004237,CUST-100707,2026-03-01,43.97,Paid,0,1,0
INV-0004238,CUST-100707,2026-04-01,36.07,Paid,0,0,0
INV-0004239,CUST-100707,2026-05-01,36.6,Paid,0,0,0
INV-0004240,CUST-100707,2026-06-01,36.66,Paid,0,0,0
INV-0004241,CUST-100707,2026-07-01,36.9,Paid,0,0,0
INV-0004242,CUST-100707,2026-08-01,37.72,Paid,0,0,0
INV-0004243,CUST-100708,2026-03-01,66.27,Paid,0,0,0
INV-0004244,CUST-100708,2026-04-01,66.57,Paid,0,0,0
INV-0004245,CUST-100708,2026-05-01,67.81,Paid,0,0,0
INV-0004246,CUST-100708,2026-06-01,65.9,Paid,0,0,0
INV-0004247,CUST-100708,2026-07-01,64.47,Paid,0,0,0
INV-0004248,CUST-100708,2026-08-01,64.24,Paid,0,0,0
INV-0004249,CUST-100709,2026-03-01,70.01,Paid,0,0,0
INV-0004250,CUST-100709,2026-04-01,70.62,Paid,0,0,0
INV-0004251,CUST-100709,2026-05-01,71.61,Paid,0,0,0
INV-0004252,CUST-100709,2026-06-01,68.18,Paid,0,0,0
INV-0004253,CUST-100709,2026-07-01,71.21,Paid,0,0,0
INV-0004254,CUST-100709,2026-08-01,68.86,Paid,0,0,0
INV-0004255,CUST-100710,2026-03-01,36.13,Paid,0,0,0
INV-0004256,CUST-100710,2026-04-01,36.62,Paid,0,0,0
INV-0004257,CUST-100710,2026-05-01,36.38,Late,32,0,0
INV-0004258,CUST-100710,2026-06-01,36.41,Paid,0,0,0
INV-0004259,CUST-100710,2026-07-01,37.25,Paid,0,0,0
INV-0004260,CUST-100710,2026-08-01,37.82,Paid,0,0,0
INV-0004261,CUST-100711,2026-03-01,170.04,Late,25,0,0
INV-0004262,CUST-100711,2026-04-01,169.64,Paid,0,0,0
INV-0004263,CUST-100711,2026-05-01,172.58,Paid,0,0,0
INV-0004264,CUST-100711,2026-06-01,167.4,Paid,0,0,0
INV-0004265,CUST-100711,2026-07-01,173.94,Late,3,0,0
INV-0004266,CUST-100711,2026-08-01,169.04,Paid,0,0,0
INV-0004267,CUST-100712,2026-03-01,71.7,Paid,0,0,0
INV-0004268,CUST-100712,2026-04-01,74.38,Paid,0,0,0
INV-0004269,CUST-100712,2026-05-01,75.59,Paid,0,0,0
INV-0004270,CUST-100712,2026-06-01,73.83,Paid,0,0,0
INV-0004271,CUST-100712,2026-07-01,76.03,Paid,0,0,0
INV-0004272,CUST-100712,2026-08-01,73.89,Paid,0,0,0
INV-0004273,CUST-100713,2026-03-01,46.26,Late,31,1,1
INV-0004274,CUST-100713,2026-04-01,55.73,Paid,0,0,0
INV-0004275,CUST-100713,2026-05-01,46.52,Paid,0,1,0
INV-0004276,CUST-100713,2026-06-01,46.19,Paid,0,0,0
INV-0004277,CUST-100713,2026-07-01,47.15,Late,17,0,0
INV-0004278,CUST-100713,2026-08-01,56.84,Late,16,0,0
INV-0004279,CUST-100714,2026-03-01,152.48,Late,1,0,0
INV-0004280,CUST-100714,2026-04-01,166.89,Paid,0,0,0
INV-0004281,CUST-100714,2026-05-01,144.03,Paid,0,0,0
INV-0004282,CUST-100714,2026-06-01,170.1,Paid,0,0,0
INV-0004283,CUST-100714,2026-07-01,150.92,Paid,0,1,1
INV-0004284,CUST-100714,2026-08-01,145.79,Late,34,1,1
INV-0004285,CUST-100715,2026-03-01,165.98,Paid,0,0,0
INV-0004286,CUST-100715,2026-04-01,158.9,Paid,0,0,0
INV-0004287,CUST-100715,2026-05-01,159.02,Paid,0,0,0
INV-0004288,CUST-100715,2026-06-01,162.87,Paid,0,0,0
INV-0004289,CUST-100715,2026-07-01,154.69,Paid,0,0,0
INV-0004290,CUST-100715,2026-08-01,157.71,Paid,0,0,0
INV-0004291,CUST-100716,2026-03-01,91.0,Paid,0,0,0
INV-0004292,CUST-100716,2026-04-01,86.24,Paid,0,0,0
INV-0004293,CUST-100716,2026-05-01,90.49,Paid,0,0,0
INV-0004294,CUST-100716,2026-06-01,89.15,Paid,0,0,0
INV-0004295,CUST-100716,2026-07-01,89.77,Paid,0,0,0
INV-0004296,CUST-100716,2026-08-01,95.65,Paid,0,0,0
INV-0004297,CUST-100717,2026-03-01,412.45,Paid,0,0,0
INV-0004298,CUST-100717,2026-04-01,429.93,Paid,0,0,0
INV-0004299,CUST-100717,2026-05-01,429.52,Paid,0,0,0
INV-0004300,CUST-100717,2026-06-01,428.17,Paid,0,0,0
INV-0004301,CUST-100717,2026-07-01,426.77,Paid,0,0,0
INV-0004302,CUST-100717,2026-08-01,436.32,Paid,0,0,0
INV-0004303,CUST-100718,2026-03-01,32.59,Late,20,0,0
INV-0004304,CUST-100718,2026-04-01,33.11,Paid,0,0,0
INV-0004305,CUST-100718,2026-05-01,37.8,Paid,0,1,1
INV-0004306,CUST-100718,2026-06-01,34.02,Paid,0,1,0
INV-0004307,CUST-100718,2026-07-01,32.78,Paid,0,0,0
INV-0004308,CUST-100718,2026-08-01,31.7,Late,11,1,0
INV-0004309,CUST-100719,2026-03-01,170.29,Paid,0,0,0
INV-0004310,CUST-100719,2026-04-01,171.5,Paid,0,0,0
INV-0004311,CUST-100719,2026-05-01,165.38,Paid,0,0,0
INV-0004312,CUST-100719,2026-06-01,178.06,Paid,0,0,0
INV-0004313,CUST-100719,2026-07-01,164.81,Paid,0,0,0
INV-0004314,CUST-100719,2026-08-01,173.01,Paid,0,0,0
INV-0004315,CUST-100720,2026-03-01,38.53,Paid,0,0,0
INV-0004316,CUST-100720,2026-04-01,37.26,Paid,0,0,0
INV-0004317,CUST-100720,2026-05-01,38.65,Paid,0,0,0
INV-0004318,CUST-100720,2026-06-01,36.26,Paid,0,0,0
INV-0004319,CUST-100720,2026-07-01,37.68,Paid,0,0,0
INV-0004320,CUST-100720,2026-08-01,38.05,Paid,0,0,0
INV-0004321,CUST-100721,2026-03-01,82.45,Paid,0,0,0
INV-0004322,CUST-100721,2026-04-01,79.39,Paid,0,0,0
INV-0004323,CUST-100721,2026-05-01,81.31,Paid,0,0,0
INV-0004324,CUST-100721,2026-06-01,81.93,Paid,0,0,0
INV-0004325,CUST-100721,2026-07-01,79.78,Paid,0,0,0
INV-0004326,CUST-100721,2026-08-01,79.37,Paid,0,0,0
INV-0004327,CUST-100722,2026-03-01,35.15,Paid,0,0,0
INV-0004328,CUST-100722,2026-04-01,37.75,Paid,0,0,0
INV-0004329,CUST-100722,2026-05-01,36.4,Paid,0,0,0
INV-0004330,CUST-100722,2026-06-01,37.34,Paid,0,0,0
INV-0004331,CUST-100722,2026-07-01,35.53,Paid,0,0,0
INV-0004332,CUST-100722,2026-08-01,35.41,Paid,0,0,0
INV-0004333,CUST-100723,2026-03-01,32.43,Paid,0,0,0
INV-0004334,CUST-100723,2026-04-01,31.87,Paid,0,0,0
INV-0004335,CUST-100723,2026-05-01,31.96,Paid,0,0,0
INV-0004336,CUST-100723,2026-06-01,32.59,Paid,0,0,0
INV-0004337,CUST-100723,2026-07-01,31.37,Paid,0,0,0
INV-0004338,CUST-100723,2026-08-01,31.89,Paid,0,0,0
INV-0004339,CUST-100724,2026-03-01,82.0,Paid,0,0,0
INV-0004340,CUST-100724,2026-04-01,83.0,Paid,0,0,0
INV-0004341,CUST-100724,2026-05-01,84.55,Paid,0,0,0
INV-0004342,CUST-100724,2026-06-01,83.79,Paid,0,0,0
INV-0004343,CUST-100724,2026-07-01,80.9,Late,23,0,0
INV-0004344,CUST-100724,2026-08-01,86.98,Paid,0,0,0
INV-0004345,CUST-100725,2026-03-01,72.76,Paid,0,0,0
INV-0004346,CUST-100725,2026-04-01,73.37,Paid,0,0,0
INV-0004347,CUST-100725,2026-05-01,73.73,Paid,0,0,0
INV-0004348,CUST-100725,2026-06-01,72.07,Late,27,0,0
INV-0004349,CUST-100725,2026-07-01,70.83,Paid,0,0,0
INV-0004350,CUST-100725,2026-08-01,72.82,Paid,0,0,0
INV-0004351,CUST-100726,2026-03-01,35.36,Paid,0,0,0
INV-0004352,CUST-100726,2026-04-01,36.21,Paid,0,0,0
INV-0004353,CUST-100726,2026-05-01,36.29,Paid,0,0,0
INV-0004354,CUST-100726,2026-06-01,37.16,Paid,0,0,0
INV-0004355,CUST-100726,2026-07-01,36.99,Paid,0,0,0
INV-0004356,CUST-100726,2026-08-01,37.33,Late,34,0,0
INV-0004357,CUST-100727,2026-03-01,83.47,Paid,0,0,0
INV-0004358,CUST-100727,2026-04-01,79.83,Paid,0,0,0
INV-0004359,CUST-100727,2026-05-01,78.89,Paid,0,0,0
INV-0004360,CUST-100727,2026-06-01,79.03,Paid,0,0,0
INV-0004361,CUST-100727,2026-07-01,82.35,Paid,0,0,0
INV-0004362,CUST-100727,2026-08-01,83.71,Paid,0,0,0
INV-0004363,CUST-100728,2026-03-01,38.3,Paid,0,0,0
INV-0004364,CUST-100728,2026-04-01,39.35,Paid,0,1,0
INV-0004365,CUST-100728,2026-05-01,40.58,Late,26,0,0
INV-0004366,CUST-100728,2026-06-01,39.43,Paid,0,0,0
INV-0004367,CUST-100728,2026-07-01,39.97,Late,29,0,0
INV-0004368,CUST-100728,2026-08-01,38.93,Paid,0,0,0
INV-0004369,CUST-100729,2026-03-01,82.63,Paid,0,0,0
INV-0004370,CUST-100729,2026-04-01,80.06,Paid,0,0,0
INV-0004371,CUST-100729,2026-05-01,84.8,Paid,0,0,0
INV-0004372,CUST-100729,2026-06-01,80.47,Paid,0,0,0
INV-0004373,CUST-100729,2026-07-01,80.11,Late,16,1,1
INV-0004374,CUST-100729,2026-08-01,80.69,Paid,0,0,0
INV-0004375,CUST-100730,2026-03-01,79.87,Paid,0,0,0
INV-0004376,CUST-100730,2026-04-01,79.4,Paid,0,0,0
INV-0004377,CUST-100730,2026-05-01,76.16,Paid,0,0,0
INV-0004378,CUST-100730,2026-06-01,81.59,Paid,0,0,0
INV-0004379,CUST-100730,2026-07-01,76.77,Paid,0,0,0
INV-0004380,CUST-100730,2026-08-01,80.5,Paid,0,0,0
INV-0004381,CUST-100731,2026-03-01,32.6,Paid,0,0,0
INV-0004382,CUST-100731,2026-04-01,32.29,Late,28,0,0
INV-0004383,CUST-100731,2026-05-01,31.88,Late,21,1,1
INV-0004384,CUST-100731,2026-06-01,32.03,Paid,0,1,0
INV-0004385,CUST-100731,2026-07-01,43.29,Late,13,1,0
INV-0004386,CUST-100731,2026-08-01,41.43,Paid,0,0,0
INV-0004387,CUST-100732,2026-03-01,180.5,Paid,0,0,0
INV-0004388,CUST-100732,2026-04-01,187.24,Paid,0,0,0
INV-0004389,CUST-100732,2026-05-01,186.57,Paid,0,0,0
INV-0004390,CUST-100732,2026-06-01,196.89,Late,4,0,0
INV-0004391,CUST-100732,2026-07-01,188.68,Paid,0,0,0
INV-0004392,CUST-100732,2026-08-01,184.2,Paid,0,0,0
INV-0004393,CUST-100733,2026-03-01,31.74,Paid,0,0,0
INV-0004394,CUST-100733,2026-04-01,32.62,Paid,0,0,0
INV-0004395,CUST-100733,2026-05-01,30.16,Paid,0,0,0
INV-0004396,CUST-100733,2026-06-01,31.72,Paid,0,0,0
INV-0004397,CUST-100733,2026-07-01,31.51,Paid,0,0,0
INV-0004398,CUST-100733,2026-08-01,31.81,Paid,0,0,0
INV-0004399,CUST-100734,2026-03-01,40.72,Paid,0,0,0
INV-0004400,CUST-100734,2026-04-01,39.71,Paid,0,0,0
INV-0004401,CUST-100734,2026-05-01,39.32,Paid,0,0,0
INV-0004402,CUST-100734,2026-06-01,39.04,Paid,0,0,0
INV-0004403,CUST-100734,2026-07-01,41.11,Paid,0,0,0
INV-0004404,CUST-100734,2026-08-01,37.93,Paid,0,0,0
INV-0004405,CUST-100735,2026-03-01,154.46,Paid,0,0,0
INV-0004406,CUST-100735,2026-04-01,151.88,Paid,0,0,0
INV-0004407,CUST-100735,2026-05-01,148.04,Paid,0,0,0
INV-0004408,CUST-100735,2026-06-01,156.63,Paid,0,0,0
INV-0004409,CUST-100735,2026-07-01,145.8,Paid,0,0,0
INV-0004410,CUST-100735,2026-08-01,156.11,Paid,0,0,0
INV-0004411,CUST-100736,2026-03-01,182.79,Paid,0,0,0
INV-0004412,CUST-100736,2026-04-01,173.42,Paid,0,1,0
INV-0004413,CUST-100736,2026-05-01,179.07,Paid,0,0,0
INV-0004414,CUST-100736,2026-06-01,191.06,Paid,0,1,0
INV-0004415,CUST-100736,2026-07-01,183.29,Paid,0,0,0
INV-0004416,CUST-100736,2026-08-01,181.72,Paid,0,0,0
INV-0004417,CUST-100737,2026-03-01,89.2,Paid,0,0,0
INV-0004418,CUST-100737,2026-04-01,91.4,Paid,0,0,0
INV-0004419,CUST-100737,2026-05-01,93.1,Paid,0,0,0
INV-0004420,CUST-100737,2026-06-01,93.99,Paid,0,0,0
INV-0004421,CUST-100737,2026-07-01,92.66,Paid,0,0,0
INV-0004422,CUST-100737,2026-08-01,91.17,Paid,0,0,0
INV-0004423,CUST-100738,2026-03-01,54.49,Paid,0,0,0
INV-0004424,CUST-100738,2026-04-01,55.42,Paid,0,0,0
INV-0004425,CUST-100738,2026-05-01,55.76,Paid,0,0,0
INV-0004426,CUST-100738,2026-06-01,57.66,Paid,0,0,0
INV-0004427,CUST-100738,2026-07-01,52.51,Paid,0,0,0
INV-0004428,CUST-100738,2026-08-01,55.34,Paid,0,0,0
INV-0004429,CUST-100739,2026-03-01,38.99,Paid,0,0,0
INV-0004430,CUST-100739,2026-04-01,38.73,Paid,0,0,0
INV-0004431,CUST-100739,2026-05-01,39.87,Paid,0,0,0
INV-0004432,CUST-100739,2026-06-01,40.24,Paid,0,0,0
INV-0004433,CUST-100739,2026-07-01,40.23,Paid,0,0,0
INV-0004434,CUST-100739,2026-08-01,40.49,Paid,0,0,0
INV-0004435,CUST-100740,2026-03-01,96.82,Paid,0,0,0
INV-0004436,CUST-100740,2026-04-01,91.73,Paid,0,0,0
INV-0004437,CUST-100740,2026-05-01,95.12,Paid,0,0,0
INV-0004438,CUST-100740,2026-06-01,93.06,Paid,0,0,0
INV-0004439,CUST-100740,2026-07-01,95.55,Paid,0,0,0
INV-0004440,CUST-100740,2026-08-01,94.07,Paid,0,0,0
INV-0004441,CUST-100741,2026-03-01,64.58,Paid,0,1,0
INV-0004442,CUST-100741,2026-04-01,62.76,Paid,0,0,0
INV-0004443,CUST-100741,2026-05-01,63.89,Paid,0,0,0
INV-0004444,CUST-100741,2026-06-01,64.73,Paid,0,0,0
INV-0004445,CUST-100741,2026-07-01,63.27,Paid,0,0,0
INV-0004446,CUST-100741,2026-08-01,63.38,Paid,0,0,0
INV-0004447,CUST-100742,2026-03-01,73.29,Paid,0,0,0
INV-0004448,CUST-100742,2026-04-01,73.75,Paid,0,0,0
INV-0004449,CUST-100742,2026-05-01,75.19,Paid,0,0,0
INV-0004450,CUST-100742,2026-06-01,74.19,Paid,0,0,0
INV-0004451,CUST-100742,2026-07-01,75.41,Paid,0,0,0
INV-0004452,CUST-100742,2026-08-01,73.1,Paid,0,0,0
INV-0004453,CUST-100743,2026-03-01,148.47,Paid,0,0,0
INV-0004454,CUST-100743,2026-04-01,146.0,Paid,0,0,0
INV-0004455,CUST-100743,2026-05-01,145.26,Paid,0,0,0
INV-0004456,CUST-100743,2026-06-01,139.64,Paid,0,0,0
INV-0004457,CUST-100743,2026-07-01,149.22,Paid,0,0,0
INV-0004458,CUST-100743,2026-08-01,141.48,Paid,0,0,0
INV-0004459,CUST-100744,2026-03-01,182.24,Paid,0,0,0
INV-0004460,CUST-100744,2026-04-01,175.03,Paid,0,0,0
INV-0004461,CUST-100744,2026-05-01,173.87,Paid,0,0,0
INV-0004462,CUST-100744,2026-06-01,182.77,Paid,0,0,0
INV-0004463,CUST-100744,2026-07-01,184.02,Late,12,0,0
INV-0004464,CUST-100744,2026-08-01,181.75,Paid,0,0,0
INV-0004465,CUST-100745,2026-03-01,176.61,Paid,0,0,0
INV-0004466,CUST-100745,2026-04-01,187.08,Paid,0,0,0
INV-0004467,CUST-100745,2026-05-01,178.41,Paid,0,0,0
INV-0004468,CUST-100745,2026-06-01,180.24,Paid,0,0,0
INV-0004469,CUST-100745,2026-07-01,186.2,Paid,0,1,0
INV-0004470,CUST-100745,2026-08-01,177.33,Paid,0,0,0
INV-0004471,CUST-100746,2026-03-01,32.44,Paid,0,0,0
INV-0004472,CUST-100746,2026-04-01,31.97,Paid,0,0,0
INV-0004473,CUST-100746,2026-05-01,32.13,Paid,0,0,0
INV-0004474,CUST-100746,2026-06-01,32.23,Paid,0,0,0
INV-0004475,CUST-100746,2026-07-01,32.32,Paid,0,0,0
INV-0004476,CUST-100746,2026-08-01,32.0,Paid,0,0,0
INV-0004477,CUST-100747,2026-03-01,162.09,Late,29,0,0
INV-0004478,CUST-100747,2026-04-01,192.79,Paid,0,0,0
INV-0004479,CUST-100747,2026-05-01,158.02,Paid,0,0,0
INV-0004480,CUST-100747,2026-06-01,155.79,Late,28,0,0
INV-0004481,CUST-100747,2026-07-01,188.79,Paid,0,0,0
INV-0004482,CUST-100747,2026-08-01,156.59,Late,28,1,1
INV-0004483,CUST-100748,2026-03-01,73.81,Paid,0,1,1
INV-0004484,CUST-100748,2026-04-01,70.14,Late,25,0,0
INV-0004485,CUST-100748,2026-05-01,86.91,Paid,0,0,0
INV-0004486,CUST-100748,2026-06-01,73.4,Paid,0,0,0
INV-0004487,CUST-100748,2026-07-01,74.66,Paid,0,0,0
INV-0004488,CUST-100748,2026-08-01,76.0,Paid,0,1,0
INV-0004489,CUST-100749,2026-03-01,170.76,Paid,0,0,0
INV-0004490,CUST-100749,2026-04-01,167.79,Paid,0,0,0
INV-0004491,CUST-100749,2026-05-01,167.07,Paid,0,0,0
INV-0004492,CUST-100749,2026-06-01,171.95,Paid,0,1,0
INV-0004493,CUST-100749,2026-07-01,164.67,Paid,0,0,0
INV-0004494,CUST-100749,2026-08-01,170.4,Paid,0,0,0
INV-0004495,CUST-100750,2026-03-01,83.88,Paid,0,0,0
INV-0004496,CUST-100750,2026-04-01,89.46,Paid,0,0,0
INV-0004497,CUST-100750,2026-05-01,85.1,Paid,0,0,0
INV-0004498,CUST-100750,2026-06-01,87.61,Paid,0,0,0
INV-0004499,CUST-100750,2026-07-01,85.68,Paid,0,0,0
INV-0004500,CUST-100750,2026-08-01,84.04,Paid,0,0,0
INV-0004501,CUST-100751,2026-03-01,58.29,Paid,0,0,0
INV-0004502,CUST-100751,2026-04-01,60.49,Paid,0,0,0
INV-0004503,CUST-100751,2026-05-01,59.0,Paid,0,0,0
INV-0004504,CUST-100751,2026-06-01,61.15,Paid,0,0,0
INV-0004505,CUST-100751,2026-07-01,58.33,Paid,0,0,0
INV-0004506,CUST-100751,2026-08-01,60.81,Paid,0,0,0
INV-0004507,CUST-100752,2026-03-01,33.11,Paid,0,0,0
INV-0004508,CUST-100752,2026-04-01,33.47,Paid,0,0,0
INV-0004509,CUST-100752,2026-05-01,32.79,Paid,0,0,0
INV-0004510,CUST-100752,2026-06-01,32.5,Paid,0,0,0
INV-0004511,CUST-100752,2026-07-01,32.94,Paid,0,0,0
INV-0004512,CUST-100752,2026-08-01,32.04,Paid,0,0,0
INV-0004513,CUST-100753,2026-03-01,65.27,Paid,0,0,0
INV-0004514,CUST-100753,2026-04-01,69.57,Paid,0,0,0
INV-0004515,CUST-100753,2026-05-01,69.11,Paid,0,0,0
INV-0004516,CUST-100753,2026-06-01,65.88,Paid,0,0,0
INV-0004517,CUST-100753,2026-07-01,67.56,Paid,0,0,0
INV-0004518,CUST-100753,2026-08-01,69.29,Paid,0,0,0
INV-0004519,CUST-100754,2026-03-01,171.0,Paid,0,0,0
INV-0004520,CUST-100754,2026-04-01,169.09,Paid,0,0,0
INV-0004521,CUST-100754,2026-05-01,161.8,Paid,0,0,0
INV-0004522,CUST-100754,2026-06-01,162.25,Paid,0,1,0
INV-0004523,CUST-100754,2026-07-01,164.85,Paid,0,1,0
INV-0004524,CUST-100754,2026-08-01,158.85,Paid,0,0,0
INV-0004525,CUST-100755,2026-03-01,33.63,Paid,0,1,0
INV-0004526,CUST-100755,2026-04-01,33.18,Paid,0,0,0
INV-0004527,CUST-100755,2026-05-01,33.84,Paid,0,1,0
INV-0004528,CUST-100755,2026-06-01,34.32,Paid,0,0,0
INV-0004529,CUST-100755,2026-07-01,34.34,Paid,0,0,0
INV-0004530,CUST-100755,2026-08-01,33.83,Paid,0,0,0
INV-0004531,CUST-100756,2026-03-01,65.85,Paid,0,0,0
INV-0004532,CUST-100756,2026-04-01,66.49,Paid,0,0,0
INV-0004533,CUST-100756,2026-05-01,67.71,Paid,0,0,0
INV-0004534,CUST-100756,2026-06-01,66.81,Paid,0,0,0
INV-0004535,CUST-100756,2026-07-01,66.53,Paid,0,0,0
INV-0004536,CUST-100756,2026-08-01,64.81,Paid,0,0,0
INV-0004537,CUST-100757,2026-03-01,62.63,Paid,0,0,0
INV-0004538,CUST-100757,2026-04-01,64.9,Paid,0,0,0
INV-0004539,CUST-100757,2026-05-01,67.21,Paid,0,0,0
INV-0004540,CUST-100757,2026-06-01,64.93,Paid,0,0,0
INV-0004541,CUST-100757,2026-07-01,65.41,Paid,0,0,0
INV-0004542,CUST-100757,2026-08-01,60.69,Paid,0,0,0
INV-0004543,CUST-100758,2026-03-01,79.38,Paid,0,0,0
INV-0004544,CUST-100758,2026-04-01,83.2,Paid,0,0,0
INV-0004545,CUST-100758,2026-05-01,82.21,Paid,0,0,0
INV-0004546,CUST-100758,2026-06-01,85.68,Paid,0,0,0
INV-0004547,CUST-100758,2026-07-01,80.48,Paid,0,0,0
INV-0004548,CUST-100758,2026-08-01,83.02,Paid,0,0,0
INV-0004549,CUST-100759,2026-03-01,35.14,Paid,0,0,0
INV-0004550,CUST-100759,2026-04-01,36.4,Paid,0,0,0
INV-0004551,CUST-100759,2026-05-01,36.34,Paid,0,0,0
INV-0004552,CUST-100759,2026-06-01,35.73,Paid,0,0,0
INV-0004553,CUST-100759,2026-07-01,35.72,Paid,0,0,0
INV-0004554,CUST-100759,2026-08-01,36.04,Paid,0,0,0
INV-0004555,CUST-100760,2026-03-01,72.72,Paid,0,0,0
INV-0004556,CUST-100760,2026-04-01,72.86,Paid,0,0,0
INV-0004557,CUST-100760,2026-05-01,71.05,Paid,0,0,0
INV-0004558,CUST-100760,2026-06-01,72.43,Paid,0,0,0
INV-0004559,CUST-100760,2026-07-01,73.56,Paid,0,0,0
INV-0004560,CUST-100760,2026-08-01,74.43,Paid,0,0,0
INV-0004561,CUST-100761,2026-03-01,39.31,Paid,0,1,0
INV-0004562,CUST-100761,2026-04-01,42.11,Late,29,0,0
INV-0004563,CUST-100761,2026-05-01,40.27,Late,28,0,0
INV-0004564,CUST-100761,2026-06-01,38.5,Late,29,0,0
INV-0004565,CUST-100761,2026-07-01,47.64,Paid,0,0,0
INV-0004566,CUST-100761,2026-08-01,38.05,Late,14,1,0
INV-0004567,CUST-100762,2026-03-01,28.89,Paid,0,0,0
INV-0004568,CUST-100762,2026-04-01,29.43,Paid,0,0,0
INV-0004569,CUST-100762,2026-05-01,28.54,Paid,0,0,0
INV-0004570,CUST-100762,2026-06-01,29.28,Paid,0,0,0
INV-0004571,CUST-100762,2026-07-01,28.39,Paid,0,0,0
INV-0004572,CUST-100762,2026-08-01,29.4,Paid,0,0,0
INV-0004573,CUST-100763,2026-03-01,185.68,Paid,0,0,0
INV-0004574,CUST-100763,2026-04-01,181.43,Paid,0,0,0
INV-0004575,CUST-100763,2026-05-01,177.73,Paid,0,0,0
INV-0004576,CUST-100763,2026-06-01,180.25,Paid,0,0,0
INV-0004577,CUST-100763,2026-07-01,183.69,Paid,0,0,0
INV-0004578,CUST-100763,2026-08-01,181.08,Paid,0,0,0
INV-0004579,CUST-100764,2026-03-01,36.46,Paid,0,0,0
INV-0004580,CUST-100764,2026-04-01,32.68,Late,2,0,0
INV-0004581,CUST-100764,2026-05-01,34.08,Paid,0,0,0
INV-0004582,CUST-100764,2026-06-01,33.83,Paid,0,0,0
INV-0004583,CUST-100764,2026-07-01,34.47,Paid,0,0,0
INV-0004584,CUST-100764,2026-08-01,33.73,Paid,0,0,0
INV-0004585,CUST-100765,2026-03-01,35.15,Paid,0,0,0
INV-0004586,CUST-100765,2026-04-01,36.13,Paid,0,1,0
INV-0004587,CUST-100765,2026-05-01,34.78,Paid,0,0,0
INV-0004588,CUST-100765,2026-06-01,36.01,Paid,0,0,0
INV-0004589,CUST-100765,2026-07-01,35.31,Paid,0,0,0
INV-0004590,CUST-100765,2026-08-01,36.78,Paid,0,0,0
INV-0004591,CUST-100766,2026-03-01,71.97,Paid,0,0,0
INV-0004592,CUST-100766,2026-04-01,75.94,Paid,0,0,0
INV-0004593,CUST-100766,2026-05-01,72.17,Paid,0,0,0
INV-0004594,CUST-100766,2026-06-01,74.1,Paid,0,0,0
INV-0004595,CUST-100766,2026-07-01,69.98,Paid,0,0,0
INV-0004596,CUST-100766,2026-08-01,70.8,Paid,0,0,0
INV-0004597,CUST-100767,2026-03-01,69.97,Paid,0,0,0
INV-0004598,CUST-100767,2026-04-01,67.19,Paid,0,0,0
INV-0004599,CUST-100767,2026-05-01,64.89,Paid,0,0,0
INV-0004600,CUST-100767,2026-06-01,65.7,Paid,0,0,0
INV-0004601,CUST-100767,2026-07-01,67.61,Paid,0,0,0
INV-0004602,CUST-100767,2026-08-01,65.89,Paid,0,0,0
INV-0004603,CUST-100768,2026-03-01,159.61,Late,15,0,0
INV-0004604,CUST-100768,2026-04-01,154.44,Paid,0,0,0
INV-0004605,CUST-100768,2026-05-01,162.07,Paid,0,0,0
INV-0004606,CUST-100768,2026-06-01,158.19,Paid,0,0,0
INV-0004607,CUST-100768,2026-07-01,161.15,Paid,0,0,0
INV-0004608,CUST-100768,2026-08-01,160.29,Paid,0,0,0
INV-0004609,CUST-100769,2026-03-01,45.38,Paid,0,0,0
INV-0004610,CUST-100769,2026-04-01,44.76,Paid,0,0,0
INV-0004611,CUST-100769,2026-05-01,43.27,Paid,0,0,0
INV-0004612,CUST-100769,2026-06-01,42.68,Paid,0,0,0
INV-0004613,CUST-100769,2026-07-01,45.37,Paid,0,0,0
INV-0004614,CUST-100769,2026-08-01,43.14,Paid,0,0,0
INV-0004615,CUST-100770,2026-03-01,33.76,Paid,0,0,0
INV-0004616,CUST-100770,2026-04-01,32.99,Paid,0,0,0
INV-0004617,CUST-100770,2026-05-01,33.77,Late,3,0,0
INV-0004618,CUST-100770,2026-06-01,31.94,Paid,0,0,0
INV-0004619,CUST-100770,2026-07-01,33.9,Paid,0,0,0
INV-0004620,CUST-100770,2026-08-01,35.01,Paid,0,0,0
INV-0004621,CUST-100771,2026-03-01,151.87,Late,32,0,0
INV-0004622,CUST-100771,2026-04-01,144.99,Paid,0,0,0
INV-0004623,CUST-100771,2026-05-01,147.95,Paid,0,0,0
INV-0004624,CUST-100771,2026-06-01,146.28,Paid,0,0,0
INV-0004625,CUST-100771,2026-07-01,147.68,Paid,0,0,0
INV-0004626,CUST-100771,2026-08-01,155.03,Paid,0,1,0
INV-0004627,CUST-100772,2026-03-01,65.49,Late,5,1,0
INV-0004628,CUST-100772,2026-04-01,67.33,Paid,0,1,0
INV-0004629,CUST-100772,2026-05-01,92.56,Paid,0,1,1
INV-0004630,CUST-100772,2026-06-01,74.72,Late,4,1,1
INV-0004631,CUST-100772,2026-07-01,67.03,Late,20,1,0
INV-0004632,CUST-100772,2026-08-01,64.23,Paid,0,0,0
INV-0004633,CUST-100773,2026-03-01,361.77,Paid,0,0,0
INV-0004634,CUST-100773,2026-04-01,364.71,Paid,0,0,0
INV-0004635,CUST-100773,2026-05-01,358.35,Paid,0,0,0
INV-0004636,CUST-100773,2026-06-01,352.56,Paid,0,0,0
INV-0004637,CUST-100773,2026-07-01,360.61,Paid,0,0,0
INV-0004638,CUST-100773,2026-08-01,358.52,Paid,0,0,0
INV-0004639,CUST-100774,2026-03-01,77.65,Late,30,1,0
INV-0004640,CUST-100774,2026-04-01,69.91,Paid,0,1,1
INV-0004641,CUST-100774,2026-05-01,69.22,Late,4,1,0
INV-0004642,CUST-100774,2026-06-01,66.78,Paid,0,1,0
INV-0004643,CUST-100774,2026-07-01,73.35,Late,11,0,0
INV-0004644,CUST-100774,2026-08-01,92.52,Late,33,1,0
INV-0004645,CUST-100775,2026-03-01,81.46,Paid,0,0,0
INV-0004646,CUST-100775,2026-04-01,79.36,Late,30,0,0
INV-0004647,CUST-100775,2026-05-01,80.08,Paid,0,0,0
INV-0004648,CUST-100775,2026-06-01,76.71,Paid,0,0,0
INV-0004649,CUST-100775,2026-07-01,78.1,Paid,0,0,0
INV-0004650,CUST-100775,2026-08-01,77.02,Paid,0,0,0
INV-0004651,CUST-100776,2026-03-01,34.13,Paid,0,0,0
INV-0004652,CUST-100776,2026-04-01,33.6,Paid,0,0,0
INV-0004653,CUST-100776,2026-05-01,34.33,Paid,0,0,0
INV-0004654,CUST-100776,2026-06-01,44.82,Late,28,0,0
INV-0004655,CUST-100776,2026-07-01,40.95,Late,27,0,0
INV-0004656,CUST-100776,2026-08-01,34.27,Paid,0,0,0
INV-0004657,CUST-100777,2026-03-01,81.81,Late,11,0,0
INV-0004658,CUST-100777,2026-04-01,81.55,Paid,0,0,0
INV-0004659,CUST-100777,2026-05-01,83.19,Late,26,0,0
INV-0004660,CUST-100777,2026-06-01,80.0,Paid,0,0,0
INV-0004661,CUST-100777,2026-07-01,82.92,Paid,0,0,0
INV-0004662,CUST-100777,2026-08-01,83.22,Paid,0,0,0
INV-0004663,CUST-100778,2026-03-01,462.02,Paid,0,0,0
INV-0004664,CUST-100778,2026-04-01,424.49,Paid,0,0,0
INV-0004665,CUST-100778,2026-05-01,436.95,Paid,0,0,0
INV-0004666,CUST-100778,2026-06-01,425.83,Paid,0,0,0
INV-0004667,CUST-100778,2026-07-01,451.1,Paid,0,0,0
INV-0004668,CUST-100778,2026-08-01,435.51,Paid,0,0,0
INV-0004669,CUST-100779,2026-03-01,164.55,Paid,0,0,0
INV-0004670,CUST-100779,2026-04-01,161.53,Paid,0,0,0
INV-0004671,CUST-100779,2026-05-01,168.08,Paid,0,0,0
INV-0004672,CUST-100779,2026-06-01,159.2,Paid,0,0,0
INV-0004673,CUST-100779,2026-07-01,166.39,Paid,0,0,0
INV-0004674,CUST-100779,2026-08-01,165.1,Paid,0,0,0
INV-0004675,CUST-100780,2026-03-01,82.46,Paid,0,0,0
INV-0004676,CUST-100780,2026-04-01,79.93,Paid,0,0,0
INV-0004677,CUST-100780,2026-05-01,83.08,Paid,0,0,0
INV-0004678,CUST-100780,2026-06-01,82.65,Paid,0,0,0
INV-0004679,CUST-100780,2026-07-01,82.58,Paid,0,0,0
INV-0004680,CUST-100780,2026-08-01,79.64,Late,24,0,0
INV-0004681,CUST-100781,2026-03-01,38.96,Paid,0,0,0
INV-0004682,CUST-100781,2026-04-01,39.07,Paid,0,0,0
INV-0004683,CUST-100781,2026-05-01,40.23,Paid,0,0,0
INV-0004684,CUST-100781,2026-06-01,38.93,Paid,0,0,0
INV-0004685,CUST-100781,2026-07-01,37.79,Paid,0,1,0
INV-0004686,CUST-100781,2026-08-01,38.07,Paid,0,0,0
INV-0004687,CUST-100782,2026-03-01,58.78,Paid,0,0,0
INV-0004688,CUST-100782,2026-04-01,61.52,Paid,0,0,0
INV-0004689,CUST-100782,2026-05-01,63.27,Paid,0,0,0
INV-0004690,CUST-100782,2026-06-01,64.88,Paid,0,0,0
INV-0004691,CUST-100782,2026-07-01,63.94,Paid,0,1,0
INV-0004692,CUST-100782,2026-08-01,61.08,Paid,0,0,0
INV-0004693,CUST-100783,2026-03-01,369.49,Paid,0,0,0
INV-0004694,CUST-100783,2026-04-01,349.23,Paid,0,0,0
INV-0004695,CUST-100783,2026-05-01,366.37,Paid,0,0,0
INV-0004696,CUST-100783,2026-06-01,385.88,Late,30,0,0
INV-0004697,CUST-100783,2026-07-01,363.9,Paid,0,0,0
INV-0004698,CUST-100783,2026-08-01,363.75,Paid,0,0,0
INV-0004699,CUST-100784,2026-03-01,78.98,Paid,0,0,0
INV-0004700,CUST-100784,2026-04-01,80.91,Paid,0,1,1
INV-0004701,CUST-100784,2026-05-01,82.16,Paid,0,0,0
INV-0004702,CUST-100784,2026-06-01,80.83,Paid,0,0,0
INV-0004703,CUST-100784,2026-07-01,80.93,Paid,0,0,0
INV-0004704,CUST-100784,2026-08-01,81.12,Paid,0,0,0
INV-0004705,CUST-100785,2026-03-01,154.59,Paid,0,0,0
INV-0004706,CUST-100785,2026-04-01,156.29,Paid,0,0,0
INV-0004707,CUST-100785,2026-05-01,152.39,Paid,0,0,0
INV-0004708,CUST-100785,2026-06-01,154.75,Paid,0,0,0
INV-0004709,CUST-100785,2026-07-01,153.49,Paid,0,0,0
INV-0004710,CUST-100785,2026-08-01,148.93,Paid,0,0,0
INV-0004711,CUST-100786,2026-03-01,73.7,Paid,0,0,0
INV-0004712,CUST-100786,2026-04-01,72.51,Paid,0,0,0
INV-0004713,CUST-100786,2026-05-01,75.65,Paid,0,0,0
INV-0004714,CUST-100786,2026-06-01,74.32,Paid,0,0,0
INV-0004715,CUST-100786,2026-07-01,75.63,Paid,0,0,0
INV-0004716,CUST-100786,2026-08-01,76.93,Paid,0,0,0
INV-0004717,CUST-100787,2026-03-01,116.42,Paid,0,0,0
INV-0004718,CUST-100787,2026-04-01,121.85,Paid,0,0,0
INV-0004719,CUST-100787,2026-05-01,125.13,Paid,0,0,0
INV-0004720,CUST-100787,2026-06-01,127.84,Paid,0,0,0
INV-0004721,CUST-100787,2026-07-01,120.19,Paid,0,0,0
INV-0004722,CUST-100787,2026-08-01,120.41,Paid,0,0,0
INV-0004723,CUST-100788,2026-03-01,487.29,Paid,0,0,0
INV-0004724,CUST-100788,2026-04-01,474.88,Paid,0,0,0
INV-0004725,CUST-100788,2026-05-01,472.29,Paid,0,0,0
INV-0004726,CUST-100788,2026-06-01,502.53,Paid,0,1,0
INV-0004727,CUST-100788,2026-07-01,478.76,Paid,0,0,0
INV-0004728,CUST-100788,2026-08-01,481.51,Paid,0,0,0
INV-0004729,CUST-100789,2026-03-01,33.23,Paid,0,0,0
INV-0004730,CUST-100789,2026-04-01,34.37,Paid,0,0,0
INV-0004731,CUST-100789,2026-05-01,32.74,Paid,0,0,0
INV-0004732,CUST-100789,2026-06-01,32.8,Paid,0,0,0
INV-0004733,CUST-100789,2026-07-01,33.09,Late,34,0,0
INV-0004734,CUST-100789,2026-08-01,31.74,Paid,0,0,0
INV-0004735,CUST-100790,2026-03-01,158.94,Paid,0,0,0
INV-0004736,CUST-100790,2026-04-01,153.46,Paid,0,0,0
INV-0004737,CUST-100790,2026-05-01,155.05,Paid,0,0,0
INV-0004738,CUST-100790,2026-06-01,151.83,Paid,0,0,0
INV-0004739,CUST-100790,2026-07-01,154.8,Paid,0,0,0
INV-0004740,CUST-100790,2026-08-01,148.12,Paid,0,0,0
INV-0004741,CUST-100791,2026-03-01,80.88,Paid,0,0,0
INV-0004742,CUST-100791,2026-04-01,76.97,Paid,0,0,0
INV-0004743,CUST-100791,2026-05-01,77.36,Paid,0,1,1
INV-0004744,CUST-100791,2026-06-01,78.69,Paid,0,0,0
INV-0004745,CUST-100791,2026-07-01,82.12,Paid,0,0,0
INV-0004746,CUST-100791,2026-08-01,79.28,Paid,0,0,0
INV-0004747,CUST-100792,2026-03-01,423.61,Paid,0,0,0
INV-0004748,CUST-100792,2026-04-01,434.0,Paid,0,0,0
INV-0004749,CUST-100792,2026-05-01,417.76,Paid,0,0,0
INV-0004750,CUST-100792,2026-06-01,413.25,Paid,0,0,0
INV-0004751,CUST-100792,2026-07-01,415.37,Paid,0,0,0
INV-0004752,CUST-100792,2026-08-01,411.82,Paid,0,0,0
INV-0004753,CUST-100793,2026-03-01,64.72,Paid,0,1,1
INV-0004754,CUST-100793,2026-04-01,80.73,Paid,0,0,0
INV-0004755,CUST-100793,2026-05-01,72.59,Late,29,1,1
INV-0004756,CUST-100793,2026-06-01,66.3,Late,32,0,0
INV-0004757,CUST-100793,2026-07-01,79.44,Paid,0,0,0
INV-0004758,CUST-100793,2026-08-01,68.02,Paid,0,0,0
INV-0004759,CUST-100794,2026-03-01,78.7,Paid,0,0,0
INV-0004760,CUST-100794,2026-04-01,77.62,Paid,0,0,0
INV-0004761,CUST-100794,2026-05-01,75.11,Paid,0,0,0
INV-0004762,CUST-100794,2026-06-01,77.46,Paid,0,0,0
INV-0004763,CUST-100794,2026-07-01,77.52,Paid,0,0,0
INV-0004764,CUST-100794,2026-08-01,78.02,Paid,0,0,0
INV-0004765,CUST-100795,2026-03-01,68.29,Paid,0,0,0
INV-0004766,CUST-100795,2026-04-01,70.55,Paid,0,0,0
INV-0004767,CUST-100795,2026-05-01,69.62,Paid,0,0,0
INV-0004768,CUST-100795,2026-06-01,63.69,Paid,0,0,0
INV-0004769,CUST-100795,2026-07-01,70.24,Late,16,0,0
INV-0004770,CUST-100795,2026-08-01,66.79,Paid,0,0,0
INV-0004771,CUST-100796,2026-03-01,239.24,Paid,0,0,0
INV-0004772,CUST-100796,2026-04-01,262.29,Paid,0,0,0
INV-0004773,CUST-100796,2026-05-01,191.6,Paid,0,0,0
INV-0004774,CUST-100796,2026-06-01,249.22,Paid,0,0,0
INV-0004775,CUST-100796,2026-07-01,198.35,Paid,0,1,0
INV-0004776,CUST-100796,2026-08-01,187.91,Paid,0,0,0
INV-0004777,CUST-100797,2026-03-01,385.99,Paid,0,0,0
INV-0004778,CUST-100797,2026-04-01,394.13,Paid,0,0,0
INV-0004779,CUST-100797,2026-05-01,382.33,Paid,0,0,0
INV-0004780,CUST-100797,2026-06-01,413.38,Paid,0,0,0
INV-0004781,CUST-100797,2026-07-01,382.88,Paid,0,0,0
INV-0004782,CUST-100797,2026-08-01,394.97,Paid,0,0,0
INV-0004783,CUST-100798,2026-03-01,304.0,Paid,0,0,0
INV-0004784,CUST-100798,2026-04-01,310.44,Paid,0,0,0
INV-0004785,CUST-100798,2026-05-01,313.68,Paid,0,0,0
INV-0004786,CUST-100798,2026-06-01,315.92,Paid,0,0,0
INV-0004787,CUST-100798,2026-07-01,312.52,Paid,0,0,0
INV-0004788,CUST-100798,2026-08-01,319.38,Paid,0,0,0
INV-0004789,CUST-100799,2026-03-01,81.14,Paid,0,0,0
INV-0004790,CUST-100799,2026-04-01,77.42,Paid,0,0,0
INV-0004791,CUST-100799,2026-05-01,80.15,Paid,0,0,0
INV-0004792,CUST-100799,2026-06-01,79.86,Paid,0,0,0
INV-0004793,CUST-100799,2026-07-01,76.45,Paid,0,0,0
INV-0004794,CUST-100799,2026-08-01,81.37,Paid,0,0,0
INV-0004795,CUST-100800,2026-03-01,143.12,Paid,0,1,0
INV-0004796,CUST-100800,2026-04-01,193.5,Paid,0,0,0
INV-0004797,CUST-100800,2026-05-01,162.42,Paid,0,1,0
INV-0004798,CUST-100800,2026-06-01,142.2,Paid,0,0,0
INV-0004799,CUST-100800,2026-07-01,182.91,Paid,0,0,0
INV-0004800,CUST-100800,2026-08-01,182.52,Paid,0,0,0
INV-0004801,CUST-100801,2026-03-01,37.52,Paid,0,0,0
INV-0004802,CUST-100801,2026-04-01,39.34,Paid,0,0,0
INV-0004803,CUST-100801,2026-05-01,37.39,Paid,0,0,0
INV-0004804,CUST-100801,2026-06-01,38.74,Paid,0,0,0
INV-0004805,CUST-100801,2026-07-01,37.84,Late,12,0,0
INV-0004806,CUST-100801,2026-08-01,45.0,Paid,0,0,0
INV-0004807,CUST-100802,2026-03-01,94.52,Paid,0,0,0
INV-0004808,CUST-100802,2026-04-01,94.99,Paid,0,0,0
INV-0004809,CUST-100802,2026-05-01,100.27,Paid,0,0,0
INV-0004810,CUST-100802,2026-06-01,96.57,Paid,0,0,0
INV-0004811,CUST-100802,2026-07-01,96.96,Paid,0,0,0
INV-0004812,CUST-100802,2026-08-01,101.68,Paid,0,0,0
INV-0004813,CUST-100803,2026-03-01,146.47,Paid,0,1,1
INV-0004814,CUST-100803,2026-04-01,144.86,Late,15,0,0
INV-0004815,CUST-100803,2026-05-01,141.57,Paid,0,0,0
INV-0004816,CUST-100803,2026-06-01,145.64,Paid,0,0,0
INV-0004817,CUST-100803,2026-07-01,150.39,Late,28,0,0
INV-0004818,CUST-100803,2026-08-01,145.38,Paid,0,0,0
INV-0004819,CUST-100804,2026-03-01,149.29,Late,14,1,0
INV-0004820,CUST-100804,2026-04-01,142.67,Paid,0,1,1
INV-0004821,CUST-100804,2026-05-01,146.05,Late,29,0,0
INV-0004822,CUST-100804,2026-06-01,125.58,Late,25,0,0
INV-0004823,CUST-100804,2026-07-01,126.47,Paid,0,1,0
INV-0004824,CUST-100804,2026-08-01,151.71,Paid,0,1,0
INV-0004825,CUST-100805,2026-03-01,33.03,Late,15,1,0
INV-0004826,CUST-100805,2026-04-01,29.89,Late,7,0,0
INV-0004827,CUST-100805,2026-05-01,39.57,Paid,0,1,0
INV-0004828,CUST-100805,2026-06-01,28.48,Late,8,0,0
INV-0004829,CUST-100805,2026-07-01,29.1,Paid,0,1,0
INV-0004830,CUST-100805,2026-08-01,29.39,Paid,0,1,1
INV-0004831,CUST-100806,2026-03-01,76.16,Paid,0,0,0
INV-0004832,CUST-100806,2026-04-01,75.1,Paid,0,0,0
INV-0004833,CUST-100806,2026-05-01,75.13,Paid,0,0,0
INV-0004834,CUST-100806,2026-06-01,77.53,Paid,0,0,0
INV-0004835,CUST-100806,2026-07-01,73.45,Paid,0,0,0
INV-0004836,CUST-100806,2026-08-01,74.42,Paid,0,0,0
INV-0004837,CUST-100807,2026-03-01,68.64,Paid,0,0,0
INV-0004838,CUST-100807,2026-04-01,71.85,Paid,0,0,0
INV-0004839,CUST-100807,2026-05-01,70.39,Paid,0,0,0
INV-0004840,CUST-100807,2026-06-01,70.55,Paid,0,0,0
INV-0004841,CUST-100807,2026-07-01,71.82,Paid,0,0,0
INV-0004842,CUST-100807,2026-08-01,67.94,Paid,0,0,0
INV-0004843,CUST-100808,2026-03-01,85.24,Paid,0,0,0
INV-0004844,CUST-100808,2026-04-01,88.34,Paid,0,0,0
INV-0004845,CUST-100808,2026-05-01,82.83,Paid,0,0,0
INV-0004846,CUST-100808,2026-06-01,84.67,Paid,0,0,0
INV-0004847,CUST-100808,2026-07-01,84.72,Paid,0,0,0
INV-0004848,CUST-100808,2026-08-01,78.52,Paid,0,0,0
INV-0004849,CUST-100809,2026-03-01,82.02,Late,15,0,0
INV-0004850,CUST-100809,2026-04-01,85.47,Paid,0,0,0
INV-0004851,CUST-100809,2026-05-01,79.5,Paid,0,1,1
INV-0004852,CUST-100809,2026-06-01,82.65,Paid,0,0,0
INV-0004853,CUST-100809,2026-07-01,82.17,Paid,0,0,0
INV-0004854,CUST-100809,2026-08-01,79.33,Paid,0,0,0
INV-0004855,CUST-100810,2026-03-01,42.88,Paid,0,0,0
INV-0004856,CUST-100810,2026-04-01,41.81,Paid,0,0,0
INV-0004857,CUST-100810,2026-05-01,41.64,Paid,0,0,0
INV-0004858,CUST-100810,2026-06-01,42.65,Paid,0,0,0
INV-0004859,CUST-100810,2026-07-01,41.27,Paid,0,0,0
INV-0004860,CUST-100810,2026-08-01,41.66,Paid,0,0,0
INV-0004861,CUST-100811,2026-03-01,447.12,Paid,0,0,0
INV-0004862,CUST-100811,2026-04-01,426.7,Late,1,0,0
INV-0004863,CUST-100811,2026-05-01,448.09,Paid,0,0,0
INV-0004864,CUST-100811,2026-06-01,422.84,Paid,0,0,0
INV-0004865,CUST-100811,2026-07-01,426.23,Paid,0,0,0
INV-0004866,CUST-100811,2026-08-01,451.71,Paid,0,0,0
INV-0004867,CUST-100812,2026-03-01,162.06,Paid,0,1,0
INV-0004868,CUST-100812,2026-04-01,168.85,Late,11,0,0
INV-0004869,CUST-100812,2026-05-01,160.85,Paid,0,0,0
INV-0004870,CUST-100812,2026-06-01,164.94,Late,2,0,0
INV-0004871,CUST-100812,2026-07-01,218.76,Late,11,0,0
INV-0004872,CUST-100812,2026-08-01,160.87,Paid,0,1,0
INV-0004873,CUST-100813,2026-03-01,572.87,Paid,0,0,0
INV-0004874,CUST-100813,2026-04-01,540.45,Paid,0,0,0
INV-0004875,CUST-100813,2026-05-01,564.06,Paid,0,0,0
INV-0004876,CUST-100813,2026-06-01,541.51,Late,16,0,0
INV-0004877,CUST-100813,2026-07-01,576.23,Paid,0,0,0
INV-0004878,CUST-100813,2026-08-01,539.11,Paid,0,0,0
INV-0004879,CUST-100814,2026-03-01,42.19,Paid,0,0,0
INV-0004880,CUST-100814,2026-04-01,42.97,Paid,0,0,0
INV-0004881,CUST-100814,2026-05-01,42.2,Paid,0,0,0
INV-0004882,CUST-100814,2026-06-01,41.13,Paid,0,0,0
INV-0004883,CUST-100814,2026-07-01,43.58,Paid,0,0,0
INV-0004884,CUST-100814,2026-08-01,43.14,Paid,0,0,0
INV-0004885,CUST-100815,2026-03-01,72.68,Paid,0,0,0
INV-0004886,CUST-100815,2026-04-01,72.38,Late,31,0,0
INV-0004887,CUST-100815,2026-05-01,70.32,Paid,0,0,0
INV-0004888,CUST-100815,2026-06-01,70.06,Paid,0,0,0
INV-0004889,CUST-100815,2026-07-01,72.76,Paid,0,0,0
INV-0004890,CUST-100815,2026-08-01,72.52,Paid,0,0,0
INV-0004891,CUST-100816,2026-03-01,148.35,Paid,0,0,0
INV-0004892,CUST-100816,2026-04-01,155.04,Paid,0,0,0
INV-0004893,CUST-100816,2026-05-01,153.32,Paid,0,0,0
INV-0004894,CUST-100816,2026-06-01,157.71,Paid,0,0,0
INV-0004895,CUST-100816,2026-07-01,152.99,Paid,0,1,0
INV-0004896,CUST-100816,2026-08-01,155.32,Paid,0,0,0
INV-0004897,CUST-100817,2026-03-01,80.43,Paid,0,0,0
INV-0004898,CUST-100817,2026-04-01,86.23,Paid,0,0,0
INV-0004899,CUST-100817,2026-05-01,83.66,Paid,0,0,0
INV-0004900,CUST-100817,2026-06-01,89.34,Paid,0,0,0
INV-0004901,CUST-100817,2026-07-01,79.06,Paid,0,0,0
INV-0004902,CUST-100817,2026-08-01,80.8,Paid,0,0,0
INV-0004903,CUST-100818,2026-03-01,82.17,Late,25,0,0
INV-0004904,CUST-100818,2026-04-01,85.07,Late,17,0,0
INV-0004905,CUST-100818,2026-05-01,85.35,Paid,0,0,0
INV-0004906,CUST-100818,2026-06-01,80.05,Paid,0,0,0
INV-0004907,CUST-100818,2026-07-01,86.56,Paid,0,0,0
INV-0004908,CUST-100818,2026-08-01,84.11,Paid,0,0,0
INV-0004909,CUST-100819,2026-03-01,37.55,Paid,0,0,0
INV-0004910,CUST-100819,2026-04-01,37.31,Paid,0,0,0
INV-0004911,CUST-100819,2026-05-01,38.32,Paid,0,0,0
INV-0004912,CUST-100819,2026-06-01,37.57,Paid,0,0,0
INV-0004913,CUST-100819,2026-07-01,40.71,Paid,0,0,0
INV-0004914,CUST-100819,2026-08-01,37.55,Paid,0,1,1
INV-0004915,CUST-100820,2026-03-01,154.25,Paid,0,0,0
INV-0004916,CUST-100820,2026-04-01,154.92,Paid,0,0,0
INV-0004917,CUST-100820,2026-05-01,158.49,Paid,0,0,0
INV-0004918,CUST-100820,2026-06-01,152.29,Paid,0,0,0
INV-0004919,CUST-100820,2026-07-01,155.23,Paid,0,0,0
INV-0004920,CUST-100820,2026-08-01,151.83,Paid,0,0,0
INV-0004921,CUST-100821,2026-03-01,93.2,Paid,0,0,0
INV-0004922,CUST-100821,2026-04-01,89.55,Paid,0,0,0
INV-0004923,CUST-100821,2026-05-01,91.39,Paid,0,0,0
INV-0004924,CUST-100821,2026-06-01,90.48,Paid,0,0,0
INV-0004925,CUST-100821,2026-07-01,94.07,Paid,0,0,0
INV-0004926,CUST-100821,2026-08-01,88.18,Paid,0,0,0
INV-0004927,CUST-100822,2026-03-01,170.36,Paid,0,0,0
INV-0004928,CUST-100822,2026-04-01,168.04,Paid,0,0,0
INV-0004929,CUST-100822,2026-05-01,172.76,Paid,0,0,0
INV-0004930,CUST-100822,2026-06-01,177.46,Paid,0,0,0
INV-0004931,CUST-100822,2026-07-01,171.94,Paid,0,0,0
INV-0004932,CUST-100822,2026-08-01,164.07,Paid,0,0,0
INV-0004933,CUST-100823,2026-03-01,80.89,Paid,0,0,0
INV-0004934,CUST-100823,2026-04-01,112.92,Late,22,1,0
INV-0004935,CUST-100823,2026-05-01,83.34,Late,24,0,0
INV-0004936,CUST-100823,2026-06-01,84.39,Paid,0,0,0
INV-0004937,CUST-100823,2026-07-01,84.57,Late,19,0,0
INV-0004938,CUST-100823,2026-08-01,94.32,Late,22,0,0
INV-0004939,CUST-100824,2026-03-01,39.96,Late,27,0,0
INV-0004940,CUST-100824,2026-04-01,37.45,Paid,0,0,0
INV-0004941,CUST-100824,2026-05-01,43.84,Late,23,1,0
INV-0004942,CUST-100824,2026-06-01,35.1,Paid,0,0,0
INV-0004943,CUST-100824,2026-07-01,34.47,Paid,0,0,0
INV-0004944,CUST-100824,2026-08-01,34.38,Late,23,1,1
INV-0004945,CUST-100825,2026-03-01,191.26,Paid,0,0,0
INV-0004946,CUST-100825,2026-04-01,200.6,Paid,0,1,1
INV-0004947,CUST-100825,2026-05-01,192.09,Paid,0,0,0
INV-0004948,CUST-100825,2026-06-01,193.29,Paid,0,1,0
INV-0004949,CUST-100825,2026-07-01,192.27,Paid,0,0,0
INV-0004950,CUST-100825,2026-08-01,231.64,Paid,0,0,0
INV-0004951,CUST-100826,2026-03-01,82.22,Paid,0,0,0
INV-0004952,CUST-100826,2026-04-01,83.62,Paid,0,0,0
INV-0004953,CUST-100826,2026-05-01,83.1,Paid,0,0,0
INV-0004954,CUST-100826,2026-06-01,86.14,Paid,0,0,0
INV-0004955,CUST-100826,2026-07-01,78.7,Paid,0,0,0
INV-0004956,CUST-100826,2026-08-01,81.49,Paid,0,0,0
INV-0004957,CUST-100827,2026-03-01,109.07,Paid,0,0,0
INV-0004958,CUST-100827,2026-04-01,82.62,Late,32,1,0
INV-0004959,CUST-100827,2026-05-01,83.41,Paid,0,0,0
INV-0004960,CUST-100827,2026-06-01,84.98,Late,1,1,0
INV-0004961,CUST-100827,2026-07-01,110.2,Paid,0,0,0
INV-0004962,CUST-100827,2026-08-01,84.75,Paid,0,0,0
INV-0004963,CUST-100828,2026-03-01,27.83,Paid,0,0,0
INV-0004964,CUST-100828,2026-04-01,29.31,Paid,0,0,0
INV-0004965,CUST-100828,2026-05-01,30.06,Late,32,0,0
INV-0004966,CUST-100828,2026-06-01,29.6,Paid,0,0,0
INV-0004967,CUST-100828,2026-07-01,29.31,Paid,0,0,0
INV-0004968,CUST-100828,2026-08-01,28.82,Paid,0,0,0
INV-0004969,CUST-100829,2026-03-01,144.04,Late,3,0,0
INV-0004970,CUST-100829,2026-04-01,137.48,Paid,0,0,0
INV-0004971,CUST-100829,2026-05-01,135.69,Paid,0,0,0
INV-0004972,CUST-100829,2026-06-01,140.41,Paid,0,0,0
INV-0004973,CUST-100829,2026-07-01,138.5,Paid,0,0,0
INV-0004974,CUST-100829,2026-08-01,136.32,Late,3,0,0
INV-0004975,CUST-100830,2026-03-01,32.03,Paid,0,0,0
INV-0004976,CUST-100830,2026-04-01,31.84,Paid,0,0,0
INV-0004977,CUST-100830,2026-05-01,31.39,Late,22,1,0
INV-0004978,CUST-100830,2026-06-01,32.16,Paid,0,0,0
INV-0004979,CUST-100830,2026-07-01,31.17,Paid,0,1,0
INV-0004980,CUST-100830,2026-08-01,31.59,Paid,0,0,0
INV-0004981,CUST-100831,2026-03-01,131.73,Paid,0,0,0
INV-0004982,CUST-100831,2026-04-01,140.47,Paid,0,0,0
INV-0004983,CUST-100831,2026-05-01,136.95,Late,25,0,0
INV-0004984,CUST-100831,2026-06-01,138.85,Paid,0,0,0
INV-0004985,CUST-100831,2026-07-01,139.15,Paid,0,0,0
INV-0004986,CUST-100831,2026-08-01,138.99,Late,3,0,0
INV-0004987,CUST-100832,2026-03-01,37.92,Paid,0,0,0
INV-0004988,CUST-100832,2026-04-01,38.46,Paid,0,0,0
INV-0004989,CUST-100832,2026-05-01,37.71,Paid,0,0,0
INV-0004990,CUST-100832,2026-06-01,39.52,Paid,0,0,0
INV-0004991,CUST-100832,2026-07-01,39.29,Paid,0,0,0
INV-0004992,CUST-100832,2026-08-01,38.63,Paid,0,0,0
INV-0004993,CUST-100833,2026-03-01,70.31,Paid,0,0,0
INV-0004994,CUST-100833,2026-04-01,74.47,Paid,0,0,0
INV-0004995,CUST-100833,2026-05-01,73.03,Paid,0,0,0
INV-0004996,CUST-100833,2026-06-01,75.6,Paid,0,0,0
INV-0004997,CUST-100833,2026-07-01,72.38,Paid,0,0,0
INV-0004998,CUST-100833,2026-08-01,73.34,Paid,0,0,0
INV-0004999,CUST-100834,2026-03-01,42.94,Paid,0,0,0
INV-0005000,CUST-100834,2026-04-01,41.78,Paid,0,0,0
INV-0005001,CUST-100834,2026-05-01,41.31,Paid,0,0,0
INV-0005002,CUST-100834,2026-06-01,40.56,Paid,0,0,0
INV-0005003,CUST-100834,2026-07-01,40.68,Paid,0,0,0
INV-0005004,CUST-100834,2026-08-01,40.33,Paid,0,0,0
INV-0005005,CUST-100835,2026-03-01,80.12,Paid,0,1,0
INV-0005006,CUST-100835,2026-04-01,80.98,Paid,0,0,0
INV-0005007,CUST-100835,2026-05-01,81.91,Paid,0,0,0
INV-0005008,CUST-100835,2026-06-01,84.22,Paid,0,0,0
INV-0005009,CUST-100835,2026-07-01,78.01,Paid,0,0,0
INV-0005010,CUST-100835,2026-08-01,83.75,Paid,0,0,0
INV-0005011,CUST-100836,2026-03-01,40.36,Late,12,0,0
INV-0005012,CUST-100836,2026-04-01,39.18,Paid,0,0,0
INV-0005013,CUST-100836,2026-05-01,42.09,Paid,0,0,0
INV-0005014,CUST-100836,2026-06-01,41.15,Paid,0,0,0
INV-0005015,CUST-100836,2026-07-01,41.32,Paid,0,0,0
INV-0005016,CUST-100836,2026-08-01,41.63,Paid,0,0,0
INV-0005017,CUST-100837,2026-03-01,33.52,Paid,0,0,0
INV-0005018,CUST-100837,2026-04-01,33.81,Paid,0,0,0
INV-0005019,CUST-100837,2026-05-01,34.0,Paid,0,0,0
INV-0005020,CUST-100837,2026-06-01,33.14,Paid,0,0,0
INV-0005021,CUST-100837,2026-07-01,34.47,Paid,0,0,0
INV-0005022,CUST-100837,2026-08-01,33.69,Paid,0,0,0
INV-0005023,CUST-100838,2026-03-01,82.72,Paid,0,0,0
INV-0005024,CUST-100838,2026-04-01,79.6,Paid,0,0,0
INV-0005025,CUST-100838,2026-05-01,79.3,Paid,0,0,0
INV-0005026,CUST-100838,2026-06-01,81.27,Paid,0,0,0
INV-0005027,CUST-100838,2026-07-01,83.56,Paid,0,0,0
INV-0005028,CUST-100838,2026-08-01,79.43,Paid,0,0,0
INV-0005029,CUST-100839,2026-03-01,87.62,Paid,0,0,0
INV-0005030,CUST-100839,2026-04-01,84.92,Paid,0,0,0
INV-0005031,CUST-100839,2026-05-01,85.55,Paid,0,0,0
INV-0005032,CUST-100839,2026-06-01,83.35,Paid,0,1,1
INV-0005033,CUST-100839,2026-07-01,84.37,Paid,0,0,0
INV-0005034,CUST-100839,2026-08-01,83.47,Paid,0,0,0
INV-0005035,CUST-100840,2026-03-01,94.72,Paid,0,0,0
INV-0005036,CUST-100840,2026-04-01,93.6,Paid,0,0,0
INV-0005037,CUST-100840,2026-05-01,90.09,Paid,0,0,0
INV-0005038,CUST-100840,2026-06-01,93.86,Paid,0,0,0
INV-0005039,CUST-100840,2026-07-01,94.31,Paid,0,0,0
INV-0005040,CUST-100840,2026-08-01,91.41,Paid,0,0,0
INV-0005041,CUST-100841,2026-03-01,164.4,Paid,0,0,0
INV-0005042,CUST-100841,2026-04-01,161.57,Paid,0,0,0
INV-0005043,CUST-100841,2026-05-01,170.14,Paid,0,1,0
INV-0005044,CUST-100841,2026-06-01,167.87,Paid,0,0,0
INV-0005045,CUST-100841,2026-07-01,150.51,Paid,0,0,0
INV-0005046,CUST-100841,2026-08-01,168.05,Paid,0,0,0
INV-0005047,CUST-100842,2026-03-01,94.44,Paid,0,0,0
INV-0005048,CUST-100842,2026-04-01,99.74,Paid,0,0,0
INV-0005049,CUST-100842,2026-05-01,97.76,Paid,0,0,0
INV-0005050,CUST-100842,2026-06-01,99.39,Paid,0,0,0
INV-0005051,CUST-100842,2026-07-01,95.53,Paid,0,0,0
INV-0005052,CUST-100842,2026-08-01,100.58,Paid,0,0,0
INV-0005053,CUST-100843,2026-03-01,74.58,Paid,0,1,0
INV-0005054,CUST-100843,2026-04-01,80.55,Paid,0,0,0
INV-0005055,CUST-100843,2026-05-01,78.52,Paid,0,0,0
INV-0005056,CUST-100843,2026-06-01,78.86,Paid,0,0,0
INV-0005057,CUST-100843,2026-07-01,81.65,Paid,0,0,0
INV-0005058,CUST-100843,2026-08-01,80.89,Paid,0,0,0
INV-0005059,CUST-100844,2026-03-01,142.14,Paid,0,1,0
INV-0005060,CUST-100844,2026-04-01,136.22,Paid,0,0,0
INV-0005061,CUST-100844,2026-05-01,139.11,Paid,0,0,0
INV-0005062,CUST-100844,2026-06-01,144.47,Paid,0,0,0
INV-0005063,CUST-100844,2026-07-01,142.88,Paid,0,0,0
INV-0005064,CUST-100844,2026-08-01,137.43,Paid,0,0,0
INV-0005065,CUST-100845,2026-03-01,30.31,Paid,0,0,0
INV-0005066,CUST-100845,2026-04-01,30.65,Paid,0,0,0
INV-0005067,CUST-100845,2026-05-01,31.1,Paid,0,0,0
INV-0005068,CUST-100845,2026-06-01,29.63,Paid,0,0,0
INV-0005069,CUST-100845,2026-07-01,30.69,Paid,0,0,0
INV-0005070,CUST-100845,2026-08-01,30.7,Paid,0,0,0
INV-0005071,CUST-100846,2026-03-01,360.73,Paid,0,0,0
INV-0005072,CUST-100846,2026-04-01,360.01,Paid,0,0,0
INV-0005073,CUST-100846,2026-05-01,364.6,Paid,0,0,0
INV-0005074,CUST-100846,2026-06-01,367.9,Paid,0,0,0
INV-0005075,CUST-100846,2026-07-01,373.13,Paid,0,0,0
INV-0005076,CUST-100846,2026-08-01,356.93,Paid,0,0,0
INV-0005077,CUST-100847,2026-03-01,35.13,Paid,0,0,0
INV-0005078,CUST-100847,2026-04-01,35.24,Paid,0,0,0
INV-0005079,CUST-100847,2026-05-01,35.95,Paid,0,0,0
INV-0005080,CUST-100847,2026-06-01,36.44,Paid,0,0,0
INV-0005081,CUST-100847,2026-07-01,35.33,Paid,0,0,0
INV-0005082,CUST-100847,2026-08-01,36.27,Late,30,1,1
INV-0005083,CUST-100848,2026-03-01,35.95,Paid,0,0,0
INV-0005084,CUST-100848,2026-04-01,44.99,Paid,0,1,0
INV-0005085,CUST-100848,2026-05-01,37.48,Paid,0,1,0
INV-0005086,CUST-100848,2026-06-01,38.43,Paid,0,1,1
INV-0005087,CUST-100848,2026-07-01,37.99,Paid,0,0,0
INV-0005088,CUST-100848,2026-08-01,38.58,Paid,0,0,0
INV-0005089,CUST-100849,2026-03-01,141.57,Paid,0,0,0
INV-0005090,CUST-100849,2026-04-01,148.12,Paid,0,0,0
INV-0005091,CUST-100849,2026-05-01,150.15,Paid,0,0,0
INV-0005092,CUST-100849,2026-06-01,148.97,Paid,0,0,0
INV-0005093,CUST-100849,2026-07-01,151.56,Paid,0,0,0
INV-0005094,CUST-100849,2026-08-01,140.8,Paid,0,0,0
INV-0005095,CUST-100850,2026-03-01,47.48,Late,3,0,0
INV-0005096,CUST-100850,2026-04-01,47.17,Paid,0,0,0
INV-0005097,CUST-100850,2026-05-01,49.83,Paid,0,0,0
INV-0005098,CUST-100850,2026-06-01,45.62,Paid,0,0,0
INV-0005099,CUST-100850,2026-07-01,46.84,Paid,0,0,0
INV-0005100,CUST-100850,2026-08-01,46.79,Paid,0,1,0
INV-0005101,CUST-100851,2026-03-01,90.5,Paid,0,0,0
INV-0005102,CUST-100851,2026-04-01,94.7,Paid,0,0,0
INV-0005103,CUST-100851,2026-05-01,87.14,Paid,0,0,0
INV-0005104,CUST-100851,2026-06-01,90.32,Paid,0,0,0
INV-0005105,CUST-100851,2026-07-01,95.65,Paid,0,0,0
INV-0005106,CUST-100851,2026-08-01,91.76,Paid,0,0,0
INV-0005107,CUST-100852,2026-03-01,73.22,Paid,0,0,0
INV-0005108,CUST-100852,2026-04-01,70.42,Paid,0,0,0
INV-0005109,CUST-100852,2026-05-01,73.22,Paid,0,0,0
INV-0005110,CUST-100852,2026-06-01,75.57,Paid,0,0,0
INV-0005111,CUST-100852,2026-07-01,74.24,Paid,0,0,0
INV-0005112,CUST-100852,2026-08-01,73.43,Paid,0,0,0
INV-0005113,CUST-100853,2026-03-01,81.14,Paid,0,0,0
INV-0005114,CUST-100853,2026-04-01,81.36,Late,32,0,0
INV-0005115,CUST-100853,2026-05-01,82.49,Paid,0,0,0
INV-0005116,CUST-100853,2026-06-01,78.86,Paid,0,0,0
INV-0005117,CUST-100853,2026-07-01,81.1,Paid,0,0,0
INV-0005118,CUST-100853,2026-08-01,78.8,Paid,0,0,0
INV-0005119,CUST-100854,2026-03-01,90.23,Paid,0,0,0
INV-0005120,CUST-100854,2026-04-01,93.37,Paid,0,0,0
INV-0005121,CUST-100854,2026-05-01,94.86,Paid,0,0,0
INV-0005122,CUST-100854,2026-06-01,95.75,Paid,0,0,0
INV-0005123,CUST-100854,2026-07-01,90.5,Paid,0,0,0
INV-0005124,CUST-100854,2026-08-01,90.62,Paid,0,0,0
INV-0005125,CUST-100855,2026-03-01,70.71,Paid,0,0,0
INV-0005126,CUST-100855,2026-04-01,68.82,Paid,0,0,0
INV-0005127,CUST-100855,2026-05-01,67.81,Paid,0,0,0
INV-0005128,CUST-100855,2026-06-01,68.9,Paid,0,0,0
INV-0005129,CUST-100855,2026-07-01,69.16,Paid,0,0,0
INV-0005130,CUST-100855,2026-08-01,69.57,Paid,0,0,0
INV-0005131,CUST-100856,2026-03-01,38.86,Paid,0,1,0
INV-0005132,CUST-100856,2026-04-01,37.5,Paid,0,1,1
INV-0005133,CUST-100856,2026-05-01,48.39,Paid,0,1,1
INV-0005134,CUST-100856,2026-06-01,44.21,Late,14,1,1
INV-0005135,CUST-100856,2026-07-01,35.92,Paid,0,0,0
INV-0005136,CUST-100856,2026-08-01,37.61,Paid,0,0,0
INV-0005137,CUST-100857,2026-03-01,93.78,Paid,0,0,0
INV-0005138,CUST-100857,2026-04-01,91.66,Paid,0,0,0
INV-0005139,CUST-100857,2026-05-01,90.71,Paid,0,0,0
INV-0005140,CUST-100857,2026-06-01,94.26,Paid,0,1,0
INV-0005141,CUST-100857,2026-07-01,121.78,Late,8,0,0
INV-0005142,CUST-100857,2026-08-01,122.67,Late,34,1,0
INV-0005143,CUST-100858,2026-03-01,167.58,Paid,0,0,0
INV-0005144,CUST-100858,2026-04-01,168.05,Paid,0,0,0
INV-0005145,CUST-100858,2026-05-01,170.56,Paid,0,0,0
INV-0005146,CUST-100858,2026-06-01,166.9,Paid,0,0,0
INV-0005147,CUST-100858,2026-07-01,167.44,Paid,0,0,0
INV-0005148,CUST-100858,2026-08-01,167.74,Paid,0,0,0
INV-0005149,CUST-100859,2026-03-01,168.12,Paid,0,0,0
INV-0005150,CUST-100859,2026-04-01,161.23,Paid,0,0,0
INV-0005151,CUST-100859,2026-05-01,170.11,Paid,0,0,0
INV-0005152,CUST-100859,2026-06-01,158.11,Paid,0,0,0
INV-0005153,CUST-100859,2026-07-01,167.4,Paid,0,0,0
INV-0005154,CUST-100859,2026-08-01,157.58,Paid,0,0,0
INV-0005155,CUST-100860,2026-03-01,151.99,Paid,0,0,0
INV-0005156,CUST-100860,2026-04-01,151.16,Paid,0,0,0
INV-0005157,CUST-100860,2026-05-01,156.18,Paid,0,0,0
INV-0005158,CUST-100860,2026-06-01,154.74,Paid,0,0,0
INV-0005159,CUST-100860,2026-07-01,151.95,Paid,0,0,0
INV-0005160,CUST-100860,2026-08-01,152.04,Paid,0,0,0
INV-0005161,CUST-100861,2026-03-01,34.24,Paid,0,0,0
INV-0005162,CUST-100861,2026-04-01,33.96,Paid,0,0,0
INV-0005163,CUST-100861,2026-05-01,33.81,Paid,0,0,0
INV-0005164,CUST-100861,2026-06-01,34.0,Paid,0,0,0
INV-0005165,CUST-100861,2026-07-01,34.17,Paid,0,0,0
INV-0005166,CUST-100861,2026-08-01,35.7,Paid,0,0,0
INV-0005167,CUST-100862,2026-03-01,72.65,Paid,0,0,0
INV-0005168,CUST-100862,2026-04-01,69.37,Paid,0,0,0
INV-0005169,CUST-100862,2026-05-01,73.48,Paid,0,0,0
INV-0005170,CUST-100862,2026-06-01,67.12,Paid,0,0,0
INV-0005171,CUST-100862,2026-07-01,68.89,Paid,0,0,0
INV-0005172,CUST-100862,2026-08-01,72.96,Late,19,0,0
INV-0005173,CUST-100863,2026-03-01,176.26,Paid,0,0,0
INV-0005174,CUST-100863,2026-04-01,168.05,Late,17,1,0
INV-0005175,CUST-100863,2026-05-01,202.21,Late,26,1,1
INV-0005176,CUST-100863,2026-06-01,167.97,Late,7,1,1
INV-0005177,CUST-100863,2026-07-01,169.11,Paid,0,0,0
INV-0005178,CUST-100863,2026-08-01,216.27,Late,27,0,0
INV-0005179,CUST-100864,2026-03-01,29.37,Paid,0,0,0
INV-0005180,CUST-100864,2026-04-01,28.39,Paid,0,0,0
INV-0005181,CUST-100864,2026-05-01,29.81,Paid,0,0,0
INV-0005182,CUST-100864,2026-06-01,27.96,Paid,0,0,0
INV-0005183,CUST-100864,2026-07-01,29.89,Paid,0,0,0
INV-0005184,CUST-100864,2026-08-01,29.81,Paid,0,0,0
INV-0005185,CUST-100865,2026-03-01,35.9,Paid,0,0,0
INV-0005186,CUST-100865,2026-04-01,36.84,Paid,0,1,0
INV-0005187,CUST-100865,2026-05-01,39.87,Paid,0,0,0
INV-0005188,CUST-100865,2026-06-01,37.92,Paid,0,0,0
INV-0005189,CUST-100865,2026-07-01,37.26,Paid,0,0,0
INV-0005190,CUST-100865,2026-08-01,38.81,Paid,0,1,0
INV-0005191,CUST-100866,2026-03-01,38.96,Paid,0,0,0
INV-0005192,CUST-100866,2026-04-01,39.41,Paid,0,0,0
INV-0005193,CUST-100866,2026-05-01,38.94,Paid,0,0,0
INV-0005194,CUST-100866,2026-06-01,37.54,Paid,0,0,0
INV-0005195,CUST-100866,2026-07-01,37.1,Paid,0,0,0
INV-0005196,CUST-100866,2026-08-01,39.7,Paid,0,1,0
INV-0005197,CUST-100867,2026-03-01,33.72,Paid,0,0,0
INV-0005198,CUST-100867,2026-04-01,33.15,Paid,0,0,0
INV-0005199,CUST-100867,2026-05-01,32.68,Paid,0,0,0
INV-0005200,CUST-100867,2026-06-01,32.93,Late,19,0,0
INV-0005201,CUST-100867,2026-07-01,33.11,Paid,0,1,0
INV-0005202,CUST-100867,2026-08-01,33.4,Paid,0,0,0
INV-0005203,CUST-100868,2026-03-01,437.19,Late,33,0,0
INV-0005204,CUST-100868,2026-04-01,438.36,Late,2,0,0
INV-0005205,CUST-100868,2026-05-01,430.66,Late,23,0,0
INV-0005206,CUST-100868,2026-06-01,421.92,Late,26,0,0
INV-0005207,CUST-100868,2026-07-01,426.26,Late,31,0,0
INV-0005208,CUST-100868,2026-08-01,560.87,Late,33,0,0
INV-0005209,CUST-100869,2026-03-01,77.77,Paid,0,0,0
INV-0005210,CUST-100869,2026-04-01,76.92,Paid,0,0,0
INV-0005211,CUST-100869,2026-05-01,79.86,Paid,0,0,0
INV-0005212,CUST-100869,2026-06-01,76.61,Paid,0,0,0
INV-0005213,CUST-100869,2026-07-01,72.85,Paid,0,0,0
INV-0005214,CUST-100869,2026-08-01,79.69,Paid,0,0,0
INV-0005215,CUST-100870,2026-03-01,78.58,Paid,0,0,0
INV-0005216,CUST-100870,2026-04-01,81.13,Paid,0,0,0
INV-0005217,CUST-100870,2026-05-01,76.34,Paid,0,0,0
INV-0005218,CUST-100870,2026-06-01,77.23,Paid,0,0,0
INV-0005219,CUST-100870,2026-07-01,77.33,Paid,0,0,0
INV-0005220,CUST-100870,2026-08-01,75.94,Paid,0,0,0
INV-0005221,CUST-100871,2026-03-01,462.07,Late,13,0,0
INV-0005222,CUST-100871,2026-04-01,459.67,Paid,0,0,0
INV-0005223,CUST-100871,2026-05-01,454.75,Paid,0,0,0
INV-0005224,CUST-100871,2026-06-01,462.23,Paid,0,1,0
INV-0005225,CUST-100871,2026-07-01,455.97,Paid,0,0,0
INV-0005226,CUST-100871,2026-08-01,483.02,Paid,0,0,0
INV-0005227,CUST-100872,2026-03-01,82.33,Paid,0,1,1
INV-0005228,CUST-100872,2026-04-01,76.93,Paid,0,0,0
INV-0005229,CUST-100872,2026-05-01,91.21,Paid,0,0,0
INV-0005230,CUST-100872,2026-06-01,80.93,Late,20,0,0
INV-0005231,CUST-100872,2026-07-01,75.87,Paid,0,0,0
INV-0005232,CUST-100872,2026-08-01,77.45,Late,14,1,0
INV-0005233,CUST-100873,2026-03-01,74.84,Paid,0,0,0
INV-0005234,CUST-100873,2026-04-01,73.74,Paid,0,0,0
INV-0005235,CUST-100873,2026-05-01,74.97,Late,15,0,0
INV-0005236,CUST-100873,2026-06-01,73.64,Paid,0,0,0
INV-0005237,CUST-100873,2026-07-01,74.92,Paid,0,0,0
INV-0005238,CUST-100873,2026-08-01,75.47,Paid,0,0,0
INV-0005239,CUST-100874,2026-03-01,78.48,Paid,0,0,0
INV-0005240,CUST-100874,2026-04-01,75.66,Late,18,0,0
INV-0005241,CUST-100874,2026-05-01,80.86,Paid,0,0,0
INV-0005242,CUST-100874,2026-06-01,79.51,Paid,0,0,0
INV-0005243,CUST-100874,2026-07-01,82.35,Paid,0,0,0
INV-0005244,CUST-100874,2026-08-01,78.15,Paid,0,1,1
INV-0005245,CUST-100875,2026-03-01,124.24,Paid,0,0,0
INV-0005246,CUST-100875,2026-04-01,123.7,Paid,0,0,0
INV-0005247,CUST-100875,2026-05-01,129.7,Paid,0,0,0
INV-0005248,CUST-100875,2026-06-01,131.69,Paid,0,0,0
INV-0005249,CUST-100875,2026-07-01,128.0,Paid,0,0,0
INV-0005250,CUST-100875,2026-08-01,127.43,Paid,0,0,0
INV-0005251,CUST-100876,2026-03-01,381.4,Late,13,0,0
INV-0005252,CUST-100876,2026-04-01,380.36,Paid,0,0,0
INV-0005253,CUST-100876,2026-05-01,385.44,Paid,0,0,0
INV-0005254,CUST-100876,2026-06-01,374.52,Paid,0,0,0
INV-0005255,CUST-100876,2026-07-01,380.82,Paid,0,1,0
INV-0005256,CUST-100876,2026-08-01,379.51,Paid,0,1,0
INV-0005257,CUST-100877,2026-03-01,84.71,Paid,0,0,0
INV-0005258,CUST-100877,2026-04-01,106.29,Paid,0,0,0
INV-0005259,CUST-100877,2026-05-01,107.15,Late,26,1,0
INV-0005260,CUST-100877,2026-06-01,81.83,Late,5,0,0
INV-0005261,CUST-100877,2026-07-01,84.07,Paid,0,1,1
INV-0005262,CUST-100877,2026-08-01,81.66,Paid,0,0,0
INV-0005263,CUST-100878,2026-03-01,39.52,Paid,0,0,0
INV-0005264,CUST-100878,2026-04-01,38.3,Paid,0,0,0
INV-0005265,CUST-100878,2026-05-01,37.06,Paid,0,0,0
INV-0005266,CUST-100878,2026-06-01,39.06,Paid,0,0,0
INV-0005267,CUST-100878,2026-07-01,37.94,Paid,0,0,0
INV-0005268,CUST-100878,2026-08-01,39.02,Late,10,0,0
INV-0005269,CUST-100879,2026-03-01,136.7,Paid,0,0,0
INV-0005270,CUST-100879,2026-04-01,130.94,Paid,0,0,0
INV-0005271,CUST-100879,2026-05-01,123.73,Paid,0,0,0
INV-0005272,CUST-100879,2026-06-01,124.48,Paid,0,0,0
INV-0005273,CUST-100879,2026-07-01,130.03,Paid,0,0,0
INV-0005274,CUST-100879,2026-08-01,126.75,Late,8,0,0
INV-0005275,CUST-100880,2026-03-01,76.76,Paid,0,0,0
INV-0005276,CUST-100880,2026-04-01,77.43,Paid,0,0,0
INV-0005277,CUST-100880,2026-05-01,77.65,Paid,0,0,0
INV-0005278,CUST-100880,2026-06-01,74.52,Paid,0,0,0
INV-0005279,CUST-100880,2026-07-01,80.98,Paid,0,0,0
INV-0005280,CUST-100880,2026-08-01,73.88,Paid,0,0,0
INV-0005281,CUST-100881,2026-03-01,31.29,Paid,0,0,0
INV-0005282,CUST-100881,2026-04-01,33.75,Late,24,0,0
INV-0005283,CUST-100881,2026-05-01,32.64,Paid,0,0,0
INV-0005284,CUST-100881,2026-06-01,31.82,Paid,0,0,0
INV-0005285,CUST-100881,2026-07-01,31.81,Paid,0,0,0
INV-0005286,CUST-100881,2026-08-01,31.66,Paid,0,0,0
INV-0005287,CUST-100882,2026-03-01,97.57,Paid,0,0,0
INV-0005288,CUST-100882,2026-04-01,96.0,Paid,0,0,0
INV-0005289,CUST-100882,2026-05-01,97.08,Paid,0,0,0
INV-0005290,CUST-100882,2026-06-01,99.91,Paid,0,0,0
INV-0005291,CUST-100882,2026-07-01,99.68,Paid,0,0,0
INV-0005292,CUST-100882,2026-08-01,99.02,Paid,0,0,0
INV-0005293,CUST-100883,2026-03-01,175.66,Paid,0,0,0
INV-0005294,CUST-100883,2026-04-01,175.96,Late,26,0,0
INV-0005295,CUST-100883,2026-05-01,176.96,Paid,0,0,0
INV-0005296,CUST-100883,2026-06-01,177.5,Paid,0,0,0
INV-0005297,CUST-100883,2026-07-01,169.38,Late,28,0,0
INV-0005298,CUST-100883,2026-08-01,180.17,Paid,0,0,0
INV-0005299,CUST-100884,2026-03-01,157.25,Paid,0,0,0
INV-0005300,CUST-100884,2026-04-01,170.67,Paid,0,0,0
INV-0005301,CUST-100884,2026-05-01,168.54,Paid,0,0,0
INV-0005302,CUST-100884,2026-06-01,165.31,Paid,0,0,0
INV-0005303,CUST-100884,2026-07-01,162.17,Paid,0,0,0
INV-0005304,CUST-100884,2026-08-01,168.11,Paid,0,0,0
INV-0005305,CUST-100885,2026-03-01,34.21,Paid,0,0,0
INV-0005306,CUST-100885,2026-04-01,33.95,Paid,0,0,0
INV-0005307,CUST-100885,2026-05-01,34.13,Paid,0,0,0
INV-0005308,CUST-100885,2026-06-01,34.62,Paid,0,0,0
INV-0005309,CUST-100885,2026-07-01,34.07,Paid,0,0,0
INV-0005310,CUST-100885,2026-08-01,34.9,Paid,0,0,0
INV-0005311,CUST-100886,2026-03-01,109.8,Paid,0,0,0
INV-0005312,CUST-100886,2026-04-01,111.52,Paid,0,0,0
INV-0005313,CUST-100886,2026-05-01,111.95,Paid,0,0,0
INV-0005314,CUST-100886,2026-06-01,112.38,Paid,0,0,0
INV-0005315,CUST-100886,2026-07-01,111.08,Paid,0,0,0
INV-0005316,CUST-100886,2026-08-01,111.6,Paid,0,0,0
INV-0005317,CUST-100887,2026-03-01,34.96,Paid,0,0,0
INV-0005318,CUST-100887,2026-04-01,33.66,Paid,0,0,0
INV-0005319,CUST-100887,2026-05-01,36.54,Late,25,0,0
INV-0005320,CUST-100887,2026-06-01,35.36,Paid,0,0,0
INV-0005321,CUST-100887,2026-07-01,35.18,Paid,0,0,0
INV-0005322,CUST-100887,2026-08-01,34.47,Paid,0,0,0
INV-0005323,CUST-100888,2026-03-01,148.69,Paid,0,0,0
INV-0005324,CUST-100888,2026-04-01,151.58,Paid,0,0,0
INV-0005325,CUST-100888,2026-05-01,154.7,Paid,0,0,0
INV-0005326,CUST-100888,2026-06-01,149.56,Paid,0,0,0
INV-0005327,CUST-100888,2026-07-01,145.26,Paid,0,0,0
INV-0005328,CUST-100888,2026-08-01,154.52,Paid,0,0,0
INV-0005329,CUST-100889,2026-03-01,75.35,Paid,0,0,0
INV-0005330,CUST-100889,2026-04-01,72.91,Late,16,0,0
INV-0005331,CUST-100889,2026-05-01,74.34,Paid,0,0,0
INV-0005332,CUST-100889,2026-06-01,75.09,Paid,0,0,0
INV-0005333,CUST-100889,2026-07-01,75.01,Paid,0,0,0
INV-0005334,CUST-100889,2026-08-01,73.48,Paid,0,0,0
INV-0005335,CUST-100890,2026-03-01,438.0,Paid,0,0,0
INV-0005336,CUST-100890,2026-04-01,407.18,Paid,0,1,0
INV-0005337,CUST-100890,2026-05-01,409.88,Paid,0,0,0
INV-0005338,CUST-100890,2026-06-01,402.27,Paid,0,0,0
INV-0005339,CUST-100890,2026-07-01,422.06,Paid,0,0,0
INV-0005340,CUST-100890,2026-08-01,421.93,Late,29,0,0
INV-0005341,CUST-100891,2026-03-01,74.35,Paid,0,0,0
INV-0005342,CUST-100891,2026-04-01,75.37,Paid,0,0,0
INV-0005343,CUST-100891,2026-05-01,73.49,Paid,0,0,0
INV-0005344,CUST-100891,2026-06-01,70.93,Paid,0,1,0
INV-0005345,CUST-100891,2026-07-01,74.82,Paid,0,0,0
INV-0005346,CUST-100891,2026-08-01,68.99,Paid,0,0,0
INV-0005347,CUST-100892,2026-03-01,64.88,Paid,0,0,0
INV-0005348,CUST-100892,2026-04-01,65.92,Paid,0,0,0
INV-0005349,CUST-100892,2026-05-01,63.74,Paid,0,0,0
INV-0005350,CUST-100892,2026-06-01,64.53,Paid,0,0,0
INV-0005351,CUST-100892,2026-07-01,65.66,Paid,0,0,0
INV-0005352,CUST-100892,2026-08-01,65.21,Paid,0,0,0
INV-0005353,CUST-100893,2026-03-01,40.33,Paid,0,0,0
INV-0005354,CUST-100893,2026-04-01,41.61,Paid,0,0,0
INV-0005355,CUST-100893,2026-05-01,37.56,Paid,0,0,0
INV-0005356,CUST-100893,2026-06-01,39.35,Paid,0,0,0
INV-0005357,CUST-100893,2026-07-01,37.85,Paid,0,0,0
INV-0005358,CUST-100893,2026-08-01,38.17,Paid,0,0,0
INV-0005359,CUST-100894,2026-03-01,109.42,Late,16,0,0
INV-0005360,CUST-100894,2026-04-01,108.75,Late,4,0,0
INV-0005361,CUST-100894,2026-05-01,88.19,Late,20,0,0
INV-0005362,CUST-100894,2026-06-01,92.91,Paid,0,0,0
INV-0005363,CUST-100894,2026-07-01,91.71,Paid,0,0,0
INV-0005364,CUST-100894,2026-08-01,90.84,Paid,0,0,0
INV-0005365,CUST-100895,2026-03-01,34.44,Paid,0,0,0
INV-0005366,CUST-100895,2026-04-01,34.39,Paid,0,0,0
INV-0005367,CUST-100895,2026-05-01,36.26,Paid,0,1,1
INV-0005368,CUST-100895,2026-06-01,35.44,Paid,0,0,0
INV-0005369,CUST-100895,2026-07-01,37.48,Paid,0,0,0
INV-0005370,CUST-100895,2026-08-01,34.61,Paid,0,0,0
INV-0005371,CUST-100896,2026-03-01,82.56,Paid,0,0,0
INV-0005372,CUST-100896,2026-04-01,81.31,Paid,0,0,0
INV-0005373,CUST-100896,2026-05-01,80.65,Late,3,0,0
INV-0005374,CUST-100896,2026-06-01,83.13,Paid,0,0,0
INV-0005375,CUST-100896,2026-07-01,80.11,Paid,0,0,0
INV-0005376,CUST-100896,2026-08-01,82.78,Paid,0,0,0
INV-0005377,CUST-100897,2026-03-01,34.28,Paid,0,0,0
INV-0005378,CUST-100897,2026-04-01,34.39,Paid,0,1,1
INV-0005379,CUST-100897,2026-05-01,33.81,Paid,0,0,0
INV-0005380,CUST-100897,2026-06-01,33.41,Paid,0,0,0
INV-0005381,CUST-100897,2026-07-01,34.81,Paid,0,0,0
INV-0005382,CUST-100897,2026-08-01,34.96,Late,14,0,0
INV-0005383,CUST-100898,2026-03-01,92.27,Paid,0,0,0
INV-0005384,CUST-100898,2026-04-01,94.14,Paid,0,0,0
INV-0005385,CUST-100898,2026-05-01,96.03,Paid,0,0,0
INV-0005386,CUST-100898,2026-06-01,94.09,Paid,0,0,0
INV-0005387,CUST-100898,2026-07-01,94.8,Paid,0,0,0
INV-0005388,CUST-100898,2026-08-01,92.82,Paid,0,0,0
INV-0005389,CUST-100899,2026-03-01,38.1,Paid,0,0,0
INV-0005390,CUST-100899,2026-04-01,36.58,Paid,0,0,0
INV-0005391,CUST-100899,2026-05-01,36.2,Paid,0,0,0
INV-0005392,CUST-100899,2026-06-01,37.68,Paid,0,0,0
INV-0005393,CUST-100899,2026-07-01,36.47,Paid,0,0,0
INV-0005394,CUST-100899,2026-08-01,35.75,Paid,0,1,1
INV-0005395,CUST-100900,2026-03-01,95.79,Paid,0,0,0
INV-0005396,CUST-100900,2026-04-01,94.53,Late,27,1,0
INV-0005397,CUST-100900,2026-05-01,122.31,Late,5,0,0
INV-0005398,CUST-100900,2026-06-01,94.97,Late,27,1,1
INV-0005399,CUST-100900,2026-07-01,95.87,Paid,0,0,0
INV-0005400,CUST-100900,2026-08-01,94.65,Late,16,1,0
INV-0005401,CUST-100901,2026-03-01,59.27,Paid,0,0,0
INV-0005402,CUST-100901,2026-04-01,75.88,Paid,0,1,0
INV-0005403,CUST-100901,2026-05-01,61.64,Late,28,0,0
INV-0005404,CUST-100901,2026-06-01,60.82,Paid,0,0,0
INV-0005405,CUST-100901,2026-07-01,65.85,Late,19,0,0
INV-0005406,CUST-100901,2026-08-01,85.77,Late,21,1,0
INV-0005407,CUST-100902,2026-03-01,157.83,Paid,0,0,0
INV-0005408,CUST-100902,2026-04-01,164.88,Paid,0,0,0
INV-0005409,CUST-100902,2026-05-01,163.62,Paid,0,0,0
INV-0005410,CUST-100902,2026-06-01,162.9,Paid,0,0,0
INV-0005411,CUST-100902,2026-07-01,165.46,Paid,0,0,0
INV-0005412,CUST-100902,2026-08-01,153.0,Paid,0,0,0
INV-0005413,CUST-100903,2026-03-01,81.68,Paid,0,0,0
INV-0005414,CUST-100903,2026-04-01,83.08,Paid,0,0,0
INV-0005415,CUST-100903,2026-05-01,86.23,Paid,0,0,0
INV-0005416,CUST-100903,2026-06-01,80.94,Paid,0,0,0
INV-0005417,CUST-100903,2026-07-01,84.4,Paid,0,0,0
INV-0005418,CUST-100903,2026-08-01,81.69,Paid,0,0,0
INV-0005419,CUST-100904,2026-03-01,114.2,Late,1,0,0
INV-0005420,CUST-100904,2026-04-01,97.78,Late,19,0,0
INV-0005421,CUST-100904,2026-05-01,98.35,Paid,0,0,0
INV-0005422,CUST-100904,2026-06-01,106.81,Paid,0,1,1
INV-0005423,CUST-100904,2026-07-01,97.27,Late,14,0,0
INV-0005424,CUST-100904,2026-08-01,90.95,Paid,0,1,1
INV-0005425,CUST-100905,2026-03-01,166.43,Paid,0,0,0
INV-0005426,CUST-100905,2026-04-01,168.87,Paid,0,0,0
INV-0005427,CUST-100905,2026-05-01,162.95,Paid,0,0,0
INV-0005428,CUST-100905,2026-06-01,163.15,Paid,0,0,0
INV-0005429,CUST-100905,2026-07-01,164.59,Paid,0,0,0
INV-0005430,CUST-100905,2026-08-01,170.65,Paid,0,0,0
INV-0005431,CUST-100906,2026-03-01,32.23,Late,13,0,0
INV-0005432,CUST-100906,2026-04-01,32.4,Paid,0,0,0
INV-0005433,CUST-100906,2026-05-01,32.98,Paid,0,1,0
INV-0005434,CUST-100906,2026-06-01,30.96,Paid,0,1,0
INV-0005435,CUST-100906,2026-07-01,36.17,Paid,0,1,0
INV-0005436,CUST-100906,2026-08-01,30.69,Paid,0,0,0
INV-0005437,CUST-100907,2026-03-01,82.41,Paid,0,0,0
INV-0005438,CUST-100907,2026-04-01,83.33,Paid,0,0,0
INV-0005439,CUST-100907,2026-05-01,81.98,Paid,0,0,0
INV-0005440,CUST-100907,2026-06-01,85.75,Paid,0,0,0
INV-0005441,CUST-100907,2026-07-01,84.94,Paid,0,0,0
INV-0005442,CUST-100907,2026-08-01,78.54,Paid,0,0,0
INV-0005443,CUST-100908,2026-03-01,28.36,Paid,0,0,0
INV-0005444,CUST-100908,2026-04-01,28.1,Paid,0,0,0
INV-0005445,CUST-100908,2026-05-01,28.96,Paid,0,0,0
INV-0005446,CUST-100908,2026-06-01,26.96,Paid,0,0,0
INV-0005447,CUST-100908,2026-07-01,28.88,Paid,0,0,0
INV-0005448,CUST-100908,2026-08-01,28.89,Paid,0,0,0
INV-0005449,CUST-100909,2026-03-01,444.43,Paid,0,0,0
INV-0005450,CUST-100909,2026-04-01,452.03,Paid,0,0,0
INV-0005451,CUST-100909,2026-05-01,448.35,Paid,0,0,0
INV-0005452,CUST-100909,2026-06-01,436.67,Paid,0,0,0
INV-0005453,CUST-100909,2026-07-01,420.03,Paid,0,0,0
INV-0005454,CUST-100909,2026-08-01,420.95,Paid,0,0,0
INV-0005455,CUST-100910,2026-03-01,71.87,Paid,0,0,0
INV-0005456,CUST-100910,2026-04-01,71.61,Paid,0,0,0
INV-0005457,CUST-100910,2026-05-01,71.22,Paid,0,0,0
INV-0005458,CUST-100910,2026-06-01,72.24,Paid,0,0,0
INV-0005459,CUST-100910,2026-07-01,72.25,Paid,0,0,0
INV-0005460,CUST-100910,2026-08-01,71.4,Paid,0,0,0
INV-0005461,CUST-100911,2026-03-01,79.22,Paid,0,0,0
INV-0005462,CUST-100911,2026-04-01,75.32,Paid,0,0,0
INV-0005463,CUST-100911,2026-05-01,70.38,Paid,0,0,0
INV-0005464,CUST-100911,2026-06-01,73.04,Paid,0,0,0
INV-0005465,CUST-100911,2026-07-01,74.31,Paid,0,0,0
INV-0005466,CUST-100911,2026-08-01,75.9,Paid,0,0,0
INV-0005467,CUST-100912,2026-03-01,38.6,Paid,0,0,0
INV-0005468,CUST-100912,2026-04-01,38.03,Paid,0,0,0
INV-0005469,CUST-100912,2026-05-01,37.61,Paid,0,0,0
INV-0005470,CUST-100912,2026-06-01,38.05,Paid,0,0,0
INV-0005471,CUST-100912,2026-07-01,39.02,Paid,0,0,0
INV-0005472,CUST-100912,2026-08-01,38.59,Paid,0,0,0
INV-0005473,CUST-100913,2026-03-01,62.8,Paid,0,0,0
INV-0005474,CUST-100913,2026-04-01,63.08,Paid,0,0,0
INV-0005475,CUST-100913,2026-05-01,63.48,Paid,0,0,0
INV-0005476,CUST-100913,2026-06-01,64.09,Paid,0,0,0
INV-0005477,CUST-100913,2026-07-01,64.36,Paid,0,0,0
INV-0005478,CUST-100913,2026-08-01,63.89,Paid,0,0,0
INV-0005479,CUST-100914,2026-03-01,169.53,Paid,0,0,0
INV-0005480,CUST-100914,2026-04-01,165.89,Paid,0,0,0
INV-0005481,CUST-100914,2026-05-01,176.65,Paid,0,0,0
INV-0005482,CUST-100914,2026-06-01,168.84,Late,10,0,0
INV-0005483,CUST-100914,2026-07-01,174.31,Paid,0,0,0
INV-0005484,CUST-100914,2026-08-01,175.49,Paid,0,0,0
INV-0005485,CUST-100915,2026-03-01,150.08,Paid,0,0,0
INV-0005486,CUST-100915,2026-04-01,153.77,Paid,0,0,0
INV-0005487,CUST-100915,2026-05-01,149.53,Paid,0,0,0
INV-0005488,CUST-100915,2026-06-01,147.69,Paid,0,0,0
INV-0005489,CUST-100915,2026-07-01,146.5,Paid,0,0,0
INV-0005490,CUST-100915,2026-08-01,151.32,Paid,0,0,0
INV-0005491,CUST-100916,2026-03-01,79.06,Late,7,0,0
INV-0005492,CUST-100916,2026-04-01,79.22,Paid,0,0,0
INV-0005493,CUST-100916,2026-05-01,86.33,Late,22,1,0
INV-0005494,CUST-100916,2026-06-01,86.67,Late,21,0,0
INV-0005495,CUST-100916,2026-07-01,76.41,Late,4,0,0
INV-0005496,CUST-100916,2026-08-01,72.75,Paid,0,0,0
INV-0005497,CUST-100917,2026-03-01,76.97,Paid,0,0,0
INV-0005498,CUST-100917,2026-04-01,78.34,Late,34,0,0
INV-0005499,CUST-100917,2026-05-01,74.57,Late,23,0,0
INV-0005500,CUST-100917,2026-06-01,78.17,Paid,0,0,0
INV-0005501,CUST-100917,2026-07-01,77.7,Paid,0,0,0
INV-0005502,CUST-100917,2026-08-01,76.81,Paid,0,0,0
INV-0005503,CUST-100918,2026-03-01,164.72,Paid,0,0,0
INV-0005504,CUST-100918,2026-04-01,166.54,Paid,0,0,0
INV-0005505,CUST-100918,2026-05-01,165.65,Late,16,0,0
INV-0005506,CUST-100918,2026-06-01,167.14,Paid,0,0,0
INV-0005507,CUST-100918,2026-07-01,158.39,Paid,0,0,0
INV-0005508,CUST-100918,2026-08-01,167.88,Paid,0,0,0
INV-0005509,CUST-100919,2026-03-01,359.67,Paid,0,0,0
INV-0005510,CUST-100919,2026-04-01,359.5,Paid,0,0,0
INV-0005511,CUST-100919,2026-05-01,333.27,Paid,0,0,0
INV-0005512,CUST-100919,2026-06-01,346.98,Paid,0,0,0
INV-0005513,CUST-100919,2026-07-01,350.25,Paid,0,0,0
INV-0005514,CUST-100919,2026-08-01,351.17,Paid,0,0,0
INV-0005515,CUST-100920,2026-03-01,163.97,Paid,0,1,0
INV-0005516,CUST-100920,2026-04-01,155.77,Late,18,1,0
INV-0005517,CUST-100920,2026-05-01,158.54,Paid,0,1,0
INV-0005518,CUST-100920,2026-06-01,206.73,Paid,0,0,0
INV-0005519,CUST-100920,2026-07-01,152.81,Paid,0,0,0
INV-0005520,CUST-100920,2026-08-01,160.66,Paid,0,0,0
INV-0005521,CUST-100921,2026-03-01,494.63,Paid,0,0,0
INV-0005522,CUST-100921,2026-04-01,502.68,Late,9,0,0
INV-0005523,CUST-100921,2026-05-01,467.83,Paid,0,0,0
INV-0005524,CUST-100921,2026-06-01,588.29,Late,5,0,0
INV-0005525,CUST-100921,2026-07-01,562.26,Paid,0,0,0
INV-0005526,CUST-100921,2026-08-01,491.86,Paid,0,1,1
INV-0005527,CUST-100922,2026-03-01,171.7,Paid,0,0,0
INV-0005528,CUST-100922,2026-04-01,165.24,Paid,0,0,0
INV-0005529,CUST-100922,2026-05-01,177.7,Paid,0,0,0
INV-0005530,CUST-100922,2026-06-01,175.39,Paid,0,0,0
INV-0005531,CUST-100922,2026-07-01,171.86,Paid,0,0,0
INV-0005532,CUST-100922,2026-08-01,176.95,Paid,0,1,0
INV-0005533,CUST-100923,2026-03-01,185.82,Paid,0,0,0
INV-0005534,CUST-100923,2026-04-01,179.57,Paid,0,0,0
INV-0005535,CUST-100923,2026-05-01,183.9,Paid,0,0,0
INV-0005536,CUST-100923,2026-06-01,187.0,Paid,0,0,0
INV-0005537,CUST-100923,2026-07-01,190.2,Paid,0,0,0
INV-0005538,CUST-100923,2026-08-01,190.97,Paid,0,0,0
INV-0005539,CUST-100924,2026-03-01,36.85,Paid,0,0,0
INV-0005540,CUST-100924,2026-04-01,42.17,Paid,0,0,0
INV-0005541,CUST-100924,2026-05-01,46.05,Paid,0,0,0
INV-0005542,CUST-100924,2026-06-01,36.9,Paid,0,0,0
INV-0005543,CUST-100924,2026-07-01,36.25,Paid,0,0,0
INV-0005544,CUST-100924,2026-08-01,37.1,Late,22,0,0
INV-0005545,CUST-100925,2026-03-01,59.0,Paid,0,0,0
INV-0005546,CUST-100925,2026-04-01,57.92,Paid,0,0,0
INV-0005547,CUST-100925,2026-05-01,57.91,Paid,0,0,0
INV-0005548,CUST-100925,2026-06-01,57.6,Paid,0,0,0
INV-0005549,CUST-100925,2026-07-01,58.01,Paid,0,0,0
INV-0005550,CUST-100925,2026-08-01,57.77,Paid,0,0,0
INV-0005551,CUST-100926,2026-03-01,83.43,Paid,0,0,0
INV-0005552,CUST-100926,2026-04-01,85.63,Late,13,0,0
INV-0005553,CUST-100926,2026-05-01,85.86,Late,10,0,0
INV-0005554,CUST-100926,2026-06-01,82.63,Paid,0,0,0
INV-0005555,CUST-100926,2026-07-01,86.94,Paid,0,0,0
INV-0005556,CUST-100926,2026-08-01,87.51,Paid,0,0,0
INV-0005557,CUST-100927,2026-03-01,31.3,Paid,0,0,0
INV-0005558,CUST-100927,2026-04-01,31.61,Paid,0,0,0
INV-0005559,CUST-100927,2026-05-01,31.98,Paid,0,0,0
INV-0005560,CUST-100927,2026-06-01,30.2,Paid,0,0,0
INV-0005561,CUST-100927,2026-07-01,31.07,Paid,0,0,0
INV-0005562,CUST-100927,2026-08-01,30.5,Paid,0,0,0
INV-0005563,CUST-100928,2026-03-01,41.21,Paid,0,0,0
INV-0005564,CUST-100928,2026-04-01,51.2,Paid,0,0,0
INV-0005565,CUST-100928,2026-05-01,38.94,Late,12,1,0
INV-0005566,CUST-100928,2026-06-01,39.77,Paid,0,1,0
INV-0005567,CUST-100928,2026-07-01,36.53,Late,14,0,0
INV-0005568,CUST-100928,2026-08-01,50.15,Paid,0,0,0
INV-0005569,CUST-100929,2026-03-01,400.19,Paid,0,0,0
INV-0005570,CUST-100929,2026-04-01,405.86,Paid,0,0,0
INV-0005571,CUST-100929,2026-05-01,393.34,Paid,0,0,0
INV-0005572,CUST-100929,2026-06-01,414.07,Paid,0,0,0
INV-0005573,CUST-100929,2026-07-01,402.31,Paid,0,0,0
INV-0005574,CUST-100929,2026-08-01,424.3,Late,22,0,0
INV-0005575,CUST-100930,2026-03-01,41.48,Paid,0,0,0
INV-0005576,CUST-100930,2026-04-01,41.54,Paid,0,0,0
INV-0005577,CUST-100930,2026-05-01,40.87,Paid,0,0,0
INV-0005578,CUST-100930,2026-06-01,38.79,Paid,0,0,0
INV-0005579,CUST-100930,2026-07-01,41.57,Paid,0,0,0
INV-0005580,CUST-100930,2026-08-01,39.45,Paid,0,0,0
INV-0005581,CUST-100931,2026-03-01,69.25,Paid,0,0,0
INV-0005582,CUST-100931,2026-04-01,67.85,Paid,0,0,0
INV-0005583,CUST-100931,2026-05-01,68.85,Paid,0,0,0
INV-0005584,CUST-100931,2026-06-01,70.91,Paid,0,0,0
INV-0005585,CUST-100931,2026-07-01,67.52,Paid,0,0,0
INV-0005586,CUST-100931,2026-08-01,68.08,Paid,0,0,0
INV-0005587,CUST-100932,2026-03-01,33.61,Paid,0,0,0
INV-0005588,CUST-100932,2026-04-01,34.15,Paid,0,0,0
INV-0005589,CUST-100932,2026-05-01,34.93,Paid,0,0,0
INV-0005590,CUST-100932,2026-06-01,34.03,Paid,0,0,0
INV-0005591,CUST-100932,2026-07-01,34.07,Paid,0,0,0
INV-0005592,CUST-100932,2026-08-01,35.2,Paid,0,0,0
INV-0005593,CUST-100933,2026-03-01,170.41,Paid,0,0,0
INV-0005594,CUST-100933,2026-04-01,178.94,Paid,0,0,0
INV-0005595,CUST-100933,2026-05-01,181.92,Paid,0,0,0
INV-0005596,CUST-100933,2026-06-01,171.15,Paid,0,0,0
INV-0005597,CUST-100933,2026-07-01,170.93,Paid,0,0,0
INV-0005598,CUST-100933,2026-08-01,171.15,Paid,0,0,0
INV-0005599,CUST-100934,2026-03-01,69.58,Paid,0,0,0
INV-0005600,CUST-100934,2026-04-01,65.82,Paid,0,0,0
INV-0005601,CUST-100934,2026-05-01,67.27,Paid,0,0,0
INV-0005602,CUST-100934,2026-06-01,69.03,Paid,0,0,0
INV-0005603,CUST-100934,2026-07-01,66.92,Paid,0,0,0
INV-0005604,CUST-100934,2026-08-01,69.68,Paid,0,0,0
INV-0005605,CUST-100935,2026-03-01,76.54,Paid,0,0,0
INV-0005606,CUST-100935,2026-04-01,77.72,Paid,0,0,0
INV-0005607,CUST-100935,2026-05-01,73.01,Late,30,0,0
INV-0005608,CUST-100935,2026-06-01,77.14,Paid,0,0,0
INV-0005609,CUST-100935,2026-07-01,77.97,Paid,0,0,0
INV-0005610,CUST-100935,2026-08-01,76.9,Paid,0,0,0
INV-0005611,CUST-100936,2026-03-01,137.02,Paid,0,0,0
INV-0005612,CUST-100936,2026-04-01,139.25,Paid,0,0,0
INV-0005613,CUST-100936,2026-05-01,146.78,Paid,0,0,0
INV-0005614,CUST-100936,2026-06-01,139.24,Paid,0,0,0
INV-0005615,CUST-100936,2026-07-01,132.89,Paid,0,0,0
INV-0005616,CUST-100936,2026-08-01,141.19,Paid,0,0,0
INV-0005617,CUST-100937,2026-03-01,44.62,Paid,0,0,0
INV-0005618,CUST-100937,2026-04-01,46.24,Paid,0,0,0
INV-0005619,CUST-100937,2026-05-01,45.56,Paid,0,0,0
INV-0005620,CUST-100937,2026-06-01,45.25,Paid,0,0,0
INV-0005621,CUST-100937,2026-07-01,44.73,Paid,0,0,0
INV-0005622,CUST-100937,2026-08-01,45.56,Paid,0,0,0
INV-0005623,CUST-100938,2026-03-01,169.04,Paid,0,0,0
INV-0005624,CUST-100938,2026-04-01,161.1,Paid,0,0,0
INV-0005625,CUST-100938,2026-05-01,198.28,Paid,0,1,0
INV-0005626,CUST-100938,2026-06-01,217.24,Paid,0,0,0
INV-0005627,CUST-100938,2026-07-01,169.44,Paid,0,0,0
INV-0005628,CUST-100938,2026-08-01,163.18,Late,13,0,0
INV-0005629,CUST-100939,2026-03-01,160.06,Paid,0,0,0
INV-0005630,CUST-100939,2026-04-01,158.28,Paid,0,0,0
INV-0005631,CUST-100939,2026-05-01,164.99,Paid,0,0,0
INV-0005632,CUST-100939,2026-06-01,160.82,Paid,0,0,0
INV-0005633,CUST-100939,2026-07-01,163.88,Late,5,0,0
INV-0005634,CUST-100939,2026-08-01,162.51,Paid,0,0,0
INV-0005635,CUST-100940,2026-03-01,33.25,Paid,0,1,0
INV-0005636,CUST-100940,2026-04-01,33.82,Paid,0,0,0
INV-0005637,CUST-100940,2026-05-01,31.78,Late,8,0,0
INV-0005638,CUST-100940,2026-06-01,33.37,Paid,0,0,0
INV-0005639,CUST-100940,2026-07-01,33.46,Paid,0,0,0
INV-0005640,CUST-100940,2026-08-01,34.99,Paid,0,0,0
INV-0005641,CUST-100941,2026-03-01,25.74,Paid,0,0,0
INV-0005642,CUST-100941,2026-04-01,26.39,Paid,0,0,0
INV-0005643,CUST-100941,2026-05-01,25.9,Paid,0,0,0
INV-0005644,CUST-100941,2026-06-01,25.29,Paid,0,0,0
INV-0005645,CUST-100941,2026-07-01,25.82,Late,28,0,0
INV-0005646,CUST-100941,2026-08-01,26.95,Paid,0,0,0
INV-0005647,CUST-100942,2026-03-01,81.68,Paid,0,0,0
INV-0005648,CUST-100942,2026-04-01,81.94,Late,26,0,0
INV-0005649,CUST-100942,2026-05-01,81.08,Paid,0,0,0
INV-0005650,CUST-100942,2026-06-01,84.84,Paid,0,0,0
INV-0005651,CUST-100942,2026-07-01,78.36,Paid,0,0,0
INV-0005652,CUST-100942,2026-08-01,81.25,Paid,0,0,0
INV-0005653,CUST-100943,2026-03-01,77.16,Paid,0,0,0
INV-0005654,CUST-100943,2026-04-01,75.14,Paid,0,0,0
INV-0005655,CUST-100943,2026-05-01,76.57,Paid,0,0,0
INV-0005656,CUST-100943,2026-06-01,74.84,Paid,0,0,0
INV-0005657,CUST-100943,2026-07-01,80.95,Paid,0,0,0
INV-0005658,CUST-100943,2026-08-01,82.8,Paid,0,0,0
INV-0005659,CUST-100944,2026-03-01,79.86,Paid,0,0,0
INV-0005660,CUST-100944,2026-04-01,80.24,Paid,0,0,0
INV-0005661,CUST-100944,2026-05-01,79.4,Paid,0,0,0
INV-0005662,CUST-100944,2026-06-01,81.66,Paid,0,0,0
INV-0005663,CUST-100944,2026-07-01,78.69,Paid,0,0,0
INV-0005664,CUST-100944,2026-08-01,79.95,Paid,0,0,0
INV-0005665,CUST-100945,2026-03-01,33.51,Paid,0,0,0
INV-0005666,CUST-100945,2026-04-01,34.81,Paid,0,0,0
INV-0005667,CUST-100945,2026-05-01,33.09,Paid,0,0,0
INV-0005668,CUST-100945,2026-06-01,31.54,Paid,0,0,0
INV-0005669,CUST-100945,2026-07-01,33.39,Paid,0,0,0
INV-0005670,CUST-100945,2026-08-01,33.86,Paid,0,0,0
INV-0005671,CUST-100946,2026-03-01,79.33,Paid,0,0,0
INV-0005672,CUST-100946,2026-04-01,77.77,Paid,0,0,0
INV-0005673,CUST-100946,2026-05-01,85.68,Paid,0,0,0
INV-0005674,CUST-100946,2026-06-01,83.06,Paid,0,0,0
INV-0005675,CUST-100946,2026-07-01,81.08,Paid,0,0,0
INV-0005676,CUST-100946,2026-08-01,82.75,Paid,0,0,0
INV-0005677,CUST-100947,2026-03-01,137.35,Paid,0,0,0
INV-0005678,CUST-100947,2026-04-01,143.4,Paid,0,0,0
INV-0005679,CUST-100947,2026-05-01,147.33,Paid,0,0,0
INV-0005680,CUST-100947,2026-06-01,138.21,Paid,0,0,0
INV-0005681,CUST-100947,2026-07-01,144.85,Paid,0,0,0
INV-0005682,CUST-100947,2026-08-01,144.8,Paid,0,0,0
INV-0005683,CUST-100948,2026-03-01,167.09,Late,23,0,0
INV-0005684,CUST-100948,2026-04-01,163.31,Paid,0,1,0
INV-0005685,CUST-100948,2026-05-01,167.47,Late,21,1,1
INV-0005686,CUST-100948,2026-06-01,162.53,Paid,0,0,0
INV-0005687,CUST-100948,2026-07-01,165.4,Paid,0,0,0
INV-0005688,CUST-100948,2026-08-01,168.83,Paid,0,0,0
INV-0005689,CUST-100949,2026-03-01,42.15,Paid,0,0,0
INV-0005690,CUST-100949,2026-04-01,42.48,Paid,0,0,0
INV-0005691,CUST-100949,2026-05-01,41.77,Paid,0,0,0
INV-0005692,CUST-100949,2026-06-01,41.44,Paid,0,0,0
INV-0005693,CUST-100949,2026-07-01,43.02,Paid,0,0,0
INV-0005694,CUST-100949,2026-08-01,43.57,Paid,0,0,0
INV-0005695,CUST-100950,2026-03-01,40.19,Paid,0,0,0
INV-0005696,CUST-100950,2026-04-01,39.56,Paid,0,0,0
INV-0005697,CUST-100950,2026-05-01,39.6,Paid,0,0,0
INV-0005698,CUST-100950,2026-06-01,38.61,Late,20,0,0
INV-0005699,CUST-100950,2026-07-01,38.62,Paid,0,0,0
INV-0005700,CUST-100950,2026-08-01,38.83,Paid,0,1,0
INV-0005701,CUST-100951,2026-03-01,82.3,Late,28,0,0
INV-0005702,CUST-100951,2026-04-01,107.7,Late,14,0,0
INV-0005703,CUST-100951,2026-05-01,96.97,Paid,0,0,0
INV-0005704,CUST-100951,2026-06-01,103.26,Paid,0,0,0
INV-0005705,CUST-100951,2026-07-01,78.26,Paid,0,1,0
INV-0005706,CUST-100951,2026-08-01,106.45,Paid,0,1,1
INV-0005707,CUST-100952,2026-03-01,75.46,Late,8,0,0
INV-0005708,CUST-100952,2026-04-01,77.0,Paid,0,0,0
INV-0005709,CUST-100952,2026-05-01,76.24,Paid,0,0,0
INV-0005710,CUST-100952,2026-06-01,79.09,Paid,0,0,0
INV-0005711,CUST-100952,2026-07-01,75.65,Paid,0,0,0
INV-0005712,CUST-100952,2026-08-01,76.5,Paid,0,0,0
INV-0005713,CUST-100953,2026-03-01,30.36,Paid,0,0,0
INV-0005714,CUST-100953,2026-04-01,31.24,Paid,0,0,0
INV-0005715,CUST-100953,2026-05-01,32.48,Paid,0,0,0
INV-0005716,CUST-100953,2026-06-01,31.9,Paid,0,0,0
INV-0005717,CUST-100953,2026-07-01,31.39,Paid,0,0,0
INV-0005718,CUST-100953,2026-08-01,31.69,Paid,0,0,0
INV-0005719,CUST-100954,2026-03-01,81.63,Paid,0,0,0
INV-0005720,CUST-100954,2026-04-01,76.94,Paid,0,0,0
INV-0005721,CUST-100954,2026-05-01,78.42,Paid,0,0,0
INV-0005722,CUST-100954,2026-06-01,77.24,Late,6,0,0
INV-0005723,CUST-100954,2026-07-01,80.1,Paid,0,0,0
INV-0005724,CUST-100954,2026-08-01,80.03,Paid,0,0,0
INV-0005725,CUST-100955,2026-03-01,89.02,Late,14,0,0
INV-0005726,CUST-100955,2026-04-01,87.12,Late,22,0,0
INV-0005727,CUST-100955,2026-05-01,72.94,Paid,0,0,0
INV-0005728,CUST-100955,2026-06-01,97.2,Late,19,0,0
INV-0005729,CUST-100955,2026-07-01,74.65,Late,19,0,0
INV-0005730,CUST-100955,2026-08-01,71.72,Paid,0,0,0
INV-0005731,CUST-100956,2026-03-01,34.85,Paid,0,0,0
INV-0005732,CUST-100956,2026-04-01,35.21,Paid,0,0,0
INV-0005733,CUST-100956,2026-05-01,33.83,Late,26,0,0
INV-0005734,CUST-100956,2026-06-01,33.85,Paid,0,0,0
INV-0005735,CUST-100956,2026-07-01,33.56,Paid,0,0,0
INV-0005736,CUST-100956,2026-08-01,34.82,Paid,0,0,0
INV-0005737,CUST-100957,2026-03-01,37.06,Paid,0,0,0
INV-0005738,CUST-100957,2026-04-01,39.68,Paid,0,0,0
INV-0005739,CUST-100957,2026-05-01,38.92,Paid,0,0,0
INV-0005740,CUST-100957,2026-06-01,37.55,Paid,0,0,0
INV-0005741,CUST-100957,2026-07-01,38.12,Paid,0,0,0
INV-0005742,CUST-100957,2026-08-01,37.82,Paid,0,0,0
INV-0005743,CUST-100958,2026-03-01,75.31,Paid,0,0,0
INV-0005744,CUST-100958,2026-04-01,76.8,Paid,0,0,0
INV-0005745,CUST-100958,2026-05-01,77.31,Paid,0,0,0
INV-0005746,CUST-100958,2026-06-01,74.46,Paid,0,0,0
INV-0005747,CUST-100958,2026-07-01,76.28,Paid,0,0,0
INV-0005748,CUST-100958,2026-08-01,74.94,Paid,0,0,0
INV-0005749,CUST-100959,2026-03-01,61.7,Paid,0,0,0
INV-0005750,CUST-100959,2026-04-01,59.63,Paid,0,0,0
INV-0005751,CUST-100959,2026-05-01,60.89,Paid,0,0,0
INV-0005752,CUST-100959,2026-06-01,58.38,Paid,0,0,0
INV-0005753,CUST-100959,2026-07-01,57.4,Paid,0,0,0
INV-0005754,CUST-100959,2026-08-01,61.81,Paid,0,0,0
INV-0005755,CUST-100960,2026-03-01,78.96,Paid,0,0,0
INV-0005756,CUST-100960,2026-04-01,85.82,Paid,0,0,0
INV-0005757,CUST-100960,2026-05-01,79.59,Paid,0,0,0
INV-0005758,CUST-100960,2026-06-01,80.17,Paid,0,0,0
INV-0005759,CUST-100960,2026-07-01,80.1,Paid,0,0,0
INV-0005760,CUST-100960,2026-08-01,84.94,Paid,0,0,0
INV-0005761,CUST-100961,2026-03-01,32.29,Paid,0,0,0
INV-0005762,CUST-100961,2026-04-01,31.06,Paid,0,0,0
INV-0005763,CUST-100961,2026-05-01,31.84,Paid,0,0,0
INV-0005764,CUST-100961,2026-06-01,32.63,Paid,0,0,0
INV-0005765,CUST-100961,2026-07-01,32.85,Paid,0,0,0
INV-0005766,CUST-100961,2026-08-01,31.3,Paid,0,0,0
INV-0005767,CUST-100962,2026-03-01,32.67,Paid,0,0,0
INV-0005768,CUST-100962,2026-04-01,31.47,Paid,0,0,0
INV-0005769,CUST-100962,2026-05-01,33.47,Paid,0,0,0
INV-0005770,CUST-100962,2026-06-01,31.89,Late,16,0,0
INV-0005771,CUST-100962,2026-07-01,32.26,Paid,0,0,0
INV-0005772,CUST-100962,2026-08-01,33.64,Late,26,1,1
INV-0005773,CUST-100963,2026-03-01,101.69,Paid,0,0,0
INV-0005774,CUST-100963,2026-04-01,102.45,Late,18,0,0
INV-0005775,CUST-100963,2026-05-01,104.41,Paid,0,0,0
INV-0005776,CUST-100963,2026-06-01,102.77,Paid,0,0,0
INV-0005777,CUST-100963,2026-07-01,99.14,Paid,0,0,0
INV-0005778,CUST-100963,2026-08-01,99.41,Paid,0,0,0
INV-0005779,CUST-100964,2026-03-01,69.55,Paid,0,0,0
INV-0005780,CUST-100964,2026-04-01,68.08,Paid,0,0,0
INV-0005781,CUST-100964,2026-05-01,71.37,Paid,0,0,0
INV-0005782,CUST-100964,2026-06-01,65.72,Late,23,0,0
INV-0005783,CUST-100964,2026-07-01,68.54,Paid,0,0,0
INV-0005784,CUST-100964,2026-08-01,70.0,Paid,0,0,0
INV-0005785,CUST-100965,2026-03-01,100.83,Paid,0,0,0
INV-0005786,CUST-100965,2026-04-01,105.11,Paid,0,0,0
INV-0005787,CUST-100965,2026-05-01,98.66,Paid,0,0,0
INV-0005788,CUST-100965,2026-06-01,98.47,Late,26,0,0
INV-0005789,CUST-100965,2026-07-01,101.18,Paid,0,0,0
INV-0005790,CUST-100965,2026-08-01,101.23,Paid,0,0,0
INV-0005791,CUST-100966,2026-03-01,90.59,Paid,0,0,0
INV-0005792,CUST-100966,2026-04-01,91.31,Paid,0,0,0
INV-0005793,CUST-100966,2026-05-01,93.69,Paid,0,0,0
INV-0005794,CUST-100966,2026-06-01,93.99,Paid,0,0,0
INV-0005795,CUST-100966,2026-07-01,89.12,Paid,0,0,0
INV-0005796,CUST-100966,2026-08-01,88.75,Paid,0,0,0
INV-0005797,CUST-100967,2026-03-01,31.74,Paid,0,0,0
INV-0005798,CUST-100967,2026-04-01,29.37,Paid,0,0,0
INV-0005799,CUST-100967,2026-05-01,30.54,Paid,0,0,0
INV-0005800,CUST-100967,2026-06-01,29.99,Paid,0,0,0
INV-0005801,CUST-100967,2026-07-01,30.97,Paid,0,0,0
INV-0005802,CUST-100967,2026-08-01,32.1,Paid,0,0,0
INV-0005803,CUST-100968,2026-03-01,89.26,Paid,0,0,0
INV-0005804,CUST-100968,2026-04-01,89.14,Paid,0,0,0
INV-0005805,CUST-100968,2026-05-01,90.38,Paid,0,0,0
INV-0005806,CUST-100968,2026-06-01,88.4,Late,23,0,0
INV-0005807,CUST-100968,2026-07-01,87.63,Paid,0,0,0
INV-0005808,CUST-100968,2026-08-01,87.13,Paid,0,0,0
INV-0005809,CUST-100969,2026-03-01,81.13,Paid,0,0,0
INV-0005810,CUST-100969,2026-04-01,81.72,Paid,0,0,0
INV-0005811,CUST-100969,2026-05-01,81.87,Paid,0,0,0
INV-0005812,CUST-100969,2026-06-01,86.48,Paid,0,0,0
INV-0005813,CUST-100969,2026-07-01,83.16,Paid,0,0,0
INV-0005814,CUST-100969,2026-08-01,83.63,Paid,0,0,0
INV-0005815,CUST-100970,2026-03-01,75.02,Paid,0,1,1
INV-0005816,CUST-100970,2026-04-01,75.74,Paid,0,0,0
INV-0005817,CUST-100970,2026-05-01,74.48,Paid,0,0,0
INV-0005818,CUST-100970,2026-06-01,77.17,Paid,0,0,0
INV-0005819,CUST-100970,2026-07-01,76.23,Late,26,0,0
INV-0005820,CUST-100970,2026-08-01,76.96,Paid,0,0,0
INV-0005821,CUST-100971,2026-03-01,34.78,Paid,0,0,0
INV-0005822,CUST-100971,2026-04-01,34.83,Paid,0,0,0
INV-0005823,CUST-100971,2026-05-01,33.36,Paid,0,0,0
INV-0005824,CUST-100971,2026-06-01,34.24,Paid,0,1,0
INV-0005825,CUST-100971,2026-07-01,34.56,Paid,0,0,0
INV-0005826,CUST-100971,2026-08-01,33.71,Paid,0,0,0
INV-0005827,CUST-100972,2026-03-01,33.72,Paid,0,0,0
INV-0005828,CUST-100972,2026-04-01,35.44,Late,26,0,0
INV-0005829,CUST-100972,2026-05-01,32.13,Paid,0,0,0
INV-0005830,CUST-100972,2026-06-01,38.37,Paid,0,0,0
INV-0005831,CUST-100972,2026-07-01,31.87,Late,23,1,0
INV-0005832,CUST-100972,2026-08-01,45.09,Paid,0,1,0
INV-0005833,CUST-100973,2026-03-01,34.9,Late,34,0,0
INV-0005834,CUST-100973,2026-04-01,36.82,Paid,0,0,0
INV-0005835,CUST-100973,2026-05-01,36.15,Late,27,0,0
INV-0005836,CUST-100973,2026-06-01,35.77,Paid,0,0,0
INV-0005837,CUST-100973,2026-07-01,36.35,Paid,0,0,0
INV-0005838,CUST-100973,2026-08-01,35.02,Paid,0,0,0
INV-0005839,CUST-100974,2026-03-01,195.69,Paid,0,0,0
INV-0005840,CUST-100974,2026-04-01,202.31,Paid,0,1,0
INV-0005841,CUST-100974,2026-05-01,196.12,Paid,0,0,0
INV-0005842,CUST-100974,2026-06-01,205.93,Late,34,0,0
INV-0005843,CUST-100974,2026-07-01,200.11,Paid,0,0,0
INV-0005844,CUST-100974,2026-08-01,198.36,Paid,0,0,0
INV-0005845,CUST-100975,2026-03-01,103.66,Paid,0,0,0
INV-0005846,CUST-100975,2026-04-01,106.19,Paid,0,0,0
INV-0005847,CUST-100975,2026-05-01,93.11,Late,24,0,0
INV-0005848,CUST-100975,2026-06-01,88.34,Late,3,0,0
INV-0005849,CUST-100975,2026-07-01,112.36,Paid,0,0,0
INV-0005850,CUST-100975,2026-08-01,122.08,Paid,0,1,0
INV-0005851,CUST-100976,2026-03-01,40.47,Paid,0,0,0
INV-0005852,CUST-100976,2026-04-01,39.96,Paid,0,0,0
INV-0005853,CUST-100976,2026-05-01,40.73,Paid,0,0,0
INV-0005854,CUST-100976,2026-06-01,40.38,Paid,0,0,0
INV-0005855,CUST-100976,2026-07-01,41.89,Paid,0,0,0
INV-0005856,CUST-100976,2026-08-01,39.98,Paid,0,0,0
INV-0005857,CUST-100977,2026-03-01,86.26,Late,14,0,0
INV-0005858,CUST-100977,2026-04-01,105.57,Late,19,0,0
INV-0005859,CUST-100977,2026-05-01,89.05,Paid,0,0,0
INV-0005860,CUST-100977,2026-06-01,87.75,Late,19,1,0
INV-0005861,CUST-100977,2026-07-01,91.6,Paid,0,1,1
INV-0005862,CUST-100977,2026-08-01,91.61,Paid,0,0,0
INV-0005863,CUST-100978,2026-03-01,378.08,Paid,0,0,0
INV-0005864,CUST-100978,2026-04-01,390.51,Paid,0,0,0
INV-0005865,CUST-100978,2026-05-01,377.16,Paid,0,0,0
INV-0005866,CUST-100978,2026-06-01,393.0,Paid,0,0,0
INV-0005867,CUST-100978,2026-07-01,367.18,Paid,0,0,0
INV-0005868,CUST-100978,2026-08-01,386.51,Paid,0,0,0
INV-0005869,CUST-100979,2026-03-01,38.54,Paid,0,0,0
INV-0005870,CUST-100979,2026-04-01,40.62,Paid,0,0,0
INV-0005871,CUST-100979,2026-05-01,39.42,Paid,0,0,0
INV-0005872,CUST-100979,2026-06-01,40.13,Paid,0,0,0
INV-0005873,CUST-100979,2026-07-01,40.72,Paid,0,0,0
INV-0005874,CUST-100979,2026-08-01,39.85,Paid,0,0,0
INV-0005875,CUST-100980,2026-03-01,73.98,Paid,0,0,0
INV-0005876,CUST-100980,2026-04-01,71.9,Paid,0,0,0
INV-0005877,CUST-100980,2026-05-01,73.69,Paid,0,0,0
INV-0005878,CUST-100980,2026-06-01,73.51,Paid,0,0,0
INV-0005879,CUST-100980,2026-07-01,76.31,Late,8,1,0
INV-0005880,CUST-100980,2026-08-01,72.51,Paid,0,1,0
INV-0005881,CUST-100981,2026-03-01,29.19,Late,2,0,0
INV-0005882,CUST-100981,2026-04-01,29.63,Paid,0,0,0
INV-0005883,CUST-100981,2026-05-01,29.82,Paid,0,0,0
INV-0005884,CUST-100981,2026-06-01,29.56,Paid,0,0,0
INV-0005885,CUST-100981,2026-07-01,27.69,Late,32,0,0
INV-0005886,CUST-100981,2026-08-01,28.22,Paid,0,0,0
INV-0005887,CUST-100982,2026-03-01,39.02,Paid,0,0,0
INV-0005888,CUST-100982,2026-04-01,39.32,Paid,0,0,0
INV-0005889,CUST-100982,2026-05-01,39.06,Paid,0,0,0
INV-0005890,CUST-100982,2026-06-01,40.07,Paid,0,0,0
INV-0005891,CUST-100982,2026-07-01,40.31,Paid,0,0,0
INV-0005892,CUST-100982,2026-08-01,39.1,Paid,0,1,0
INV-0005893,CUST-100983,2026-03-01,26.32,Paid,0,0,0
INV-0005894,CUST-100983,2026-04-01,27.8,Paid,0,0,0
INV-0005895,CUST-100983,2026-05-01,27.08,Paid,0,1,1
INV-0005896,CUST-100983,2026-06-01,29.08,Paid,0,0,0
INV-0005897,CUST-100983,2026-07-01,28.04,Late,5,1,0
INV-0005898,CUST-100983,2026-08-01,27.58,Paid,0,0,0
INV-0005899,CUST-100984,2026-03-01,172.75,Paid,0,1,0
INV-0005900,CUST-100984,2026-04-01,173.23,Paid,0,0,0
INV-0005901,CUST-100984,2026-05-01,183.92,Paid,0,0,0
INV-0005902,CUST-100984,2026-06-01,176.33,Late,5,0,0
INV-0005903,CUST-100984,2026-07-01,193.78,Paid,0,0,0
INV-0005904,CUST-100984,2026-08-01,182.36,Paid,0,0,0
INV-0005905,CUST-100985,2026-03-01,91.75,Late,8,0,0
INV-0005906,CUST-100985,2026-04-01,87.43,Paid,0,0,0
INV-0005907,CUST-100985,2026-05-01,92.46,Paid,0,0,0
INV-0005908,CUST-100985,2026-06-01,89.86,Paid,0,0,0
INV-0005909,CUST-100985,2026-07-01,89.25,Late,10,0,0
INV-0005910,CUST-100985,2026-08-01,87.9,Paid,0,0,0
INV-0005911,CUST-100986,2026-03-01,188.88,Paid,0,0,0
INV-0005912,CUST-100986,2026-04-01,181.36,Paid,0,0,0
INV-0005913,CUST-100986,2026-05-01,180.0,Paid,0,0,0
INV-0005914,CUST-100986,2026-06-01,187.9,Paid,0,0,0
INV-0005915,CUST-100986,2026-07-01,187.05,Paid,0,0,0
INV-0005916,CUST-100986,2026-08-01,177.22,Paid,0,0,0
INV-0005917,CUST-100987,2026-03-01,87.63,Paid,0,0,0
INV-0005918,CUST-100987,2026-04-01,87.62,Paid,0,0,0
INV-0005919,CUST-100987,2026-05-01,86.88,Paid,0,1,1
INV-0005920,CUST-100987,2026-06-01,84.5,Paid,0,0,0
INV-0005921,CUST-100987,2026-07-01,89.91,Paid,0,0,0
INV-0005922,CUST-100987,2026-08-01,89.03,Paid,0,0,0
INV-0005923,CUST-100988,2026-03-01,149.56,Late,14,0,0
INV-0005924,CUST-100988,2026-04-01,146.59,Paid,0,0,0
INV-0005925,CUST-100988,2026-05-01,137.06,Paid,0,0,0
INV-0005926,CUST-100988,2026-06-01,145.28,Paid,0,0,0
INV-0005927,CUST-100988,2026-07-01,148.69,Paid,0,0,0
INV-0005928,CUST-100988,2026-08-01,149.28,Paid,0,0,0
INV-0005929,CUST-100989,2026-03-01,31.88,Paid,0,0,0
INV-0005930,CUST-100989,2026-04-01,32.16,Paid,0,0,0
INV-0005931,CUST-100989,2026-05-01,32.61,Paid,0,0,0
INV-0005932,CUST-100989,2026-06-01,31.72,Paid,0,0,0
INV-0005933,CUST-100989,2026-07-01,31.83,Paid,0,0,0
INV-0005934,CUST-100989,2026-08-01,31.99,Paid,0,0,0
INV-0005935,CUST-100990,2026-03-01,67.55,Paid,0,0,0
INV-0005936,CUST-100990,2026-04-01,70.86,Paid,0,0,0
INV-0005937,CUST-100990,2026-05-01,67.1,Paid,0,0,0
INV-0005938,CUST-100990,2026-06-01,69.3,Paid,0,0,0
INV-0005939,CUST-100990,2026-07-01,69.28,Paid,0,0,0
INV-0005940,CUST-100990,2026-08-01,66.37,Paid,0,0,0
INV-0005941,CUST-100991,2026-03-01,409.55,Late,27,0,0
INV-0005942,CUST-100991,2026-04-01,411.53,Late,16,0,0
INV-0005943,CUST-100991,2026-05-01,396.59,Paid,0,0,0
INV-0005944,CUST-100991,2026-06-01,502.26,Paid,0,0,0
INV-0005945,CUST-100991,2026-07-01,407.02,Paid,0,1,0
INV-0005946,CUST-100991,2026-08-01,555.13,Paid,0,1,0
INV-0005947,CUST-100992,2026-03-01,95.28,Paid,0,0,0
INV-0005948,CUST-100992,2026-04-01,94.14,Paid,0,0,0
INV-0005949,CUST-100992,2026-05-01,93.47,Paid,0,0,0
INV-0005950,CUST-100992,2026-06-01,93.12,Paid,0,0,0
INV-0005951,CUST-100992,2026-07-01,95.21,Paid,0,0,0
INV-0005952,CUST-100992,2026-08-01,93.6,Paid,0,0,0
INV-0005953,CUST-100993,2026-03-01,160.1,Paid,0,0,0
INV-0005954,CUST-100993,2026-04-01,165.19,Paid,0,0,0
INV-0005955,CUST-100993,2026-05-01,149.8,Paid,0,0,0
INV-0005956,CUST-100993,2026-06-01,154.9,Paid,0,0,0
INV-0005957,CUST-100993,2026-07-01,154.85,Paid,0,0,0
INV-0005958,CUST-100993,2026-08-01,148.92,Paid,0,0,0
INV-0005959,CUST-100994,2026-03-01,87.07,Paid,0,0,0
INV-0005960,CUST-100994,2026-04-01,86.69,Paid,0,0,0
INV-0005961,CUST-100994,2026-05-01,86.16,Paid,0,0,0
INV-0005962,CUST-100994,2026-06-01,86.79,Paid,0,0,0
INV-0005963,CUST-100994,2026-07-01,86.11,Paid,0,0,0
INV-0005964,CUST-100994,2026-08-01,82.06,Paid,0,0,0
INV-0005965,CUST-100995,2026-03-01,144.28,Paid,0,0,0
INV-0005966,CUST-100995,2026-04-01,148.53,Paid,0,0,0
INV-0005967,CUST-100995,2026-05-01,150.95,Paid,0,0,0
INV-0005968,CUST-100995,2026-06-01,146.47,Paid,0,0,0
INV-0005969,CUST-100995,2026-07-01,154.38,Paid,0,0,0
INV-0005970,CUST-100995,2026-08-01,149.89,Paid,0,0,0
INV-0005971,CUST-100996,2026-03-01,41.97,Paid,0,0,0
INV-0005972,CUST-100996,2026-04-01,39.49,Paid,0,0,0
INV-0005973,CUST-100996,2026-05-01,40.23,Paid,0,0,0
INV-0005974,CUST-100996,2026-06-01,39.24,Paid,0,0,0
INV-0005975,CUST-100996,2026-07-01,41.37,Paid,0,0,0
INV-0005976,CUST-100996,2026-08-01,38.43,Paid,0,0,0
INV-0005977,CUST-100997,2026-03-01,143.41,Paid,0,0,0
INV-0005978,CUST-100997,2026-04-01,145.48,Paid,0,0,0
INV-0005979,CUST-100997,2026-05-01,142.39,Paid,0,0,0
INV-0005980,CUST-100997,2026-06-01,143.1,Late,30,0,0
INV-0005981,CUST-100997,2026-07-01,145.92,Paid,0,0,0
INV-0005982,CUST-100997,2026-08-01,149.99,Paid,0,0,0
INV-0005983,CUST-100998,2026-03-01,424.13,Paid,0,0,0
INV-0005984,CUST-100998,2026-04-01,406.33,Paid,0,0,0
INV-0005985,CUST-100998,2026-05-01,408.53,Paid,0,0,0
INV-0005986,CUST-100998,2026-06-01,417.04,Paid,0,0,0
INV-0005987,CUST-100998,2026-07-01,430.15,Paid,0,0,0
INV-0005988,CUST-100998,2026-08-01,415.3,Paid,0,0,0
INV-0005989,CUST-100999,2026-03-01,432.18,Paid,0,0,0
INV-0005990,CUST-100999,2026-04-01,448.17,Paid,0,0,0
INV-0005991,CUST-100999,2026-05-01,434.08,Paid,0,0,0
INV-0005992,CUST-100999,2026-06-01,428.32,Paid,0,0,0
INV-0005993,CUST-100999,2026-07-01,419.73,Paid,0,0,0
INV-0005994,CUST-100999,2026-08-01,428.98,Paid,0,0,0
INV-0005995,CUST-101000,2026-03-01,59.94,Paid,0,0,0
INV-0005996,CUST-101000,2026-04-01,61.78,Paid,0,0,0
INV-0005997,CUST-101000,2026-05-01,60.56,Paid,0,0,0
INV-0005998,CUST-101000,2026-06-01,58.43,Paid,0,0,0
INV-0005999,CUST-101000,2026-07-01,60.78,Paid,0,0,0
INV-0006000,CUST-101000,2026-08-01,61.58,Paid,0,0,0
INV-0006001,CUST-101001,2026-03-01,88.54,Paid,0,0,0
INV-0006002,CUST-101001,2026-04-01,83.29,Paid,0,0,0
INV-0006003,CUST-101001,2026-05-01,84.66,Paid,0,0,0
INV-0006004,CUST-101001,2026-06-01,85.2,Paid,0,0,0
INV-0006005,CUST-101001,2026-07-01,84.61,Paid,0,0,0
INV-0006006,CUST-101001,2026-08-01,87.49,Paid,0,0,0
INV-0006007,CUST-101002,2026-03-01,75.94,Paid,0,0,0
INV-0006008,CUST-101002,2026-04-01,77.07,Paid,0,0,0
INV-0006009,CUST-101002,2026-05-01,78.6,Paid,0,0,0
INV-0006010,CUST-101002,2026-06-01,73.91,Paid,0,0,0
INV-0006011,CUST-101002,2026-07-01,77.78,Paid,0,0,0
INV-0006012,CUST-101002,2026-08-01,76.15,Paid,0,0,0
INV-0006013,CUST-101003,2026-03-01,67.04,Paid,0,0,0
INV-0006014,CUST-101003,2026-04-01,70.07,Paid,0,0,0
INV-0006015,CUST-101003,2026-05-01,69.09,Paid,0,0,0
INV-0006016,CUST-101003,2026-06-01,69.38,Paid,0,0,0
INV-0006017,CUST-101003,2026-07-01,70.08,Paid,0,0,0
INV-0006018,CUST-101003,2026-08-01,69.8,Paid,0,0,0
INV-0006019,CUST-101004,2026-03-01,69.76,Paid,0,0,0
INV-0006020,CUST-101004,2026-04-01,66.85,Paid,0,0,0
INV-0006021,CUST-101004,2026-05-01,67.37,Paid,0,0,0
INV-0006022,CUST-101004,2026-06-01,65.38,Paid,0,0,0
INV-0006023,CUST-101004,2026-07-01,65.84,Paid,0,0,0
INV-0006024,CUST-101004,2026-08-01,65.57,Paid,0,0,0
INV-0006025,CUST-101005,2026-03-01,79.41,Paid,0,0,0
INV-0006026,CUST-101005,2026-04-01,83.97,Paid,0,0,0
INV-0006027,CUST-101005,2026-05-01,77.54,Paid,0,1,1
INV-0006028,CUST-101005,2026-06-01,79.31,Paid,0,1,0
INV-0006029,CUST-101005,2026-07-01,90.87,Paid,0,0,0
INV-0006030,CUST-101005,2026-08-01,80.23,Paid,0,0,0
INV-0006031,CUST-101006,2026-03-01,66.65,Paid,0,0,0
INV-0006032,CUST-101006,2026-04-01,65.97,Paid,0,0,0
INV-0006033,CUST-101006,2026-05-01,64.57,Paid,0,0,0
INV-0006034,CUST-101006,2026-06-01,65.03,Paid,0,1,0
INV-0006035,CUST-101006,2026-07-01,64.57,Paid,0,0,0
INV-0006036,CUST-101006,2026-08-01,62.01,Paid,0,0,0
INV-0006037,CUST-101007,2026-03-01,26.65,Paid,0,0,0
INV-0006038,CUST-101007,2026-04-01,26.53,Paid,0,1,0
INV-0006039,CUST-101007,2026-05-01,26.01,Paid,0,0,0
INV-0006040,CUST-101007,2026-06-01,25.82,Paid,0,0,0
INV-0006041,CUST-101007,2026-07-01,26.39,Paid,0,0,0
INV-0006042,CUST-101007,2026-08-01,26.24,Paid,0,0,0
INV-0006043,CUST-101008,2026-03-01,156.1,Paid,0,0,0
INV-0006044,CUST-101008,2026-04-01,157.64,Paid,0,0,0
INV-0006045,CUST-101008,2026-05-01,161.67,Late,32,0,0
INV-0006046,CUST-101008,2026-06-01,157.84,Paid,0,0,0
INV-0006047,CUST-101008,2026-07-01,156.92,Paid,0,0,0
INV-0006048,CUST-101008,2026-08-01,149.07,Paid,0,0,0
INV-0006049,CUST-101009,2026-03-01,154.36,Paid,0,0,0
INV-0006050,CUST-101009,2026-04-01,167.27,Paid,0,0,0
INV-0006051,CUST-101009,2026-05-01,170.1,Paid,0,0,0
INV-0006052,CUST-101009,2026-06-01,169.12,Paid,0,0,0
INV-0006053,CUST-101009,2026-07-01,162.95,Paid,0,0,0
INV-0006054,CUST-101009,2026-08-01,160.68,Paid,0,0,0
INV-0006055,CUST-101010,2026-03-01,72.36,Paid,0,0,0
INV-0006056,CUST-101010,2026-04-01,69.43,Paid,0,0,0
INV-0006057,CUST-101010,2026-05-01,70.74,Paid,0,0,0
INV-0006058,CUST-101010,2026-06-01,70.1,Paid,0,1,0
INV-0006059,CUST-101010,2026-07-01,72.43,Paid,0,0,0
INV-0006060,CUST-101010,2026-08-01,75.34,Paid,0,0,0
INV-0006061,CUST-101011,2026-03-01,33.52,Late,26,0,0
INV-0006062,CUST-101011,2026-04-01,32.7,Paid,0,0,0
INV-0006063,CUST-101011,2026-05-01,33.47,Paid,0,0,0
INV-0006064,CUST-101011,2026-06-01,32.85,Paid,0,0,0
INV-0006065,CUST-101011,2026-07-01,32.47,Paid,0,0,0
INV-0006066,CUST-101011,2026-08-01,31.84,Late,3,0,0
INV-0006067,CUST-101012,2026-03-01,34.38,Paid,0,0,0
INV-0006068,CUST-101012,2026-04-01,32.96,Paid,0,0,0
INV-0006069,CUST-101012,2026-05-01,33.51,Paid,0,0,0
INV-0006070,CUST-101012,2026-06-01,31.42,Paid,0,0,0
INV-0006071,CUST-101012,2026-07-01,33.22,Paid,0,0,0
INV-0006072,CUST-101012,2026-08-01,33.06,Paid,0,1,0
INV-0006073,CUST-101013,2026-03-01,142.27,Paid,0,0,0
INV-0006074,CUST-101013,2026-04-01,140.85,Paid,0,0,0
INV-0006075,CUST-101013,2026-05-01,147.87,Paid,0,0,0
INV-0006076,CUST-101013,2026-06-01,146.23,Paid,0,0,0
INV-0006077,CUST-101013,2026-07-01,150.85,Paid,0,0,0
INV-0006078,CUST-101013,2026-08-01,144.29,Paid,0,0,0
INV-0006079,CUST-101014,2026-03-01,152.64,Late,20,0,0
INV-0006080,CUST-101014,2026-04-01,149.8,Paid,0,1,1
INV-0006081,CUST-101014,2026-05-01,155.55,Paid,0,0,0
INV-0006082,CUST-101014,2026-06-01,154.67,Paid,0,1,1
INV-0006083,CUST-101014,2026-07-01,158.98,Late,23,0,0
INV-0006084,CUST-101014,2026-08-01,186.15,Paid,0,0,0
INV-0006085,CUST-101015,2026-03-01,38.21,Paid,0,1,0
INV-0006086,CUST-101015,2026-04-01,37.55,Paid,0,0,0
INV-0006087,CUST-101015,2026-05-01,40.17,Paid,0,0,0
INV-0006088,CUST-101015,2026-06-01,39.18,Paid,0,0,0
INV-0006089,CUST-101015,2026-07-01,37.93,Paid,0,0,0
INV-0006090,CUST-101015,2026-08-01,38.71,Paid,0,0,0
INV-0006091,CUST-101016,2026-03-01,70.57,Paid,0,0,0
INV-0006092,CUST-101016,2026-04-01,72.34,Paid,0,0,0
INV-0006093,CUST-101016,2026-05-01,72.52,Paid,0,0,0
INV-0006094,CUST-101016,2026-06-01,73.13,Late,6,0,0
INV-0006095,CUST-101016,2026-07-01,74.48,Paid,0,0,0
INV-0006096,CUST-101016,2026-08-01,69.34,Paid,0,0,0
INV-0006097,CUST-101017,2026-03-01,84.14,Paid,0,0,0
INV-0006098,CUST-101017,2026-04-01,83.34,Paid,0,0,0
INV-0006099,CUST-101017,2026-05-01,81.05,Paid,0,0,0
INV-0006100,CUST-101017,2026-06-01,86.41,Paid,0,0,0
INV-0006101,CUST-101017,2026-07-01,85.89,Paid,0,0,0
INV-0006102,CUST-101017,2026-08-01,80.38,Paid,0,0,0
INV-0006103,CUST-101018,2026-03-01,38.49,Paid,0,0,0
INV-0006104,CUST-101018,2026-04-01,39.73,Paid,0,0,0
INV-0006105,CUST-101018,2026-05-01,40.96,Paid,0,0,0
INV-0006106,CUST-101018,2026-06-01,40.58,Paid,0,0,0
INV-0006107,CUST-101018,2026-07-01,39.97,Paid,0,0,0
INV-0006108,CUST-101018,2026-08-01,40.38,Paid,0,0,0
INV-0006109,CUST-101019,2026-03-01,162.06,Paid,0,0,0
INV-0006110,CUST-101019,2026-04-01,165.18,Late,1,1,0
INV-0006111,CUST-101019,2026-05-01,169.68,Paid,0,0,0
INV-0006112,CUST-101019,2026-06-01,167.71,Paid,0,0,0
INV-0006113,CUST-101019,2026-07-01,183.42,Paid,0,0,0
INV-0006114,CUST-101019,2026-08-01,172.84,Paid,0,1,1
INV-0006115,CUST-101020,2026-03-01,63.23,Paid,0,0,0
INV-0006116,CUST-101020,2026-04-01,65.97,Paid,0,0,0
INV-0006117,CUST-101020,2026-05-01,67.29,Paid,0,0,0
INV-0006118,CUST-101020,2026-06-01,67.8,Paid,0,0,0
INV-0006119,CUST-101020,2026-07-01,63.64,Paid,0,0,0
INV-0006120,CUST-101020,2026-08-01,68.78,Paid,0,0,0
INV-0006121,CUST-101021,2026-03-01,81.05,Paid,0,0,0
INV-0006122,CUST-101021,2026-04-01,79.41,Late,14,0,0
INV-0006123,CUST-101021,2026-05-01,83.2,Paid,0,0,0
INV-0006124,CUST-101021,2026-06-01,81.18,Paid,0,0,0
INV-0006125,CUST-101021,2026-07-01,79.19,Paid,0,0,0
INV-0006126,CUST-101021,2026-08-01,80.72,Late,11,0,0
INV-0006127,CUST-101022,2026-03-01,188.46,Paid,0,0,0
INV-0006128,CUST-101022,2026-04-01,185.77,Paid,0,0,0
INV-0006129,CUST-101022,2026-05-01,196.06,Paid,0,0,0
INV-0006130,CUST-101022,2026-06-01,187.87,Paid,0,0,0
INV-0006131,CUST-101022,2026-07-01,181.76,Paid,0,0,0
INV-0006132,CUST-101022,2026-08-01,194.08,Paid,0,0,0
INV-0006133,CUST-101023,2026-03-01,29.75,Late,1,0,0
INV-0006134,CUST-101023,2026-04-01,40.81,Paid,0,0,0
INV-0006135,CUST-101023,2026-05-01,30.6,Paid,0,1,0
INV-0006136,CUST-101023,2026-06-01,36.78,Late,33,0,0
INV-0006137,CUST-101023,2026-07-01,36.15,Paid,0,1,0
INV-0006138,CUST-101023,2026-08-01,34.48,Late,6,0,0
INV-0006139,CUST-101024,2026-03-01,36.96,Paid,0,0,0
INV-0006140,CUST-101024,2026-04-01,36.75,Paid,0,0,0
INV-0006141,CUST-101024,2026-05-01,35.71,Paid,0,0,0
INV-0006142,CUST-101024,2026-06-01,37.68,Paid,0,0,0
INV-0006143,CUST-101024,2026-07-01,36.37,Paid,0,0,0
INV-0006144,CUST-101024,2026-08-01,35.81,Paid,0,0,0
INV-0006145,CUST-101025,2026-03-01,381.85,Paid,0,0,0
INV-0006146,CUST-101025,2026-04-01,375.54,Paid,0,0,0
INV-0006147,CUST-101025,2026-05-01,384.14,Paid,0,0,0
INV-0006148,CUST-101025,2026-06-01,395.48,Paid,0,0,0
INV-0006149,CUST-101025,2026-07-01,373.78,Paid,0,0,0
INV-0006150,CUST-101025,2026-08-01,397.76,Paid,0,0,0
INV-0006151,CUST-101026,2026-03-01,445.72,Paid,0,0,0
INV-0006152,CUST-101026,2026-04-01,460.02,Paid,0,0,0
INV-0006153,CUST-101026,2026-05-01,444.83,Paid,0,0,0
INV-0006154,CUST-101026,2026-06-01,439.22,Paid,0,0,0
INV-0006155,CUST-101026,2026-07-01,444.51,Paid,0,1,1
INV-0006156,CUST-101026,2026-08-01,455.43,Paid,0,0,0
INV-0006157,CUST-101027,2026-03-01,77.57,Paid,0,0,0
INV-0006158,CUST-101027,2026-04-01,74.45,Paid,0,0,0
INV-0006159,CUST-101027,2026-05-01,76.03,Paid,0,0,0
INV-0006160,CUST-101027,2026-06-01,72.75,Paid,0,0,0
INV-0006161,CUST-101027,2026-07-01,74.33,Paid,0,0,0
INV-0006162,CUST-101027,2026-08-01,68.97,Paid,0,0,0
INV-0006163,CUST-101028,2026-03-01,170.37,Paid,0,0,0
INV-0006164,CUST-101028,2026-04-01,159.39,Paid,0,0,0
INV-0006165,CUST-101028,2026-05-01,167.93,Paid,0,0,0
INV-0006166,CUST-101028,2026-06-01,161.97,Paid,0,0,0
INV-0006167,CUST-101028,2026-07-01,165.42,Late,29,0,0
INV-0006168,CUST-101028,2026-08-01,165.02,Paid,0,0,0
INV-0006169,CUST-101029,2026-03-01,93.22,Paid,0,0,0
INV-0006170,CUST-101029,2026-04-01,93.58,Paid,0,0,0
INV-0006171,CUST-101029,2026-05-01,90.6,Paid,0,0,0
INV-0006172,CUST-101029,2026-06-01,89.0,Paid,0,0,0
INV-0006173,CUST-101029,2026-07-01,92.86,Paid,0,0,0
INV-0006174,CUST-101029,2026-08-01,90.96,Paid,0,0,0
INV-0006175,CUST-101030,2026-03-01,94.27,Late,5,1,0
INV-0006176,CUST-101030,2026-04-01,126.61,Late,7,0,0
INV-0006177,CUST-101030,2026-05-01,126.67,Paid,0,0,0
INV-0006178,CUST-101030,2026-06-01,97.89,Paid,0,1,0
INV-0006179,CUST-101030,2026-07-01,96.87,Late,10,0,0
INV-0006180,CUST-101030,2026-08-01,95.78,Late,11,0,0
INV-0006181,CUST-101031,2026-03-01,82.76,Paid,0,0,0
INV-0006182,CUST-101031,2026-04-01,78.43,Paid,0,0,0
INV-0006183,CUST-101031,2026-05-01,76.63,Paid,0,0,0
INV-0006184,CUST-101031,2026-06-01,79.63,Paid,0,0,0
INV-0006185,CUST-101031,2026-07-01,78.11,Paid,0,0,0
INV-0006186,CUST-101031,2026-08-01,78.88,Paid,0,0,0
INV-0006187,CUST-101032,2026-03-01,71.7,Paid,0,0,0
INV-0006188,CUST-101032,2026-04-01,75.18,Paid,0,0,0
INV-0006189,CUST-101032,2026-05-01,74.38,Paid,0,0,0
INV-0006190,CUST-101032,2026-06-01,73.97,Paid,0,0,0
INV-0006191,CUST-101032,2026-07-01,72.69,Paid,0,0,0
INV-0006192,CUST-101032,2026-08-01,72.17,Paid,0,0,0
INV-0006193,CUST-101033,2026-03-01,74.27,Paid,0,0,0
INV-0006194,CUST-101033,2026-04-01,73.11,Paid,0,0,0
INV-0006195,CUST-101033,2026-05-01,71.88,Paid,0,0,0
INV-0006196,CUST-101033,2026-06-01,70.78,Late,32,0,0
INV-0006197,CUST-101033,2026-07-01,73.86,Paid,0,0,0
INV-0006198,CUST-101033,2026-08-01,72.74,Paid,0,0,0
INV-0006199,CUST-101034,2026-03-01,48.2,Paid,0,1,0
INV-0006200,CUST-101034,2026-04-01,37.91,Paid,0,0,0
INV-0006201,CUST-101034,2026-05-01,46.5,Paid,0,1,1
INV-0006202,CUST-101034,2026-06-01,39.11,Late,21,0,0
INV-0006203,CUST-101034,2026-07-01,40.42,Paid,0,0,0
INV-0006204,CUST-101034,2026-08-01,39.5,Late,4,0,0
INV-0006205,CUST-101035,2026-03-01,158.81,Paid,0,0,0
INV-0006206,CUST-101035,2026-04-01,155.59,Paid,0,0,0
INV-0006207,CUST-101035,2026-05-01,163.55,Paid,0,0,0
INV-0006208,CUST-101035,2026-06-01,158.92,Paid,0,0,0
INV-0006209,CUST-101035,2026-07-01,160.18,Paid,0,0,0
INV-0006210,CUST-101035,2026-08-01,155.43,Paid,0,0,0
INV-0006211,CUST-101036,2026-03-01,81.92,Paid,0,0,0
INV-0006212,CUST-101036,2026-04-01,85.64,Paid,0,1,0
INV-0006213,CUST-101036,2026-05-01,81.54,Paid,0,0,0
INV-0006214,CUST-101036,2026-06-01,80.7,Paid,0,0,0
INV-0006215,CUST-101036,2026-07-01,82.52,Late,12,0,0
INV-0006216,CUST-101036,2026-08-01,85.62,Paid,0,0,0
INV-0006217,CUST-101037,2026-03-01,71.33,Paid,0,1,0
INV-0006218,CUST-101037,2026-04-01,87.33,Paid,0,0,0
INV-0006219,CUST-101037,2026-05-01,88.66,Paid,0,0,0
INV-0006220,CUST-101037,2026-06-01,64.22,Paid,0,0,0
INV-0006221,CUST-101037,2026-07-01,67.48,Late,33,1,0
INV-0006222,CUST-101037,2026-08-01,65.84,Late,14,1,0
INV-0006223,CUST-101038,2026-03-01,27.98,Late,34,0,0
INV-0006224,CUST-101038,2026-04-01,26.66,Paid,0,0,0
INV-0006225,CUST-101038,2026-05-01,27.02,Paid,0,0,0
INV-0006226,CUST-101038,2026-06-01,26.65,Paid,0,0,0
INV-0006227,CUST-101038,2026-07-01,26.36,Paid,0,0,0
INV-0006228,CUST-101038,2026-08-01,26.13,Paid,0,0,0
INV-0006229,CUST-101039,2026-03-01,164.01,Paid,0,0,0
INV-0006230,CUST-101039,2026-04-01,170.78,Paid,0,0,0
INV-0006231,CUST-101039,2026-05-01,169.55,Paid,0,0,0
INV-0006232,CUST-101039,2026-06-01,166.39,Paid,0,0,0
INV-0006233,CUST-101039,2026-07-01,176.13,Paid,0,0,0
INV-0006234,CUST-101039,2026-08-01,170.24,Paid,0,0,0
INV-0006235,CUST-101040,2026-03-01,37.21,Paid,0,0,0
INV-0006236,CUST-101040,2026-04-01,37.36,Paid,0,0,0
INV-0006237,CUST-101040,2026-05-01,37.34,Paid,0,0,0
INV-0006238,CUST-101040,2026-06-01,37.77,Paid,0,0,0
INV-0006239,CUST-101040,2026-07-01,37.09,Paid,0,0,0
INV-0006240,CUST-101040,2026-08-01,36.73,Paid,0,0,0
INV-0006241,CUST-101041,2026-03-01,74.52,Paid,0,0,0
INV-0006242,CUST-101041,2026-04-01,71.68,Paid,0,0,0
INV-0006243,CUST-101041,2026-05-01,70.37,Paid,0,0,0
INV-0006244,CUST-101041,2026-06-01,69.7,Paid,0,0,0
INV-0006245,CUST-101041,2026-07-01,71.59,Paid,0,0,0
INV-0006246,CUST-101041,2026-08-01,68.81,Paid,0,0,0
INV-0006247,CUST-101042,2026-03-01,161.81,Paid,0,0,0
INV-0006248,CUST-101042,2026-04-01,157.5,Paid,0,1,0
INV-0006249,CUST-101042,2026-05-01,159.55,Paid,0,0,0
INV-0006250,CUST-101042,2026-06-01,180.65,Late,9,0,0
INV-0006251,CUST-101042,2026-07-01,162.08,Paid,0,0,0
INV-0006252,CUST-101042,2026-08-01,164.71,Paid,0,1,1
INV-0006253,CUST-101043,2026-03-01,338.35,Paid,0,0,0
INV-0006254,CUST-101043,2026-04-01,349.56,Paid,0,0,0
INV-0006255,CUST-101043,2026-05-01,380.31,Paid,0,0,0
INV-0006256,CUST-101043,2026-06-01,355.72,Paid,0,0,0
INV-0006257,CUST-101043,2026-07-01,345.59,Paid,0,0,0
INV-0006258,CUST-101043,2026-08-01,366.65,Paid,0,0,0
INV-0006259,CUST-101044,2026-03-01,36.87,Paid,0,0,0
INV-0006260,CUST-101044,2026-04-01,30.25,Paid,0,0,0
INV-0006261,CUST-101044,2026-05-01,29.43,Paid,0,1,0
INV-0006262,CUST-101044,2026-06-01,29.04,Paid,0,0,0
INV-0006263,CUST-101044,2026-07-01,29.02,Late,10,0,0
INV-0006264,CUST-101044,2026-08-01,28.83,Late,30,0,0
INV-0006265,CUST-101045,2026-03-01,78.01,Paid,0,0,0
INV-0006266,CUST-101045,2026-04-01,74.32,Paid,0,0,0
INV-0006267,CUST-101045,2026-05-01,75.46,Paid,0,0,0
INV-0006268,CUST-101045,2026-06-01,76.64,Paid,0,0,0
INV-0006269,CUST-101045,2026-07-01,76.2,Paid,0,0,0
INV-0006270,CUST-101045,2026-08-01,77.81,Paid,0,0,0
INV-0006271,CUST-101046,2026-03-01,72.27,Paid,0,0,0
INV-0006272,CUST-101046,2026-04-01,77.42,Paid,0,0,0
INV-0006273,CUST-101046,2026-05-01,73.96,Paid,0,1,0
INV-0006274,CUST-101046,2026-06-01,77.55,Paid,0,0,0
INV-0006275,CUST-101046,2026-07-01,73.1,Paid,0,0,0
INV-0006276,CUST-101046,2026-08-01,73.41,Paid,0,0,0
INV-0006277,CUST-101047,2026-03-01,160.18,Paid,0,0,0
INV-0006278,CUST-101047,2026-04-01,153.46,Paid,0,0,0
INV-0006279,CUST-101047,2026-05-01,156.32,Paid,0,0,0
INV-0006280,CUST-101047,2026-06-01,150.13,Paid,0,0,0
INV-0006281,CUST-101047,2026-07-01,154.47,Paid,0,0,0
INV-0006282,CUST-101047,2026-08-01,154.59,Paid,0,0,0
INV-0006283,CUST-101048,2026-03-01,370.38,Paid,0,0,0
INV-0006284,CUST-101048,2026-04-01,373.82,Paid,0,0,0
INV-0006285,CUST-101048,2026-05-01,370.81,Paid,0,0,0
INV-0006286,CUST-101048,2026-06-01,384.62,Paid,0,0,0
INV-0006287,CUST-101048,2026-07-01,380.38,Paid,0,0,0
INV-0006288,CUST-101048,2026-08-01,374.54,Paid,0,0,0
INV-0006289,CUST-101049,2026-03-01,88.05,Late,29,1,0
INV-0006290,CUST-101049,2026-04-01,71.07,Late,4,1,0
INV-0006291,CUST-101049,2026-05-01,68.78,Paid,0,0,0
INV-0006292,CUST-101049,2026-06-01,68.12,Paid,0,0,0
INV-0006293,CUST-101049,2026-07-01,92.11,Late,11,0,0
INV-0006294,CUST-101049,2026-08-01,67.85,Paid,0,0,0
INV-0006295,CUST-101050,2026-03-01,34.82,Paid,0,0,0
INV-0006296,CUST-101050,2026-04-01,34.44,Paid,0,0,0
INV-0006297,CUST-101050,2026-05-01,34.78,Paid,0,0,0
INV-0006298,CUST-101050,2026-06-01,33.64,Paid,0,0,0
INV-0006299,CUST-101050,2026-07-01,34.21,Paid,0,0,0
INV-0006300,CUST-101050,2026-08-01,34.07,Paid,0,0,0
INV-0006301,CUST-101051,2026-03-01,97.76,Paid,0,0,0
INV-0006302,CUST-101051,2026-04-01,99.84,Paid,0,0,0
INV-0006303,CUST-101051,2026-05-01,97.4,Paid,0,0,0
INV-0006304,CUST-101051,2026-06-01,99.02,Paid,0,0,0
INV-0006305,CUST-101051,2026-07-01,99.32,Paid,0,1,0
INV-0006306,CUST-101051,2026-08-01,100.77,Paid,0,0,0
INV-0006307,CUST-101052,2026-03-01,195.25,Paid,0,0,0
INV-0006308,CUST-101052,2026-04-01,179.97,Paid,0,0,0
INV-0006309,CUST-101052,2026-05-01,184.64,Paid,0,0,0
INV-0006310,CUST-101052,2026-06-01,188.0,Paid,0,0,0
INV-0006311,CUST-101052,2026-07-01,192.94,Paid,0,0,0
INV-0006312,CUST-101052,2026-08-01,183.93,Paid,0,0,0
INV-0006313,CUST-101053,2026-03-01,39.41,Paid,0,0,0
INV-0006314,CUST-101053,2026-04-01,39.81,Paid,0,1,0
INV-0006315,CUST-101053,2026-05-01,40.77,Paid,0,0,0
INV-0006316,CUST-101053,2026-06-01,39.83,Paid,0,1,1
INV-0006317,CUST-101053,2026-07-01,39.13,Paid,0,0,0
INV-0006318,CUST-101053,2026-08-01,39.46,Paid,0,0,0
INV-0006319,CUST-101054,2026-03-01,89.88,Paid,0,0,0
INV-0006320,CUST-101054,2026-04-01,86.37,Paid,0,0,0
INV-0006321,CUST-101054,2026-05-01,88.76,Paid,0,0,0
INV-0006322,CUST-101054,2026-06-01,88.54,Paid,0,0,0
INV-0006323,CUST-101054,2026-07-01,90.14,Paid,0,0,0
INV-0006324,CUST-101054,2026-08-01,89.93,Paid,0,0,0
INV-0006325,CUST-101055,2026-03-01,36.13,Paid,0,0,0
INV-0006326,CUST-101055,2026-04-01,35.53,Paid,0,0,0
INV-0006327,CUST-101055,2026-05-01,35.45,Paid,0,0,0
INV-0006328,CUST-101055,2026-06-01,35.01,Paid,0,0,0
INV-0006329,CUST-101055,2026-07-01,35.51,Paid,0,0,0
INV-0006330,CUST-101055,2026-08-01,36.43,Paid,0,0,0
INV-0006331,CUST-101056,2026-03-01,38.45,Paid,0,0,0
INV-0006332,CUST-101056,2026-04-01,39.38,Paid,0,0,0
INV-0006333,CUST-101056,2026-05-01,39.12,Paid,0,0,0
INV-0006334,CUST-101056,2026-06-01,38.06,Paid,0,0,0
INV-0006335,CUST-101056,2026-07-01,36.32,Paid,0,0,0
INV-0006336,CUST-101056,2026-08-01,39.47,Paid,0,0,0
INV-0006337,CUST-101057,2026-03-01,96.89,Late,15,1,0
INV-0006338,CUST-101057,2026-04-01,108.25,Late,14,0,0
INV-0006339,CUST-101057,2026-05-01,92.06,Paid,0,0,0
INV-0006340,CUST-101057,2026-06-01,94.24,Paid,0,0,0
INV-0006341,CUST-101057,2026-07-01,92.87,Paid,0,0,0
INV-0006342,CUST-101057,2026-08-01,121.61,Paid,0,1,0
INV-0006343,CUST-101058,2026-03-01,36.29,Paid,0,0,0
INV-0006344,CUST-101058,2026-04-01,35.72,Paid,0,0,0
INV-0006345,CUST-101058,2026-05-01,36.37,Paid,0,0,0
INV-0006346,CUST-101058,2026-06-01,36.31,Paid,0,0,0
INV-0006347,CUST-101058,2026-07-01,36.34,Paid,0,0,0
INV-0006348,CUST-101058,2026-08-01,36.91,Paid,0,0,0
INV-0006349,CUST-101059,2026-03-01,184.15,Paid,0,0,0
INV-0006350,CUST-101059,2026-04-01,189.55,Paid,0,0,0
INV-0006351,CUST-101059,2026-05-01,190.65,Paid,0,0,0
INV-0006352,CUST-101059,2026-06-01,185.35,Paid,0,0,0
INV-0006353,CUST-101059,2026-07-01,193.82,Paid,0,0,0
INV-0006354,CUST-101059,2026-08-01,195.25,Paid,0,0,0
INV-0006355,CUST-101060,2026-03-01,178.6,Paid,0,0,0
INV-0006356,CUST-101060,2026-04-01,193.25,Paid,0,0,0
INV-0006357,CUST-101060,2026-05-01,191.6,Paid,0,0,0
INV-0006358,CUST-101060,2026-06-01,193.48,Paid,0,0,0
INV-0006359,CUST-101060,2026-07-01,188.31,Paid,0,0,0
INV-0006360,CUST-101060,2026-08-01,184.94,Paid,0,0,0
INV-0006361,CUST-101061,2026-03-01,67.82,Paid,0,0,0
INV-0006362,CUST-101061,2026-04-01,69.01,Paid,0,0,0
INV-0006363,CUST-101061,2026-05-01,67.99,Paid,0,0,0
INV-0006364,CUST-101061,2026-06-01,69.16,Paid,0,1,0
INV-0006365,CUST-101061,2026-07-01,70.77,Late,3,0,0
INV-0006366,CUST-101061,2026-08-01,68.8,Late,12,0,0
INV-0006367,CUST-101062,2026-03-01,181.17,Paid,0,0,0
INV-0006368,CUST-101062,2026-04-01,183.79,Paid,0,0,0
INV-0006369,CUST-101062,2026-05-01,179.06,Paid,0,0,0
INV-0006370,CUST-101062,2026-06-01,184.02,Paid,0,1,0
INV-0006371,CUST-101062,2026-07-01,175.9,Paid,0,0,0
INV-0006372,CUST-101062,2026-08-01,183.13,Paid,0,0,0
INV-0006373,CUST-101063,2026-03-01,88.3,Paid,0,0,0
INV-0006374,CUST-101063,2026-04-01,90.44,Paid,0,0,0
INV-0006375,CUST-101063,2026-05-01,85.39,Paid,0,0,0
INV-0006376,CUST-101063,2026-06-01,86.25,Paid,0,0,0
INV-0006377,CUST-101063,2026-07-01,86.44,Paid,0,0,0
INV-0006378,CUST-101063,2026-08-01,87.72,Paid,0,0,0
INV-0006379,CUST-101064,2026-03-01,34.06,Paid,0,1,0
INV-0006380,CUST-101064,2026-04-01,35.18,Paid,0,1,0
INV-0006381,CUST-101064,2026-05-01,33.97,Paid,0,1,0
INV-0006382,CUST-101064,2026-06-01,34.65,Late,3,1,0
INV-0006383,CUST-101064,2026-07-01,34.53,Paid,0,1,1
INV-0006384,CUST-101064,2026-08-01,44.84,Paid,0,0,0
INV-0006385,CUST-101065,2026-03-01,385.47,Paid,0,0,0
INV-0006386,CUST-101065,2026-04-01,393.31,Paid,0,1,0
INV-0006387,CUST-101065,2026-05-01,389.86,Paid,0,0,0
INV-0006388,CUST-101065,2026-06-01,377.71,Paid,0,0,0
INV-0006389,CUST-101065,2026-07-01,385.08,Paid,0,0,0
INV-0006390,CUST-101065,2026-08-01,384.83,Paid,0,0,0
INV-0006391,CUST-101066,2026-03-01,60.63,Paid,0,1,1
INV-0006392,CUST-101066,2026-04-01,78.05,Paid,0,0,0
INV-0006393,CUST-101066,2026-05-01,73.42,Late,33,0,0
INV-0006394,CUST-101066,2026-06-01,63.5,Paid,0,1,0
INV-0006395,CUST-101066,2026-07-01,76.73,Paid,0,0,0
INV-0006396,CUST-101066,2026-08-01,59.51,Paid,0,0,0
INV-0006397,CUST-101067,2026-03-01,175.86,Paid,0,0,0
INV-0006398,CUST-101067,2026-04-01,171.93,Paid,0,0,0
INV-0006399,CUST-101067,2026-05-01,184.76,Paid,0,0,0
INV-0006400,CUST-101067,2026-06-01,169.02,Paid,0,0,0
INV-0006401,CUST-101067,2026-07-01,176.77,Late,32,0,0
INV-0006402,CUST-101067,2026-08-01,181.06,Paid,0,0,0
INV-0006403,CUST-101068,2026-03-01,66.45,Paid,0,0,0
INV-0006404,CUST-101068,2026-04-01,63.71,Late,12,0,0
INV-0006405,CUST-101068,2026-05-01,66.52,Paid,0,0,0
INV-0006406,CUST-101068,2026-06-01,64.28,Paid,0,0,0
INV-0006407,CUST-101068,2026-07-01,62.26,Paid,0,0,0
INV-0006408,CUST-101068,2026-08-01,63.51,Paid,0,0,0
INV-0006409,CUST-101069,2026-03-01,77.09,Late,28,1,0
INV-0006410,CUST-101069,2026-04-01,90.15,Late,11,1,0
INV-0006411,CUST-101069,2026-05-01,70.25,Paid,0,0,0
INV-0006412,CUST-101069,2026-06-01,70.87,Late,29,1,1
INV-0006413,CUST-101069,2026-07-01,88.05,Paid,0,0,0
INV-0006414,CUST-101069,2026-08-01,74.45,Paid,0,0,0
INV-0006415,CUST-101070,2026-03-01,31.32,Paid,0,1,0
INV-0006416,CUST-101070,2026-04-01,32.96,Late,28,0,0
INV-0006417,CUST-101070,2026-05-01,32.64,Paid,0,0,0
INV-0006418,CUST-101070,2026-06-01,40.31,Paid,0,0,0
INV-0006419,CUST-101070,2026-07-01,31.38,Paid,0,0,0
INV-0006420,CUST-101070,2026-08-01,42.69,Paid,0,1,0
INV-0006421,CUST-101071,2026-03-01,78.53,Paid,0,0,0
INV-0006422,CUST-101071,2026-04-01,76.12,Paid,0,0,0
INV-0006423,CUST-101071,2026-05-01,72.72,Paid,0,0,0
INV-0006424,CUST-101071,2026-06-01,74.8,Paid,0,0,0
INV-0006425,CUST-101071,2026-07-01,76.78,Paid,0,0,0
INV-0006426,CUST-101071,2026-08-01,72.55,Paid,0,0,0
INV-0006427,CUST-101072,2026-03-01,36.04,Paid,0,0,0
INV-0006428,CUST-101072,2026-04-01,36.21,Paid,0,0,0
INV-0006429,CUST-101072,2026-05-01,36.46,Paid,0,0,0
INV-0006430,CUST-101072,2026-06-01,37.03,Paid,0,0,0
INV-0006431,CUST-101072,2026-07-01,36.32,Paid,0,0,0
INV-0006432,CUST-101072,2026-08-01,35.83,Paid,0,0,0
INV-0006433,CUST-101073,2026-03-01,211.75,Paid,0,0,0
INV-0006434,CUST-101073,2026-04-01,212.5,Paid,0,0,0
INV-0006435,CUST-101073,2026-05-01,202.41,Paid,0,0,0
INV-0006436,CUST-101073,2026-06-01,214.41,Paid,0,0,0
INV-0006437,CUST-101073,2026-07-01,212.26,Paid,0,0,0
INV-0006438,CUST-101073,2026-08-01,218.53,Paid,0,0,0
INV-0006439,CUST-101074,2026-03-01,36.17,Paid,0,0,0
INV-0006440,CUST-101074,2026-04-01,36.26,Paid,0,0,0
INV-0006441,CUST-101074,2026-05-01,36.31,Paid,0,0,0
INV-0006442,CUST-101074,2026-06-01,37.94,Paid,0,0,0
INV-0006443,CUST-101074,2026-07-01,36.7,Paid,0,0,0
INV-0006444,CUST-101074,2026-08-01,35.94,Paid,0,0,0
INV-0006445,CUST-101075,2026-03-01,41.54,Paid,0,0,0
INV-0006446,CUST-101075,2026-04-01,40.19,Paid,0,0,0
INV-0006447,CUST-101075,2026-05-01,40.9,Paid,0,0,0
INV-0006448,CUST-101075,2026-06-01,41.06,Paid,0,0,0
INV-0006449,CUST-101075,2026-07-01,41.06,Paid,0,0,0
INV-0006450,CUST-101075,2026-08-01,41.31,Paid,0,0,0
INV-0006451,CUST-101076,2026-03-01,150.87,Paid,0,0,0
INV-0006452,CUST-101076,2026-04-01,144.78,Paid,0,0,0
INV-0006453,CUST-101076,2026-05-01,155.33,Paid,0,0,0
INV-0006454,CUST-101076,2026-06-01,149.85,Paid,0,0,0
INV-0006455,CUST-101076,2026-07-01,151.6,Paid,0,0,0
INV-0006456,CUST-101076,2026-08-01,149.32,Paid,0,0,0
INV-0006457,CUST-101077,2026-03-01,164.8,Late,1,0,0
INV-0006458,CUST-101077,2026-04-01,165.66,Paid,0,0,0
INV-0006459,CUST-101077,2026-05-01,163.51,Paid,0,0,0
INV-0006460,CUST-101077,2026-06-01,167.22,Paid,0,0,0
INV-0006461,CUST-101077,2026-07-01,166.97,Paid,0,0,0
INV-0006462,CUST-101077,2026-08-01,163.45,Paid,0,0,0
INV-0006463,CUST-101078,2026-03-01,34.9,Paid,0,0,0
INV-0006464,CUST-101078,2026-04-01,34.18,Paid,0,0,0
INV-0006465,CUST-101078,2026-05-01,36.65,Paid,0,0,0
INV-0006466,CUST-101078,2026-06-01,36.28,Paid,0,0,0
INV-0006467,CUST-101078,2026-07-01,35.18,Paid,0,0,0
INV-0006468,CUST-101078,2026-08-01,35.77,Paid,0,0,0
INV-0006469,CUST-101079,2026-03-01,88.38,Paid,0,0,0
INV-0006470,CUST-101079,2026-04-01,80.67,Paid,0,0,0
INV-0006471,CUST-101079,2026-05-01,76.05,Paid,0,0,0
INV-0006472,CUST-101079,2026-06-01,84.73,Paid,0,0,0
INV-0006473,CUST-101079,2026-07-01,83.62,Paid,0,0,0
INV-0006474,CUST-101079,2026-08-01,83.09,Paid,0,0,0
INV-0006475,CUST-101080,2026-03-01,90.4,Paid,0,0,0
INV-0006476,CUST-101080,2026-04-01,93.44,Paid,0,0,0
INV-0006477,CUST-101080,2026-05-01,92.25,Paid,0,0,0
INV-0006478,CUST-101080,2026-06-01,89.67,Paid,0,0,0
INV-0006479,CUST-101080,2026-07-01,85.33,Paid,0,0,0
INV-0006480,CUST-101080,2026-08-01,86.6,Late,24,0,0
INV-0006481,CUST-101081,2026-03-01,69.11,Paid,0,0,0
INV-0006482,CUST-101081,2026-04-01,68.31,Paid,0,0,0
INV-0006483,CUST-101081,2026-05-01,69.28,Paid,0,0,0
INV-0006484,CUST-101081,2026-06-01,69.5,Paid,0,0,0
INV-0006485,CUST-101081,2026-07-01,70.02,Paid,0,0,0
INV-0006486,CUST-101081,2026-08-01,68.45,Paid,0,0,0
INV-0006487,CUST-101082,2026-03-01,96.93,Late,27,0,0
INV-0006488,CUST-101082,2026-04-01,89.74,Paid,0,0,0
INV-0006489,CUST-101082,2026-05-01,93.51,Paid,0,0,0
INV-0006490,CUST-101082,2026-06-01,96.68,Paid,0,0,0
INV-0006491,CUST-101082,2026-07-01,91.7,Paid,0,0,0
INV-0006492,CUST-101082,2026-08-01,95.06,Paid,0,0,0
INV-0006493,CUST-101083,2026-03-01,35.66,Paid,0,0,0
INV-0006494,CUST-101083,2026-04-01,35.64,Paid,0,0,0
INV-0006495,CUST-101083,2026-05-01,36.19,Paid,0,0,0
INV-0006496,CUST-101083,2026-06-01,35.78,Paid,0,0,0
INV-0006497,CUST-101083,2026-07-01,35.57,Paid,0,0,0
INV-0006498,CUST-101083,2026-08-01,34.08,Late,2,0,0
INV-0006499,CUST-101084,2026-03-01,81.96,Paid,0,0,0
INV-0006500,CUST-101084,2026-04-01,80.57,Paid,0,0,0
INV-0006501,CUST-101084,2026-05-01,79.04,Paid,0,0,0
INV-0006502,CUST-101084,2026-06-01,78.95,Paid,0,0,0
INV-0006503,CUST-101084,2026-07-01,79.49,Paid,0,0,0
INV-0006504,CUST-101084,2026-08-01,81.27,Paid,0,0,0
INV-0006505,CUST-101085,2026-03-01,87.53,Paid,0,0,0
INV-0006506,CUST-101085,2026-04-01,85.86,Paid,0,0,0
INV-0006507,CUST-101085,2026-05-01,83.82,Paid,0,0,0
INV-0006508,CUST-101085,2026-06-01,89.22,Paid,0,0,0
INV-0006509,CUST-101085,2026-07-01,83.64,Paid,0,0,0
INV-0006510,CUST-101085,2026-08-01,88.69,Paid,0,0,0
INV-0006511,CUST-101086,2026-03-01,189.15,Paid,0,0,0
INV-0006512,CUST-101086,2026-04-01,188.95,Paid,0,0,0
INV-0006513,CUST-101086,2026-05-01,182.54,Paid,0,0,0
INV-0006514,CUST-101086,2026-06-01,184.72,Paid,0,0,0
INV-0006515,CUST-101086,2026-07-01,190.04,Paid,0,0,0
INV-0006516,CUST-101086,2026-08-01,186.55,Paid,0,0,0
INV-0006517,CUST-101087,2026-03-01,72.04,Paid,0,0,0
INV-0006518,CUST-101087,2026-04-01,72.92,Paid,0,0,0
INV-0006519,CUST-101087,2026-05-01,70.56,Paid,0,0,0
INV-0006520,CUST-101087,2026-06-01,71.34,Paid,0,0,0
INV-0006521,CUST-101087,2026-07-01,69.41,Late,21,0,0
INV-0006522,CUST-101087,2026-08-01,69.67,Paid,0,0,0
INV-0006523,CUST-101088,2026-03-01,88.54,Paid,0,0,0
INV-0006524,CUST-101088,2026-04-01,88.54,Paid,0,0,0
INV-0006525,CUST-101088,2026-05-01,85.29,Paid,0,0,0
INV-0006526,CUST-101088,2026-06-01,85.26,Paid,0,0,0
INV-0006527,CUST-101088,2026-07-01,84.42,Paid,0,0,0
INV-0006528,CUST-101088,2026-08-01,84.95,Paid,0,0,0
INV-0006529,CUST-101089,2026-03-01,148.89,Paid,0,0,0
INV-0006530,CUST-101089,2026-04-01,144.29,Paid,0,0,0
INV-0006531,CUST-101089,2026-05-01,133.77,Paid,0,0,0
INV-0006532,CUST-101089,2026-06-01,147.03,Paid,0,0,0
INV-0006533,CUST-101089,2026-07-01,141.94,Late,7,0,0
INV-0006534,CUST-101089,2026-08-01,191.53,Paid,0,1,0
INV-0006535,CUST-101090,2026-03-01,31.9,Paid,0,0,0
INV-0006536,CUST-101090,2026-04-01,32.44,Paid,0,0,0
INV-0006537,CUST-101090,2026-05-01,33.74,Paid,0,0,0
INV-0006538,CUST-101090,2026-06-01,32.35,Late,25,0,0
INV-0006539,CUST-101090,2026-07-01,31.23,Paid,0,0,0
INV-0006540,CUST-101090,2026-08-01,32.45,Paid,0,0,0
INV-0006541,CUST-101091,2026-03-01,130.27,Paid,0,0,0
INV-0006542,CUST-101091,2026-04-01,136.55,Paid,0,0,0
INV-0006543,CUST-101091,2026-05-01,136.61,Paid,0,0,0
INV-0006544,CUST-101091,2026-06-01,133.64,Paid,0,0,0
INV-0006545,CUST-101091,2026-07-01,128.3,Paid,0,0,0
INV-0006546,CUST-101091,2026-08-01,136.59,Paid,0,0,0
INV-0006547,CUST-101092,2026-03-01,94.26,Paid,0,0,0
INV-0006548,CUST-101092,2026-04-01,96.57,Paid,0,0,0
INV-0006549,CUST-101092,2026-05-01,97.41,Paid,0,0,0
INV-0006550,CUST-101092,2026-06-01,95.05,Paid,0,0,0
INV-0006551,CUST-101092,2026-07-01,94.47,Paid,0,0,0
INV-0006552,CUST-101092,2026-08-01,90.35,Paid,0,0,0
INV-0006553,CUST-101093,2026-03-01,192.63,Paid,0,0,0
INV-0006554,CUST-101093,2026-04-01,197.61,Paid,0,0,0
INV-0006555,CUST-101093,2026-05-01,189.04,Paid,0,0,0
INV-0006556,CUST-101093,2026-06-01,195.68,Paid,0,0,0
INV-0006557,CUST-101093,2026-07-01,195.25,Paid,0,0,0
INV-0006558,CUST-101093,2026-08-01,194.84,Paid,0,0,0
INV-0006559,CUST-101094,2026-03-01,168.27,Paid,0,0,0
INV-0006560,CUST-101094,2026-04-01,169.45,Late,14,0,0
INV-0006561,CUST-101094,2026-05-01,169.26,Paid,0,0,0
INV-0006562,CUST-101094,2026-06-01,166.87,Paid,0,1,0
INV-0006563,CUST-101094,2026-07-01,176.35,Paid,0,0,0
INV-0006564,CUST-101094,2026-08-01,165.31,Paid,0,0,0
INV-0006565,CUST-101095,2026-03-01,62.07,Paid,0,0,0
INV-0006566,CUST-101095,2026-04-01,60.5,Paid,0,0,0
INV-0006567,CUST-101095,2026-05-01,61.49,Paid,0,0,0
INV-0006568,CUST-101095,2026-06-01,61.02,Paid,0,0,0
INV-0006569,CUST-101095,2026-07-01,62.79,Paid,0,0,0
INV-0006570,CUST-101095,2026-08-01,61.79,Paid,0,0,0
INV-0006571,CUST-101096,2026-03-01,80.23,Paid,0,0,0
INV-0006572,CUST-101096,2026-04-01,77.76,Paid,0,0,0
INV-0006573,CUST-101096,2026-05-01,79.55,Paid,0,0,0
INV-0006574,CUST-101096,2026-06-01,78.54,Paid,0,0,0
INV-0006575,CUST-101096,2026-07-01,78.94,Paid,0,1,0
INV-0006576,CUST-101096,2026-08-01,81.52,Paid,0,0,0
INV-0006577,CUST-101097,2026-03-01,139.49,Paid,0,0,0
INV-0006578,CUST-101097,2026-04-01,142.88,Paid,0,0,0
INV-0006579,CUST-101097,2026-05-01,143.41,Paid,0,0,0
INV-0006580,CUST-101097,2026-06-01,139.85,Paid,0,0,0
INV-0006581,CUST-101097,2026-07-01,148.13,Paid,0,0,0
INV-0006582,CUST-101097,2026-08-01,145.07,Paid,0,0,0
INV-0006583,CUST-101098,2026-03-01,42.28,Paid,0,0,0
INV-0006584,CUST-101098,2026-04-01,42.45,Paid,0,0,0
INV-0006585,CUST-101098,2026-05-01,45.04,Paid,0,0,0
INV-0006586,CUST-101098,2026-06-01,44.49,Paid,0,0,0
INV-0006587,CUST-101098,2026-07-01,43.41,Paid,0,0,0
INV-0006588,CUST-101098,2026-08-01,45.5,Paid,0,0,0
INV-0006589,CUST-101099,2026-03-01,150.35,Paid,0,0,0
INV-0006590,CUST-101099,2026-04-01,155.75,Paid,0,0,0
INV-0006591,CUST-101099,2026-05-01,153.66,Paid,0,0,0
INV-0006592,CUST-101099,2026-06-01,154.0,Paid,0,0,0
INV-0006593,CUST-101099,2026-07-01,150.43,Paid,0,0,0
INV-0006594,CUST-101099,2026-08-01,155.88,Paid,0,0,0
INV-0006595,CUST-101100,2026-03-01,88.21,Paid,0,0,0
INV-0006596,CUST-101100,2026-04-01,87.45,Paid,0,0,0
INV-0006597,CUST-101100,2026-05-01,88.1,Paid,0,0,0
INV-0006598,CUST-101100,2026-06-01,86.8,Paid,0,0,0
INV-0006599,CUST-101100,2026-07-01,92.79,Paid,0,0,0
INV-0006600,CUST-101100,2026-08-01,90.31,Paid,0,0,0
INV-0006601,CUST-101101,2026-03-01,156.65,Paid,0,0,0
INV-0006602,CUST-101101,2026-04-01,159.77,Paid,0,0,0
INV-0006603,CUST-101101,2026-05-01,151.21,Paid,0,0,0
INV-0006604,CUST-101101,2026-06-01,155.39,Paid,0,0,0
INV-0006605,CUST-101101,2026-07-01,156.84,Paid,0,0,0
INV-0006606,CUST-101101,2026-08-01,158.98,Paid,0,0,0
INV-0006607,CUST-101102,2026-03-01,34.02,Paid,0,0,0
INV-0006608,CUST-101102,2026-04-01,33.44,Paid,0,0,0
INV-0006609,CUST-101102,2026-05-01,32.75,Paid,0,0,0
INV-0006610,CUST-101102,2026-06-01,33.75,Paid,0,0,0
INV-0006611,CUST-101102,2026-07-01,32.63,Paid,0,0,0
INV-0006612,CUST-101102,2026-08-01,33.92,Paid,0,0,0
INV-0006613,CUST-101103,2026-03-01,87.93,Paid,0,0,0
INV-0006614,CUST-101103,2026-04-01,91.16,Paid,0,1,0
INV-0006615,CUST-101103,2026-05-01,85.87,Paid,0,0,0
INV-0006616,CUST-101103,2026-06-01,86.84,Paid,0,0,0
INV-0006617,CUST-101103,2026-07-01,85.89,Paid,0,0,0
INV-0006618,CUST-101103,2026-08-01,86.75,Paid,0,0,0
INV-0006619,CUST-101104,2026-03-01,90.54,Paid,0,0,0
INV-0006620,CUST-101104,2026-04-01,88.92,Paid,0,0,0
INV-0006621,CUST-101104,2026-05-01,88.95,Paid,0,0,0
INV-0006622,CUST-101104,2026-06-01,90.16,Paid,0,0,0
INV-0006623,CUST-101104,2026-07-01,91.09,Paid,0,0,0
INV-0006624,CUST-101104,2026-08-01,93.17,Paid,0,0,0
INV-0006625,CUST-101105,2026-03-01,73.22,Paid,0,0,0
INV-0006626,CUST-101105,2026-04-01,69.15,Paid,0,0,0
INV-0006627,CUST-101105,2026-05-01,67.53,Late,15,0,0
INV-0006628,CUST-101105,2026-06-01,65.75,Paid,0,0,0
INV-0006629,CUST-101105,2026-07-01,72.11,Paid,0,0,0
INV-0006630,CUST-101105,2026-08-01,70.1,Paid,0,0,0
INV-0006631,CUST-101106,2026-03-01,152.51,Paid,0,0,0
INV-0006632,CUST-101106,2026-04-01,158.35,Paid,0,0,0
INV-0006633,CUST-101106,2026-05-01,150.07,Paid,0,0,0
INV-0006634,CUST-101106,2026-06-01,155.67,Paid,0,0,0
INV-0006635,CUST-101106,2026-07-01,154.07,Paid,0,0,0
INV-0006636,CUST-101106,2026-08-01,158.84,Paid,0,0,0
INV-0006637,CUST-101107,2026-03-01,171.08,Paid,0,0,0
INV-0006638,CUST-101107,2026-04-01,171.3,Paid,0,0,0
INV-0006639,CUST-101107,2026-05-01,174.4,Paid,0,0,0
INV-0006640,CUST-101107,2026-06-01,175.17,Paid,0,0,0
INV-0006641,CUST-101107,2026-07-01,163.64,Paid,0,0,0
INV-0006642,CUST-101107,2026-08-01,176.3,Paid,0,0,0
INV-0006643,CUST-101108,2026-03-01,68.54,Paid,0,0,0
INV-0006644,CUST-101108,2026-04-01,66.47,Paid,0,0,0
INV-0006645,CUST-101108,2026-05-01,70.01,Paid,0,0,0
INV-0006646,CUST-101108,2026-06-01,65.21,Paid,0,0,0
INV-0006647,CUST-101108,2026-07-01,65.66,Paid,0,0,0
INV-0006648,CUST-101108,2026-08-01,68.76,Paid,0,0,0
INV-0006649,CUST-101109,2026-03-01,71.11,Paid,0,0,0
INV-0006650,CUST-101109,2026-04-01,68.79,Paid,0,0,0
INV-0006651,CUST-101109,2026-05-01,69.69,Late,11,0,0
INV-0006652,CUST-101109,2026-06-01,68.53,Paid,0,0,0
INV-0006653,CUST-101109,2026-07-01,69.2,Paid,0,0,0
INV-0006654,CUST-101109,2026-08-01,73.78,Paid,0,0,0
INV-0006655,CUST-101110,2026-03-01,165.81,Paid,0,0,0
INV-0006656,CUST-101110,2026-04-01,165.92,Paid,0,0,0
INV-0006657,CUST-101110,2026-05-01,157.31,Paid,0,0,0
INV-0006658,CUST-101110,2026-06-01,158.49,Paid,0,0,0
INV-0006659,CUST-101110,2026-07-01,165.83,Paid,0,0,0
INV-0006660,CUST-101110,2026-08-01,155.82,Paid,0,0,0
INV-0006661,CUST-101111,2026-03-01,68.2,Paid,0,0,0
INV-0006662,CUST-101111,2026-04-01,69.68,Late,20,0,0
INV-0006663,CUST-101111,2026-05-01,67.36,Paid,0,0,0
INV-0006664,CUST-101111,2026-06-01,79.51,Paid,0,0,0
INV-0006665,CUST-101111,2026-07-01,83.06,Paid,0,1,0
INV-0006666,CUST-101111,2026-08-01,66.08,Paid,0,1,0
INV-0006667,CUST-101112,2026-03-01,95.26,Paid,0,0,0
INV-0006668,CUST-101112,2026-04-01,91.8,Paid,0,0,0
INV-0006669,CUST-101112,2026-05-01,94.28,Paid,0,0,0
INV-0006670,CUST-101112,2026-06-01,92.96,Paid,0,0,0
INV-0006671,CUST-101112,2026-07-01,94.67,Paid,0,0,0
INV-0006672,CUST-101112,2026-08-01,96.59,Paid,0,0,0
INV-0006673,CUST-101113,2026-03-01,73.42,Paid,0,0,0
INV-0006674,CUST-101113,2026-04-01,74.28,Paid,0,0,0
INV-0006675,CUST-101113,2026-05-01,70.88,Paid,0,0,0
INV-0006676,CUST-101113,2026-06-01,74.75,Paid,0,0,0
INV-0006677,CUST-101113,2026-07-01,71.48,Paid,0,0,0
INV-0006678,CUST-101113,2026-08-01,71.36,Paid,0,0,0
INV-0006679,CUST-101114,2026-03-01,32.54,Paid,0,0,0
INV-0006680,CUST-101114,2026-04-01,33.56,Paid,0,0,0
INV-0006681,CUST-101114,2026-05-01,33.89,Paid,0,0,0
INV-0006682,CUST-101114,2026-06-01,33.9,Paid,0,0,0
INV-0006683,CUST-101114,2026-07-01,33.42,Paid,0,0,0
INV-0006684,CUST-101114,2026-08-01,33.48,Paid,0,0,0
INV-0006685,CUST-101115,2026-03-01,36.67,Paid,0,0,0
INV-0006686,CUST-101115,2026-04-01,34.99,Paid,0,0,0
INV-0006687,CUST-101115,2026-05-01,35.41,Paid,0,0,0
INV-0006688,CUST-101115,2026-06-01,36.15,Paid,0,0,0
INV-0006689,CUST-101115,2026-07-01,35.18,Paid,0,0,0
INV-0006690,CUST-101115,2026-08-01,35.64,Late,25,0,0
INV-0006691,CUST-101116,2026-03-01,30.08,Paid,0,1,0
INV-0006692,CUST-101116,2026-04-01,30.78,Paid,0,0,0
INV-0006693,CUST-101116,2026-05-01,29.89,Paid,0,0,0
INV-0006694,CUST-101116,2026-06-01,29.8,Paid,0,0,0
INV-0006695,CUST-101116,2026-07-01,30.52,Late,6,0,0
INV-0006696,CUST-101116,2026-08-01,28.96,Paid,0,0,0
INV-0006697,CUST-101117,2026-03-01,157.73,Paid,0,0,0
INV-0006698,CUST-101117,2026-04-01,158.51,Paid,0,0,0
INV-0006699,CUST-101117,2026-05-01,159.31,Paid,0,1,1
INV-0006700,CUST-101117,2026-06-01,159.9,Paid,0,0,0
INV-0006701,CUST-101117,2026-07-01,156.23,Paid,0,0,0
INV-0006702,CUST-101117,2026-08-01,152.32,Paid,0,0,0
INV-0006703,CUST-101118,2026-03-01,80.38,Paid,0,0,0
INV-0006704,CUST-101118,2026-04-01,83.42,Paid,0,0,0
INV-0006705,CUST-101118,2026-05-01,82.3,Paid,0,0,0
INV-0006706,CUST-101118,2026-06-01,78.65,Paid,0,0,0
INV-0006707,CUST-101118,2026-07-01,78.08,Paid,0,0,0
INV-0006708,CUST-101118,2026-08-01,79.56,Paid,0,0,0
INV-0006709,CUST-101119,2026-03-01,170.66,Paid,0,1,0
INV-0006710,CUST-101119,2026-04-01,213.05,Paid,0,1,1
INV-0006711,CUST-101119,2026-05-01,231.0,Late,34,0,0
INV-0006712,CUST-101119,2026-06-01,200.23,Late,31,0,0
INV-0006713,CUST-101119,2026-07-01,170.39,Paid,0,0,0
INV-0006714,CUST-101119,2026-08-01,166.71,Late,5,0,0
INV-0006715,CUST-101120,2026-03-01,128.74,Paid,0,0,0
INV-0006716,CUST-101120,2026-04-01,128.09,Paid,0,0,0
INV-0006717,CUST-101120,2026-05-01,124.66,Paid,0,0,0
INV-0006718,CUST-101120,2026-06-01,123.59,Paid,0,0,0
INV-0006719,CUST-101120,2026-07-01,126.44,Paid,0,0,0
INV-0006720,CUST-101120,2026-08-01,129.18,Paid,0,0,0
INV-0006721,CUST-101121,2026-03-01,87.29,Paid,0,0,0
INV-0006722,CUST-101121,2026-04-01,80.93,Paid,0,0,0
INV-0006723,CUST-101121,2026-05-01,79.81,Paid,0,0,0
INV-0006724,CUST-101121,2026-06-01,84.09,Late,23,0,0
INV-0006725,CUST-101121,2026-07-01,85.52,Paid,0,0,0
INV-0006726,CUST-101121,2026-08-01,86.93,Paid,0,0,0
INV-0006727,CUST-101122,2026-03-01,38.55,Paid,0,0,0
INV-0006728,CUST-101122,2026-04-01,35.68,Paid,0,0,0
INV-0006729,CUST-101122,2026-05-01,36.61,Paid,0,0,0
INV-0006730,CUST-101122,2026-06-01,34.48,Paid,0,0,0
INV-0006731,CUST-101122,2026-07-01,36.82,Paid,0,0,0
INV-0006732,CUST-101122,2026-08-01,37.22,Paid,0,0,0
INV-0006733,CUST-101123,2026-03-01,37.35,Paid,0,0,0
INV-0006734,CUST-101123,2026-04-01,37.18,Paid,0,0,0
INV-0006735,CUST-101123,2026-05-01,39.8,Paid,0,0,0
INV-0006736,CUST-101123,2026-06-01,38.41,Paid,0,0,0
INV-0006737,CUST-101123,2026-07-01,36.08,Paid,0,0,0
INV-0006738,CUST-101123,2026-08-01,38.23,Paid,0,0,0
INV-0006739,CUST-101124,2026-03-01,33.52,Paid,0,0,0
INV-0006740,CUST-101124,2026-04-01,33.01,Late,1,0,0
INV-0006741,CUST-101124,2026-05-01,32.86,Paid,0,0,0
INV-0006742,CUST-101124,2026-06-01,33.18,Paid,0,0,0
INV-0006743,CUST-101124,2026-07-01,33.1,Paid,0,0,0
INV-0006744,CUST-101124,2026-08-01,33.14,Paid,0,0,0
INV-0006745,CUST-101125,2026-03-01,153.88,Paid,0,0,0
INV-0006746,CUST-101125,2026-04-01,151.15,Paid,0,0,0
INV-0006747,CUST-101125,2026-05-01,152.09,Paid,0,0,0
INV-0006748,CUST-101125,2026-06-01,154.72,Paid,0,0,0
INV-0006749,CUST-101125,2026-07-01,151.04,Paid,0,0,0
INV-0006750,CUST-101125,2026-08-01,152.39,Paid,0,0,0
INV-0006751,CUST-101126,2026-03-01,42.93,Paid,0,0,0
INV-0006752,CUST-101126,2026-04-01,42.71,Late,31,0,0
INV-0006753,CUST-101126,2026-05-01,41.52,Paid,0,0,0
INV-0006754,CUST-101126,2026-06-01,42.44,Paid,0,0,0
INV-0006755,CUST-101126,2026-07-01,42.57,Paid,0,0,0
INV-0006756,CUST-101126,2026-08-01,44.65,Paid,0,0,0
INV-0006757,CUST-101127,2026-03-01,71.15,Paid,0,1,1
INV-0006758,CUST-101127,2026-04-01,71.77,Late,6,0,0
INV-0006759,CUST-101127,2026-05-01,72.36,Paid,0,0,0
INV-0006760,CUST-101127,2026-06-01,75.32,Paid,0,0,0
INV-0006761,CUST-101127,2026-07-01,94.38,Paid,0,1,1
INV-0006762,CUST-101127,2026-08-01,70.11,Paid,0,0,0
INV-0006763,CUST-101128,2026-03-01,69.86,Late,12,0,0
INV-0006764,CUST-101128,2026-04-01,73.42,Paid,0,1,1
INV-0006765,CUST-101128,2026-05-01,72.27,Paid,0,0,0
INV-0006766,CUST-101128,2026-06-01,72.04,Late,20,0,0
INV-0006767,CUST-101128,2026-07-01,70.75,Paid,0,1,0
INV-0006768,CUST-101128,2026-08-01,73.67,Paid,0,0,0
INV-0006769,CUST-101129,2026-03-01,76.54,Paid,0,0,0
INV-0006770,CUST-101129,2026-04-01,77.17,Paid,0,0,0
INV-0006771,CUST-101129,2026-05-01,73.94,Paid,0,1,1
INV-0006772,CUST-101129,2026-06-01,72.99,Paid,0,0,0
INV-0006773,CUST-101129,2026-07-01,70.38,Late,23,0,0
INV-0006774,CUST-101129,2026-08-01,76.4,Paid,0,0,0
INV-0006775,CUST-101130,2026-03-01,93.67,Late,18,0,0
INV-0006776,CUST-101130,2026-04-01,86.15,Late,18,1,1
INV-0006777,CUST-101130,2026-05-01,84.83,Late,30,1,0
INV-0006778,CUST-101130,2026-06-01,84.79,Paid,0,0,0
INV-0006779,CUST-101130,2026-07-01,99.45,Paid,0,0,0
INV-0006780,CUST-101130,2026-08-01,107.68,Late,26,1,1
INV-0006781,CUST-101131,2026-03-01,79.9,Paid,0,0,0
INV-0006782,CUST-101131,2026-04-01,83.85,Paid,0,1,1
INV-0006783,CUST-101131,2026-05-01,83.15,Paid,0,0,0
INV-0006784,CUST-101131,2026-06-01,85.32,Paid,0,0,0
INV-0006785,CUST-101131,2026-07-01,86.41,Paid,0,0,0
INV-0006786,CUST-101131,2026-08-01,81.8,Paid,0,0,0
INV-0006787,CUST-101132,2026-03-01,95.59,Paid,0,0,0
INV-0006788,CUST-101132,2026-04-01,94.77,Paid,0,0,0
INV-0006789,CUST-101132,2026-05-01,95.18,Paid,0,0,0
INV-0006790,CUST-101132,2026-06-01,89.23,Paid,0,0,0
INV-0006791,CUST-101132,2026-07-01,95.29,Paid,0,0,0
INV-0006792,CUST-101132,2026-08-01,89.42,Paid,0,0,0
INV-0006793,CUST-101133,2026-03-01,470.76,Paid,0,0,0
INV-0006794,CUST-101133,2026-04-01,467.72,Paid,0,1,0
INV-0006795,CUST-101133,2026-05-01,451.36,Paid,0,0,0
INV-0006796,CUST-101133,2026-06-01,449.64,Paid,0,0,0
INV-0006797,CUST-101133,2026-07-01,460.07,Paid,0,0,0
INV-0006798,CUST-101133,2026-08-01,465.09,Paid,0,0,0
INV-0006799,CUST-101134,2026-03-01,69.48,Late,2,1,0
INV-0006800,CUST-101134,2026-04-01,68.9,Paid,0,0,0
INV-0006801,CUST-101134,2026-05-01,83.29,Paid,0,0,0
INV-0006802,CUST-101134,2026-06-01,70.88,Paid,0,0,0
INV-0006803,CUST-101134,2026-07-01,67.93,Paid,0,1,0
INV-0006804,CUST-101134,2026-08-01,68.89,Paid,0,0,0
INV-0006805,CUST-101135,2026-03-01,31.51,Paid,0,0,0
INV-0006806,CUST-101135,2026-04-01,32.36,Paid,0,0,0
INV-0006807,CUST-101135,2026-05-01,30.08,Paid,0,0,0
INV-0006808,CUST-101135,2026-06-01,31.33,Paid,0,0,0
INV-0006809,CUST-101135,2026-07-01,31.22,Paid,0,0,0
INV-0006810,CUST-101135,2026-08-01,31.43,Paid,0,1,1
INV-0006811,CUST-101136,2026-03-01,85.5,Paid,0,0,0
INV-0006812,CUST-101136,2026-04-01,86.66,Paid,0,0,0
INV-0006813,CUST-101136,2026-05-01,86.45,Paid,0,0,0
INV-0006814,CUST-101136,2026-06-01,85.44,Paid,0,0,0
INV-0006815,CUST-101136,2026-07-01,85.51,Paid,0,1,0
INV-0006816,CUST-101136,2026-08-01,88.68,Paid,0,1,0
INV-0006817,CUST-101137,2026-03-01,34.19,Paid,0,0,0
INV-0006818,CUST-101137,2026-04-01,34.12,Paid,0,0,0
INV-0006819,CUST-101137,2026-05-01,34.15,Paid,0,0,0
INV-0006820,CUST-101137,2026-06-01,33.54,Paid,0,0,0
INV-0006821,CUST-101137,2026-07-01,33.2,Paid,0,0,0
INV-0006822,CUST-101137,2026-08-01,34.67,Paid,0,0,0
INV-0006823,CUST-101138,2026-03-01,62.77,Paid,0,0,0
INV-0006824,CUST-101138,2026-04-01,60.4,Paid,0,1,1
INV-0006825,CUST-101138,2026-05-01,63.06,Late,5,0,0
INV-0006826,CUST-101138,2026-06-01,62.89,Paid,0,0,0
INV-0006827,CUST-101138,2026-07-01,63.27,Paid,0,0,0
INV-0006828,CUST-101138,2026-08-01,61.23,Paid,0,0,0
INV-0006829,CUST-101139,2026-03-01,38.73,Paid,0,0,0
INV-0006830,CUST-101139,2026-04-01,41.58,Late,19,0,0
INV-0006831,CUST-101139,2026-05-01,40.55,Late,15,0,0
INV-0006832,CUST-101139,2026-06-01,35.05,Late,5,0,0
INV-0006833,CUST-101139,2026-07-01,42.92,Paid,0,1,0
INV-0006834,CUST-101139,2026-08-01,36.51,Paid,0,0,0
INV-0006835,CUST-101140,2026-03-01,142.66,Paid,0,0,0
INV-0006836,CUST-101140,2026-04-01,143.28,Paid,0,0,0
INV-0006837,CUST-101140,2026-05-01,157.86,Paid,0,0,0
INV-0006838,CUST-101140,2026-06-01,143.41,Paid,0,0,0
INV-0006839,CUST-101140,2026-07-01,147.55,Paid,0,0,0
INV-0006840,CUST-101140,2026-08-01,145.32,Paid,0,0,0
INV-0006841,CUST-101141,2026-03-01,89.13,Paid,0,0,0
INV-0006842,CUST-101141,2026-04-01,90.9,Late,27,0,0
INV-0006843,CUST-101141,2026-05-01,93.86,Paid,0,0,0
INV-0006844,CUST-101141,2026-06-01,90.47,Paid,0,0,0
INV-0006845,CUST-101141,2026-07-01,94.56,Paid,0,0,0
INV-0006846,CUST-101141,2026-08-01,91.9,Paid,0,0,0
INV-0006847,CUST-101142,2026-03-01,419.23,Paid,0,0,0
INV-0006848,CUST-101142,2026-04-01,439.87,Paid,0,0,0
INV-0006849,CUST-101142,2026-05-01,426.9,Paid,0,0,0
INV-0006850,CUST-101142,2026-06-01,426.33,Paid,0,0,0
INV-0006851,CUST-101142,2026-07-01,451.58,Paid,0,0,0
INV-0006852,CUST-101142,2026-08-01,444.96,Paid,0,0,0
INV-0006853,CUST-101143,2026-03-01,81.2,Paid,0,0,0
INV-0006854,CUST-101143,2026-04-01,78.39,Paid,0,0,0
INV-0006855,CUST-101143,2026-05-01,76.72,Paid,0,0,0
INV-0006856,CUST-101143,2026-06-01,79.23,Paid,0,0,0
INV-0006857,CUST-101143,2026-07-01,80.88,Paid,0,0,0
INV-0006858,CUST-101143,2026-08-01,81.18,Late,5,0,0
INV-0006859,CUST-101144,2026-03-01,66.75,Paid,0,0,0
INV-0006860,CUST-101144,2026-04-01,81.35,Paid,0,1,0
INV-0006861,CUST-101144,2026-05-01,68.92,Paid,0,0,0
INV-0006862,CUST-101144,2026-06-01,67.59,Paid,0,1,0
INV-0006863,CUST-101144,2026-07-01,64.77,Paid,0,0,0
INV-0006864,CUST-101144,2026-08-01,65.5,Paid,0,0,0
INV-0006865,CUST-101145,2026-03-01,133.08,Paid,0,0,0
INV-0006866,CUST-101145,2026-04-01,135.63,Paid,0,0,0
INV-0006867,CUST-101145,2026-05-01,131.29,Paid,0,0,0
INV-0006868,CUST-101145,2026-06-01,131.57,Paid,0,0,0
INV-0006869,CUST-101145,2026-07-01,128.14,Paid,0,0,0
INV-0006870,CUST-101145,2026-08-01,129.05,Late,32,0,0
INV-0006871,CUST-101146,2026-03-01,124.61,Paid,0,0,0
INV-0006872,CUST-101146,2026-04-01,117.53,Paid,0,0,0
INV-0006873,CUST-101146,2026-05-01,118.47,Paid,0,0,0
INV-0006874,CUST-101146,2026-06-01,120.68,Paid,0,0,0
INV-0006875,CUST-101146,2026-07-01,121.4,Paid,0,1,0
INV-0006876,CUST-101146,2026-08-01,123.7,Paid,0,0,0
INV-0006877,CUST-101147,2026-03-01,45.2,Paid,0,0,0
INV-0006878,CUST-101147,2026-04-01,45.6,Paid,0,0,0
INV-0006879,CUST-101147,2026-05-01,44.97,Paid,0,0,0
INV-0006880,CUST-101147,2026-06-01,45.04,Paid,0,0,0
INV-0006881,CUST-101147,2026-07-01,45.21,Paid,0,0,0
INV-0006882,CUST-101147,2026-08-01,43.63,Paid,0,0,0
INV-0006883,CUST-101148,2026-03-01,89.08,Paid,0,0,0
INV-0006884,CUST-101148,2026-04-01,86.61,Paid,0,0,0
INV-0006885,CUST-101148,2026-05-01,107.5,Paid,0,0,0
INV-0006886,CUST-101148,2026-06-01,89.51,Paid,0,0,0
INV-0006887,CUST-101148,2026-07-01,92.2,Late,26,0,0
INV-0006888,CUST-101148,2026-08-01,88.09,Paid,0,0,0
INV-0006889,CUST-101149,2026-03-01,80.46,Paid,0,0,0
INV-0006890,CUST-101149,2026-04-01,71.16,Late,21,0,0
INV-0006891,CUST-101149,2026-05-01,87.15,Paid,0,1,1
INV-0006892,CUST-101149,2026-06-01,83.21,Late,18,0,0
INV-0006893,CUST-101149,2026-07-01,78.76,Late,15,1,0
INV-0006894,CUST-101149,2026-08-01,88.0,Paid,0,0,0
INV-0006895,CUST-101150,2026-03-01,78.08,Paid,0,0,0
INV-0006896,CUST-101150,2026-04-01,74.25,Paid,0,0,0
INV-0006897,CUST-101150,2026-05-01,78.79,Paid,0,0,0
INV-0006898,CUST-101150,2026-06-01,81.01,Paid,0,0,0
INV-0006899,CUST-101150,2026-07-01,76.01,Paid,0,0,0
INV-0006900,CUST-101150,2026-08-01,79.86,Paid,0,0,0
INV-0006901,CUST-101151,2026-03-01,79.86,Paid,0,0,0
INV-0006902,CUST-101151,2026-04-01,81.76,Paid,0,0,0
INV-0006903,CUST-101151,2026-05-01,83.16,Paid,0,0,0
INV-0006904,CUST-101151,2026-06-01,81.13,Paid,0,0,0
INV-0006905,CUST-101151,2026-07-01,84.5,Paid,0,0,0
INV-0006906,CUST-101151,2026-08-01,80.19,Paid,0,0,0
INV-0006907,CUST-101152,2026-03-01,37.08,Paid,0,0,0
INV-0006908,CUST-101152,2026-04-01,36.47,Paid,0,0,0
INV-0006909,CUST-101152,2026-05-01,45.28,Paid,0,0,0
INV-0006910,CUST-101152,2026-06-01,37.1,Paid,0,0,0
INV-0006911,CUST-101152,2026-07-01,47.66,Paid,0,0,0
INV-0006912,CUST-101152,2026-08-01,46.07,Paid,0,1,1
INV-0006913,CUST-101153,2026-03-01,72.19,Paid,0,0,0
INV-0006914,CUST-101153,2026-04-01,72.18,Paid,0,0,0
INV-0006915,CUST-101153,2026-05-01,72.09,Paid,0,0,0
INV-0006916,CUST-101153,2026-06-01,72.84,Paid,0,0,0
INV-0006917,CUST-101153,2026-07-01,73.06,Paid,0,0,0
INV-0006918,CUST-101153,2026-08-01,72.29,Paid,0,0,0
INV-0006919,CUST-101154,2026-03-01,82.05,Paid,0,0,0
INV-0006920,CUST-101154,2026-04-01,85.51,Paid,0,0,0
INV-0006921,CUST-101154,2026-05-01,82.12,Paid,0,0,0
INV-0006922,CUST-101154,2026-06-01,83.95,Paid,0,0,0
INV-0006923,CUST-101154,2026-07-01,85.27,Paid,0,0,0
INV-0006924,CUST-101154,2026-08-01,85.75,Paid,0,0,0
INV-0006925,CUST-101155,2026-03-01,88.56,Paid,0,0,0
INV-0006926,CUST-101155,2026-04-01,90.54,Paid,0,0,0
INV-0006927,CUST-101155,2026-05-01,88.56,Paid,0,0,0
INV-0006928,CUST-101155,2026-06-01,88.63,Paid,0,0,0
INV-0006929,CUST-101155,2026-07-01,86.68,Paid,0,0,0
INV-0006930,CUST-101155,2026-08-01,89.0,Paid,0,0,0
INV-0006931,CUST-101156,2026-03-01,41.26,Paid,0,0,0
INV-0006932,CUST-101156,2026-04-01,39.56,Paid,0,0,0
INV-0006933,CUST-101156,2026-05-01,39.26,Paid,0,0,0
INV-0006934,CUST-101156,2026-06-01,39.14,Paid,0,0,0
INV-0006935,CUST-101156,2026-07-01,40.22,Paid,0,0,0
INV-0006936,CUST-101156,2026-08-01,41.33,Paid,0,0,0
INV-0006937,CUST-101157,2026-03-01,341.13,Paid,0,0,0
INV-0006938,CUST-101157,2026-04-01,351.53,Paid,0,0,0
INV-0006939,CUST-101157,2026-05-01,349.26,Paid,0,0,0
INV-0006940,CUST-101157,2026-06-01,346.88,Paid,0,0,0
INV-0006941,CUST-101157,2026-07-01,342.99,Paid,0,0,0
INV-0006942,CUST-101157,2026-08-01,354.66,Paid,0,0,0
INV-0006943,CUST-101158,2026-03-01,72.41,Paid,0,0,0
INV-0006944,CUST-101158,2026-04-01,75.53,Paid,0,0,0
INV-0006945,CUST-101158,2026-05-01,73.85,Paid,0,0,0
INV-0006946,CUST-101158,2026-06-01,76.12,Paid,0,0,0
INV-0006947,CUST-101158,2026-07-01,78.29,Paid,0,0,0
INV-0006948,CUST-101158,2026-08-01,76.44,Paid,0,0,0
INV-0006949,CUST-101159,2026-03-01,28.73,Late,1,0,0
INV-0006950,CUST-101159,2026-04-01,28.18,Paid,0,0,0
INV-0006951,CUST-101159,2026-05-01,29.8,Paid,0,0,0
INV-0006952,CUST-101159,2026-06-01,29.9,Paid,0,0,0
INV-0006953,CUST-101159,2026-07-01,30.39,Paid,0,0,0
INV-0006954,CUST-101159,2026-08-01,28.56,Paid,0,0,0
INV-0006955,CUST-101160,2026-03-01,39.97,Paid,0,0,0
INV-0006956,CUST-101160,2026-04-01,38.29,Paid,0,0,0
INV-0006957,CUST-101160,2026-05-01,38.64,Paid,0,0,0
INV-0006958,CUST-101160,2026-06-01,39.48,Paid,0,0,0
INV-0006959,CUST-101160,2026-07-01,39.62,Paid,0,0,0
INV-0006960,CUST-101160,2026-08-01,37.78,Paid,0,0,0
INV-0006961,CUST-101161,2026-03-01,27.28,Paid,0,0,0
INV-0006962,CUST-101161,2026-04-01,27.74,Paid,0,0,0
INV-0006963,CUST-101161,2026-05-01,27.45,Paid,0,0,0
INV-0006964,CUST-101161,2026-06-01,26.44,Paid,0,0,0
INV-0006965,CUST-101161,2026-07-01,27.17,Paid,0,0,0
INV-0006966,CUST-101161,2026-08-01,27.02,Paid,0,0,0
INV-0006967,CUST-101162,2026-03-01,35.01,Paid,0,0,0
INV-0006968,CUST-101162,2026-04-01,36.8,Paid,0,0,0
INV-0006969,CUST-101162,2026-05-01,36.02,Paid,0,0,0
INV-0006970,CUST-101162,2026-06-01,36.67,Paid,0,0,0
INV-0006971,CUST-101162,2026-07-01,36.5,Paid,0,0,0
INV-0006972,CUST-101162,2026-08-01,36.34,Paid,0,0,0
INV-0006973,CUST-101163,2026-03-01,35.75,Late,17,0,0
INV-0006974,CUST-101163,2026-04-01,36.09,Paid,0,0,0
INV-0006975,CUST-101163,2026-05-01,36.33,Paid,0,0,0
INV-0006976,CUST-101163,2026-06-01,37.32,Paid,0,0,0
INV-0006977,CUST-101163,2026-07-01,37.25,Late,5,0,0
INV-0006978,CUST-101163,2026-08-01,38.62,Paid,0,0,0
INV-0006979,CUST-101164,2026-03-01,32.33,Paid,0,0,0
INV-0006980,CUST-101164,2026-04-01,31.37,Paid,0,0,0
INV-0006981,CUST-101164,2026-05-01,32.41,Paid,0,0,0
INV-0006982,CUST-101164,2026-06-01,31.26,Paid,0,0,0
INV-0006983,CUST-101164,2026-07-01,31.71,Paid,0,1,0
INV-0006984,CUST-101164,2026-08-01,30.22,Paid,0,0,0
INV-0006985,CUST-101165,2026-03-01,151.55,Paid,0,0,0
INV-0006986,CUST-101165,2026-04-01,152.67,Paid,0,0,0
INV-0006987,CUST-101165,2026-05-01,153.49,Paid,0,0,0
INV-0006988,CUST-101165,2026-06-01,149.56,Paid,0,0,0
INV-0006989,CUST-101165,2026-07-01,149.89,Paid,0,0,0
INV-0006990,CUST-101165,2026-08-01,150.61,Paid,0,0,0
INV-0006991,CUST-101166,2026-03-01,30.61,Late,22,1,0
INV-0006992,CUST-101166,2026-04-01,32.13,Late,27,1,0
INV-0006993,CUST-101166,2026-05-01,33.35,Late,31,0,0
INV-0006994,CUST-101166,2026-06-01,32.41,Paid,0,1,0
INV-0006995,CUST-101166,2026-07-01,31.85,Paid,0,0,0
INV-0006996,CUST-101166,2026-08-01,32.6,Late,20,0,0
INV-0006997,CUST-101167,2026-03-01,39.0,Late,34,0,0
INV-0006998,CUST-101167,2026-04-01,39.47,Paid,0,0,0
INV-0006999,CUST-101167,2026-05-01,40.21,Late,19,0,0
INV-0007000,CUST-101167,2026-06-01,37.16,Paid,0,0,0
INV-0007001,CUST-101167,2026-07-01,39.01,Late,12,0,0
INV-0007002,CUST-101167,2026-08-01,40.16,Paid,0,0,0
INV-0007003,CUST-101168,2026-03-01,149.09,Paid,0,0,0
INV-0007004,CUST-101168,2026-04-01,155.27,Paid,0,0,0
INV-0007005,CUST-101168,2026-05-01,152.65,Paid,0,0,0
INV-0007006,CUST-101168,2026-06-01,151.39,Paid,0,0,0
INV-0007007,CUST-101168,2026-07-01,148.25,Paid,0,0,0
INV-0007008,CUST-101168,2026-08-01,148.42,Paid,0,0,0
INV-0007009,CUST-101169,2026-03-01,45.34,Late,8,0,0
INV-0007010,CUST-101169,2026-04-01,44.2,Paid,0,0,0
INV-0007011,CUST-101169,2026-05-01,44.11,Paid,0,0,0
INV-0007012,CUST-101169,2026-06-01,44.5,Paid,0,0,0
INV-0007013,CUST-101169,2026-07-01,45.0,Paid,0,0,0
INV-0007014,CUST-101169,2026-08-01,43.05,Paid,0,0,0
INV-0007015,CUST-101170,2026-03-01,431.6,Paid,0,0,0
INV-0007016,CUST-101170,2026-04-01,419.89,Paid,0,0,0
INV-0007017,CUST-101170,2026-05-01,449.73,Paid,0,0,0
INV-0007018,CUST-101170,2026-06-01,440.51,Paid,0,0,0
INV-0007019,CUST-101170,2026-07-01,439.48,Paid,0,0,0
INV-0007020,CUST-101170,2026-08-01,434.54,Late,5,0,0
INV-0007021,CUST-101171,2026-03-01,79.83,Paid,0,0,0
INV-0007022,CUST-101171,2026-04-01,78.18,Paid,0,0,0
INV-0007023,CUST-101171,2026-05-01,83.6,Paid,0,0,0
INV-0007024,CUST-101171,2026-06-01,77.27,Paid,0,0,0
INV-0007025,CUST-101171,2026-07-01,82.08,Paid,0,0,0
INV-0007026,CUST-101171,2026-08-01,79.56,Paid,0,0,0
INV-0007027,CUST-101172,2026-03-01,40.72,Paid,0,1,0
INV-0007028,CUST-101172,2026-04-01,37.19,Paid,0,1,1
INV-0007029,CUST-101172,2026-05-01,40.3,Paid,0,1,1
INV-0007030,CUST-101172,2026-06-01,37.52,Late,11,1,0
INV-0007031,CUST-101172,2026-07-01,35.83,Paid,0,0,0
INV-0007032,CUST-101172,2026-08-01,37.71,Paid,0,1,1
INV-0007033,CUST-101173,2026-03-01,34.28,Paid,0,0,0
INV-0007034,CUST-101173,2026-04-01,35.61,Paid,0,0,0
INV-0007035,CUST-101173,2026-05-01,33.91,Paid,0,0,0
INV-0007036,CUST-101173,2026-06-01,34.24,Paid,0,0,0
INV-0007037,CUST-101173,2026-07-01,34.84,Paid,0,0,0
INV-0007038,CUST-101173,2026-08-01,35.04,Paid,0,0,0
INV-0007039,CUST-101174,2026-03-01,34.07,Paid,0,0,0
INV-0007040,CUST-101174,2026-04-01,36.23,Paid,0,1,0
INV-0007041,CUST-101174,2026-05-01,34.57,Paid,0,0,0
INV-0007042,CUST-101174,2026-06-01,34.99,Paid,0,0,0
INV-0007043,CUST-101174,2026-07-01,36.06,Paid,0,0,0
INV-0007044,CUST-101174,2026-08-01,35.89,Paid,0,0,0
INV-0007045,CUST-101175,2026-03-01,85.13,Paid,0,0,0
INV-0007046,CUST-101175,2026-04-01,82.6,Paid,0,0,0
INV-0007047,CUST-101175,2026-05-01,81.62,Paid,0,0,0
INV-0007048,CUST-101175,2026-06-01,85.3,Paid,0,0,0
INV-0007049,CUST-101175,2026-07-01,82.73,Paid,0,0,0
INV-0007050,CUST-101175,2026-08-01,77.89,Paid,0,0,0
INV-0007051,CUST-101176,2026-03-01,83.32,Late,27,1,0
INV-0007052,CUST-101176,2026-04-01,101.92,Late,24,1,0
INV-0007053,CUST-101176,2026-05-01,108.91,Late,30,0,0
INV-0007054,CUST-101176,2026-06-01,83.72,Paid,0,1,0
INV-0007055,CUST-101176,2026-07-01,80.75,Paid,0,1,0
INV-0007056,CUST-101176,2026-08-01,81.25,Paid,0,0,0
INV-0007057,CUST-101177,2026-03-01,73.33,Paid,0,0,0
INV-0007058,CUST-101177,2026-04-01,71.92,Paid,0,0,0
INV-0007059,CUST-101177,2026-05-01,72.55,Paid,0,0,0
INV-0007060,CUST-101177,2026-06-01,73.8,Paid,0,0,0
INV-0007061,CUST-101177,2026-07-01,73.29,Paid,0,1,0
INV-0007062,CUST-101177,2026-08-01,73.78,Paid,0,0,0
INV-0007063,CUST-101178,2026-03-01,37.09,Paid,0,0,0
INV-0007064,CUST-101178,2026-04-01,38.18,Paid,0,0,0
INV-0007065,CUST-101178,2026-05-01,37.69,Paid,0,0,0
INV-0007066,CUST-101178,2026-06-01,38.57,Paid,0,0,0
INV-0007067,CUST-101178,2026-07-01,37.17,Paid,0,0,0
INV-0007068,CUST-101178,2026-08-01,37.57,Paid,0,0,0
INV-0007069,CUST-101179,2026-03-01,128.77,Paid,0,0,0
INV-0007070,CUST-101179,2026-04-01,133.95,Paid,0,0,0
INV-0007071,CUST-101179,2026-05-01,132.49,Paid,0,0,0
INV-0007072,CUST-101179,2026-06-01,131.17,Paid,0,0,0
INV-0007073,CUST-101179,2026-07-01,130.2,Paid,0,0,0
INV-0007074,CUST-101179,2026-08-01,134.76,Paid,0,0,0
INV-0007075,CUST-101180,2026-03-01,72.82,Paid,0,0,0
INV-0007076,CUST-101180,2026-04-01,72.31,Paid,0,0,0
INV-0007077,CUST-101180,2026-05-01,71.72,Paid,0,0,0
INV-0007078,CUST-101180,2026-06-01,75.09,Paid,0,0,0
INV-0007079,CUST-101180,2026-07-01,72.49,Paid,0,0,0
INV-0007080,CUST-101180,2026-08-01,75.5,Paid,0,0,0
INV-0007081,CUST-101181,2026-03-01,33.4,Paid,0,1,1
INV-0007082,CUST-101181,2026-04-01,33.01,Paid,0,0,0
INV-0007083,CUST-101181,2026-05-01,35.3,Paid,0,0,0
INV-0007084,CUST-101181,2026-06-01,33.38,Paid,0,0,0
INV-0007085,CUST-101181,2026-07-01,33.02,Paid,0,0,0
INV-0007086,CUST-101181,2026-08-01,33.39,Paid,0,0,0
INV-0007087,CUST-101182,2026-03-01,190.88,Late,32,0,0
INV-0007088,CUST-101182,2026-04-01,180.32,Late,9,1,1
INV-0007089,CUST-101182,2026-05-01,213.37,Paid,0,0,0
INV-0007090,CUST-101182,2026-06-01,178.53,Late,7,0,0
INV-0007091,CUST-101182,2026-07-01,181.36,Paid,0,0,0
INV-0007092,CUST-101182,2026-08-01,212.07,Paid,0,0,0
INV-0007093,CUST-101183,2026-03-01,25.96,Paid,0,0,0
INV-0007094,CUST-101183,2026-04-01,26.92,Late,1,1,1
INV-0007095,CUST-101183,2026-05-01,26.74,Late,20,0,0
INV-0007096,CUST-101183,2026-06-01,30.9,Late,1,0,0
INV-0007097,CUST-101183,2026-07-01,26.9,Late,33,0,0
INV-0007098,CUST-101183,2026-08-01,27.49,Paid,0,0,0
INV-0007099,CUST-101184,2026-03-01,76.48,Paid,0,0,0
INV-0007100,CUST-101184,2026-04-01,77.77,Paid,0,0,0
INV-0007101,CUST-101184,2026-05-01,70.46,Paid,0,0,0
INV-0007102,CUST-101184,2026-06-01,71.88,Paid,0,0,0
INV-0007103,CUST-101184,2026-07-01,74.83,Late,28,0,0
INV-0007104,CUST-101184,2026-08-01,74.41,Paid,0,0,0
INV-0007105,CUST-101185,2026-03-01,37.82,Paid,0,0,0
INV-0007106,CUST-101185,2026-04-01,36.83,Paid,0,0,0
INV-0007107,CUST-101185,2026-05-01,35.95,Paid,0,0,0
INV-0007108,CUST-101185,2026-06-01,36.77,Paid,0,0,0
INV-0007109,CUST-101185,2026-07-01,38.33,Paid,0,0,0
INV-0007110,CUST-101185,2026-08-01,36.86,Paid,0,0,0
INV-0007111,CUST-101186,2026-03-01,419.85,Paid,0,0,0
INV-0007112,CUST-101186,2026-04-01,496.76,Late,23,0,0
INV-0007113,CUST-101186,2026-05-01,415.24,Paid,0,0,0
INV-0007114,CUST-101186,2026-06-01,541.24,Paid,0,0,0
INV-0007115,CUST-101186,2026-07-01,454.28,Paid,0,0,0
INV-0007116,CUST-101186,2026-08-01,404.89,Paid,0,0,0
INV-0007117,CUST-101187,2026-03-01,198.9,Late,29,0,0
INV-0007118,CUST-101187,2026-04-01,211.9,Paid,0,0,0
INV-0007119,CUST-101187,2026-05-01,213.15,Paid,0,0,0
INV-0007120,CUST-101187,2026-06-01,214.58,Paid,0,0,0
INV-0007121,CUST-101187,2026-07-01,206.89,Paid,0,0,0
INV-0007122,CUST-101187,2026-08-01,213.0,Paid,0,0,0
INV-0007123,CUST-101188,2026-03-01,73.97,Paid,0,0,0
INV-0007124,CUST-101188,2026-04-01,67.81,Paid,0,0,0
INV-0007125,CUST-101188,2026-05-01,71.16,Paid,0,0,0
INV-0007126,CUST-101188,2026-06-01,72.0,Paid,0,0,0
INV-0007127,CUST-101188,2026-07-01,68.98,Paid,0,0,0
INV-0007128,CUST-101188,2026-08-01,71.18,Paid,0,0,0
INV-0007129,CUST-101189,2026-03-01,177.12,Paid,0,0,0
INV-0007130,CUST-101189,2026-04-01,175.84,Paid,0,0,0
INV-0007131,CUST-101189,2026-05-01,172.05,Paid,0,0,0
INV-0007132,CUST-101189,2026-06-01,179.49,Paid,0,0,0
INV-0007133,CUST-101189,2026-07-01,178.71,Paid,0,0,0
INV-0007134,CUST-101189,2026-08-01,181.42,Paid,0,0,0
INV-0007135,CUST-101190,2026-03-01,25.76,Paid,0,0,0
INV-0007136,CUST-101190,2026-04-01,26.43,Paid,0,0,0
INV-0007137,CUST-101190,2026-05-01,27.01,Paid,0,0,0
INV-0007138,CUST-101190,2026-06-01,26.61,Paid,0,0,0
INV-0007139,CUST-101190,2026-07-01,26.0,Paid,0,0,0
INV-0007140,CUST-101190,2026-08-01,26.23,Paid,0,0,0
INV-0007141,CUST-101191,2026-03-01,163.32,Paid,0,0,0
INV-0007142,CUST-101191,2026-04-01,166.87,Paid,0,0,0
INV-0007143,CUST-101191,2026-05-01,168.6,Paid,0,0,0
INV-0007144,CUST-101191,2026-06-01,160.3,Paid,0,0,0
INV-0007145,CUST-101191,2026-07-01,165.47,Paid,0,0,0
INV-0007146,CUST-101191,2026-08-01,160.13,Paid,0,0,0
INV-0007147,CUST-101192,2026-03-01,87.74,Late,15,0,0
INV-0007148,CUST-101192,2026-04-01,82.35,Paid,0,0,0
INV-0007149,CUST-101192,2026-05-01,84.45,Paid,0,0,0
INV-0007150,CUST-101192,2026-06-01,80.67,Late,16,0,0
INV-0007151,CUST-101192,2026-07-01,86.43,Paid,0,0,0
INV-0007152,CUST-101192,2026-08-01,85.67,Paid,0,0,0
INV-0007153,CUST-101193,2026-03-01,490.6,Paid,0,0,0
INV-0007154,CUST-101193,2026-04-01,487.4,Paid,0,0,0
INV-0007155,CUST-101193,2026-05-01,483.18,Paid,0,0,0
INV-0007156,CUST-101193,2026-06-01,495.33,Paid,0,0,0
INV-0007157,CUST-101193,2026-07-01,475.07,Paid,0,0,0
INV-0007158,CUST-101193,2026-08-01,489.56,Paid,0,0,0
INV-0007159,CUST-101194,2026-03-01,34.22,Paid,0,0,0
INV-0007160,CUST-101194,2026-04-01,35.96,Paid,0,0,0
INV-0007161,CUST-101194,2026-05-01,35.56,Paid,0,0,0
INV-0007162,CUST-101194,2026-06-01,34.33,Paid,0,0,0
INV-0007163,CUST-101194,2026-07-01,36.07,Paid,0,0,0
INV-0007164,CUST-101194,2026-08-01,34.12,Paid,0,0,0
INV-0007165,CUST-101195,2026-03-01,75.61,Paid,0,0,0
INV-0007166,CUST-101195,2026-04-01,78.07,Paid,0,0,0
INV-0007167,CUST-101195,2026-05-01,76.73,Paid,0,0,0
INV-0007168,CUST-101195,2026-06-01,75.77,Paid,0,0,0
INV-0007169,CUST-101195,2026-07-01,78.01,Paid,0,1,1
INV-0007170,CUST-101195,2026-08-01,74.36,Paid,0,1,0
INV-0007171,CUST-101196,2026-03-01,204.97,Paid,0,0,0
INV-0007172,CUST-101196,2026-04-01,221.36,Paid,0,1,1
INV-0007173,CUST-101196,2026-05-01,173.43,Late,33,0,0
INV-0007174,CUST-101196,2026-06-01,170.91,Paid,0,0,0
INV-0007175,CUST-101196,2026-07-01,188.38,Paid,0,0,0
INV-0007176,CUST-101196,2026-08-01,170.38,Late,2,0,0
INV-0007177,CUST-101197,2026-03-01,74.27,Paid,0,0,0
INV-0007178,CUST-101197,2026-04-01,72.63,Paid,0,0,0
INV-0007179,CUST-101197,2026-05-01,74.8,Paid,0,0,0
INV-0007180,CUST-101197,2026-06-01,75.11,Paid,0,0,0
INV-0007181,CUST-101197,2026-07-01,73.24,Paid,0,0,0
INV-0007182,CUST-101197,2026-08-01,72.33,Paid,0,0,0
INV-0007183,CUST-101198,2026-03-01,155.12,Paid,0,0,0
INV-0007184,CUST-101198,2026-04-01,157.53,Paid,0,0,0
INV-0007185,CUST-101198,2026-05-01,159.83,Paid,0,0,0
INV-0007186,CUST-101198,2026-06-01,156.06,Paid,0,0,0
INV-0007187,CUST-101198,2026-07-01,157.24,Paid,0,0,0
INV-0007188,CUST-101198,2026-08-01,156.49,Paid,0,0,0
INV-0007189,CUST-101199,2026-03-01,182.12,Paid,0,0,0
INV-0007190,CUST-101199,2026-04-01,180.71,Late,13,0,0
INV-0007191,CUST-101199,2026-05-01,170.75,Late,15,0,0
INV-0007192,CUST-101199,2026-06-01,176.92,Paid,0,0,0
INV-0007193,CUST-101199,2026-07-01,173.65,Paid,0,0,0
INV-0007194,CUST-101199,2026-08-01,176.14,Paid,0,0,0
INV-0007195,CUST-101200,2026-03-01,84.77,Paid,0,0,0
INV-0007196,CUST-101200,2026-04-01,85.46,Paid,0,0,0
INV-0007197,CUST-101200,2026-05-01,87.26,Paid,0,0,0
INV-0007198,CUST-101200,2026-06-01,88.11,Paid,0,0,0
INV-0007199,CUST-101200,2026-07-01,89.21,Paid,0,1,1
INV-0007200,CUST-101200,2026-08-01,87.86,Paid,0,0,0
INV-0007201,CUST-101201,2026-03-01,100.6,Paid,0,1,0
INV-0007202,CUST-101201,2026-04-01,97.4,Late,32,1,1
INV-0007203,CUST-101201,2026-05-01,95.36,Late,13,1,1
INV-0007204,CUST-101201,2026-06-01,96.59,Paid,0,0,0
INV-0007205,CUST-101201,2026-07-01,101.18,Paid,0,1,0
INV-0007206,CUST-101201,2026-08-01,98.48,Paid,0,0,0
INV-0007207,CUST-101202,2026-03-01,33.94,Paid,0,0,0
INV-0007208,CUST-101202,2026-04-01,34.58,Paid,0,0,0
INV-0007209,CUST-101202,2026-05-01,33.74,Late,12,0,0
INV-0007210,CUST-101202,2026-06-01,34.15,Paid,0,0,0
INV-0007211,CUST-101202,2026-07-01,33.35,Late,12,0,0
INV-0007212,CUST-101202,2026-08-01,33.2,Paid,0,0,0
INV-0007213,CUST-101203,2026-03-01,31.25,Paid,0,0,0
INV-0007214,CUST-101203,2026-04-01,31.68,Paid,0,0,0
INV-0007215,CUST-101203,2026-05-01,31.71,Paid,0,0,0
INV-0007216,CUST-101203,2026-06-01,32.07,Paid,0,0,0
INV-0007217,CUST-101203,2026-07-01,30.91,Paid,0,0,0
INV-0007218,CUST-101203,2026-08-01,30.11,Paid,0,1,0
INV-0007219,CUST-101204,2026-03-01,132.59,Paid,0,0,0
INV-0007220,CUST-101204,2026-04-01,138.25,Paid,0,0,0
INV-0007221,CUST-101204,2026-05-01,133.71,Paid,0,0,0
INV-0007222,CUST-101204,2026-06-01,137.77,Paid,0,0,0
INV-0007223,CUST-101204,2026-07-01,137.29,Paid,0,0,0
INV-0007224,CUST-101204,2026-08-01,128.11,Paid,0,1,1
INV-0007225,CUST-101205,2026-03-01,173.35,Paid,0,0,0
INV-0007226,CUST-101205,2026-04-01,183.38,Paid,0,1,1
INV-0007227,CUST-101205,2026-05-01,184.78,Late,10,1,0
INV-0007228,CUST-101205,2026-06-01,181.7,Paid,0,1,0
INV-0007229,CUST-101205,2026-07-01,183.12,Paid,0,0,0
INV-0007230,CUST-101205,2026-08-01,251.16,Late,20,0,0
INV-0007231,CUST-101206,2026-03-01,53.27,Paid,0,0,0
INV-0007232,CUST-101206,2026-04-01,53.26,Paid,0,0,0
INV-0007233,CUST-101206,2026-05-01,54.95,Paid,0,0,0
INV-0007234,CUST-101206,2026-06-01,52.2,Paid,0,0,0
INV-0007235,CUST-101206,2026-07-01,54.94,Paid,0,0,0
INV-0007236,CUST-101206,2026-08-01,51.45,Late,5,0,0
INV-0007237,CUST-101207,2026-03-01,79.7,Paid,0,0,0
INV-0007238,CUST-101207,2026-04-01,81.87,Paid,0,0,0
INV-0007239,CUST-101207,2026-05-01,79.86,Paid,0,0,0
INV-0007240,CUST-101207,2026-06-01,78.34,Late,7,0,0
INV-0007241,CUST-101207,2026-07-01,79.19,Paid,0,0,0
INV-0007242,CUST-101207,2026-08-01,76.93,Paid,0,0,0
INV-0007243,CUST-101208,2026-03-01,162.11,Paid,0,0,0
INV-0007244,CUST-101208,2026-04-01,160.33,Paid,0,0,0
INV-0007245,CUST-101208,2026-05-01,162.63,Paid,0,0,0
INV-0007246,CUST-101208,2026-06-01,161.61,Paid,0,0,0
INV-0007247,CUST-101208,2026-07-01,172.81,Paid,0,0,0
INV-0007248,CUST-101208,2026-08-01,161.59,Paid,0,0,0
INV-0007249,CUST-101209,2026-03-01,78.17,Paid,0,0,0
INV-0007250,CUST-101209,2026-04-01,73.6,Paid,0,0,0
INV-0007251,CUST-101209,2026-05-01,73.8,Paid,0,0,0
INV-0007252,CUST-101209,2026-06-01,75.79,Paid,0,0,0
INV-0007253,CUST-101209,2026-07-01,76.14,Paid,0,0,0
INV-0007254,CUST-101209,2026-08-01,76.36,Paid,0,0,0
INV-0007255,CUST-101210,2026-03-01,399.11,Paid,0,0,0
INV-0007256,CUST-101210,2026-04-01,391.63,Paid,0,0,0
INV-0007257,CUST-101210,2026-05-01,380.89,Paid,0,0,0
INV-0007258,CUST-101210,2026-06-01,393.09,Paid,0,0,0
INV-0007259,CUST-101210,2026-07-01,378.54,Paid,0,0,0
INV-0007260,CUST-101210,2026-08-01,386.1,Paid,0,0,0
INV-0007261,CUST-101211,2026-03-01,198.42,Paid,0,0,0
INV-0007262,CUST-101211,2026-04-01,204.05,Paid,0,0,0
INV-0007263,CUST-101211,2026-05-01,201.53,Paid,0,0,0
INV-0007264,CUST-101211,2026-06-01,199.23,Paid,0,0,0
INV-0007265,CUST-101211,2026-07-01,202.55,Paid,0,0,0
INV-0007266,CUST-101211,2026-08-01,202.4,Paid,0,0,0
INV-0007267,CUST-101212,2026-03-01,88.55,Late,26,0,0
INV-0007268,CUST-101212,2026-04-01,75.87,Late,20,0,0
INV-0007269,CUST-101212,2026-05-01,84.48,Paid,0,0,0
INV-0007270,CUST-101212,2026-06-01,90.15,Paid,0,0,0
INV-0007271,CUST-101212,2026-07-01,67.11,Paid,0,0,0
INV-0007272,CUST-101212,2026-08-01,77.59,Paid,0,0,0
INV-0007273,CUST-101213,2026-03-01,88.48,Paid,0,1,0
INV-0007274,CUST-101213,2026-04-01,86.85,Paid,0,1,1
INV-0007275,CUST-101213,2026-05-01,75.42,Paid,0,0,0
INV-0007276,CUST-101213,2026-06-01,80.49,Late,7,0,0
INV-0007277,CUST-101213,2026-07-01,79.15,Paid,0,0,0
INV-0007278,CUST-101213,2026-08-01,85.91,Paid,0,0,0
INV-0007279,CUST-101214,2026-03-01,35.53,Late,29,0,0
INV-0007280,CUST-101214,2026-04-01,37.4,Late,11,0,0
INV-0007281,CUST-101214,2026-05-01,37.24,Paid,0,0,0
INV-0007282,CUST-101214,2026-06-01,35.65,Paid,0,0,0
INV-0007283,CUST-101214,2026-07-01,47.21,Paid,0,0,0
INV-0007284,CUST-101214,2026-08-01,37.21,Paid,0,0,0
INV-0007285,CUST-101215,2026-03-01,36.57,Paid,0,0,0
INV-0007286,CUST-101215,2026-04-01,34.86,Paid,0,0,0
INV-0007287,CUST-101215,2026-05-01,34.18,Paid,0,0,0
INV-0007288,CUST-101215,2026-06-01,33.53,Paid,0,0,0
INV-0007289,CUST-101215,2026-07-01,34.75,Paid,0,0,0
INV-0007290,CUST-101215,2026-08-01,34.52,Paid,0,0,0
INV-0007291,CUST-101216,2026-03-01,74.5,Paid,0,0,0
INV-0007292,CUST-101216,2026-04-01,77.73,Paid,0,0,0
INV-0007293,CUST-101216,2026-05-01,74.16,Paid,0,0,0
INV-0007294,CUST-101216,2026-06-01,76.23,Paid,0,0,0
INV-0007295,CUST-101216,2026-07-01,74.63,Paid,0,0,0
INV-0007296,CUST-101216,2026-08-01,78.97,Late,31,1,0
INV-0007297,CUST-101217,2026-03-01,72.05,Paid,0,0,0
INV-0007298,CUST-101217,2026-04-01,72.08,Paid,0,0,0
INV-0007299,CUST-101217,2026-05-01,71.64,Paid,0,0,0
INV-0007300,CUST-101217,2026-06-01,69.41,Paid,0,0,0
INV-0007301,CUST-101217,2026-07-01,70.48,Paid,0,0,0
INV-0007302,CUST-101217,2026-08-01,70.25,Paid,0,0,0
INV-0007303,CUST-101218,2026-03-01,112.39,Paid,0,0,0
INV-0007304,CUST-101218,2026-04-01,83.66,Paid,0,1,0
INV-0007305,CUST-101218,2026-05-01,99.43,Paid,0,0,0
INV-0007306,CUST-101218,2026-06-01,88.31,Paid,0,1,0
INV-0007307,CUST-101218,2026-07-01,84.24,Paid,0,1,1
INV-0007308,CUST-101218,2026-08-01,88.82,Paid,0,0,0
INV-0007309,CUST-101219,2026-03-01,192.79,Paid,0,0,0
INV-0007310,CUST-101219,2026-04-01,183.34,Paid,0,0,0
INV-0007311,CUST-101219,2026-05-01,194.32,Paid,0,1,1
INV-0007312,CUST-101219,2026-06-01,187.05,Late,24,0,0
INV-0007313,CUST-101219,2026-07-01,178.77,Paid,0,1,1
INV-0007314,CUST-101219,2026-08-01,197.92,Paid,0,1,1
INV-0007315,CUST-101220,2026-03-01,81.42,Paid,0,0,0
INV-0007316,CUST-101220,2026-04-01,85.43,Paid,0,1,1
INV-0007317,CUST-101220,2026-05-01,88.25,Paid,0,0,0
INV-0007318,CUST-101220,2026-06-01,80.11,Paid,0,0,0
INV-0007319,CUST-101220,2026-07-01,80.57,Paid,0,0,0
INV-0007320,CUST-101220,2026-08-01,85.32,Paid,0,0,0
INV-0007321,CUST-101221,2026-03-01,34.39,Paid,0,0,0
INV-0007322,CUST-101221,2026-04-01,35.01,Paid,0,0,0
INV-0007323,CUST-101221,2026-05-01,34.7,Paid,0,0,0
INV-0007324,CUST-101221,2026-06-01,35.64,Paid,0,0,0
INV-0007325,CUST-101221,2026-07-01,34.7,Paid,0,0,0
INV-0007326,CUST-101221,2026-08-01,34.26,Paid,0,0,0
INV-0007327,CUST-101222,2026-03-01,115.18,Late,9,0,0
INV-0007328,CUST-101222,2026-04-01,119.81,Paid,0,0,0
INV-0007329,CUST-101222,2026-05-01,101.46,Paid,0,1,0
INV-0007330,CUST-101222,2026-06-01,121.62,Late,27,1,0
INV-0007331,CUST-101222,2026-07-01,131.76,Paid,0,0,0
INV-0007332,CUST-101222,2026-08-01,95.19,Paid,0,0,0
INV-0007333,CUST-101223,2026-03-01,81.34,Paid,0,0,0
INV-0007334,CUST-101223,2026-04-01,82.6,Paid,0,0,0
INV-0007335,CUST-101223,2026-05-01,79.3,Paid,0,0,0
INV-0007336,CUST-101223,2026-06-01,78.89,Paid,0,1,0
INV-0007337,CUST-101223,2026-07-01,82.42,Paid,0,0,0
INV-0007338,CUST-101223,2026-08-01,77.89,Paid,0,0,0
INV-0007339,CUST-101224,2026-03-01,167.4,Paid,0,0,0
INV-0007340,CUST-101224,2026-04-01,169.25,Paid,0,0,0
INV-0007341,CUST-101224,2026-05-01,165.01,Paid,0,0,0
INV-0007342,CUST-101224,2026-06-01,168.15,Paid,0,0,0
INV-0007343,CUST-101224,2026-07-01,178.06,Paid,0,0,0
INV-0007344,CUST-101224,2026-08-01,167.56,Paid,0,0,0
INV-0007345,CUST-101225,2026-03-01,34.08,Paid,0,0,0
INV-0007346,CUST-101225,2026-04-01,33.43,Late,16,0,0
INV-0007347,CUST-101225,2026-05-01,32.86,Paid,0,0,0
INV-0007348,CUST-101225,2026-06-01,32.35,Paid,0,0,0
INV-0007349,CUST-101225,2026-07-01,33.66,Paid,0,0,0
INV-0007350,CUST-101225,2026-08-01,32.62,Paid,0,0,0
INV-0007351,CUST-101226,2026-03-01,84.3,Paid,0,0,0
INV-0007352,CUST-101226,2026-04-01,84.17,Paid,0,0,0
INV-0007353,CUST-101226,2026-05-01,81.72,Paid,0,0,0
INV-0007354,CUST-101226,2026-06-01,83.83,Paid,0,1,0
INV-0007355,CUST-101226,2026-07-01,79.86,Paid,0,0,0
INV-0007356,CUST-101226,2026-08-01,82.3,Paid,0,0,0
INV-0007357,CUST-101227,2026-03-01,532.41,Late,4,1,0
INV-0007358,CUST-101227,2026-04-01,412.63,Paid,0,0,0
INV-0007359,CUST-101227,2026-05-01,414.22,Paid,0,0,0
INV-0007360,CUST-101227,2026-06-01,508.29,Late,25,1,0
INV-0007361,CUST-101227,2026-07-01,423.5,Late,29,0,0
INV-0007362,CUST-101227,2026-08-01,431.92,Paid,0,1,1
INV-0007363,CUST-101228,2026-03-01,84.17,Paid,0,0,0
INV-0007364,CUST-101228,2026-04-01,84.72,Paid,0,0,0
INV-0007365,CUST-101228,2026-05-01,88.63,Paid,0,0,0
INV-0007366,CUST-101228,2026-06-01,85.36,Late,34,0,0
INV-0007367,CUST-101228,2026-07-01,87.31,Paid,0,0,0
INV-0007368,CUST-101228,2026-08-01,82.33,Paid,0,0,0
INV-0007369,CUST-101229,2026-03-01,103.03,Paid,0,0,0
INV-0007370,CUST-101229,2026-04-01,102.54,Paid,0,0,0
INV-0007371,CUST-101229,2026-05-01,102.78,Late,23,0,0
INV-0007372,CUST-101229,2026-06-01,105.6,Paid,0,0,0
INV-0007373,CUST-101229,2026-07-01,105.51,Paid,0,0,0
INV-0007374,CUST-101229,2026-08-01,103.23,Paid,0,0,0
INV-0007375,CUST-101230,2026-03-01,378.19,Paid,0,0,0
INV-0007376,CUST-101230,2026-04-01,372.63,Paid,0,0,0
INV-0007377,CUST-101230,2026-05-01,382.33,Paid,0,0,0
INV-0007378,CUST-101230,2026-06-01,401.37,Paid,0,0,0
INV-0007379,CUST-101230,2026-07-01,386.56,Paid,0,0,0
INV-0007380,CUST-101230,2026-08-01,378.53,Paid,0,0,0
INV-0007381,CUST-101231,2026-03-01,86.87,Paid,0,0,0
INV-0007382,CUST-101231,2026-04-01,85.18,Late,13,1,0
INV-0007383,CUST-101231,2026-05-01,91.64,Paid,0,1,0
INV-0007384,CUST-101231,2026-06-01,85.66,Paid,0,0,0
INV-0007385,CUST-101231,2026-07-01,85.54,Paid,0,1,0
INV-0007386,CUST-101231,2026-08-01,109.27,Paid,0,0,0
INV-0007387,CUST-101232,2026-03-01,38.92,Paid,0,0,0
INV-0007388,CUST-101232,2026-04-01,37.17,Paid,0,0,0
INV-0007389,CUST-101232,2026-05-01,39.86,Late,11,0,0
INV-0007390,CUST-101232,2026-06-01,37.49,Paid,0,0,0
INV-0007391,CUST-101232,2026-07-01,37.97,Paid,0,0,0
INV-0007392,CUST-101232,2026-08-01,37.81,Paid,0,0,0
INV-0007393,CUST-101233,2026-03-01,90.95,Paid,0,0,0
INV-0007394,CUST-101233,2026-04-01,89.6,Paid,0,0,0
INV-0007395,CUST-101233,2026-05-01,90.5,Paid,0,0,0
INV-0007396,CUST-101233,2026-06-01,91.1,Paid,0,0,0
INV-0007397,CUST-101233,2026-07-01,86.03,Paid,0,0,0
INV-0007398,CUST-101233,2026-08-01,92.71,Paid,0,0,0
INV-0007399,CUST-101234,2026-03-01,82.17,Paid,0,0,0
INV-0007400,CUST-101234,2026-04-01,75.0,Paid,0,0,0
INV-0007401,CUST-101234,2026-05-01,74.47,Paid,0,0,0
INV-0007402,CUST-101234,2026-06-01,76.84,Paid,0,0,0
INV-0007403,CUST-101234,2026-07-01,74.78,Paid,0,0,0
INV-0007404,CUST-101234,2026-08-01,76.81,Late,24,0,0
INV-0007405,CUST-101235,2026-03-01,177.47,Paid,0,0,0
INV-0007406,CUST-101235,2026-04-01,175.7,Paid,0,0,0
INV-0007407,CUST-101235,2026-05-01,181.41,Late,9,0,0
INV-0007408,CUST-101235,2026-06-01,175.49,Paid,0,0,0
INV-0007409,CUST-101235,2026-07-01,172.29,Paid,0,0,0
INV-0007410,CUST-101235,2026-08-01,177.13,Paid,0,0,0
INV-0007411,CUST-101236,2026-03-01,414.61,Paid,0,0,0
INV-0007412,CUST-101236,2026-04-01,422.65,Paid,0,0,0
INV-0007413,CUST-101236,2026-05-01,429.43,Paid,0,0,0
INV-0007414,CUST-101236,2026-06-01,424.13,Paid,0,0,0
INV-0007415,CUST-101236,2026-07-01,429.04,Paid,0,0,0
INV-0007416,CUST-101236,2026-08-01,428.61,Paid,0,0,0
INV-0007417,CUST-101237,2026-03-01,34.28,Paid,0,0,0
INV-0007418,CUST-101237,2026-04-01,36.25,Paid,0,0,0
INV-0007419,CUST-101237,2026-05-01,35.63,Paid,0,0,0
INV-0007420,CUST-101237,2026-06-01,34.38,Paid,0,0,0
INV-0007421,CUST-101237,2026-07-01,34.8,Paid,0,0,0
INV-0007422,CUST-101237,2026-08-01,33.82,Paid,0,0,0
INV-0007423,CUST-101238,2026-03-01,37.99,Paid,0,0,0
INV-0007424,CUST-101238,2026-04-01,38.4,Paid,0,0,0
INV-0007425,CUST-101238,2026-05-01,38.53,Paid,0,0,0
INV-0007426,CUST-101238,2026-06-01,39.64,Late,21,0,0
INV-0007427,CUST-101238,2026-07-01,38.47,Paid,0,0,0
INV-0007428,CUST-101238,2026-08-01,37.56,Paid,0,0,0
INV-0007429,CUST-101239,2026-03-01,28.35,Paid,0,0,0
INV-0007430,CUST-101239,2026-04-01,27.5,Paid,0,0,0
INV-0007431,CUST-101239,2026-05-01,27.47,Paid,0,0,0
INV-0007432,CUST-101239,2026-06-01,27.19,Paid,0,0,0
INV-0007433,CUST-101239,2026-07-01,26.66,Paid,0,1,0
INV-0007434,CUST-101239,2026-08-01,26.93,Late,6,0,0
INV-0007435,CUST-101240,2026-03-01,92.29,Late,25,0,0
INV-0007436,CUST-101240,2026-04-01,95.48,Late,1,0,0
INV-0007437,CUST-101240,2026-05-01,84.61,Late,13,0,0
INV-0007438,CUST-101240,2026-06-01,89.05,Late,26,1,0
INV-0007439,CUST-101240,2026-07-01,87.09,Late,18,0,0
INV-0007440,CUST-101240,2026-08-01,86.17,Late,13,0,0
INV-0007441,CUST-101241,2026-03-01,164.07,Paid,0,0,0
INV-0007442,CUST-101241,2026-04-01,168.39,Paid,0,0,0
INV-0007443,CUST-101241,2026-05-01,166.29,Paid,0,0,0
INV-0007444,CUST-101241,2026-06-01,159.64,Paid,0,0,0
INV-0007445,CUST-101241,2026-07-01,163.46,Paid,0,0,0
INV-0007446,CUST-101241,2026-08-01,164.01,Paid,0,0,0
INV-0007447,CUST-101242,2026-03-01,79.8,Late,18,0,0
INV-0007448,CUST-101242,2026-04-01,80.98,Late,21,0,0
INV-0007449,CUST-101242,2026-05-01,83.57,Late,18,0,0
INV-0007450,CUST-101242,2026-06-01,78.85,Paid,0,0,0
INV-0007451,CUST-101242,2026-07-01,80.56,Paid,0,0,0
INV-0007452,CUST-101242,2026-08-01,78.88,Paid,0,0,0
INV-0007453,CUST-101243,2026-03-01,53.7,Late,28,0,0
INV-0007454,CUST-101243,2026-04-01,53.19,Late,21,0,0
INV-0007455,CUST-101243,2026-05-01,50.52,Paid,0,0,0
INV-0007456,CUST-101243,2026-06-01,51.68,Paid,0,1,1
INV-0007457,CUST-101243,2026-07-01,42.52,Paid,0,1,0
INV-0007458,CUST-101243,2026-08-01,41.04,Paid,0,0,0
INV-0007459,CUST-101244,2026-03-01,484.24,Paid,0,0,0
INV-0007460,CUST-101244,2026-04-01,481.5,Paid,0,0,0
INV-0007461,CUST-101244,2026-05-01,500.21,Paid,0,1,0
INV-0007462,CUST-101244,2026-06-01,479.11,Paid,0,0,0
INV-0007463,CUST-101244,2026-07-01,488.32,Paid,0,0,0
INV-0007464,CUST-101244,2026-08-01,498.36,Paid,0,0,0
INV-0007465,CUST-101245,2026-03-01,37.32,Paid,0,0,0
INV-0007466,CUST-101245,2026-04-01,38.36,Paid,0,0,0
INV-0007467,CUST-101245,2026-05-01,35.92,Paid,0,1,0
INV-0007468,CUST-101245,2026-06-01,37.01,Paid,0,0,0
INV-0007469,CUST-101245,2026-07-01,44.17,Paid,0,0,0
INV-0007470,CUST-101245,2026-08-01,37.47,Paid,0,0,0
INV-0007471,CUST-101246,2026-03-01,34.34,Paid,0,0,0
INV-0007472,CUST-101246,2026-04-01,35.76,Paid,0,0,0
INV-0007473,CUST-101246,2026-05-01,37.11,Paid,0,0,0
INV-0007474,CUST-101246,2026-06-01,36.61,Paid,0,0,0
INV-0007475,CUST-101246,2026-07-01,35.69,Paid,0,0,0
INV-0007476,CUST-101246,2026-08-01,35.1,Paid,0,0,0
INV-0007477,CUST-101247,2026-03-01,155.35,Paid,0,0,0
INV-0007478,CUST-101247,2026-04-01,159.11,Paid,0,0,0
INV-0007479,CUST-101247,2026-05-01,156.76,Paid,0,0,0
INV-0007480,CUST-101247,2026-06-01,159.77,Paid,0,0,0
INV-0007481,CUST-101247,2026-07-01,155.16,Paid,0,0,0
INV-0007482,CUST-101247,2026-08-01,154.45,Paid,0,0,0
INV-0007483,CUST-101248,2026-03-01,173.61,Paid,0,0,0
INV-0007484,CUST-101248,2026-04-01,160.1,Paid,0,0,0
INV-0007485,CUST-101248,2026-05-01,159.08,Paid,0,0,0
INV-0007486,CUST-101248,2026-06-01,162.89,Paid,0,0,0
INV-0007487,CUST-101248,2026-07-01,159.05,Paid,0,0,0
INV-0007488,CUST-101248,2026-08-01,164.96,Paid,0,0,0
INV-0007489,CUST-101249,2026-03-01,468.91,Paid,0,0,0
INV-0007490,CUST-101249,2026-04-01,461.4,Paid,0,0,0
INV-0007491,CUST-101249,2026-05-01,453.98,Paid,0,0,0
INV-0007492,CUST-101249,2026-06-01,482.14,Paid,0,0,0
INV-0007493,CUST-101249,2026-07-01,456.96,Paid,0,0,0
INV-0007494,CUST-101249,2026-08-01,456.43,Paid,0,0,0
INV-0007495,CUST-101250,2026-03-01,33.54,Paid,0,0,0
INV-0007496,CUST-101250,2026-04-01,32.94,Paid,0,0,0
INV-0007497,CUST-101250,2026-05-01,34.35,Paid,0,0,0
INV-0007498,CUST-101250,2026-06-01,33.52,Paid,0,0,0
INV-0007499,CUST-101250,2026-07-01,32.09,Paid,0,0,0
INV-0007500,CUST-101250,2026-08-01,32.21,Paid,0,0,0
INV-0007501,CUST-101251,2026-03-01,162.04,Late,11,1,0
INV-0007502,CUST-101251,2026-04-01,162.61,Paid,0,0,0
INV-0007503,CUST-101251,2026-05-01,160.92,Paid,0,0,0
INV-0007504,CUST-101251,2026-06-01,171.15,Paid,0,0,0
INV-0007505,CUST-101251,2026-07-01,161.25,Late,3,0,0
INV-0007506,CUST-101251,2026-08-01,166.98,Paid,0,0,0
INV-0007507,CUST-101252,2026-03-01,79.48,Paid,0,0,0
INV-0007508,CUST-101252,2026-04-01,80.94,Paid,0,0,0
INV-0007509,CUST-101252,2026-05-01,81.77,Paid,0,0,0
INV-0007510,CUST-101252,2026-06-01,80.5,Paid,0,0,0
INV-0007511,CUST-101252,2026-07-01,78.11,Paid,0,0,0
INV-0007512,CUST-101252,2026-08-01,80.6,Paid,0,0,0
INV-0007513,CUST-101253,2026-03-01,82.55,Paid,0,0,0
INV-0007514,CUST-101253,2026-04-01,83.28,Paid,0,1,1
INV-0007515,CUST-101253,2026-05-01,85.93,Paid,0,0,0
INV-0007516,CUST-101253,2026-06-01,82.52,Paid,0,0,0
INV-0007517,CUST-101253,2026-07-01,83.44,Late,11,1,0
INV-0007518,CUST-101253,2026-08-01,80.3,Paid,0,0,0
INV-0007519,CUST-101254,2026-03-01,86.06,Paid,0,0,0
INV-0007520,CUST-101254,2026-04-01,80.97,Paid,0,0,0
INV-0007521,CUST-101254,2026-05-01,84.27,Paid,0,0,0
INV-0007522,CUST-101254,2026-06-01,82.62,Paid,0,0,0
INV-0007523,CUST-101254,2026-07-01,83.75,Late,12,0,0
INV-0007524,CUST-101254,2026-08-01,83.8,Paid,0,0,0
INV-0007525,CUST-101255,2026-03-01,161.07,Paid,0,0,0
INV-0007526,CUST-101255,2026-04-01,154.25,Paid,0,0,0
INV-0007527,CUST-101255,2026-05-01,155.01,Late,30,0,0
INV-0007528,CUST-101255,2026-06-01,162.91,Paid,0,0,0
INV-0007529,CUST-101255,2026-07-01,156.71,Paid,0,0,0
INV-0007530,CUST-101255,2026-08-01,162.87,Paid,0,0,0
INV-0007531,CUST-101256,2026-03-01,29.78,Paid,0,0,0
INV-0007532,CUST-101256,2026-04-01,28.64,Paid,0,0,0
INV-0007533,CUST-101256,2026-05-01,28.19,Paid,0,0,0
INV-0007534,CUST-101256,2026-06-01,28.63,Paid,0,0,0
INV-0007535,CUST-101256,2026-07-01,29.15,Late,3,0,0
INV-0007536,CUST-101256,2026-08-01,28.74,Paid,0,0,0
INV-0007537,CUST-101257,2026-03-01,143.18,Paid,0,0,0
INV-0007538,CUST-101257,2026-04-01,137.15,Paid,0,0,0
INV-0007539,CUST-101257,2026-05-01,138.83,Paid,0,0,0
INV-0007540,CUST-101257,2026-06-01,151.57,Paid,0,0,0
INV-0007541,CUST-101257,2026-07-01,146.01,Paid,0,0,0
INV-0007542,CUST-101257,2026-08-01,142.15,Paid,0,0,0
INV-0007543,CUST-101258,2026-03-01,41.22,Paid,0,0,0
INV-0007544,CUST-101258,2026-04-01,39.73,Paid,0,0,0
INV-0007545,CUST-101258,2026-05-01,38.85,Paid,0,0,0
INV-0007546,CUST-101258,2026-06-01,40.19,Paid,0,0,0
INV-0007547,CUST-101258,2026-07-01,40.09,Paid,0,0,0
INV-0007548,CUST-101258,2026-08-01,39.01,Paid,0,0,0
INV-0007549,CUST-101259,2026-03-01,485.66,Paid,0,0,0
INV-0007550,CUST-101259,2026-04-01,476.48,Paid,0,0,0
INV-0007551,CUST-101259,2026-05-01,492.69,Paid,0,0,0
INV-0007552,CUST-101259,2026-06-01,477.49,Paid,0,1,0
INV-0007553,CUST-101259,2026-07-01,482.1,Paid,0,0,0
INV-0007554,CUST-101259,2026-08-01,478.81,Paid,0,0,0
INV-0007555,CUST-101260,2026-03-01,31.56,Paid,0,0,0
INV-0007556,CUST-101260,2026-04-01,32.25,Paid,0,0,0
INV-0007557,CUST-101260,2026-05-01,32.86,Paid,0,0,0
INV-0007558,CUST-101260,2026-06-01,33.32,Paid,0,0,0
INV-0007559,CUST-101260,2026-07-01,32.22,Paid,0,1,0
INV-0007560,CUST-101260,2026-08-01,32.74,Paid,0,0,0
INV-0007561,CUST-101261,2026-03-01,166.16,Late,19,1,0
INV-0007562,CUST-101261,2026-04-01,166.98,Paid,0,0,0
INV-0007563,CUST-101261,2026-05-01,160.6,Paid,0,0,0
INV-0007564,CUST-101261,2026-06-01,168.59,Paid,0,1,0
INV-0007565,CUST-101261,2026-07-01,170.24,Paid,0,0,0
INV-0007566,CUST-101261,2026-08-01,164.09,Paid,0,0,0
INV-0007567,CUST-101262,2026-03-01,91.52,Paid,0,0,0
INV-0007568,CUST-101262,2026-04-01,96.55,Paid,0,1,0
INV-0007569,CUST-101262,2026-05-01,95.92,Paid,0,0,0
INV-0007570,CUST-101262,2026-06-01,100.75,Paid,0,0,0
INV-0007571,CUST-101262,2026-07-01,94.58,Paid,0,0,0
INV-0007572,CUST-101262,2026-08-01,92.12,Paid,0,0,0
INV-0007573,CUST-101263,2026-03-01,97.49,Paid,0,0,0
INV-0007574,CUST-101263,2026-04-01,91.09,Paid,0,0,0
INV-0007575,CUST-101263,2026-05-01,96.35,Paid,0,0,0
INV-0007576,CUST-101263,2026-06-01,92.81,Paid,0,0,0
INV-0007577,CUST-101263,2026-07-01,93.63,Paid,0,0,0
INV-0007578,CUST-101263,2026-08-01,95.32,Paid,0,1,0
INV-0007579,CUST-101264,2026-03-01,89.04,Paid,0,0,0
INV-0007580,CUST-101264,2026-04-01,83.09,Paid,0,0,0
INV-0007581,CUST-101264,2026-05-01,86.14,Late,16,0,0
INV-0007582,CUST-101264,2026-06-01,86.89,Paid,0,0,0
INV-0007583,CUST-101264,2026-07-01,84.12,Late,22,0,0
INV-0007584,CUST-101264,2026-08-01,87.52,Paid,0,0,0
INV-0007585,CUST-101265,2026-03-01,37.32,Paid,0,1,0
INV-0007586,CUST-101265,2026-04-01,38.47,Paid,0,0,0
INV-0007587,CUST-101265,2026-05-01,38.86,Late,17,1,0
INV-0007588,CUST-101265,2026-06-01,35.08,Paid,0,0,0
INV-0007589,CUST-101265,2026-07-01,44.43,Paid,0,0,0
INV-0007590,CUST-101265,2026-08-01,37.38,Late,5,1,1
INV-0007591,CUST-101266,2026-03-01,32.86,Paid,0,0,0
INV-0007592,CUST-101266,2026-04-01,31.87,Late,33,0,0
INV-0007593,CUST-101266,2026-05-01,31.37,Paid,0,0,0
INV-0007594,CUST-101266,2026-06-01,33.23,Paid,0,1,1
INV-0007595,CUST-101266,2026-07-01,37.55,Paid,0,0,0
INV-0007596,CUST-101266,2026-08-01,32.18,Paid,0,0,0
INV-0007597,CUST-101267,2026-03-01,83.62,Paid,0,0,0
INV-0007598,CUST-101267,2026-04-01,76.32,Paid,0,0,0
INV-0007599,CUST-101267,2026-05-01,77.17,Paid,0,0,0
INV-0007600,CUST-101267,2026-06-01,81.17,Paid,0,0,0
INV-0007601,CUST-101267,2026-07-01,81.59,Paid,0,0,0
INV-0007602,CUST-101267,2026-08-01,83.53,Paid,0,0,0
INV-0007603,CUST-101268,2026-03-01,415.77,Paid,0,0,0
INV-0007604,CUST-101268,2026-04-01,426.38,Paid,0,0,0
INV-0007605,CUST-101268,2026-05-01,422.04,Paid,0,1,0
INV-0007606,CUST-101268,2026-06-01,422.36,Paid,0,0,0
INV-0007607,CUST-101268,2026-07-01,428.86,Paid,0,0,0
INV-0007608,CUST-101268,2026-08-01,425.02,Paid,0,0,0
INV-0007609,CUST-101269,2026-03-01,32.83,Paid,0,0,0
INV-0007610,CUST-101269,2026-04-01,32.29,Paid,0,0,0
INV-0007611,CUST-101269,2026-05-01,32.21,Paid,0,0,0
INV-0007612,CUST-101269,2026-06-01,32.64,Paid,0,0,0
INV-0007613,CUST-101269,2026-07-01,32.81,Paid,0,0,0
INV-0007614,CUST-101269,2026-08-01,32.56,Paid,0,0,0
INV-0007615,CUST-101270,2026-03-01,114.12,Paid,0,1,1
INV-0007616,CUST-101270,2026-04-01,92.49,Late,32,1,0
INV-0007617,CUST-101270,2026-05-01,94.03,Paid,0,0,0
INV-0007618,CUST-101270,2026-06-01,94.11,Paid,0,0,0
INV-0007619,CUST-101270,2026-07-01,92.52,Paid,0,1,0
INV-0007620,CUST-101270,2026-08-01,88.77,Paid,0,1,0
INV-0007621,CUST-101271,2026-03-01,60.57,Paid,0,0,0
INV-0007622,CUST-101271,2026-04-01,61.16,Paid,0,0,0
INV-0007623,CUST-101271,2026-05-01,58.68,Paid,0,0,0
INV-0007624,CUST-101271,2026-06-01,56.36,Paid,0,0,0
INV-0007625,CUST-101271,2026-07-01,61.24,Late,14,0,0
INV-0007626,CUST-101271,2026-08-01,60.33,Paid,0,0,0
INV-0007627,CUST-101272,2026-03-01,45.37,Paid,0,0,0
INV-0007628,CUST-101272,2026-04-01,36.13,Paid,0,1,1
INV-0007629,CUST-101272,2026-05-01,40.09,Paid,0,0,0
INV-0007630,CUST-101272,2026-06-01,35.92,Paid,0,1,1
INV-0007631,CUST-101272,2026-07-01,34.63,Late,33,0,0
INV-0007632,CUST-101272,2026-08-01,43.06,Late,12,1,0
INV-0007633,CUST-101273,2026-03-01,182.88,Paid,0,0,0
INV-0007634,CUST-101273,2026-04-01,180.75,Paid,0,0,0
INV-0007635,CUST-101273,2026-05-01,172.12,Paid,0,0,0
INV-0007636,CUST-101273,2026-06-01,174.73,Paid,0,0,0
INV-0007637,CUST-101273,2026-07-01,174.97,Paid,0,1,0
INV-0007638,CUST-101273,2026-08-01,179.41,Paid,0,0,0
INV-0007639,CUST-101274,2026-03-01,39.75,Paid,0,0,0
INV-0007640,CUST-101274,2026-04-01,39.68,Paid,0,0,0
INV-0007641,CUST-101274,2026-05-01,39.59,Paid,0,0,0
INV-0007642,CUST-101274,2026-06-01,42.03,Paid,0,0,0
INV-0007643,CUST-101274,2026-07-01,40.8,Paid,0,0,0
INV-0007644,CUST-101274,2026-08-01,39.6,Paid,0,0,0
INV-0007645,CUST-101275,2026-03-01,77.81,Late,23,0,0
INV-0007646,CUST-101275,2026-04-01,78.58,Paid,0,0,0
INV-0007647,CUST-101275,2026-05-01,78.69,Paid,0,0,0
INV-0007648,CUST-101275,2026-06-01,77.66,Paid,0,0,0
INV-0007649,CUST-101275,2026-07-01,76.27,Paid,0,0,0
INV-0007650,CUST-101275,2026-08-01,75.75,Paid,0,0,0
INV-0007651,CUST-101276,2026-03-01,61.54,Paid,0,0,0
INV-0007652,CUST-101276,2026-04-01,61.45,Paid,0,0,0
INV-0007653,CUST-101276,2026-05-01,59.49,Paid,0,0,0
INV-0007654,CUST-101276,2026-06-01,60.66,Paid,0,0,0
INV-0007655,CUST-101276,2026-07-01,63.88,Paid,0,0,0
INV-0007656,CUST-101276,2026-08-01,60.73,Paid,0,0,0
INV-0007657,CUST-101277,2026-03-01,91.31,Paid,0,0,0
INV-0007658,CUST-101277,2026-04-01,91.6,Paid,0,0,0
INV-0007659,CUST-101277,2026-05-01,85.35,Paid,0,0,0
INV-0007660,CUST-101277,2026-06-01,90.25,Paid,0,0,0
INV-0007661,CUST-101277,2026-07-01,89.61,Paid,0,0,0
INV-0007662,CUST-101277,2026-08-01,90.11,Paid,0,0,0
INV-0007663,CUST-101278,2026-03-01,135.46,Paid,0,0,0
INV-0007664,CUST-101278,2026-04-01,134.93,Paid,0,0,0
INV-0007665,CUST-101278,2026-05-01,135.03,Paid,0,0,0
INV-0007666,CUST-101278,2026-06-01,131.83,Paid,0,0,0
INV-0007667,CUST-101278,2026-07-01,127.38,Paid,0,0,0
INV-0007668,CUST-101278,2026-08-01,136.8,Paid,0,0,0
INV-0007669,CUST-101279,2026-03-01,92.76,Paid,0,0,0
INV-0007670,CUST-101279,2026-04-01,96.42,Paid,0,0,0
INV-0007671,CUST-101279,2026-05-01,91.08,Paid,0,0,0
INV-0007672,CUST-101279,2026-06-01,93.19,Paid,0,0,0
INV-0007673,CUST-101279,2026-07-01,93.97,Paid,0,0,0
INV-0007674,CUST-101279,2026-08-01,97.16,Paid,0,0,0
INV-0007675,CUST-101280,2026-03-01,41.91,Paid,0,0,0
INV-0007676,CUST-101280,2026-04-01,41.27,Paid,0,0,0
INV-0007677,CUST-101280,2026-05-01,42.94,Late,17,0,0
INV-0007678,CUST-101280,2026-06-01,40.75,Paid,0,0,0
INV-0007679,CUST-101280,2026-07-01,43.88,Paid,0,0,0
INV-0007680,CUST-101280,2026-08-01,41.64,Paid,0,0,0
INV-0007681,CUST-101281,2026-03-01,73.11,Paid,0,0,0
INV-0007682,CUST-101281,2026-04-01,75.95,Paid,0,0,0
INV-0007683,CUST-101281,2026-05-01,70.66,Paid,0,0,0
INV-0007684,CUST-101281,2026-06-01,74.19,Paid,0,0,0
INV-0007685,CUST-101281,2026-07-01,74.96,Paid,0,0,0
INV-0007686,CUST-101281,2026-08-01,78.71,Paid,0,0,0
INV-0007687,CUST-101282,2026-03-01,72.07,Paid,0,0,0
INV-0007688,CUST-101282,2026-04-01,69.54,Paid,0,0,0
INV-0007689,CUST-101282,2026-05-01,73.46,Paid,0,0,0
INV-0007690,CUST-101282,2026-06-01,72.93,Paid,0,0,0
INV-0007691,CUST-101282,2026-07-01,70.51,Paid,0,0,0
INV-0007692,CUST-101282,2026-08-01,71.07,Paid,0,0,0
INV-0007693,CUST-101283,2026-03-01,73.74,Paid,0,0,0
INV-0007694,CUST-101283,2026-04-01,76.26,Paid,0,0,0
INV-0007695,CUST-101283,2026-05-01,76.4,Paid,0,0,0
INV-0007696,CUST-101283,2026-06-01,73.97,Paid,0,0,0
INV-0007697,CUST-101283,2026-07-01,76.64,Paid,0,0,0
INV-0007698,CUST-101283,2026-08-01,78.44,Paid,0,0,0
INV-0007699,CUST-101284,2026-03-01,429.73,Paid,0,1,1
INV-0007700,CUST-101284,2026-04-01,431.79,Paid,0,0,0
INV-0007701,CUST-101284,2026-05-01,443.46,Paid,0,0,0
INV-0007702,CUST-101284,2026-06-01,425.3,Paid,0,0,0
INV-0007703,CUST-101284,2026-07-01,431.78,Paid,0,1,1
INV-0007704,CUST-101284,2026-08-01,447.32,Paid,0,0,0
INV-0007705,CUST-101285,2026-03-01,92.41,Late,15,0,0
INV-0007706,CUST-101285,2026-04-01,90.44,Paid,0,0,0
INV-0007707,CUST-101285,2026-05-01,86.46,Paid,0,0,0
INV-0007708,CUST-101285,2026-06-01,86.39,Paid,0,0,0
INV-0007709,CUST-101285,2026-07-01,90.2,Paid,0,0,0
INV-0007710,CUST-101285,2026-08-01,83.35,Paid,0,0,0
INV-0007711,CUST-101286,2026-03-01,154.07,Paid,0,0,0
INV-0007712,CUST-101286,2026-04-01,156.75,Paid,0,0,0
INV-0007713,CUST-101286,2026-05-01,151.37,Paid,0,0,0
INV-0007714,CUST-101286,2026-06-01,152.32,Late,8,0,0
INV-0007715,CUST-101286,2026-07-01,150.95,Paid,0,0,0
INV-0007716,CUST-101286,2026-08-01,151.97,Paid,0,0,0
INV-0007717,CUST-101287,2026-03-01,66.79,Paid,0,0,0
INV-0007718,CUST-101287,2026-04-01,69.01,Late,19,0,0
INV-0007719,CUST-101287,2026-05-01,89.51,Late,27,1,0
INV-0007720,CUST-101287,2026-06-01,65.28,Paid,0,0,0
INV-0007721,CUST-101287,2026-07-01,65.39,Late,34,0,0
INV-0007722,CUST-101287,2026-08-01,67.23,Paid,0,0,0
INV-0007723,CUST-101288,2026-03-01,160.34,Paid,0,0,0
INV-0007724,CUST-101288,2026-04-01,169.05,Paid,0,0,0
INV-0007725,CUST-101288,2026-05-01,167.72,Paid,0,0,0
INV-0007726,CUST-101288,2026-06-01,163.4,Paid,0,0,0
INV-0007727,CUST-101288,2026-07-01,157.35,Paid,0,0,0
INV-0007728,CUST-101288,2026-08-01,165.4,Paid,0,0,0
INV-0007729,CUST-101289,2026-03-01,495.74,Paid,0,0,0
INV-0007730,CUST-101289,2026-04-01,489.42,Paid,0,0,0
INV-0007731,CUST-101289,2026-05-01,520.69,Paid,0,0,0
INV-0007732,CUST-101289,2026-06-01,482.77,Paid,0,0,0
INV-0007733,CUST-101289,2026-07-01,509.23,Paid,0,0,0
INV-0007734,CUST-101289,2026-08-01,487.73,Paid,0,0,0
INV-0007735,CUST-101290,2026-03-01,80.07,Paid,0,1,0
INV-0007736,CUST-101290,2026-04-01,78.93,Paid,0,1,0
INV-0007737,CUST-101290,2026-05-01,77.83,Paid,0,0,0
INV-0007738,CUST-101290,2026-06-01,78.24,Paid,0,0,0
INV-0007739,CUST-101290,2026-07-01,77.08,Paid,0,1,1
INV-0007740,CUST-101290,2026-08-01,96.8,Paid,0,1,1
INV-0007741,CUST-101291,2026-03-01,36.23,Paid,0,0,0
INV-0007742,CUST-101291,2026-04-01,34.56,Paid,0,0,0
INV-0007743,CUST-101291,2026-05-01,36.59,Paid,0,0,0
INV-0007744,CUST-101291,2026-06-01,35.97,Paid,0,0,0
INV-0007745,CUST-101291,2026-07-01,36.22,Paid,0,0,0
INV-0007746,CUST-101291,2026-08-01,37.29,Paid,0,0,0
INV-0007747,CUST-101292,2026-03-01,68.02,Paid,0,0,0
INV-0007748,CUST-101292,2026-04-01,66.64,Paid,0,0,0
INV-0007749,CUST-101292,2026-05-01,70.44,Paid,0,0,0
INV-0007750,CUST-101292,2026-06-01,68.65,Paid,0,0,0
INV-0007751,CUST-101292,2026-07-01,68.84,Paid,0,0,0
INV-0007752,CUST-101292,2026-08-01,69.01,Paid,0,0,0
INV-0007753,CUST-101293,2026-03-01,36.71,Paid,0,0,0
INV-0007754,CUST-101293,2026-04-01,35.94,Paid,0,0,0
INV-0007755,CUST-101293,2026-05-01,37.33,Paid,0,0,0
INV-0007756,CUST-101293,2026-06-01,36.66,Paid,0,0,0
INV-0007757,CUST-101293,2026-07-01,37.86,Paid,0,0,0
INV-0007758,CUST-101293,2026-08-01,36.12,Paid,0,0,0
INV-0007759,CUST-101294,2026-03-01,34.62,Paid,0,0,0
INV-0007760,CUST-101294,2026-04-01,36.2,Paid,0,0,0
INV-0007761,CUST-101294,2026-05-01,35.26,Paid,0,0,0
INV-0007762,CUST-101294,2026-06-01,34.75,Paid,0,0,0
INV-0007763,CUST-101294,2026-07-01,35.92,Paid,0,0,0
INV-0007764,CUST-101294,2026-08-01,37.32,Paid,0,1,0
INV-0007765,CUST-101295,2026-03-01,83.6,Paid,0,0,0
INV-0007766,CUST-101295,2026-04-01,81.16,Paid,0,0,0
INV-0007767,CUST-101295,2026-05-01,81.92,Paid,0,1,1
INV-0007768,CUST-101295,2026-06-01,82.78,Paid,0,0,0
INV-0007769,CUST-101295,2026-07-01,84.76,Paid,0,0,0
INV-0007770,CUST-101295,2026-08-01,83.92,Paid,0,0,0
INV-0007771,CUST-101296,2026-03-01,35.91,Paid,0,1,1
INV-0007772,CUST-101296,2026-04-01,36.48,Late,5,0,0
INV-0007773,CUST-101296,2026-05-01,36.13,Paid,0,1,0
INV-0007774,CUST-101296,2026-06-01,37.74,Paid,0,1,1
INV-0007775,CUST-101296,2026-07-01,36.49,Paid,0,1,1
INV-0007776,CUST-101296,2026-08-01,37.58,Paid,0,0,0
INV-0007777,CUST-101297,2026-03-01,115.17,Paid,0,0,0
INV-0007778,CUST-101297,2026-04-01,124.71,Paid,0,0,0
INV-0007779,CUST-101297,2026-05-01,119.81,Paid,0,0,0
INV-0007780,CUST-101297,2026-06-01,118.89,Paid,0,0,0
INV-0007781,CUST-101297,2026-07-01,124.89,Paid,0,0,0
INV-0007782,CUST-101297,2026-08-01,124.03,Late,12,0,0
INV-0007783,CUST-101298,2026-03-01,71.8,Late,34,0,0
INV-0007784,CUST-101298,2026-04-01,72.33,Paid,0,0,0
INV-0007785,CUST-101298,2026-05-01,69.54,Paid,0,0,0
INV-0007786,CUST-101298,2026-06-01,74.75,Paid,0,0,0
INV-0007787,CUST-101298,2026-07-01,74.27,Paid,0,0,0
INV-0007788,CUST-101298,2026-08-01,69.68,Paid,0,0,0
INV-0007789,CUST-101299,2026-03-01,142.9,Paid,0,0,0
INV-0007790,CUST-101299,2026-04-01,139.87,Paid,0,0,0
INV-0007791,CUST-101299,2026-05-01,138.07,Paid,0,0,0
INV-0007792,CUST-101299,2026-06-01,141.49,Paid,0,0,0
INV-0007793,CUST-101299,2026-07-01,134.7,Late,15,0,0
INV-0007794,CUST-101299,2026-08-01,140.48,Paid,0,0,0
INV-0007795,CUST-101300,2026-03-01,74.38,Paid,0,0,0
INV-0007796,CUST-101300,2026-04-01,77.9,Paid,0,0,0
INV-0007797,CUST-101300,2026-05-01,76.88,Paid,0,0,0
INV-0007798,CUST-101300,2026-06-01,75.08,Paid,0,0,0
INV-0007799,CUST-101300,2026-07-01,73.59,Paid,0,0,0
INV-0007800,CUST-101300,2026-08-01,71.41,Paid,0,0,0
INV-0007801,CUST-101301,2026-03-01,64.24,Paid,0,0,0
INV-0007802,CUST-101301,2026-04-01,67.44,Paid,0,0,0
INV-0007803,CUST-101301,2026-05-01,68.58,Paid,0,0,0
INV-0007804,CUST-101301,2026-06-01,63.16,Paid,0,0,0
INV-0007805,CUST-101301,2026-07-01,68.68,Paid,0,0,0
INV-0007806,CUST-101301,2026-08-01,68.72,Paid,0,0,0
INV-0007807,CUST-101302,2026-03-01,31.35,Paid,0,0,0
INV-0007808,CUST-101302,2026-04-01,32.65,Paid,0,0,0
INV-0007809,CUST-101302,2026-05-01,31.88,Paid,0,1,1
INV-0007810,CUST-101302,2026-06-01,32.75,Paid,0,0,0
INV-0007811,CUST-101302,2026-07-01,31.74,Paid,0,0,0
INV-0007812,CUST-101302,2026-08-01,31.78,Paid,0,0,0
INV-0007813,CUST-101303,2026-03-01,36.64,Paid,0,0,0
INV-0007814,CUST-101303,2026-04-01,37.94,Paid,0,0,0
INV-0007815,CUST-101303,2026-05-01,36.62,Paid,0,1,1
INV-0007816,CUST-101303,2026-06-01,36.12,Paid,0,0,0
INV-0007817,CUST-101303,2026-07-01,36.8,Paid,0,0,0
INV-0007818,CUST-101303,2026-08-01,37.51,Paid,0,0,0
INV-0007819,CUST-101304,2026-03-01,379.25,Paid,0,0,0
INV-0007820,CUST-101304,2026-04-01,377.27,Paid,0,0,0
INV-0007821,CUST-101304,2026-05-01,376.89,Paid,0,0,0
INV-0007822,CUST-101304,2026-06-01,385.16,Paid,0,0,0
INV-0007823,CUST-101304,2026-07-01,385.17,Paid,0,0,0
INV-0007824,CUST-101304,2026-08-01,398.05,Paid,0,0,0
INV-0007825,CUST-101305,2026-03-01,145.59,Paid,0,0,0
INV-0007826,CUST-101305,2026-04-01,147.46,Paid,0,0,0
INV-0007827,CUST-101305,2026-05-01,145.84,Paid,0,0,0
INV-0007828,CUST-101305,2026-06-01,150.98,Paid,0,0,0
INV-0007829,CUST-101305,2026-07-01,150.19,Paid,0,0,0
INV-0007830,CUST-101305,2026-08-01,147.54,Paid,0,0,0
INV-0007831,CUST-101306,2026-03-01,193.02,Late,4,0,0
INV-0007832,CUST-101306,2026-04-01,184.49,Paid,0,1,0
INV-0007833,CUST-101306,2026-05-01,162.76,Late,6,1,0
INV-0007834,CUST-101306,2026-06-01,173.52,Paid,0,0,0
INV-0007835,CUST-101306,2026-07-01,167.8,Late,1,0,0
INV-0007836,CUST-101306,2026-08-01,165.03,Late,28,0,0
INV-0007837,CUST-101307,2026-03-01,149.74,Paid,0,0,0
INV-0007838,CUST-101307,2026-04-01,149.48,Paid,0,0,0
INV-0007839,CUST-101307,2026-05-01,150.51,Paid,0,0,0
INV-0007840,CUST-101307,2026-06-01,157.5,Paid,0,0,0
INV-0007841,CUST-101307,2026-07-01,153.07,Paid,0,0,0
INV-0007842,CUST-101307,2026-08-01,154.07,Paid,0,0,0
INV-0007843,CUST-101308,2026-03-01,76.36,Paid,0,0,0
INV-0007844,CUST-101308,2026-04-01,75.33,Paid,0,0,0
INV-0007845,CUST-101308,2026-05-01,78.24,Paid,0,0,0
INV-0007846,CUST-101308,2026-06-01,75.02,Late,24,0,0
INV-0007847,CUST-101308,2026-07-01,77.02,Paid,0,0,0
INV-0007848,CUST-101308,2026-08-01,75.92,Paid,0,0,0
INV-0007849,CUST-101309,2026-03-01,86.41,Paid,0,0,0
INV-0007850,CUST-101309,2026-04-01,81.51,Paid,0,0,0
INV-0007851,CUST-101309,2026-05-01,86.33,Paid,0,0,0
INV-0007852,CUST-101309,2026-06-01,97.68,Late,5,0,0
INV-0007853,CUST-101309,2026-07-01,85.2,Late,27,0,0
INV-0007854,CUST-101309,2026-08-01,86.15,Paid,0,0,0
INV-0007855,CUST-101310,2026-03-01,59.44,Paid,0,0,0
INV-0007856,CUST-101310,2026-04-01,54.52,Paid,0,0,0
INV-0007857,CUST-101310,2026-05-01,56.93,Paid,0,0,0
INV-0007858,CUST-101310,2026-06-01,55.71,Paid,0,0,0
INV-0007859,CUST-101310,2026-07-01,57.89,Paid,0,0,0
INV-0007860,CUST-101310,2026-08-01,56.25,Paid,0,0,0
INV-0007861,CUST-101311,2026-03-01,148.84,Paid,0,0,0
INV-0007862,CUST-101311,2026-04-01,142.2,Paid,0,0,0
INV-0007863,CUST-101311,2026-05-01,147.07,Paid,0,0,0
INV-0007864,CUST-101311,2026-06-01,150.06,Paid,0,0,0
INV-0007865,CUST-101311,2026-07-01,142.65,Paid,0,0,0
INV-0007866,CUST-101311,2026-08-01,148.64,Paid,0,1,0
INV-0007867,CUST-101312,2026-03-01,159.9,Paid,0,0,0
INV-0007868,CUST-101312,2026-04-01,143.66,Paid,0,0,0
INV-0007869,CUST-101312,2026-05-01,152.59,Paid,0,0,0
INV-0007870,CUST-101312,2026-06-01,150.13,Late,4,0,0
INV-0007871,CUST-101312,2026-07-01,153.76,Paid,0,0,0
INV-0007872,CUST-101312,2026-08-01,146.61,Paid,0,0,0
INV-0007873,CUST-101313,2026-03-01,33.9,Paid,0,1,1
INV-0007874,CUST-101313,2026-04-01,33.34,Paid,0,0,0
INV-0007875,CUST-101313,2026-05-01,33.12,Paid,0,0,0
INV-0007876,CUST-101313,2026-06-01,32.65,Late,19,1,0
INV-0007877,CUST-101313,2026-07-01,32.71,Late,29,0,0
INV-0007878,CUST-101313,2026-08-01,33.98,Late,7,0,0
INV-0007879,CUST-101314,2026-03-01,26.45,Paid,0,0,0
INV-0007880,CUST-101314,2026-04-01,27.28,Paid,0,0,0
INV-0007881,CUST-101314,2026-05-01,26.62,Paid,0,0,0
INV-0007882,CUST-101314,2026-06-01,26.35,Paid,0,0,0
INV-0007883,CUST-101314,2026-07-01,26.54,Paid,0,0,0
INV-0007884,CUST-101314,2026-08-01,27.43,Paid,0,1,0
INV-0007885,CUST-101315,2026-03-01,176.97,Paid,0,0,0
INV-0007886,CUST-101315,2026-04-01,173.12,Paid,0,0,0
INV-0007887,CUST-101315,2026-05-01,213.89,Paid,0,1,0
INV-0007888,CUST-101315,2026-06-01,174.6,Paid,0,1,0
INV-0007889,CUST-101315,2026-07-01,175.6,Late,11,1,0
INV-0007890,CUST-101315,2026-08-01,175.15,Paid,0,0,0
INV-0007891,CUST-101316,2026-03-01,44.48,Paid,0,0,0
INV-0007892,CUST-101316,2026-04-01,33.6,Late,27,1,0
INV-0007893,CUST-101316,2026-05-01,39.21,Paid,0,0,0
INV-0007894,CUST-101316,2026-06-01,44.0,Paid,0,0,0
INV-0007895,CUST-101316,2026-07-01,32.93,Paid,0,0,0
INV-0007896,CUST-101316,2026-08-01,33.66,Paid,0,0,0
INV-0007897,CUST-101317,2026-03-01,153.79,Paid,0,0,0
INV-0007898,CUST-101317,2026-04-01,154.96,Paid,0,0,0
INV-0007899,CUST-101317,2026-05-01,161.22,Paid,0,0,0
INV-0007900,CUST-101317,2026-06-01,155.61,Late,19,0,0
INV-0007901,CUST-101317,2026-07-01,157.04,Paid,0,0,0
INV-0007902,CUST-101317,2026-08-01,147.3,Paid,0,0,0
INV-0007903,CUST-101318,2026-03-01,80.14,Paid,0,0,0
INV-0007904,CUST-101318,2026-04-01,77.51,Paid,0,0,0
INV-0007905,CUST-101318,2026-05-01,80.46,Paid,0,0,0
INV-0007906,CUST-101318,2026-06-01,76.44,Paid,0,0,0
INV-0007907,CUST-101318,2026-07-01,80.18,Paid,0,0,0
INV-0007908,CUST-101318,2026-08-01,80.14,Paid,0,0,0
INV-0007909,CUST-101319,2026-03-01,39.83,Paid,0,0,0
INV-0007910,CUST-101319,2026-04-01,40.05,Paid,0,0,0
INV-0007911,CUST-101319,2026-05-01,38.4,Paid,0,0,0
INV-0007912,CUST-101319,2026-06-01,38.97,Paid,0,0,0
INV-0007913,CUST-101319,2026-07-01,40.3,Paid,0,0,0
INV-0007914,CUST-101319,2026-08-01,37.55,Paid,0,0,0
INV-0007915,CUST-101320,2026-03-01,38.13,Paid,0,0,0
INV-0007916,CUST-101320,2026-04-01,37.49,Paid,0,0,0
INV-0007917,CUST-101320,2026-05-01,37.68,Paid,0,0,0
INV-0007918,CUST-101320,2026-06-01,36.01,Paid,0,0,0
INV-0007919,CUST-101320,2026-07-01,37.75,Paid,0,0,0
INV-0007920,CUST-101320,2026-08-01,36.53,Paid,0,0,0
INV-0007921,CUST-101321,2026-03-01,81.93,Late,28,0,0
INV-0007922,CUST-101321,2026-04-01,87.28,Paid,0,0,0
INV-0007923,CUST-101321,2026-05-01,86.04,Paid,0,0,0
INV-0007924,CUST-101321,2026-06-01,85.23,Paid,0,0,0
INV-0007925,CUST-101321,2026-07-01,86.9,Paid,0,0,0
INV-0007926,CUST-101321,2026-08-01,86.54,Paid,0,0,0
INV-0007927,CUST-101322,2026-03-01,178.79,Paid,0,0,0
INV-0007928,CUST-101322,2026-04-01,181.3,Paid,0,0,0
INV-0007929,CUST-101322,2026-05-01,181.15,Paid,0,0,0
INV-0007930,CUST-101322,2026-06-01,185.52,Paid,0,0,0
INV-0007931,CUST-101322,2026-07-01,180.3,Paid,0,0,0
INV-0007932,CUST-101322,2026-08-01,185.32,Paid,0,0,0
INV-0007933,CUST-101323,2026-03-01,35.96,Paid,0,0,0
INV-0007934,CUST-101323,2026-04-01,34.64,Paid,0,0,0
INV-0007935,CUST-101323,2026-05-01,35.33,Paid,0,1,0
INV-0007936,CUST-101323,2026-06-01,35.44,Paid,0,0,0
INV-0007937,CUST-101323,2026-07-01,34.19,Paid,0,0,0
INV-0007938,CUST-101323,2026-08-01,33.8,Paid,0,0,0
INV-0007939,CUST-101324,2026-03-01,77.68,Paid,0,0,0
INV-0007940,CUST-101324,2026-04-01,73.45,Paid,0,0,0
INV-0007941,CUST-101324,2026-05-01,70.8,Paid,0,0,0
INV-0007942,CUST-101324,2026-06-01,77.56,Paid,0,0,0
INV-0007943,CUST-101324,2026-07-01,72.42,Paid,0,0,0
INV-0007944,CUST-101324,2026-08-01,71.58,Paid,0,0,0
INV-0007945,CUST-101325,2026-03-01,75.38,Late,3,0,0
INV-0007946,CUST-101325,2026-04-01,72.99,Paid,0,0,0
INV-0007947,CUST-101325,2026-05-01,71.61,Paid,0,0,0
INV-0007948,CUST-101325,2026-06-01,69.82,Late,27,0,0
INV-0007949,CUST-101325,2026-07-01,73.38,Paid,0,0,0
INV-0007950,CUST-101325,2026-08-01,69.91,Paid,0,1,1
INV-0007951,CUST-101326,2026-03-01,91.37,Paid,0,0,0
INV-0007952,CUST-101326,2026-04-01,92.93,Paid,0,0,0
INV-0007953,CUST-101326,2026-05-01,93.97,Paid,0,1,0
INV-0007954,CUST-101326,2026-06-01,92.07,Paid,0,0,0
INV-0007955,CUST-101326,2026-07-01,94.31,Paid,0,0,0
INV-0007956,CUST-101326,2026-08-01,89.74,Paid,0,0,0
INV-0007957,CUST-101327,2026-03-01,37.12,Paid,0,0,0
INV-0007958,CUST-101327,2026-04-01,37.15,Paid,0,0,0
INV-0007959,CUST-101327,2026-05-01,36.41,Paid,0,0,0
INV-0007960,CUST-101327,2026-06-01,35.98,Paid,0,0,0
INV-0007961,CUST-101327,2026-07-01,36.35,Paid,0,0,0
INV-0007962,CUST-101327,2026-08-01,37.24,Paid,0,0,0
INV-0007963,CUST-101328,2026-03-01,166.85,Paid,0,0,0
INV-0007964,CUST-101328,2026-04-01,170.22,Paid,0,0,0
INV-0007965,CUST-101328,2026-05-01,164.76,Paid,0,0,0
INV-0007966,CUST-101328,2026-06-01,162.48,Paid,0,0,0
INV-0007967,CUST-101328,2026-07-01,177.5,Paid,0,0,0
INV-0007968,CUST-101328,2026-08-01,162.64,Paid,0,0,0
INV-0007969,CUST-101329,2026-03-01,30.97,Paid,0,0,0
INV-0007970,CUST-101329,2026-04-01,30.97,Late,13,0,0
INV-0007971,CUST-101329,2026-05-01,32.15,Paid,0,0,0
INV-0007972,CUST-101329,2026-06-01,33.45,Paid,0,0,0
INV-0007973,CUST-101329,2026-07-01,32.26,Paid,0,0,0
INV-0007974,CUST-101329,2026-08-01,32.41,Paid,0,0,0
INV-0007975,CUST-101330,2026-03-01,89.74,Paid,0,0,0
INV-0007976,CUST-101330,2026-04-01,88.05,Paid,0,0,0
INV-0007977,CUST-101330,2026-05-01,87.35,Paid,0,0,0
INV-0007978,CUST-101330,2026-06-01,84.72,Paid,0,0,0
INV-0007979,CUST-101330,2026-07-01,84.43,Paid,0,0,0
INV-0007980,CUST-101330,2026-08-01,90.86,Paid,0,0,0
INV-0007981,CUST-101331,2026-03-01,172.68,Paid,0,0,0
INV-0007982,CUST-101331,2026-04-01,172.18,Paid,0,0,0
INV-0007983,CUST-101331,2026-05-01,168.44,Late,15,0,0
INV-0007984,CUST-101331,2026-06-01,172.39,Paid,0,0,0
INV-0007985,CUST-101331,2026-07-01,166.88,Late,14,0,0
INV-0007986,CUST-101331,2026-08-01,170.12,Paid,0,0,0
INV-0007987,CUST-101332,2026-03-01,96.66,Paid,0,0,0
INV-0007988,CUST-101332,2026-04-01,92.61,Paid,0,0,0
INV-0007989,CUST-101332,2026-05-01,96.74,Paid,0,0,0
INV-0007990,CUST-101332,2026-06-01,95.92,Paid,0,0,0
INV-0007991,CUST-101332,2026-07-01,93.2,Paid,0,0,0
INV-0007992,CUST-101332,2026-08-01,93.89,Paid,0,0,0
INV-0007993,CUST-101333,2026-03-01,75.64,Paid,0,0,0
INV-0007994,CUST-101333,2026-04-01,78.24,Paid,0,0,0
INV-0007995,CUST-101333,2026-05-01,79.3,Paid,0,0,0
INV-0007996,CUST-101333,2026-06-01,73.64,Paid,0,0,0
INV-0007997,CUST-101333,2026-07-01,79.3,Paid,0,0,0
INV-0007998,CUST-101333,2026-08-01,76.31,Paid,0,0,0
INV-0007999,CUST-101334,2026-03-01,83.92,Paid,0,0,0
INV-0008000,CUST-101334,2026-04-01,82.02,Paid,0,0,0
INV-0008001,CUST-101334,2026-05-01,80.37,Paid,0,0,0
INV-0008002,CUST-101334,2026-06-01,77.62,Paid,0,0,0
INV-0008003,CUST-101334,2026-07-01,83.01,Paid,0,0,0
INV-0008004,CUST-101334,2026-08-01,83.66,Paid,0,0,0
INV-0008005,CUST-101335,2026-03-01,34.6,Paid,0,1,0
INV-0008006,CUST-101335,2026-04-01,35.48,Paid,0,0,0
INV-0008007,CUST-101335,2026-05-01,35.37,Paid,0,0,0
INV-0008008,CUST-101335,2026-06-01,36.77,Paid,0,0,0
INV-0008009,CUST-101335,2026-07-01,35.82,Paid,0,0,0
INV-0008010,CUST-101335,2026-08-01,37.0,Paid,0,0,0
INV-0008011,CUST-101336,2026-03-01,87.34,Paid,0,1,0
INV-0008012,CUST-101336,2026-04-01,87.85,Paid,0,0,0
INV-0008013,CUST-101336,2026-05-01,88.86,Paid,0,1,0
INV-0008014,CUST-101336,2026-06-01,86.73,Paid,0,0,0
INV-0008015,CUST-101336,2026-07-01,83.8,Paid,0,0,0
INV-0008016,CUST-101336,2026-08-01,86.33,Paid,0,0,0
INV-0008017,CUST-101337,2026-03-01,27.65,Paid,0,0,0
INV-0008018,CUST-101337,2026-04-01,28.55,Paid,0,0,0
INV-0008019,CUST-101337,2026-05-01,29.92,Paid,0,0,0
INV-0008020,CUST-101337,2026-06-01,29.76,Paid,0,0,0
INV-0008021,CUST-101337,2026-07-01,28.71,Paid,0,0,0
INV-0008022,CUST-101337,2026-08-01,29.49,Paid,0,0,0
INV-0008023,CUST-101338,2026-03-01,77.1,Paid,0,0,0
INV-0008024,CUST-101338,2026-04-01,79.51,Paid,0,0,0
INV-0008025,CUST-101338,2026-05-01,80.65,Paid,0,0,0
INV-0008026,CUST-101338,2026-06-01,80.8,Paid,0,0,0
INV-0008027,CUST-101338,2026-07-01,80.34,Paid,0,0,0
INV-0008028,CUST-101338,2026-08-01,79.81,Paid,0,0,0
INV-0008029,CUST-101339,2026-03-01,80.31,Paid,0,0,0
INV-0008030,CUST-101339,2026-04-01,77.66,Paid,0,0,0
INV-0008031,CUST-101339,2026-05-01,76.75,Paid,0,0,0
INV-0008032,CUST-101339,2026-06-01,81.2,Paid,0,0,0
INV-0008033,CUST-101339,2026-07-01,79.51,Paid,0,0,0
INV-0008034,CUST-101339,2026-08-01,75.97,Paid,0,0,0
INV-0008035,CUST-101340,2026-03-01,99.52,Paid,0,0,0
INV-0008036,CUST-101340,2026-04-01,96.74,Paid,0,0,0
INV-0008037,CUST-101340,2026-05-01,98.9,Paid,0,0,0
INV-0008038,CUST-101340,2026-06-01,99.6,Late,18,0,0
INV-0008039,CUST-101340,2026-07-01,100.42,Paid,0,0,0
INV-0008040,CUST-101340,2026-08-01,96.57,Paid,0,0,0
INV-0008041,CUST-101341,2026-03-01,35.66,Paid,0,0,0
INV-0008042,CUST-101341,2026-04-01,35.82,Paid,0,0,0
INV-0008043,CUST-101341,2026-05-01,35.41,Paid,0,0,0
INV-0008044,CUST-101341,2026-06-01,35.05,Paid,0,0,0
INV-0008045,CUST-101341,2026-07-01,34.35,Paid,0,0,0
INV-0008046,CUST-101341,2026-08-01,35.55,Late,18,0,0
INV-0008047,CUST-101342,2026-03-01,163.51,Paid,0,0,0
INV-0008048,CUST-101342,2026-04-01,167.86,Late,31,0,0
INV-0008049,CUST-101342,2026-05-01,162.48,Late,30,1,0
INV-0008050,CUST-101342,2026-06-01,165.39,Late,9,0,0
INV-0008051,CUST-101342,2026-07-01,166.36,Late,32,1,0
INV-0008052,CUST-101342,2026-08-01,157.48,Paid,0,1,0
INV-0008053,CUST-101343,2026-03-01,85.62,Paid,0,0,0
INV-0008054,CUST-101343,2026-04-01,90.34,Paid,0,0,0
INV-0008055,CUST-101343,2026-05-01,82.34,Paid,0,0,0
INV-0008056,CUST-101343,2026-06-01,95.06,Paid,0,0,0
INV-0008057,CUST-101343,2026-07-01,86.19,Paid,0,0,0
INV-0008058,CUST-101343,2026-08-01,90.33,Paid,0,0,0
INV-0008059,CUST-101344,2026-03-01,193.82,Paid,0,0,0
INV-0008060,CUST-101344,2026-04-01,185.81,Paid,0,0,0
INV-0008061,CUST-101344,2026-05-01,186.04,Paid,0,0,0
INV-0008062,CUST-101344,2026-06-01,187.24,Paid,0,0,0
INV-0008063,CUST-101344,2026-07-01,196.98,Paid,0,0,0
INV-0008064,CUST-101344,2026-08-01,189.6,Paid,0,0,0
INV-0008065,CUST-101345,2026-03-01,75.71,Paid,0,0,0
INV-0008066,CUST-101345,2026-04-01,74.07,Paid,0,0,0
INV-0008067,CUST-101345,2026-05-01,76.59,Paid,0,0,0
INV-0008068,CUST-101345,2026-06-01,74.95,Paid,0,0,0
INV-0008069,CUST-101345,2026-07-01,73.15,Paid,0,0,0
INV-0008070,CUST-101345,2026-08-01,72.41,Paid,0,0,0
INV-0008071,CUST-101346,2026-03-01,82.48,Paid,0,0,0
INV-0008072,CUST-101346,2026-04-01,80.92,Paid,0,0,0
INV-0008073,CUST-101346,2026-05-01,81.59,Paid,0,0,0
INV-0008074,CUST-101346,2026-06-01,85.31,Paid,0,0,0
INV-0008075,CUST-101346,2026-07-01,84.46,Paid,0,0,0
INV-0008076,CUST-101346,2026-08-01,81.76,Paid,0,0,0
INV-0008077,CUST-101347,2026-03-01,160.57,Paid,0,0,0
INV-0008078,CUST-101347,2026-04-01,160.42,Paid,0,0,0
INV-0008079,CUST-101347,2026-05-01,168.2,Paid,0,0,0
INV-0008080,CUST-101347,2026-06-01,160.6,Paid,0,0,0
INV-0008081,CUST-101347,2026-07-01,163.31,Paid,0,0,0
INV-0008082,CUST-101347,2026-08-01,161.34,Paid,0,0,0
INV-0008083,CUST-101348,2026-03-01,169.91,Paid,0,0,0
INV-0008084,CUST-101348,2026-04-01,172.94,Paid,0,0,0
INV-0008085,CUST-101348,2026-05-01,172.32,Paid,0,1,0
INV-0008086,CUST-101348,2026-06-01,165.74,Paid,0,0,0
INV-0008087,CUST-101348,2026-07-01,172.25,Paid,0,0,0
INV-0008088,CUST-101348,2026-08-01,165.62,Paid,0,0,0
INV-0008089,CUST-101349,2026-03-01,31.71,Paid,0,0,0
INV-0008090,CUST-101349,2026-04-01,32.44,Paid,0,0,0
INV-0008091,CUST-101349,2026-05-01,32.15,Paid,0,0,0
INV-0008092,CUST-101349,2026-06-01,33.56,Paid,0,0,0
INV-0008093,CUST-101349,2026-07-01,33.42,Paid,0,0,0
INV-0008094,CUST-101349,2026-08-01,31.01,Paid,0,1,0
INV-0008095,CUST-101350,2026-03-01,71.11,Paid,0,1,0
INV-0008096,CUST-101350,2026-04-01,68.44,Paid,0,0,0
INV-0008097,CUST-101350,2026-05-01,66.93,Paid,0,0,0
INV-0008098,CUST-101350,2026-06-01,69.33,Paid,0,1,0
INV-0008099,CUST-101350,2026-07-01,82.66,Late,6,0,0
INV-0008100,CUST-101350,2026-08-01,67.56,Paid,0,1,1
INV-0008101,CUST-101351,2026-03-01,37.26,Paid,0,0,0
INV-0008102,CUST-101351,2026-04-01,37.22,Paid,0,0,0
INV-0008103,CUST-101351,2026-05-01,34.18,Paid,0,0,0
INV-0008104,CUST-101351,2026-06-01,36.1,Paid,0,0,0
INV-0008105,CUST-101351,2026-07-01,35.73,Paid,0,0,0
INV-0008106,CUST-101351,2026-08-01,37.39,Paid,0,0,0
INV-0008107,CUST-101352,2026-03-01,87.09,Paid,0,0,0
INV-0008108,CUST-101352,2026-04-01,87.09,Late,19,0,0
INV-0008109,CUST-101352,2026-05-01,90.45,Paid,0,0,0
INV-0008110,CUST-101352,2026-06-01,84.4,Paid,0,0,0
INV-0008111,CUST-101352,2026-07-01,83.09,Paid,0,0,0
INV-0008112,CUST-101352,2026-08-01,88.18,Paid,0,0,0
INV-0008113,CUST-101353,2026-03-01,76.36,Paid,0,0,0
INV-0008114,CUST-101353,2026-04-01,78.85,Paid,0,0,0
INV-0008115,CUST-101353,2026-05-01,72.52,Paid,0,0,0
INV-0008116,CUST-101353,2026-06-01,70.04,Paid,0,1,0
INV-0008117,CUST-101353,2026-07-01,74.92,Paid,0,0,0
INV-0008118,CUST-101353,2026-08-01,76.56,Paid,0,0,0
INV-0008119,CUST-101354,2026-03-01,76.6,Paid,0,0,0
INV-0008120,CUST-101354,2026-04-01,82.85,Paid,0,0,0
INV-0008121,CUST-101354,2026-05-01,80.12,Paid,0,0,0
INV-0008122,CUST-101354,2026-06-01,81.61,Paid,0,0,0
INV-0008123,CUST-101354,2026-07-01,81.01,Paid,0,0,0
INV-0008124,CUST-101354,2026-08-01,81.28,Paid,0,0,0
INV-0008125,CUST-101355,2026-03-01,145.15,Paid,0,0,0
INV-0008126,CUST-101355,2026-04-01,143.9,Paid,0,0,0
INV-0008127,CUST-101355,2026-05-01,147.87,Paid,0,0,0
INV-0008128,CUST-101355,2026-06-01,150.46,Paid,0,0,0
INV-0008129,CUST-101355,2026-07-01,145.81,Late,14,0,0
INV-0008130,CUST-101355,2026-08-01,140.33,Paid,0,0,0
INV-0008131,CUST-101356,2026-03-01,70.11,Paid,0,0,0
INV-0008132,CUST-101356,2026-04-01,71.55,Paid,0,0,0
INV-0008133,CUST-101356,2026-05-01,72.88,Paid,0,0,0
INV-0008134,CUST-101356,2026-06-01,69.44,Paid,0,0,0
INV-0008135,CUST-101356,2026-07-01,75.95,Paid,0,0,0
INV-0008136,CUST-101356,2026-08-01,73.41,Paid,0,0,0
INV-0008137,CUST-101357,2026-03-01,324.45,Paid,0,0,0
INV-0008138,CUST-101357,2026-04-01,313.31,Paid,0,0,0
INV-0008139,CUST-101357,2026-05-01,327.3,Paid,0,0,0
INV-0008140,CUST-101357,2026-06-01,329.32,Paid,0,0,0
INV-0008141,CUST-101357,2026-07-01,322.54,Late,29,0,0
INV-0008142,CUST-101357,2026-08-01,309.52,Paid,0,0,0
INV-0008143,CUST-101358,2026-03-01,76.66,Paid,0,0,0
INV-0008144,CUST-101358,2026-04-01,73.27,Paid,0,0,0
INV-0008145,CUST-101358,2026-05-01,76.8,Paid,0,0,0
INV-0008146,CUST-101358,2026-06-01,78.22,Paid,0,0,0
INV-0008147,CUST-101358,2026-07-01,76.11,Paid,0,0,0
INV-0008148,CUST-101358,2026-08-01,75.09,Paid,0,0,0
INV-0008149,CUST-101359,2026-03-01,143.3,Paid,0,1,0
INV-0008150,CUST-101359,2026-04-01,180.16,Paid,0,0,0
INV-0008151,CUST-101359,2026-05-01,136.81,Paid,0,1,1
INV-0008152,CUST-101359,2026-06-01,144.23,Late,31,0,0
INV-0008153,CUST-101359,2026-07-01,172.36,Late,23,1,1
INV-0008154,CUST-101359,2026-08-01,135.25,Paid,0,0,0
INV-0008155,CUST-101360,2026-03-01,39.19,Paid,0,0,0
INV-0008156,CUST-101360,2026-04-01,37.61,Paid,0,0,0
INV-0008157,CUST-101360,2026-05-01,38.93,Paid,0,0,0
INV-0008158,CUST-101360,2026-06-01,37.43,Paid,0,0,0
INV-0008159,CUST-101360,2026-07-01,38.94,Paid,0,0,0
INV-0008160,CUST-101360,2026-08-01,38.85,Paid,0,0,0
INV-0008161,CUST-101361,2026-03-01,36.49,Paid,0,0,0
INV-0008162,CUST-101361,2026-04-01,36.8,Paid,0,1,1
INV-0008163,CUST-101361,2026-05-01,36.19,Paid,0,1,0
INV-0008164,CUST-101361,2026-06-01,36.67,Paid,0,0,0
INV-0008165,CUST-101361,2026-07-01,36.4,Paid,0,0,0
INV-0008166,CUST-101361,2026-08-01,36.89,Paid,0,0,0
INV-0008167,CUST-101362,2026-03-01,31.9,Paid,0,0,0
INV-0008168,CUST-101362,2026-04-01,31.96,Paid,0,0,0
INV-0008169,CUST-101362,2026-05-01,30.82,Paid,0,0,0
INV-0008170,CUST-101362,2026-06-01,31.86,Paid,0,0,0
INV-0008171,CUST-101362,2026-07-01,31.94,Paid,0,0,0
INV-0008172,CUST-101362,2026-08-01,32.24,Paid,0,0,0
INV-0008173,CUST-101363,2026-03-01,65.49,Paid,0,0,0
INV-0008174,CUST-101363,2026-04-01,67.28,Paid,0,0,0
INV-0008175,CUST-101363,2026-05-01,67.25,Paid,0,0,0
INV-0008176,CUST-101363,2026-06-01,66.05,Paid,0,0,0
INV-0008177,CUST-101363,2026-07-01,65.68,Paid,0,0,0
INV-0008178,CUST-101363,2026-08-01,65.4,Paid,0,0,0
INV-0008179,CUST-101364,2026-03-01,154.46,Paid,0,0,0
INV-0008180,CUST-101364,2026-04-01,179.33,Paid,0,0,0
INV-0008181,CUST-101364,2026-05-01,158.21,Paid,0,1,1
INV-0008182,CUST-101364,2026-06-01,195.56,Late,1,1,1
INV-0008183,CUST-101364,2026-07-01,152.63,Paid,0,1,0
INV-0008184,CUST-101364,2026-08-01,208.56,Late,28,0,0
INV-0008185,CUST-101365,2026-03-01,37.17,Paid,0,0,0
INV-0008186,CUST-101365,2026-04-01,38.53,Paid,0,0,0
INV-0008187,CUST-101365,2026-05-01,39.49,Paid,0,0,0
INV-0008188,CUST-101365,2026-06-01,38.52,Late,3,0,0
INV-0008189,CUST-101365,2026-07-01,37.9,Paid,0,0,0
INV-0008190,CUST-101365,2026-08-01,36.51,Paid,0,0,0
INV-0008191,CUST-101366,2026-03-01,69.19,Paid,0,0,0
INV-0008192,CUST-101366,2026-04-01,73.8,Paid,0,0,0
INV-0008193,CUST-101366,2026-05-01,78.31,Paid,0,0,0
INV-0008194,CUST-101366,2026-06-01,75.55,Paid,0,0,0
INV-0008195,CUST-101366,2026-07-01,75.96,Paid,0,0,0
INV-0008196,CUST-101366,2026-08-01,73.15,Paid,0,0,0
INV-0008197,CUST-101367,2026-03-01,149.82,Paid,0,0,0
INV-0008198,CUST-101367,2026-04-01,154.37,Paid,0,0,0
INV-0008199,CUST-101367,2026-05-01,152.83,Paid,0,0,0
INV-0008200,CUST-101367,2026-06-01,154.18,Late,32,0,0
INV-0008201,CUST-101367,2026-07-01,147.72,Paid,0,0,0
INV-0008202,CUST-101367,2026-08-01,158.14,Paid,0,0,0
INV-0008203,CUST-101368,2026-03-01,36.33,Paid,0,0,0
INV-0008204,CUST-101368,2026-04-01,36.85,Late,1,0,0
INV-0008205,CUST-101368,2026-05-01,45.72,Paid,0,0,0
INV-0008206,CUST-101368,2026-06-01,35.81,Late,14,0,0
INV-0008207,CUST-101368,2026-07-01,45.34,Paid,0,0,0
INV-0008208,CUST-101368,2026-08-01,46.27,Paid,0,0,0
INV-0008209,CUST-101369,2026-03-01,172.53,Paid,0,0,0
INV-0008210,CUST-101369,2026-04-01,170.69,Paid,0,0,0
INV-0008211,CUST-101369,2026-05-01,176.72,Late,25,0,0
INV-0008212,CUST-101369,2026-06-01,166.52,Paid,0,0,0
INV-0008213,CUST-101369,2026-07-01,173.4,Paid,0,0,0
INV-0008214,CUST-101369,2026-08-01,167.68,Paid,0,0,0
INV-0008215,CUST-101370,2026-03-01,78.51,Late,25,1,0
INV-0008216,CUST-101370,2026-04-01,77.34,Paid,0,1,1
INV-0008217,CUST-101370,2026-05-01,84.88,Late,33,1,0
INV-0008218,CUST-101370,2026-06-01,95.43,Paid,0,1,1
INV-0008219,CUST-101370,2026-07-01,73.52,Late,9,0,0
INV-0008220,CUST-101370,2026-08-01,75.28,Paid,0,1,0
INV-0008221,CUST-101371,2026-03-01,36.0,Paid,0,0,0
INV-0008222,CUST-101371,2026-04-01,36.51,Paid,0,0,0
INV-0008223,CUST-101371,2026-05-01,34.47,Paid,0,0,0
INV-0008224,CUST-101371,2026-06-01,36.52,Paid,0,0,0
INV-0008225,CUST-101371,2026-07-01,36.02,Paid,0,0,0
INV-0008226,CUST-101371,2026-08-01,35.18,Paid,0,0,0
INV-0008227,CUST-101372,2026-03-01,23.09,Late,25,0,0
INV-0008228,CUST-101372,2026-04-01,23.97,Late,17,0,0
INV-0008229,CUST-101372,2026-05-01,24.74,Paid,0,1,0
INV-0008230,CUST-101372,2026-06-01,23.71,Paid,0,0,0
INV-0008231,CUST-101372,2026-07-01,23.15,Paid,0,0,0
INV-0008232,CUST-101372,2026-08-01,30.51,Late,33,0,0
INV-0008233,CUST-101373,2026-03-01,73.81,Paid,0,0,0
INV-0008234,CUST-101373,2026-04-01,78.13,Paid,0,0,0
INV-0008235,CUST-101373,2026-05-01,79.12,Paid,0,0,0
INV-0008236,CUST-101373,2026-06-01,75.61,Paid,0,0,0
INV-0008237,CUST-101373,2026-07-01,75.68,Paid,0,0,0
INV-0008238,CUST-101373,2026-08-01,73.53,Paid,0,0,0
INV-0008239,CUST-101374,2026-03-01,129.67,Paid,0,0,0
INV-0008240,CUST-101374,2026-04-01,131.06,Paid,0,1,1
INV-0008241,CUST-101374,2026-05-01,133.71,Paid,0,0,0
INV-0008242,CUST-101374,2026-06-01,132.66,Paid,0,0,0
INV-0008243,CUST-101374,2026-07-01,135.99,Paid,0,0,0
INV-0008244,CUST-101374,2026-08-01,135.62,Paid,0,0,0
INV-0008245,CUST-101375,2026-03-01,33.09,Late,25,0,0
INV-0008246,CUST-101375,2026-04-01,32.57,Paid,0,1,0
INV-0008247,CUST-101375,2026-05-01,32.09,Paid,0,0,0
INV-0008248,CUST-101375,2026-06-01,32.77,Late,2,1,0
INV-0008249,CUST-101375,2026-07-01,32.96,Late,29,0,0
INV-0008250,CUST-101375,2026-08-01,32.99,Paid,0,0,0
INV-0008251,CUST-101376,2026-03-01,85.88,Paid,0,0,0
INV-0008252,CUST-101376,2026-04-01,85.66,Paid,0,0,0
INV-0008253,CUST-101376,2026-05-01,86.93,Paid,0,1,0
INV-0008254,CUST-101376,2026-06-01,82.15,Paid,0,0,0
INV-0008255,CUST-101376,2026-07-01,84.5,Paid,0,0,0
INV-0008256,CUST-101376,2026-08-01,88.58,Paid,0,0,0
INV-0008257,CUST-101377,2026-03-01,31.91,Paid,0,0,0
INV-0008258,CUST-101377,2026-04-01,34.79,Paid,0,0,0
INV-0008259,CUST-101377,2026-05-01,33.54,Paid,0,0,0
INV-0008260,CUST-101377,2026-06-01,33.72,Paid,0,0,0
INV-0008261,CUST-101377,2026-07-01,34.9,Paid,0,0,0
INV-0008262,CUST-101377,2026-08-01,32.72,Paid,0,0,0
INV-0008263,CUST-101378,2026-03-01,34.6,Paid,0,0,0
INV-0008264,CUST-101378,2026-04-01,32.37,Paid,0,0,0
INV-0008265,CUST-101378,2026-05-01,33.51,Paid,0,0,0
INV-0008266,CUST-101378,2026-06-01,32.58,Late,18,1,1
INV-0008267,CUST-101378,2026-07-01,33.25,Paid,0,0,0
INV-0008268,CUST-101378,2026-08-01,34.07,Paid,0,0,0
INV-0008269,CUST-101379,2026-03-01,145.77,Paid,0,0,0
INV-0008270,CUST-101379,2026-04-01,154.1,Paid,0,0,0
INV-0008271,CUST-101379,2026-05-01,147.25,Paid,0,0,0
INV-0008272,CUST-101379,2026-06-01,152.46,Paid,0,0,0
INV-0008273,CUST-101379,2026-07-01,146.72,Paid,0,0,0
INV-0008274,CUST-101379,2026-08-01,146.59,Paid,0,0,0
INV-0008275,CUST-101380,2026-03-01,177.44,Paid,0,0,0
INV-0008276,CUST-101380,2026-04-01,184.8,Paid,0,0,0
INV-0008277,CUST-101380,2026-05-01,179.41,Paid,0,0,0
INV-0008278,CUST-101380,2026-06-01,176.14,Paid,0,0,0
INV-0008279,CUST-101380,2026-07-01,181.9,Late,16,0,0
INV-0008280,CUST-101380,2026-08-01,169.9,Paid,0,0,0
INV-0008281,CUST-101381,2026-03-01,374.98,Paid,0,0,0
INV-0008282,CUST-101381,2026-04-01,372.1,Paid,0,0,0
INV-0008283,CUST-101381,2026-05-01,361.36,Paid,0,0,0
INV-0008284,CUST-101381,2026-06-01,378.45,Paid,0,0,0
INV-0008285,CUST-101381,2026-07-01,371.86,Late,6,0,0
INV-0008286,CUST-101381,2026-08-01,375.18,Paid,0,0,0
INV-0008287,CUST-101382,2026-03-01,96.52,Late,28,0,0
INV-0008288,CUST-101382,2026-04-01,122.85,Late,9,0,0
INV-0008289,CUST-101382,2026-05-01,121.49,Paid,0,0,0
INV-0008290,CUST-101382,2026-06-01,99.8,Late,24,1,0
INV-0008291,CUST-101382,2026-07-01,102.2,Paid,0,0,0
INV-0008292,CUST-101382,2026-08-01,96.25,Paid,0,0,0
INV-0008293,CUST-101383,2026-03-01,143.18,Paid,0,0,0
INV-0008294,CUST-101383,2026-04-01,142.08,Paid,0,0,0
INV-0008295,CUST-101383,2026-05-01,145.19,Paid,0,0,0
INV-0008296,CUST-101383,2026-06-01,149.64,Paid,0,0,0
INV-0008297,CUST-101383,2026-07-01,142.4,Paid,0,0,0
INV-0008298,CUST-101383,2026-08-01,141.61,Paid,0,0,0
INV-0008299,CUST-101384,2026-03-01,36.82,Paid,0,0,0
INV-0008300,CUST-101384,2026-04-01,34.14,Paid,0,0,0
INV-0008301,CUST-101384,2026-05-01,36.65,Paid,0,0,0
INV-0008302,CUST-101384,2026-06-01,37.83,Paid,0,0,0
INV-0008303,CUST-101384,2026-07-01,38.76,Paid,0,0,0
INV-0008304,CUST-101384,2026-08-01,37.32,Paid,0,0,0
INV-0008305,CUST-101385,2026-03-01,161.42,Paid,0,0,0
INV-0008306,CUST-101385,2026-04-01,160.27,Paid,0,0,0
INV-0008307,CUST-101385,2026-05-01,152.74,Paid,0,1,0
INV-0008308,CUST-101385,2026-06-01,157.83,Paid,0,0,0
INV-0008309,CUST-101385,2026-07-01,159.68,Paid,0,0,0
INV-0008310,CUST-101385,2026-08-01,154.57,Paid,0,0,0
INV-0008311,CUST-101386,2026-03-01,161.03,Paid,0,0,0
INV-0008312,CUST-101386,2026-04-01,168.16,Paid,0,0,0
INV-0008313,CUST-101386,2026-05-01,161.63,Paid,0,0,0
INV-0008314,CUST-101386,2026-06-01,163.46,Paid,0,0,0
INV-0008315,CUST-101386,2026-07-01,173.14,Paid,0,0,0
INV-0008316,CUST-101386,2026-08-01,156.46,Paid,0,0,0
INV-0008317,CUST-101387,2026-03-01,67.2,Paid,0,0,0
INV-0008318,CUST-101387,2026-04-01,70.13,Paid,0,0,0
INV-0008319,CUST-101387,2026-05-01,67.12,Paid,0,0,0
INV-0008320,CUST-101387,2026-06-01,69.26,Paid,0,0,0
INV-0008321,CUST-101387,2026-07-01,67.94,Paid,0,0,0
INV-0008322,CUST-101387,2026-08-01,70.1,Paid,0,0,0
INV-0008323,CUST-101388,2026-03-01,195.37,Paid,0,0,0
INV-0008324,CUST-101388,2026-04-01,184.08,Late,6,0,0
INV-0008325,CUST-101388,2026-05-01,175.58,Late,13,1,1
INV-0008326,CUST-101388,2026-06-01,235.13,Late,1,0,0
INV-0008327,CUST-101388,2026-07-01,196.1,Paid,0,0,0
INV-0008328,CUST-101388,2026-08-01,168.03,Paid,0,0,0
INV-0008329,CUST-101389,2026-03-01,74.22,Paid,0,0,0
INV-0008330,CUST-101389,2026-04-01,76.42,Paid,0,0,0
INV-0008331,CUST-101389,2026-05-01,72.47,Paid,0,0,0
INV-0008332,CUST-101389,2026-06-01,74.61,Late,8,0,0
INV-0008333,CUST-101389,2026-07-01,71.07,Paid,0,0,0
INV-0008334,CUST-101389,2026-08-01,72.42,Paid,0,0,0
INV-0008335,CUST-101390,2026-03-01,144.88,Paid,0,0,0
INV-0008336,CUST-101390,2026-04-01,140.0,Paid,0,0,0
INV-0008337,CUST-101390,2026-05-01,143.98,Paid,0,0,0
INV-0008338,CUST-101390,2026-06-01,149.77,Paid,0,0,0
INV-0008339,CUST-101390,2026-07-01,145.45,Paid,0,0,0
INV-0008340,CUST-101390,2026-08-01,146.48,Paid,0,0,0
INV-0008341,CUST-101391,2026-03-01,100.06,Late,25,0,0
INV-0008342,CUST-101391,2026-04-01,78.8,Paid,0,1,1
INV-0008343,CUST-101391,2026-05-01,92.47,Late,23,1,1
INV-0008344,CUST-101391,2026-06-01,81.27,Late,34,0,0
INV-0008345,CUST-101391,2026-07-01,81.56,Paid,0,0,0
INV-0008346,CUST-101391,2026-08-01,107.97,Paid,0,1,1
INV-0008347,CUST-101392,2026-03-01,455.3,Paid,0,0,0
INV-0008348,CUST-101392,2026-04-01,446.62,Paid,0,0,0
INV-0008349,CUST-101392,2026-05-01,476.73,Paid,0,0,0
INV-0008350,CUST-101392,2026-06-01,448.78,Paid,0,0,0
INV-0008351,CUST-101392,2026-07-01,471.17,Paid,0,0,0
INV-0008352,CUST-101392,2026-08-01,459.61,Paid,0,0,0
INV-0008353,CUST-101393,2026-03-01,444.13,Paid,0,0,0
INV-0008354,CUST-101393,2026-04-01,439.49,Paid,0,0,0
INV-0008355,CUST-101393,2026-05-01,441.25,Paid,0,0,0
INV-0008356,CUST-101393,2026-06-01,444.94,Paid,0,0,0
INV-0008357,CUST-101393,2026-07-01,445.05,Paid,0,0,0
INV-0008358,CUST-101393,2026-08-01,436.17,Paid,0,0,0
INV-0008359,CUST-101394,2026-03-01,70.88,Paid,0,0,0
INV-0008360,CUST-101394,2026-04-01,67.5,Paid,0,0,0
INV-0008361,CUST-101394,2026-05-01,70.01,Paid,0,0,0
INV-0008362,CUST-101394,2026-06-01,70.5,Paid,0,0,0
INV-0008363,CUST-101394,2026-07-01,67.87,Paid,0,0,0
INV-0008364,CUST-101394,2026-08-01,70.26,Paid,0,0,0
INV-0008365,CUST-101395,2026-03-01,70.74,Paid,0,0,0
INV-0008366,CUST-101395,2026-04-01,68.72,Paid,0,0,0
INV-0008367,CUST-101395,2026-05-01,69.39,Paid,0,0,0
INV-0008368,CUST-101395,2026-06-01,71.02,Paid,0,0,0
INV-0008369,CUST-101395,2026-07-01,69.54,Paid,0,0,0
INV-0008370,CUST-101395,2026-08-01,69.64,Paid,0,0,0
INV-0008371,CUST-101396,2026-03-01,79.94,Paid,0,0,0
INV-0008372,CUST-101396,2026-04-01,80.91,Paid,0,0,0
INV-0008373,CUST-101396,2026-05-01,78.85,Paid,0,0,0
INV-0008374,CUST-101396,2026-06-01,76.52,Paid,0,0,0
INV-0008375,CUST-101396,2026-07-01,76.99,Paid,0,0,0
INV-0008376,CUST-101396,2026-08-01,75.47,Paid,0,0,0
INV-0008377,CUST-101397,2026-03-01,70.92,Paid,0,0,0
INV-0008378,CUST-101397,2026-04-01,73.39,Paid,0,0,0
INV-0008379,CUST-101397,2026-05-01,74.52,Paid,0,0,0
INV-0008380,CUST-101397,2026-06-01,75.36,Paid,0,0,0
INV-0008381,CUST-101397,2026-07-01,74.37,Paid,0,0,0
INV-0008382,CUST-101397,2026-08-01,78.8,Paid,0,0,0
INV-0008383,CUST-101398,2026-03-01,77.46,Paid,0,0,0
INV-0008384,CUST-101398,2026-04-01,79.23,Paid,0,0,0
INV-0008385,CUST-101398,2026-05-01,76.04,Paid,0,0,0
INV-0008386,CUST-101398,2026-06-01,76.95,Paid,0,0,0
INV-0008387,CUST-101398,2026-07-01,79.51,Paid,0,0,0
INV-0008388,CUST-101398,2026-08-01,78.16,Paid,0,0,0
INV-0008389,CUST-101399,2026-03-01,115.6,Late,20,0,0
INV-0008390,CUST-101399,2026-04-01,89.31,Late,33,0,0
INV-0008391,CUST-101399,2026-05-01,89.7,Late,12,1,0
INV-0008392,CUST-101399,2026-06-01,88.86,Paid,0,0,0
INV-0008393,CUST-101399,2026-07-01,86.56,Paid,0,1,0
INV-0008394,CUST-101399,2026-08-01,85.03,Paid,0,1,1
INV-0008395,CUST-101400,2026-03-01,74.92,Paid,0,0,0
INV-0008396,CUST-101400,2026-04-01,67.95,Paid,0,0,0
INV-0008397,CUST-101400,2026-05-01,72.54,Paid,0,0,0
INV-0008398,CUST-101400,2026-06-01,74.71,Late,14,0,0
INV-0008399,CUST-101400,2026-07-01,73.89,Paid,0,0,0
INV-0008400,CUST-101400,2026-08-01,71.5,Paid,0,0,0
INV-0008401,CUST-101401,2026-03-01,139.92,Paid,0,0,0
INV-0008402,CUST-101401,2026-04-01,136.31,Paid,0,0,0
INV-0008403,CUST-101401,2026-05-01,136.06,Paid,0,0,0
INV-0008404,CUST-101401,2026-06-01,138.31,Paid,0,0,0
INV-0008405,CUST-101401,2026-07-01,140.88,Paid,0,0,0
INV-0008406,CUST-101401,2026-08-01,141.96,Paid,0,0,0
INV-0008407,CUST-101402,2026-03-01,86.22,Paid,0,0,0
INV-0008408,CUST-101402,2026-04-01,84.24,Paid,0,0,0
INV-0008409,CUST-101402,2026-05-01,88.79,Paid,0,0,0
INV-0008410,CUST-101402,2026-06-01,86.16,Paid,0,0,0
INV-0008411,CUST-101402,2026-07-01,87.71,Paid,0,0,0
INV-0008412,CUST-101402,2026-08-01,90.79,Paid,0,0,0
INV-0008413,CUST-101403,2026-03-01,173.07,Paid,0,0,0
INV-0008414,CUST-101403,2026-04-01,168.16,Paid,0,0,0
INV-0008415,CUST-101403,2026-05-01,170.3,Paid,0,0,0
INV-0008416,CUST-101403,2026-06-01,165.11,Paid,0,0,0
INV-0008417,CUST-101403,2026-07-01,174.77,Paid,0,0,0
INV-0008418,CUST-101403,2026-08-01,165.69,Paid,0,0,0
INV-0008419,CUST-101404,2026-03-01,84.74,Paid,0,0,0
INV-0008420,CUST-101404,2026-04-01,86.84,Paid,0,0,0
INV-0008421,CUST-101404,2026-05-01,84.06,Paid,0,0,0
INV-0008422,CUST-101404,2026-06-01,84.05,Late,27,0,0
INV-0008423,CUST-101404,2026-07-01,84.59,Paid,0,0,0
INV-0008424,CUST-101404,2026-08-01,84.62,Paid,0,0,0
INV-0008425,CUST-101405,2026-03-01,175.13,Paid,0,0,0
INV-0008426,CUST-101405,2026-04-01,184.65,Paid,0,0,0
INV-0008427,CUST-101405,2026-05-01,181.0,Paid,0,0,0
INV-0008428,CUST-101405,2026-06-01,184.68,Paid,0,0,0
INV-0008429,CUST-101405,2026-07-01,183.53,Paid,0,0,0
INV-0008430,CUST-101405,2026-08-01,182.27,Paid,0,0,0
INV-0008431,CUST-101406,2026-03-01,34.0,Paid,0,0,0
INV-0008432,CUST-101406,2026-04-01,33.21,Paid,0,0,0
INV-0008433,CUST-101406,2026-05-01,32.73,Paid,0,0,0
INV-0008434,CUST-101406,2026-06-01,34.84,Paid,0,0,0
INV-0008435,CUST-101406,2026-07-01,34.78,Paid,0,0,0
INV-0008436,CUST-101406,2026-08-01,34.72,Paid,0,1,1
INV-0008437,CUST-101407,2026-03-01,38.16,Paid,0,0,0
INV-0008438,CUST-101407,2026-04-01,37.66,Paid,0,0,0
INV-0008439,CUST-101407,2026-05-01,37.7,Paid,0,0,0
INV-0008440,CUST-101407,2026-06-01,37.89,Paid,0,0,0
INV-0008441,CUST-101407,2026-07-01,37.92,Paid,0,1,0
INV-0008442,CUST-101407,2026-08-01,38.2,Late,15,0,0
INV-0008443,CUST-101408,2026-03-01,62.09,Paid,0,0,0
INV-0008444,CUST-101408,2026-04-01,62.59,Paid,0,0,0
INV-0008445,CUST-101408,2026-05-01,60.66,Paid,0,0,0
INV-0008446,CUST-101408,2026-06-01,64.93,Paid,0,0,0
INV-0008447,CUST-101408,2026-07-01,64.36,Paid,0,0,0
INV-0008448,CUST-101408,2026-08-01,59.48,Paid,0,0,0
INV-0008449,CUST-101409,2026-03-01,33.41,Paid,0,0,0
INV-0008450,CUST-101409,2026-04-01,33.45,Paid,0,0,0
INV-0008451,CUST-101409,2026-05-01,31.43,Paid,0,0,0
INV-0008452,CUST-101409,2026-06-01,31.96,Paid,0,0,0
INV-0008453,CUST-101409,2026-07-01,31.77,Paid,0,0,0
INV-0008454,CUST-101409,2026-08-01,32.44,Paid,0,0,0
INV-0008455,CUST-101410,2026-03-01,38.42,Paid,0,0,0
INV-0008456,CUST-101410,2026-04-01,38.18,Paid,0,0,0
INV-0008457,CUST-101410,2026-05-01,39.07,Paid,0,0,0
INV-0008458,CUST-101410,2026-06-01,39.53,Paid,0,0,0
INV-0008459,CUST-101410,2026-07-01,37.56,Paid,0,0,0
INV-0008460,CUST-101410,2026-08-01,37.86,Paid,0,0,0
INV-0008461,CUST-101411,2026-03-01,30.22,Paid,0,0,0
INV-0008462,CUST-101411,2026-04-01,30.03,Paid,0,0,0
INV-0008463,CUST-101411,2026-05-01,30.04,Late,15,0,0
INV-0008464,CUST-101411,2026-06-01,29.45,Paid,0,0,0
INV-0008465,CUST-101411,2026-07-01,29.98,Paid,0,0,0
INV-0008466,CUST-101411,2026-08-01,29.25,Paid,0,0,0
INV-0008467,CUST-101412,2026-03-01,156.25,Paid,0,0,0
INV-0008468,CUST-101412,2026-04-01,146.82,Paid,0,0,0
INV-0008469,CUST-101412,2026-05-01,144.89,Paid,0,0,0
INV-0008470,CUST-101412,2026-06-01,148.58,Paid,0,0,0
INV-0008471,CUST-101412,2026-07-01,150.25,Paid,0,0,0
INV-0008472,CUST-101412,2026-08-01,148.82,Paid,0,0,0
INV-0008473,CUST-101413,2026-03-01,156.81,Paid,0,0,0
INV-0008474,CUST-101413,2026-04-01,157.82,Late,11,0,0
INV-0008475,CUST-101413,2026-05-01,151.64,Paid,0,0,0
INV-0008476,CUST-101413,2026-06-01,151.0,Paid,0,0,0
INV-0008477,CUST-101413,2026-07-01,164.78,Paid,0,0,0
INV-0008478,CUST-101413,2026-08-01,162.6,Paid,0,0,0
INV-0008479,CUST-101414,2026-03-01,136.31,Paid,0,0,0
INV-0008480,CUST-101414,2026-04-01,138.01,Paid,0,0,0
INV-0008481,CUST-101414,2026-05-01,139.83,Paid,0,0,0
INV-0008482,CUST-101414,2026-06-01,141.14,Paid,0,0,0
INV-0008483,CUST-101414,2026-07-01,138.1,Paid,0,0,0
INV-0008484,CUST-101414,2026-08-01,134.42,Paid,0,0,0
INV-0008485,CUST-101415,2026-03-01,395.84,Paid,0,0,0
INV-0008486,CUST-101415,2026-04-01,396.96,Paid,0,0,0
INV-0008487,CUST-101415,2026-05-01,403.28,Paid,0,0,0
INV-0008488,CUST-101415,2026-06-01,413.35,Paid,0,0,0
INV-0008489,CUST-101415,2026-07-01,387.76,Paid,0,0,0
INV-0008490,CUST-101415,2026-08-01,404.58,Paid,0,0,0
INV-0008491,CUST-101416,2026-03-01,74.62,Paid,0,0,0
INV-0008492,CUST-101416,2026-04-01,74.31,Paid,0,0,0
INV-0008493,CUST-101416,2026-05-01,74.13,Paid,0,0,0
INV-0008494,CUST-101416,2026-06-01,70.27,Paid,0,0,0
INV-0008495,CUST-101416,2026-07-01,77.57,Paid,0,0,0
INV-0008496,CUST-101416,2026-08-01,75.53,Paid,0,0,0
INV-0008497,CUST-101417,2026-03-01,37.92,Paid,0,0,0
INV-0008498,CUST-101417,2026-04-01,38.04,Paid,0,0,0
INV-0008499,CUST-101417,2026-05-01,38.42,Paid,0,0,0
INV-0008500,CUST-101417,2026-06-01,38.43,Paid,0,0,0
INV-0008501,CUST-101417,2026-07-01,36.29,Paid,0,0,0
INV-0008502,CUST-101417,2026-08-01,38.18,Paid,0,0,0
INV-0008503,CUST-101418,2026-03-01,74.03,Paid,0,1,0
INV-0008504,CUST-101418,2026-04-01,76.68,Paid,0,1,1
INV-0008505,CUST-101418,2026-05-01,74.97,Late,34,1,0
INV-0008506,CUST-101418,2026-06-01,87.43,Late,30,0,0
INV-0008507,CUST-101418,2026-07-01,85.16,Paid,0,1,0
INV-0008508,CUST-101418,2026-08-01,74.69,Late,9,0,0
INV-0008509,CUST-101419,2026-03-01,81.06,Paid,0,0,0
INV-0008510,CUST-101419,2026-04-01,79.36,Late,19,0,0
INV-0008511,CUST-101419,2026-05-01,81.75,Paid,0,0,0
INV-0008512,CUST-101419,2026-06-01,79.47,Paid,0,0,0
INV-0008513,CUST-101419,2026-07-01,78.61,Paid,0,0,0
INV-0008514,CUST-101419,2026-08-01,79.97,Paid,0,0,0
INV-0008515,CUST-101420,2026-03-01,124.82,Paid,0,0,0
INV-0008516,CUST-101420,2026-04-01,130.13,Paid,0,0,0
INV-0008517,CUST-101420,2026-05-01,132.37,Paid,0,0,0
INV-0008518,CUST-101420,2026-06-01,128.76,Paid,0,0,0
INV-0008519,CUST-101420,2026-07-01,130.0,Paid,0,0,0
INV-0008520,CUST-101420,2026-08-01,126.64,Paid,0,0,0
INV-0008521,CUST-101421,2026-03-01,36.94,Paid,0,0,0
INV-0008522,CUST-101421,2026-04-01,35.41,Paid,0,0,0
INV-0008523,CUST-101421,2026-05-01,35.51,Paid,0,0,0
INV-0008524,CUST-101421,2026-06-01,35.46,Paid,0,0,0
INV-0008525,CUST-101421,2026-07-01,35.4,Paid,0,0,0
INV-0008526,CUST-101421,2026-08-01,35.39,Paid,0,0,0
INV-0008527,CUST-101422,2026-03-01,187.44,Paid,0,0,0
INV-0008528,CUST-101422,2026-04-01,175.45,Paid,0,0,0
INV-0008529,CUST-101422,2026-05-01,175.57,Paid,0,1,0
INV-0008530,CUST-101422,2026-06-01,179.52,Paid,0,0,0
INV-0008531,CUST-101422,2026-07-01,177.1,Paid,0,0,0
INV-0008532,CUST-101422,2026-08-01,182.66,Paid,0,0,0
INV-0008533,CUST-101423,2026-03-01,30.95,Paid,0,0,0
INV-0008534,CUST-101423,2026-04-01,29.46,Paid,0,0,0
INV-0008535,CUST-101423,2026-05-01,30.69,Paid,0,0,0
INV-0008536,CUST-101423,2026-06-01,30.74,Paid,0,0,0
INV-0008537,CUST-101423,2026-07-01,30.08,Paid,0,0,0
INV-0008538,CUST-101423,2026-08-01,30.93,Paid,0,0,0
INV-0008539,CUST-101424,2026-03-01,75.65,Paid,0,0,0
INV-0008540,CUST-101424,2026-04-01,73.83,Paid,0,0,0
INV-0008541,CUST-101424,2026-05-01,75.47,Paid,0,0,0
INV-0008542,CUST-101424,2026-06-01,74.26,Paid,0,0,0
INV-0008543,CUST-101424,2026-07-01,75.49,Late,26,0,0
INV-0008544,CUST-101424,2026-08-01,76.75,Paid,0,0,0
INV-0008545,CUST-101425,2026-03-01,70.48,Paid,0,0,0
INV-0008546,CUST-101425,2026-04-01,72.54,Paid,0,0,0
INV-0008547,CUST-101425,2026-05-01,68.15,Paid,0,0,0
INV-0008548,CUST-101425,2026-06-01,72.97,Paid,0,0,0
INV-0008549,CUST-101425,2026-07-01,70.0,Paid,0,0,0
INV-0008550,CUST-101425,2026-08-01,69.16,Paid,0,0,0
INV-0008551,CUST-101426,2026-03-01,90.43,Paid,0,0,0
INV-0008552,CUST-101426,2026-04-01,104.37,Late,12,0,0
INV-0008553,CUST-101426,2026-05-01,89.59,Late,14,1,0
INV-0008554,CUST-101426,2026-06-01,98.03,Paid,0,0,0
INV-0008555,CUST-101426,2026-07-01,123.15,Paid,0,0,0
INV-0008556,CUST-101426,2026-08-01,108.4,Late,12,1,0
INV-0008557,CUST-101427,2026-03-01,69.5,Paid,0,0,0
INV-0008558,CUST-101427,2026-04-01,67.55,Paid,0,0,0
INV-0008559,CUST-101427,2026-05-01,72.01,Paid,0,0,0
INV-0008560,CUST-101427,2026-06-01,68.39,Paid,0,0,0
INV-0008561,CUST-101427,2026-07-01,68.43,Paid,0,0,0
INV-0008562,CUST-101427,2026-08-01,68.64,Paid,0,0,0
INV-0008563,CUST-101428,2026-03-01,77.58,Paid,0,1,0
INV-0008564,CUST-101428,2026-04-01,78.72,Late,1,0,0
INV-0008565,CUST-101428,2026-05-01,81.26,Paid,0,0,0
INV-0008566,CUST-101428,2026-06-01,78.66,Paid,0,0,0
INV-0008567,CUST-101428,2026-07-01,78.25,Paid,0,0,0
INV-0008568,CUST-101428,2026-08-01,77.37,Paid,0,0,0
INV-0008569,CUST-101429,2026-03-01,30.61,Late,17,0,0
INV-0008570,CUST-101429,2026-04-01,31.63,Paid,0,0,0
INV-0008571,CUST-101429,2026-05-01,30.98,Paid,0,0,0
INV-0008572,CUST-101429,2026-06-01,30.99,Paid,0,0,0
INV-0008573,CUST-101429,2026-07-01,29.63,Paid,0,0,0
INV-0008574,CUST-101429,2026-08-01,30.11,Paid,0,0,0
INV-0008575,CUST-101430,2026-03-01,40.85,Paid,0,1,1
INV-0008576,CUST-101430,2026-04-01,42.3,Paid,0,1,0
INV-0008577,CUST-101430,2026-05-01,33.59,Paid,0,1,0
INV-0008578,CUST-101430,2026-06-01,33.64,Paid,0,0,0
INV-0008579,CUST-101430,2026-07-01,33.41,Late,16,1,1
INV-0008580,CUST-101430,2026-08-01,34.11,Paid,0,0,0
INV-0008581,CUST-101431,2026-03-01,31.12,Paid,0,0,0
INV-0008582,CUST-101431,2026-04-01,32.18,Paid,0,0,0
INV-0008583,CUST-101431,2026-05-01,31.8,Paid,0,0,0
INV-0008584,CUST-101431,2026-06-01,33.17,Paid,0,0,0
INV-0008585,CUST-101431,2026-07-01,30.91,Paid,0,0,0
INV-0008586,CUST-101431,2026-08-01,33.48,Paid,0,0,0
INV-0008587,CUST-101432,2026-03-01,153.36,Paid,0,0,0
INV-0008588,CUST-101432,2026-04-01,157.17,Paid,0,0,0
INV-0008589,CUST-101432,2026-05-01,151.63,Paid,0,0,0
INV-0008590,CUST-101432,2026-06-01,157.38,Paid,0,0,0
INV-0008591,CUST-101432,2026-07-01,151.8,Paid,0,0,0
INV-0008592,CUST-101432,2026-08-01,153.95,Paid,0,0,0
INV-0008593,CUST-101433,2026-03-01,35.79,Paid,0,0,0
INV-0008594,CUST-101433,2026-04-01,39.23,Paid,0,0,0
INV-0008595,CUST-101433,2026-05-01,37.63,Paid,0,0,0
INV-0008596,CUST-101433,2026-06-01,37.18,Paid,0,0,0
INV-0008597,CUST-101433,2026-07-01,36.96,Paid,0,0,0
INV-0008598,CUST-101433,2026-08-01,37.62,Paid,0,0,0
INV-0008599,CUST-101434,2026-03-01,81.87,Paid,0,0,0
INV-0008600,CUST-101434,2026-04-01,80.05,Paid,0,0,0
INV-0008601,CUST-101434,2026-05-01,80.73,Paid,0,0,0
INV-0008602,CUST-101434,2026-06-01,79.79,Paid,0,0,0
INV-0008603,CUST-101434,2026-07-01,79.38,Paid,0,0,0
INV-0008604,CUST-101434,2026-08-01,84.06,Paid,0,0,0
INV-0008605,CUST-101435,2026-03-01,35.9,Paid,0,0,0
INV-0008606,CUST-101435,2026-04-01,35.27,Paid,0,0,0
INV-0008607,CUST-101435,2026-05-01,36.56,Paid,0,0,0
INV-0008608,CUST-101435,2026-06-01,36.48,Paid,0,0,0
INV-0008609,CUST-101435,2026-07-01,36.78,Paid,0,0,0
INV-0008610,CUST-101435,2026-08-01,35.1,Paid,0,1,0
INV-0008611,CUST-101436,2026-03-01,140.6,Paid,0,0,0
INV-0008612,CUST-101436,2026-04-01,151.26,Paid,0,0,0
INV-0008613,CUST-101436,2026-05-01,139.6,Paid,0,0,0
INV-0008614,CUST-101436,2026-06-01,148.07,Paid,0,0,0
INV-0008615,CUST-101436,2026-07-01,142.71,Paid,0,0,0
INV-0008616,CUST-101436,2026-08-01,146.52,Paid,0,0,0
INV-0008617,CUST-101437,2026-03-01,86.67,Paid,0,0,0
INV-0008618,CUST-101437,2026-04-01,85.49,Paid,0,0,0
INV-0008619,CUST-101437,2026-05-01,85.93,Paid,0,0,0
INV-0008620,CUST-101437,2026-06-01,87.06,Paid,0,0,0
INV-0008621,CUST-101437,2026-07-01,90.65,Paid,0,0,0
INV-0008622,CUST-101437,2026-08-01,86.61,Paid,0,0,0
INV-0008623,CUST-101438,2026-03-01,35.07,Paid,0,0,0
INV-0008624,CUST-101438,2026-04-01,35.67,Paid,0,0,0
INV-0008625,CUST-101438,2026-05-01,37.49,Paid,0,0,0
INV-0008626,CUST-101438,2026-06-01,36.05,Paid,0,0,0
INV-0008627,CUST-101438,2026-07-01,35.79,Paid,0,0,0
INV-0008628,CUST-101438,2026-08-01,35.65,Paid,0,0,0
INV-0008629,CUST-101439,2026-03-01,83.31,Paid,0,0,0
INV-0008630,CUST-101439,2026-04-01,72.54,Paid,0,1,0
INV-0008631,CUST-101439,2026-05-01,75.78,Paid,0,1,1
INV-0008632,CUST-101439,2026-06-01,74.98,Late,14,1,1
INV-0008633,CUST-101439,2026-07-01,95.07,Paid,0,0,0
INV-0008634,CUST-101439,2026-08-01,87.83,Paid,0,1,1
INV-0008635,CUST-101440,2026-03-01,79.92,Paid,0,0,0
INV-0008636,CUST-101440,2026-04-01,80.71,Paid,0,0,0
INV-0008637,CUST-101440,2026-05-01,81.57,Paid,0,0,0
INV-0008638,CUST-101440,2026-06-01,81.62,Paid,0,0,0
INV-0008639,CUST-101440,2026-07-01,79.25,Paid,0,0,0
INV-0008640,CUST-101440,2026-08-01,77.27,Paid,0,1,1
INV-0008641,CUST-101441,2026-03-01,71.67,Paid,0,1,1
INV-0008642,CUST-101441,2026-04-01,73.58,Paid,0,0,0
INV-0008643,CUST-101441,2026-05-01,77.73,Paid,0,0,0
INV-0008644,CUST-101441,2026-06-01,94.38,Paid,0,0,0
INV-0008645,CUST-101441,2026-07-01,76.47,Paid,0,0,0
INV-0008646,CUST-101441,2026-08-01,72.64,Paid,0,0,0
INV-0008647,CUST-101442,2026-03-01,28.49,Paid,0,0,0
INV-0008648,CUST-101442,2026-04-01,27.95,Paid,0,0,0
INV-0008649,CUST-101442,2026-05-01,29.32,Paid,0,0,0
INV-0008650,CUST-101442,2026-06-01,28.85,Paid,0,0,0
INV-0008651,CUST-101442,2026-07-01,27.97,Paid,0,0,0
INV-0008652,CUST-101442,2026-08-01,29.14,Paid,0,0,0
INV-0008653,CUST-101443,2026-03-01,79.23,Paid,0,0,0
INV-0008654,CUST-101443,2026-04-01,87.13,Paid,0,0,0
INV-0008655,CUST-101443,2026-05-01,84.41,Paid,0,0,0
INV-0008656,CUST-101443,2026-06-01,81.35,Paid,0,0,0
INV-0008657,CUST-101443,2026-07-01,85.02,Paid,0,0,0
INV-0008658,CUST-101443,2026-08-01,81.89,Late,29,0,0
INV-0008659,CUST-101444,2026-03-01,80.54,Paid,0,0,0
INV-0008660,CUST-101444,2026-04-01,79.66,Paid,0,0,0
INV-0008661,CUST-101444,2026-05-01,79.8,Paid,0,0,0
INV-0008662,CUST-101444,2026-06-01,79.62,Paid,0,0,0
INV-0008663,CUST-101444,2026-07-01,81.62,Paid,0,0,0
INV-0008664,CUST-101444,2026-08-01,77.77,Paid,0,0,0
INV-0008665,CUST-101445,2026-03-01,164.2,Paid,0,0,0
INV-0008666,CUST-101445,2026-04-01,166.11,Paid,0,1,0
INV-0008667,CUST-101445,2026-05-01,224.02,Paid,0,1,0
INV-0008668,CUST-101445,2026-06-01,166.65,Paid,0,0,0
INV-0008669,CUST-101445,2026-07-01,199.92,Paid,0,0,0
INV-0008670,CUST-101445,2026-08-01,163.63,Paid,0,0,0
INV-0008671,CUST-101446,2026-03-01,69.36,Paid,0,0,0
INV-0008672,CUST-101446,2026-04-01,69.25,Late,10,0,0
INV-0008673,CUST-101446,2026-05-01,67.18,Paid,0,0,0
INV-0008674,CUST-101446,2026-06-01,69.27,Paid,0,1,1
INV-0008675,CUST-101446,2026-07-01,72.08,Paid,0,0,0
INV-0008676,CUST-101446,2026-08-01,66.58,Paid,0,0,0
INV-0008677,CUST-101447,2026-03-01,78.07,Paid,0,0,0
INV-0008678,CUST-101447,2026-04-01,80.88,Paid,0,0,0
INV-0008679,CUST-101447,2026-05-01,80.45,Paid,0,0,0
INV-0008680,CUST-101447,2026-06-01,82.72,Paid,0,0,0
INV-0008681,CUST-101447,2026-07-01,79.44,Paid,0,0,0
INV-0008682,CUST-101447,2026-08-01,78.65,Paid,0,0,0
INV-0008683,CUST-101448,2026-03-01,58.81,Paid,0,0,0
INV-0008684,CUST-101448,2026-04-01,60.57,Paid,0,0,0
INV-0008685,CUST-101448,2026-05-01,58.76,Paid,0,0,0
INV-0008686,CUST-101448,2026-06-01,57.97,Paid,0,0,0
INV-0008687,CUST-101448,2026-07-01,61.39,Paid,0,0,0
INV-0008688,CUST-101448,2026-08-01,60.22,Paid,0,0,0
INV-0008689,CUST-101449,2026-03-01,33.14,Paid,0,0,0
INV-0008690,CUST-101449,2026-04-01,32.98,Paid,0,0,0
INV-0008691,CUST-101449,2026-05-01,33.45,Paid,0,0,0
INV-0008692,CUST-101449,2026-06-01,31.96,Paid,0,0,0
INV-0008693,CUST-101449,2026-07-01,32.5,Paid,0,0,0
INV-0008694,CUST-101449,2026-08-01,32.49,Paid,0,0,0
INV-0008695,CUST-101450,2026-03-01,80.21,Paid,0,1,0
INV-0008696,CUST-101450,2026-04-01,69.81,Paid,0,0,0
INV-0008697,CUST-101450,2026-05-01,70.15,Paid,0,0,0
INV-0008698,CUST-101450,2026-06-01,71.49,Late,25,1,0
INV-0008699,CUST-101450,2026-07-01,70.15,Paid,0,0,0
INV-0008700,CUST-101450,2026-08-01,72.45,Paid,0,1,0
INV-0008701,CUST-101451,2026-03-01,31.61,Paid,0,0,0
INV-0008702,CUST-101451,2026-04-01,33.82,Paid,0,0,0
INV-0008703,CUST-101451,2026-05-01,31.75,Paid,0,0,0
INV-0008704,CUST-101451,2026-06-01,31.42,Paid,0,0,0
INV-0008705,CUST-101451,2026-07-01,30.44,Paid,0,0,0
INV-0008706,CUST-101451,2026-08-01,30.91,Paid,0,0,0
INV-0008707,CUST-101452,2026-03-01,81.83,Late,31,0,0
INV-0008708,CUST-101452,2026-04-01,85.05,Paid,0,0,0
INV-0008709,CUST-101452,2026-05-01,82.11,Paid,0,0,0
INV-0008710,CUST-101452,2026-06-01,83.52,Paid,0,0,0
INV-0008711,CUST-101452,2026-07-01,82.9,Paid,0,0,0
INV-0008712,CUST-101452,2026-08-01,81.76,Paid,0,0,0
INV-0008713,CUST-101453,2026-03-01,79.95,Paid,0,1,0
INV-0008714,CUST-101453,2026-04-01,75.23,Late,34,1,0
INV-0008715,CUST-101453,2026-05-01,79.96,Paid,0,0,0
INV-0008716,CUST-101453,2026-06-01,82.58,Paid,0,0,0
INV-0008717,CUST-101453,2026-07-01,83.71,Late,2,0,0
INV-0008718,CUST-101453,2026-08-01,84.85,Paid,0,1,0
INV-0008719,CUST-101454,2026-03-01,35.5,Paid,0,0,0
INV-0008720,CUST-101454,2026-04-01,34.99,Paid,0,0,0
INV-0008721,CUST-101454,2026-05-01,37.25,Paid,0,0,0
INV-0008722,CUST-101454,2026-06-01,33.53,Paid,0,0,0
INV-0008723,CUST-101454,2026-07-01,34.48,Paid,0,0,0
INV-0008724,CUST-101454,2026-08-01,35.67,Paid,0,0,0
INV-0008725,CUST-101455,2026-03-01,61.7,Paid,0,0,0
INV-0008726,CUST-101455,2026-04-01,66.75,Paid,0,0,0
INV-0008727,CUST-101455,2026-05-01,66.82,Paid,0,0,0
INV-0008728,CUST-101455,2026-06-01,64.97,Paid,0,0,0
INV-0008729,CUST-101455,2026-07-01,64.38,Paid,0,0,0
INV-0008730,CUST-101455,2026-08-01,67.02,Paid,0,0,0
INV-0008731,CUST-101456,2026-03-01,90.18,Late,32,0,0
INV-0008732,CUST-101456,2026-04-01,83.99,Paid,0,0,0
INV-0008733,CUST-101456,2026-05-01,84.72,Paid,0,0,0
INV-0008734,CUST-101456,2026-06-01,88.49,Paid,0,0,0
INV-0008735,CUST-101456,2026-07-01,88.6,Paid,0,0,0
INV-0008736,CUST-101456,2026-08-01,88.44,Paid,0,0,0
INV-0008737,CUST-101457,2026-03-01,81.93,Paid,0,0,0
INV-0008738,CUST-101457,2026-04-01,84.31,Late,14,0,0
INV-0008739,CUST-101457,2026-05-01,85.54,Late,34,0,0
INV-0008740,CUST-101457,2026-06-01,87.69,Paid,0,1,0
INV-0008741,CUST-101457,2026-07-01,89.24,Paid,0,0,0
INV-0008742,CUST-101457,2026-08-01,87.18,Paid,0,0,0
INV-0008743,CUST-101458,2026-03-01,193.16,Late,6,0,0
INV-0008744,CUST-101458,2026-04-01,201.78,Paid,0,0,0
INV-0008745,CUST-101458,2026-05-01,175.45,Late,32,0,0
INV-0008746,CUST-101458,2026-06-01,158.81,Late,20,0,0
INV-0008747,CUST-101458,2026-07-01,193.84,Late,14,0,0
INV-0008748,CUST-101458,2026-08-01,159.02,Late,13,1,1
INV-0008749,CUST-101459,2026-03-01,34.96,Paid,0,0,0
INV-0008750,CUST-101459,2026-04-01,33.71,Paid,0,1,0
INV-0008751,CUST-101459,2026-05-01,33.69,Paid,0,0,0
INV-0008752,CUST-101459,2026-06-01,34.86,Paid,0,1,0
INV-0008753,CUST-101459,2026-07-01,35.77,Paid,0,0,0
INV-0008754,CUST-101459,2026-08-01,35.45,Paid,0,0,0
INV-0008755,CUST-101460,2026-03-01,35.28,Paid,0,0,0
INV-0008756,CUST-101460,2026-04-01,33.94,Paid,0,0,0
INV-0008757,CUST-101460,2026-05-01,41.64,Paid,0,1,0
INV-0008758,CUST-101460,2026-06-01,44.35,Paid,0,0,0
INV-0008759,CUST-101460,2026-07-01,37.75,Paid,0,1,0
INV-0008760,CUST-101460,2026-08-01,33.62,Late,27,0,0
INV-0008761,CUST-101461,2026-03-01,40.79,Paid,0,0,0
INV-0008762,CUST-101461,2026-04-01,38.62,Late,26,0,0
INV-0008763,CUST-101461,2026-05-01,41.39,Paid,0,0,0
INV-0008764,CUST-101461,2026-06-01,42.03,Paid,0,1,0
INV-0008765,CUST-101461,2026-07-01,40.3,Paid,0,0,0
INV-0008766,CUST-101461,2026-08-01,42.7,Paid,0,1,0
INV-0008767,CUST-101462,2026-03-01,83.3,Paid,0,0,0
INV-0008768,CUST-101462,2026-04-01,87.38,Paid,0,0,0
INV-0008769,CUST-101462,2026-05-01,85.7,Paid,0,0,0
INV-0008770,CUST-101462,2026-06-01,86.46,Paid,0,0,0
INV-0008771,CUST-101462,2026-07-01,83.87,Paid,0,0,0
INV-0008772,CUST-101462,2026-08-01,84.36,Paid,0,0,0
INV-0008773,CUST-101463,2026-03-01,33.14,Paid,0,1,0
INV-0008774,CUST-101463,2026-04-01,31.81,Paid,0,1,0
INV-0008775,CUST-101463,2026-05-01,32.04,Paid,0,0,0
INV-0008776,CUST-101463,2026-06-01,34.0,Late,19,0,0
INV-0008777,CUST-101463,2026-07-01,37.78,Paid,0,0,0
INV-0008778,CUST-101463,2026-08-01,43.83,Late,33,0,0
INV-0008779,CUST-101464,2026-03-01,78.61,Paid,0,0,0
INV-0008780,CUST-101464,2026-04-01,82.28,Paid,0,0,0
INV-0008781,CUST-101464,2026-05-01,81.97,Paid,0,0,0
INV-0008782,CUST-101464,2026-06-01,83.25,Paid,0,0,0
INV-0008783,CUST-101464,2026-07-01,81.82,Paid,0,0,0
INV-0008784,CUST-101464,2026-08-01,82.58,Paid,0,0,0
INV-0008785,CUST-101465,2026-03-01,56.59,Paid,0,0,0
INV-0008786,CUST-101465,2026-04-01,54.24,Paid,0,0,0
INV-0008787,CUST-101465,2026-05-01,56.34,Paid,0,0,0
INV-0008788,CUST-101465,2026-06-01,59.52,Paid,0,0,0
INV-0008789,CUST-101465,2026-07-01,52.01,Paid,0,0,0
INV-0008790,CUST-101465,2026-08-01,56.02,Paid,0,0,0
INV-0008791,CUST-101466,2026-03-01,70.8,Paid,0,0,0
INV-0008792,CUST-101466,2026-04-01,71.38,Paid,0,0,0
INV-0008793,CUST-101466,2026-05-01,67.96,Paid,0,0,0
INV-0008794,CUST-101466,2026-06-01,72.71,Paid,0,0,0
INV-0008795,CUST-101466,2026-07-01,72.35,Paid,0,0,0
INV-0008796,CUST-101466,2026-08-01,68.1,Paid,0,0,0
INV-0008797,CUST-101467,2026-03-01,86.74,Paid,0,0,0
INV-0008798,CUST-101467,2026-04-01,82.99,Paid,0,0,0
INV-0008799,CUST-101467,2026-05-01,81.97,Late,30,0,0
INV-0008800,CUST-101467,2026-06-01,78.99,Paid,0,0,0
INV-0008801,CUST-101467,2026-07-01,85.74,Paid,0,0,0
INV-0008802,CUST-101467,2026-08-01,82.85,Paid,0,0,0
INV-0008803,CUST-101468,2026-03-01,89.27,Paid,0,0,0
INV-0008804,CUST-101468,2026-04-01,88.54,Paid,0,0,0
INV-0008805,CUST-101468,2026-05-01,90.38,Paid,0,0,0
INV-0008806,CUST-101468,2026-06-01,84.61,Paid,0,0,0
INV-0008807,CUST-101468,2026-07-01,89.87,Paid,0,0,0
INV-0008808,CUST-101468,2026-08-01,88.98,Paid,0,0,0
INV-0008809,CUST-101469,2026-03-01,31.56,Late,24,0,0
INV-0008810,CUST-101469,2026-04-01,33.1,Paid,0,0,0
INV-0008811,CUST-101469,2026-05-01,32.74,Paid,0,0,0
INV-0008812,CUST-101469,2026-06-01,32.48,Paid,0,0,0
INV-0008813,CUST-101469,2026-07-01,31.89,Paid,0,0,0
INV-0008814,CUST-101469,2026-08-01,32.27,Paid,0,0,0
INV-0008815,CUST-101470,2026-03-01,147.19,Paid,0,0,0
INV-0008816,CUST-101470,2026-04-01,151.95,Paid,0,0,0
INV-0008817,CUST-101470,2026-05-01,158.26,Late,17,0,0
INV-0008818,CUST-101470,2026-06-01,155.03,Paid,0,0,0
INV-0008819,CUST-101470,2026-07-01,148.59,Paid,0,0,0
INV-0008820,CUST-101470,2026-08-01,162.4,Paid,0,0,0
INV-0008821,CUST-101471,2026-03-01,68.98,Paid,0,0,0
INV-0008822,CUST-101471,2026-04-01,69.26,Late,33,0,0
INV-0008823,CUST-101471,2026-05-01,95.6,Paid,0,1,0
INV-0008824,CUST-101471,2026-06-01,69.25,Late,15,0,0
INV-0008825,CUST-101471,2026-07-01,69.54,Late,11,0,0
INV-0008826,CUST-101471,2026-08-01,81.04,Paid,0,0,0
INV-0008827,CUST-101472,2026-03-01,83.63,Paid,0,0,0
INV-0008828,CUST-101472,2026-04-01,86.57,Paid,0,0,0
INV-0008829,CUST-101472,2026-05-01,86.23,Paid,0,0,0
INV-0008830,CUST-101472,2026-06-01,87.76,Paid,0,0,0
INV-0008831,CUST-101472,2026-07-01,87.47,Paid,0,0,0
INV-0008832,CUST-101472,2026-08-01,87.75,Paid,0,0,0
INV-0008833,CUST-101473,2026-03-01,72.58,Paid,0,0,0
INV-0008834,CUST-101473,2026-04-01,75.62,Paid,0,0,0
INV-0008835,CUST-101473,2026-05-01,73.81,Paid,0,0,0
INV-0008836,CUST-101473,2026-06-01,71.31,Paid,0,0,0
INV-0008837,CUST-101473,2026-07-01,70.77,Paid,0,0,0
INV-0008838,CUST-101473,2026-08-01,72.31,Paid,0,0,0
INV-0008839,CUST-101474,2026-03-01,34.39,Paid,0,0,0
INV-0008840,CUST-101474,2026-04-01,33.74,Paid,0,0,0
INV-0008841,CUST-101474,2026-05-01,34.09,Paid,0,0,0
INV-0008842,CUST-101474,2026-06-01,33.66,Paid,0,0,0
INV-0008843,CUST-101474,2026-07-01,34.91,Paid,0,0,0
INV-0008844,CUST-101474,2026-08-01,35.54,Paid,0,0,0
INV-0008845,CUST-101475,2026-03-01,161.54,Paid,0,0,0
INV-0008846,CUST-101475,2026-04-01,165.52,Paid,0,0,0
INV-0008847,CUST-101475,2026-05-01,159.89,Paid,0,0,0
INV-0008848,CUST-101475,2026-06-01,162.51,Paid,0,0,0
INV-0008849,CUST-101475,2026-07-01,166.45,Paid,0,0,0
INV-0008850,CUST-101475,2026-08-01,160.79,Paid,0,0,0
INV-0008851,CUST-101476,2026-03-01,37.7,Paid,0,0,0
INV-0008852,CUST-101476,2026-04-01,36.97,Paid,0,0,0
INV-0008853,CUST-101476,2026-05-01,37.44,Paid,0,1,0
INV-0008854,CUST-101476,2026-06-01,36.71,Paid,0,0,0
INV-0008855,CUST-101476,2026-07-01,37.06,Paid,0,0,0
INV-0008856,CUST-101476,2026-08-01,38.09,Paid,0,0,0
INV-0008857,CUST-101477,2026-03-01,406.27,Late,2,0,0
INV-0008858,CUST-101477,2026-04-01,399.65,Late,14,1,0
INV-0008859,CUST-101477,2026-05-01,412.61,Paid,0,1,1
INV-0008860,CUST-101477,2026-06-01,399.06,Late,27,1,0
INV-0008861,CUST-101477,2026-07-01,387.67,Paid,0,1,0
INV-0008862,CUST-101477,2026-08-01,402.58,Paid,0,0,0
INV-0008863,CUST-101478,2026-03-01,175.64,Paid,0,0,0
INV-0008864,CUST-101478,2026-04-01,177.12,Paid,0,0,0
INV-0008865,CUST-101478,2026-05-01,176.63,Paid,0,1,0
INV-0008866,CUST-101478,2026-06-01,179.76,Paid,0,0,0
INV-0008867,CUST-101478,2026-07-01,178.67,Paid,0,0,0
INV-0008868,CUST-101478,2026-08-01,178.86,Late,10,0,0
INV-0008869,CUST-101479,2026-03-01,32.85,Late,9,0,0
INV-0008870,CUST-101479,2026-04-01,33.34,Late,7,0,0
INV-0008871,CUST-101479,2026-05-01,30.87,Paid,0,0,0
INV-0008872,CUST-101479,2026-06-01,33.04,Paid,0,0,0
INV-0008873,CUST-101479,2026-07-01,32.54,Paid,0,0,0
INV-0008874,CUST-101479,2026-08-01,33.78,Paid,0,0,0
INV-0008875,CUST-101480,2026-03-01,38.09,Paid,0,0,0
INV-0008876,CUST-101480,2026-04-01,36.58,Paid,0,0,0
INV-0008877,CUST-101480,2026-05-01,35.81,Paid,0,0,0
INV-0008878,CUST-101480,2026-06-01,38.42,Paid,0,0,0
INV-0008879,CUST-101480,2026-07-01,36.55,Paid,0,0,0
INV-0008880,CUST-101480,2026-08-01,36.1,Paid,0,0,0
INV-0008881,CUST-101481,2026-03-01,42.05,Paid,0,0,0
INV-0008882,CUST-101481,2026-04-01,42.08,Paid,0,0,0
INV-0008883,CUST-101481,2026-05-01,42.58,Paid,0,0,0
INV-0008884,CUST-101481,2026-06-01,39.67,Paid,0,0,0
INV-0008885,CUST-101481,2026-07-01,41.1,Paid,0,0,0
INV-0008886,CUST-101481,2026-08-01,40.38,Paid,0,0,0
INV-0008887,CUST-101482,2026-03-01,82.49,Paid,0,0,0
INV-0008888,CUST-101482,2026-04-01,84.1,Paid,0,0,0
INV-0008889,CUST-101482,2026-05-01,81.04,Paid,0,0,0
INV-0008890,CUST-101482,2026-06-01,82.91,Paid,0,0,0
INV-0008891,CUST-101482,2026-07-01,83.91,Paid,0,0,0
INV-0008892,CUST-101482,2026-08-01,86.22,Paid,0,0,0
INV-0008893,CUST-101483,2026-03-01,427.0,Paid,0,0,0
INV-0008894,CUST-101483,2026-04-01,400.19,Paid,0,0,0
INV-0008895,CUST-101483,2026-05-01,406.68,Paid,0,0,0
INV-0008896,CUST-101483,2026-06-01,414.24,Paid,0,0,0
INV-0008897,CUST-101483,2026-07-01,442.72,Paid,0,0,0
INV-0008898,CUST-101483,2026-08-01,435.53,Paid,0,0,0
INV-0008899,CUST-101484,2026-03-01,470.9,Late,11,0,0
INV-0008900,CUST-101484,2026-04-01,458.26,Paid,0,0,0
INV-0008901,CUST-101484,2026-05-01,456.01,Late,21,0,0
INV-0008902,CUST-101484,2026-06-01,458.14,Paid,0,0,0
INV-0008903,CUST-101484,2026-07-01,475.01,Paid,0,0,0
INV-0008904,CUST-101484,2026-08-01,470.95,Paid,0,0,0
INV-0008905,CUST-101485,2026-03-01,182.43,Paid,0,0,0
INV-0008906,CUST-101485,2026-04-01,193.0,Paid,0,0,0
INV-0008907,CUST-101485,2026-05-01,188.73,Paid,0,0,0
INV-0008908,CUST-101485,2026-06-01,188.8,Paid,0,0,0
INV-0008909,CUST-101485,2026-07-01,174.73,Late,2,0,0
INV-0008910,CUST-101485,2026-08-01,194.95,Paid,0,0,0
INV-0008911,CUST-101486,2026-03-01,389.94,Paid,0,0,0
INV-0008912,CUST-101486,2026-04-01,372.19,Paid,0,0,0
INV-0008913,CUST-101486,2026-05-01,365.05,Paid,0,0,0
INV-0008914,CUST-101486,2026-06-01,371.14,Paid,0,0,0
INV-0008915,CUST-101486,2026-07-01,391.17,Paid,0,0,0
INV-0008916,CUST-101486,2026-08-01,372.61,Paid,0,0,0
INV-0008917,CUST-101487,2026-03-01,38.03,Paid,0,0,0
INV-0008918,CUST-101487,2026-04-01,39.35,Paid,0,0,0
INV-0008919,CUST-101487,2026-05-01,36.68,Paid,0,0,0
INV-0008920,CUST-101487,2026-06-01,38.33,Paid,0,0,0
INV-0008921,CUST-101487,2026-07-01,37.09,Paid,0,0,0
INV-0008922,CUST-101487,2026-08-01,37.71,Paid,0,0,0
INV-0008923,CUST-101488,2026-03-01,163.11,Paid,0,0,0
INV-0008924,CUST-101488,2026-04-01,156.31,Late,16,0,0
INV-0008925,CUST-101488,2026-05-01,164.1,Paid,0,0,0
INV-0008926,CUST-101488,2026-06-01,161.39,Paid,0,0,0
INV-0008927,CUST-101488,2026-07-01,158.43,Paid,0,0,0
INV-0008928,CUST-101488,2026-08-01,155.17,Paid,0,0,0
INV-0008929,CUST-101489,2026-03-01,78.16,Paid,0,0,0
INV-0008930,CUST-101489,2026-04-01,78.68,Paid,0,0,0
INV-0008931,CUST-101489,2026-05-01,79.77,Paid,0,0,0
INV-0008932,CUST-101489,2026-06-01,75.0,Paid,0,0,0
INV-0008933,CUST-101489,2026-07-01,79.22,Paid,0,0,0
INV-0008934,CUST-101489,2026-08-01,79.24,Paid,0,0,0
INV-0008935,CUST-101490,2026-03-01,77.68,Late,7,0,0
INV-0008936,CUST-101490,2026-04-01,75.07,Paid,0,0,0
INV-0008937,CUST-101490,2026-05-01,76.51,Paid,0,0,0
INV-0008938,CUST-101490,2026-06-01,74.26,Paid,0,0,0
INV-0008939,CUST-101490,2026-07-01,71.83,Late,32,0,0
INV-0008940,CUST-101490,2026-08-01,72.82,Paid,0,0,0
INV-0008941,CUST-101491,2026-03-01,80.88,Late,13,0,0
INV-0008942,CUST-101491,2026-04-01,83.76,Paid,0,0,0
INV-0008943,CUST-101491,2026-05-01,81.59,Paid,0,0,0
INV-0008944,CUST-101491,2026-06-01,80.34,Paid,0,0,0
INV-0008945,CUST-101491,2026-07-01,80.34,Paid,0,0,0
INV-0008946,CUST-101491,2026-08-01,77.44,Paid,0,0,0
INV-0008947,CUST-101492,2026-03-01,76.27,Late,11,0,0
INV-0008948,CUST-101492,2026-04-01,95.62,Paid,0,0,0
INV-0008949,CUST-101492,2026-05-01,78.58,Late,19,0,0
INV-0008950,CUST-101492,2026-06-01,79.52,Paid,0,0,0
INV-0008951,CUST-101492,2026-07-01,80.87,Paid,0,0,0
INV-0008952,CUST-101492,2026-08-01,103.15,Paid,0,0,0
INV-0008953,CUST-101493,2026-03-01,33.41,Paid,0,0,0
INV-0008954,CUST-101493,2026-04-01,30.9,Paid,0,0,0
INV-0008955,CUST-101493,2026-05-01,34.07,Paid,0,0,0
INV-0008956,CUST-101493,2026-06-01,32.44,Late,15,0,0
INV-0008957,CUST-101493,2026-07-01,30.98,Paid,0,0,0
INV-0008958,CUST-101493,2026-08-01,32.52,Paid,0,0,0
INV-0008959,CUST-101494,2026-03-01,165.51,Late,29,0,0
INV-0008960,CUST-101494,2026-04-01,157.91,Paid,0,0,0
INV-0008961,CUST-101494,2026-05-01,156.05,Paid,0,0,0
INV-0008962,CUST-101494,2026-06-01,165.07,Paid,0,0,0
INV-0008963,CUST-101494,2026-07-01,167.56,Paid,0,0,0
INV-0008964,CUST-101494,2026-08-01,154.12,Paid,0,0,0
INV-0008965,CUST-101495,2026-03-01,81.2,Paid,0,0,0
INV-0008966,CUST-101495,2026-04-01,78.81,Late,22,1,0
INV-0008967,CUST-101495,2026-05-01,77.17,Late,28,1,0
INV-0008968,CUST-101495,2026-06-01,76.67,Paid,0,1,1
INV-0008969,CUST-101495,2026-07-01,75.99,Paid,0,0,0
INV-0008970,CUST-101495,2026-08-01,75.7,Late,8,0,0
INV-0008971,CUST-101496,2026-03-01,156.73,Paid,0,0,0
INV-0008972,CUST-101496,2026-04-01,156.72,Paid,0,0,0
INV-0008973,CUST-101496,2026-05-01,158.92,Paid,0,0,0
INV-0008974,CUST-101496,2026-06-01,149.38,Paid,0,0,0
INV-0008975,CUST-101496,2026-07-01,157.93,Paid,0,0,0
INV-0008976,CUST-101496,2026-08-01,158.23,Paid,0,0,0
INV-0008977,CUST-101497,2026-03-01,32.79,Paid,0,1,0
INV-0008978,CUST-101497,2026-04-01,31.87,Paid,0,0,0
INV-0008979,CUST-101497,2026-05-01,32.4,Paid,0,0,0
INV-0008980,CUST-101497,2026-06-01,31.61,Paid,0,0,0
INV-0008981,CUST-101497,2026-07-01,32.05,Paid,0,0,0
INV-0008982,CUST-101497,2026-08-01,31.97,Paid,0,1,0
INV-0008983,CUST-101498,2026-03-01,71.55,Paid,0,1,0
INV-0008984,CUST-101498,2026-04-01,72.42,Paid,0,0,0
INV-0008985,CUST-101498,2026-05-01,72.64,Paid,0,0,0
INV-0008986,CUST-101498,2026-06-01,72.72,Paid,0,0,0
INV-0008987,CUST-101498,2026-07-01,71.55,Paid,0,0,0
INV-0008988,CUST-101498,2026-08-01,74.94,Paid,0,0,0
INV-0008989,CUST-101499,2026-03-01,362.21,Paid,0,0,0
INV-0008990,CUST-101499,2026-04-01,356.26,Paid,0,1,0
INV-0008991,CUST-101499,2026-05-01,460.14,Paid,0,1,0
INV-0008992,CUST-101499,2026-06-01,364.5,Paid,0,1,0
INV-0008993,CUST-101499,2026-07-01,339.66,Late,14,0,0
INV-0008994,CUST-101499,2026-08-01,353.34,Paid,0,0,0
INV-0008995,CUST-101500,2026-03-01,83.03,Paid,0,0,0
INV-0008996,CUST-101500,2026-04-01,87.01,Paid,0,0,0
INV-0008997,CUST-101500,2026-05-01,86.6,Paid,0,0,0
INV-0008998,CUST-101500,2026-06-01,81.88,Paid,0,0,0
INV-0008999,CUST-101500,2026-07-01,84.96,Paid,0,1,0
INV-0009000,CUST-101500,2026-08-01,84.29,Late,15,0,0
INV-0009001,CUST-101501,2026-03-01,147.18,Paid,0,0,0
INV-0009002,CUST-101501,2026-04-01,145.78,Paid,0,0,0
INV-0009003,CUST-101501,2026-05-01,148.18,Paid,0,0,0
INV-0009004,CUST-101501,2026-06-01,151.41,Paid,0,0,0
INV-0009005,CUST-101501,2026-07-01,151.36,Paid,0,0,0
INV-0009006,CUST-101501,2026-08-01,142.67,Paid,0,0,0
INV-0009007,CUST-101502,2026-03-01,86.68,Paid,0,0,0
INV-0009008,CUST-101502,2026-04-01,86.95,Paid,0,0,0
INV-0009009,CUST-101502,2026-05-01,86.37,Paid,0,0,0
INV-0009010,CUST-101502,2026-06-01,84.98,Paid,0,0,0
INV-0009011,CUST-101502,2026-07-01,84.94,Paid,0,0,0
INV-0009012,CUST-101502,2026-08-01,84.64,Paid,0,0,0
INV-0009013,CUST-101503,2026-03-01,175.88,Paid,0,0,0
INV-0009014,CUST-101503,2026-04-01,168.98,Paid,0,0,0
INV-0009015,CUST-101503,2026-05-01,180.46,Paid,0,0,0
INV-0009016,CUST-101503,2026-06-01,175.48,Paid,0,0,0
INV-0009017,CUST-101503,2026-07-01,171.51,Paid,0,0,0
INV-0009018,CUST-101503,2026-08-01,170.69,Paid,0,0,0
INV-0009019,CUST-101504,2026-03-01,95.63,Paid,0,1,0
INV-0009020,CUST-101504,2026-04-01,107.4,Late,18,1,0
INV-0009021,CUST-101504,2026-05-01,124.66,Paid,0,0,0
INV-0009022,CUST-101504,2026-06-01,92.65,Paid,0,0,0
INV-0009023,CUST-101504,2026-07-01,90.62,Late,27,1,0
INV-0009024,CUST-101504,2026-08-01,95.58,Late,5,0,0
INV-0009025,CUST-101505,2026-03-01,67.3,Paid,0,0,0
INV-0009026,CUST-101505,2026-04-01,64.15,Paid,0,0,0
INV-0009027,CUST-101505,2026-05-01,64.44,Paid,0,0,0
INV-0009028,CUST-101505,2026-06-01,66.14,Paid,0,0,0
INV-0009029,CUST-101505,2026-07-01,67.83,Paid,0,0,0
INV-0009030,CUST-101505,2026-08-01,65.4,Paid,0,0,0
INV-0009031,CUST-101506,2026-03-01,79.77,Late,10,0,0
INV-0009032,CUST-101506,2026-04-01,83.76,Paid,0,0,0
INV-0009033,CUST-101506,2026-05-01,80.82,Paid,0,0,0
INV-0009034,CUST-101506,2026-06-01,84.66,Paid,0,0,0
INV-0009035,CUST-101506,2026-07-01,82.9,Paid,0,0,0
INV-0009036,CUST-101506,2026-08-01,81.04,Paid,0,0,0
INV-0009037,CUST-101507,2026-03-01,34.89,Paid,0,0,0
INV-0009038,CUST-101507,2026-04-01,35.92,Paid,0,0,0
INV-0009039,CUST-101507,2026-05-01,34.66,Paid,0,0,0
INV-0009040,CUST-101507,2026-06-01,36.37,Paid,0,0,0
INV-0009041,CUST-101507,2026-07-01,36.91,Paid,0,0,0
INV-0009042,CUST-101507,2026-08-01,36.58,Paid,0,0,0
INV-0009043,CUST-101508,2026-03-01,32.31,Paid,0,0,0
INV-0009044,CUST-101508,2026-04-01,35.24,Paid,0,0,0
INV-0009045,CUST-101508,2026-05-01,35.12,Paid,0,0,0
INV-0009046,CUST-101508,2026-06-01,31.95,Late,18,0,0
INV-0009047,CUST-101508,2026-07-01,31.6,Paid,0,0,0
INV-0009048,CUST-101508,2026-08-01,33.69,Paid,0,0,0
INV-0009049,CUST-101509,2026-03-01,145.02,Paid,0,0,0
INV-0009050,CUST-101509,2026-04-01,142.22,Late,10,1,0
INV-0009051,CUST-101509,2026-05-01,142.48,Late,26,0,0
INV-0009052,CUST-101509,2026-06-01,144.87,Paid,0,0,0
INV-0009053,CUST-101509,2026-07-01,149.71,Paid,0,0,0
INV-0009054,CUST-101509,2026-08-01,161.4,Paid,0,0,0
INV-0009055,CUST-101510,2026-03-01,161.8,Paid,0,0,0
INV-0009056,CUST-101510,2026-04-01,161.6,Paid,0,0,0
INV-0009057,CUST-101510,2026-05-01,156.46,Paid,0,0,0
INV-0009058,CUST-101510,2026-06-01,157.62,Paid,0,0,0
INV-0009059,CUST-101510,2026-07-01,162.65,Paid,0,0,0
INV-0009060,CUST-101510,2026-08-01,153.49,Paid,0,0,0
INV-0009061,CUST-101511,2026-03-01,83.12,Paid,0,0,0
INV-0009062,CUST-101511,2026-04-01,84.81,Late,19,1,1
INV-0009063,CUST-101511,2026-05-01,84.74,Late,17,1,0
INV-0009064,CUST-101511,2026-06-01,84.37,Paid,0,0,0
INV-0009065,CUST-101511,2026-07-01,91.54,Paid,0,0,0
INV-0009066,CUST-101511,2026-08-01,87.62,Paid,0,1,0
INV-0009067,CUST-101512,2026-03-01,91.51,Paid,0,0,0
INV-0009068,CUST-101512,2026-04-01,91.64,Paid,0,0,0
INV-0009069,CUST-101512,2026-05-01,86.24,Paid,0,0,0
INV-0009070,CUST-101512,2026-06-01,87.79,Paid,0,0,0
INV-0009071,CUST-101512,2026-07-01,85.3,Late,3,0,0
INV-0009072,CUST-101512,2026-08-01,92.19,Paid,0,0,0
INV-0009073,CUST-101513,2026-03-01,136.35,Paid,0,0,0
INV-0009074,CUST-101513,2026-04-01,136.01,Late,22,0,0
INV-0009075,CUST-101513,2026-05-01,136.68,Paid,0,0,0
INV-0009076,CUST-101513,2026-06-01,137.3,Paid,0,0,0
INV-0009077,CUST-101513,2026-07-01,135.07,Paid,0,0,0
INV-0009078,CUST-101513,2026-08-01,132.94,Paid,0,0,0
INV-0009079,CUST-101514,2026-03-01,80.96,Paid,0,0,0
INV-0009080,CUST-101514,2026-04-01,78.15,Paid,0,1,0
INV-0009081,CUST-101514,2026-05-01,81.51,Late,16,0,0
INV-0009082,CUST-101514,2026-06-01,81.73,Paid,0,0,0
INV-0009083,CUST-101514,2026-07-01,90.28,Paid,0,0,0
INV-0009084,CUST-101514,2026-08-01,100.05,Paid,0,1,0
INV-0009085,CUST-101515,2026-03-01,70.54,Paid,0,0,0
INV-0009086,CUST-101515,2026-04-01,72.52,Paid,0,0,0
INV-0009087,CUST-101515,2026-05-01,73.95,Paid,0,0,0
INV-0009088,CUST-101515,2026-06-01,75.28,Paid,0,0,0
INV-0009089,CUST-101515,2026-07-01,73.55,Paid,0,0,0
INV-0009090,CUST-101515,2026-08-01,73.54,Paid,0,0,0
INV-0009091,CUST-101516,2026-03-01,29.71,Paid,0,0,0
INV-0009092,CUST-101516,2026-04-01,29.57,Paid,0,0,0
INV-0009093,CUST-101516,2026-05-01,30.15,Paid,0,0,0
INV-0009094,CUST-101516,2026-06-01,31.04,Paid,0,0,0
INV-0009095,CUST-101516,2026-07-01,31.31,Paid,0,0,0
INV-0009096,CUST-101516,2026-08-01,30.89,Paid,0,0,0
INV-0009097,CUST-101517,2026-03-01,60.88,Paid,0,0,0
INV-0009098,CUST-101517,2026-04-01,66.06,Paid,0,0,0
INV-0009099,CUST-101517,2026-05-01,61.09,Paid,0,0,0
INV-0009100,CUST-101517,2026-06-01,61.81,Late,9,0,0
INV-0009101,CUST-101517,2026-07-01,61.64,Paid,0,0,0
INV-0009102,CUST-101517,2026-08-01,65.26,Late,11,0,0
INV-0009103,CUST-101518,2026-03-01,162.73,Paid,0,0,0
INV-0009104,CUST-101518,2026-04-01,166.25,Paid,0,0,0
INV-0009105,CUST-101518,2026-05-01,168.7,Paid,0,0,0
INV-0009106,CUST-101518,2026-06-01,172.4,Paid,0,0,0
INV-0009107,CUST-101518,2026-07-01,169.86,Paid,0,0,0
INV-0009108,CUST-101518,2026-08-01,163.85,Paid,0,0,0
INV-0009109,CUST-101519,2026-03-01,338.64,Paid,0,0,0
INV-0009110,CUST-101519,2026-04-01,349.16,Paid,0,0,0
INV-0009111,CUST-101519,2026-05-01,340.41,Paid,0,0,0
INV-0009112,CUST-101519,2026-06-01,338.52,Paid,0,0,0
INV-0009113,CUST-101519,2026-07-01,348.0,Paid,0,0,0
INV-0009114,CUST-101519,2026-08-01,335.53,Paid,0,0,0
INV-0009115,CUST-101520,2026-03-01,99.16,Late,15,0,0
INV-0009116,CUST-101520,2026-04-01,88.47,Paid,0,0,0
INV-0009117,CUST-101520,2026-05-01,85.63,Paid,0,1,0
INV-0009118,CUST-101520,2026-06-01,80.57,Paid,0,0,0
INV-0009119,CUST-101520,2026-07-01,83.06,Paid,0,1,0
INV-0009120,CUST-101520,2026-08-01,85.72,Late,4,1,1
INV-0009121,CUST-101521,2026-03-01,170.99,Paid,0,0,0
INV-0009122,CUST-101521,2026-04-01,170.55,Paid,0,0,0
INV-0009123,CUST-101521,2026-05-01,175.08,Paid,0,0,0
INV-0009124,CUST-101521,2026-06-01,170.87,Paid,0,0,0
INV-0009125,CUST-101521,2026-07-01,166.48,Paid,0,0,0
INV-0009126,CUST-101521,2026-08-01,163.38,Paid,0,0,0
INV-0009127,CUST-101522,2026-03-01,133.1,Paid,0,0,0
INV-0009128,CUST-101522,2026-04-01,134.73,Paid,0,1,0
INV-0009129,CUST-101522,2026-05-01,137.01,Paid,0,0,0
INV-0009130,CUST-101522,2026-06-01,140.66,Paid,0,0,0
INV-0009131,CUST-101522,2026-07-01,133.56,Paid,0,0,0
INV-0009132,CUST-101522,2026-08-01,128.69,Paid,0,0,0
INV-0009133,CUST-101523,2026-03-01,627.73,Late,9,1,0
INV-0009134,CUST-101523,2026-04-01,668.02,Late,19,0,0
INV-0009135,CUST-101523,2026-05-01,505.87,Late,10,1,0
INV-0009136,CUST-101523,2026-06-01,635.95,Paid,0,0,0
INV-0009137,CUST-101523,2026-07-01,678.61,Paid,0,0,0
INV-0009138,CUST-101523,2026-08-01,611.0,Paid,0,0,0
INV-0009139,CUST-101524,2026-03-01,151.43,Paid,0,0,0
INV-0009140,CUST-101524,2026-04-01,148.65,Paid,0,1,0
INV-0009141,CUST-101524,2026-05-01,157.05,Paid,0,0,0
INV-0009142,CUST-101524,2026-06-01,150.76,Paid,0,0,0
INV-0009143,CUST-101524,2026-07-01,154.89,Paid,0,0,0
INV-0009144,CUST-101524,2026-08-01,151.53,Paid,0,0,0
INV-0009145,CUST-101525,2026-03-01,129.2,Paid,0,0,0
INV-0009146,CUST-101525,2026-04-01,134.21,Paid,0,0,0
INV-0009147,CUST-101525,2026-05-01,132.1,Paid,0,0,0
INV-0009148,CUST-101525,2026-06-01,129.78,Late,26,0,0
INV-0009149,CUST-101525,2026-07-01,131.34,Paid,0,0,0
INV-0009150,CUST-101525,2026-08-01,138.94,Paid,0,0,0
INV-0009151,CUST-101526,2026-03-01,82.46,Paid,0,0,0
INV-0009152,CUST-101526,2026-04-01,80.37,Paid,0,0,0
INV-0009153,CUST-101526,2026-05-01,76.83,Paid,0,0,0
INV-0009154,CUST-101526,2026-06-01,81.77,Paid,0,0,0
INV-0009155,CUST-101526,2026-07-01,78.28,Paid,0,0,0
INV-0009156,CUST-101526,2026-08-01,78.85,Paid,0,0,0
INV-0009157,CUST-101527,2026-03-01,173.93,Paid,0,0,0
INV-0009158,CUST-101527,2026-04-01,170.76,Paid,0,0,0
INV-0009159,CUST-101527,2026-05-01,174.32,Paid,0,0,0
INV-0009160,CUST-101527,2026-06-01,173.7,Paid,0,0,0
INV-0009161,CUST-101527,2026-07-01,173.45,Paid,0,0,0
INV-0009162,CUST-101527,2026-08-01,167.4,Paid,0,0,0
INV-0009163,CUST-101528,2026-03-01,33.35,Paid,0,0,0
INV-0009164,CUST-101528,2026-04-01,33.3,Paid,0,0,0
INV-0009165,CUST-101528,2026-05-01,33.6,Paid,0,0,0
INV-0009166,CUST-101528,2026-06-01,33.44,Paid,0,0,0
INV-0009167,CUST-101528,2026-07-01,33.03,Paid,0,0,0
INV-0009168,CUST-101528,2026-08-01,33.57,Paid,0,0,0
INV-0009169,CUST-101529,2026-03-01,89.59,Paid,0,0,0
INV-0009170,CUST-101529,2026-04-01,93.5,Paid,0,1,0
INV-0009171,CUST-101529,2026-05-01,91.47,Paid,0,0,0
INV-0009172,CUST-101529,2026-06-01,96.31,Paid,0,0,0
INV-0009173,CUST-101529,2026-07-01,94.89,Paid,0,0,0
INV-0009174,CUST-101529,2026-08-01,92.01,Paid,0,0,0
INV-0009175,CUST-101530,2026-03-01,91.88,Paid,0,0,0
INV-0009176,CUST-101530,2026-04-01,96.4,Paid,0,0,0
INV-0009177,CUST-101530,2026-05-01,90.34,Paid,0,0,0
INV-0009178,CUST-101530,2026-06-01,92.48,Paid,0,0,0
INV-0009179,CUST-101530,2026-07-01,98.72,Paid,0,0,0
INV-0009180,CUST-101530,2026-08-01,95.49,Paid,0,0,0
INV-0009181,CUST-101531,2026-03-01,212.3,Paid,0,0,0
INV-0009182,CUST-101531,2026-04-01,176.74,Paid,0,1,0
INV-0009183,CUST-101531,2026-05-01,194.05,Late,25,0,0
INV-0009184,CUST-101531,2026-06-01,165.78,Paid,0,0,0
INV-0009185,CUST-101531,2026-07-01,163.88,Paid,0,0,0
INV-0009186,CUST-101531,2026-08-01,194.43,Paid,0,1,0
INV-0009187,CUST-101532,2026-03-01,79.71,Paid,0,0,0
INV-0009188,CUST-101532,2026-04-01,85.54,Paid,0,0,0
INV-0009189,CUST-101532,2026-05-01,82.75,Paid,0,0,0
INV-0009190,CUST-101532,2026-06-01,82.04,Paid,0,0,0
INV-0009191,CUST-101532,2026-07-01,81.2,Paid,0,0,0
INV-0009192,CUST-101532,2026-08-01,77.65,Paid,0,0,0
INV-0009193,CUST-101533,2026-03-01,161.43,Paid,0,0,0
INV-0009194,CUST-101533,2026-04-01,159.69,Paid,0,0,0
INV-0009195,CUST-101533,2026-05-01,162.7,Paid,0,0,0
INV-0009196,CUST-101533,2026-06-01,163.91,Paid,0,0,0
INV-0009197,CUST-101533,2026-07-01,168.35,Paid,0,0,0
INV-0009198,CUST-101533,2026-08-01,166.4,Paid,0,0,0
INV-0009199,CUST-101534,2026-03-01,90.92,Late,17,0,0
INV-0009200,CUST-101534,2026-04-01,92.1,Paid,0,0,0
INV-0009201,CUST-101534,2026-05-01,97.39,Paid,0,0,0
INV-0009202,CUST-101534,2026-06-01,95.24,Paid,0,0,0
INV-0009203,CUST-101534,2026-07-01,102.67,Paid,0,1,0
INV-0009204,CUST-101534,2026-08-01,93.81,Paid,0,0,0
INV-0009205,CUST-101535,2026-03-01,389.78,Paid,0,0,0
INV-0009206,CUST-101535,2026-04-01,393.03,Late,20,0,0
INV-0009207,CUST-101535,2026-05-01,373.81,Paid,0,0,0
INV-0009208,CUST-101535,2026-06-01,375.11,Paid,0,1,0
INV-0009209,CUST-101535,2026-07-01,371.44,Paid,0,0,0
INV-0009210,CUST-101535,2026-08-01,386.19,Paid,0,0,0
INV-0009211,CUST-101536,2026-03-01,86.81,Late,10,0,0
INV-0009212,CUST-101536,2026-04-01,68.26,Late,11,1,1
INV-0009213,CUST-101536,2026-05-01,69.43,Late,14,0,0
INV-0009214,CUST-101536,2026-06-01,67.61,Late,29,0,0
INV-0009215,CUST-101536,2026-07-01,65.8,Paid,0,0,0
INV-0009216,CUST-101536,2026-08-01,68.55,Paid,0,0,0
INV-0009217,CUST-101537,2026-03-01,141.63,Paid,0,0,0
INV-0009218,CUST-101537,2026-04-01,149.74,Paid,0,1,0
INV-0009219,CUST-101537,2026-05-01,147.2,Paid,0,0,0
INV-0009220,CUST-101537,2026-06-01,143.91,Paid,0,0,0
INV-0009221,CUST-101537,2026-07-01,146.23,Paid,0,0,0
INV-0009222,CUST-101537,2026-08-01,165.21,Late,18,1,0
INV-0009223,CUST-101538,2026-03-01,73.15,Paid,0,0,0
INV-0009224,CUST-101538,2026-04-01,72.56,Paid,0,0,0
INV-0009225,CUST-101538,2026-05-01,69.42,Paid,0,0,0
INV-0009226,CUST-101538,2026-06-01,71.04,Paid,0,0,0
INV-0009227,CUST-101538,2026-07-01,71.09,Paid,0,0,0
INV-0009228,CUST-101538,2026-08-01,72.54,Paid,0,0,0
INV-0009229,CUST-101539,2026-03-01,33.51,Paid,0,0,0
INV-0009230,CUST-101539,2026-04-01,30.99,Paid,0,1,1
INV-0009231,CUST-101539,2026-05-01,32.98,Paid,0,0,0
INV-0009232,CUST-101539,2026-06-01,31.3,Late,26,0,0
INV-0009233,CUST-101539,2026-07-01,32.83,Paid,0,0,0
INV-0009234,CUST-101539,2026-08-01,32.46,Paid,0,0,0
INV-0009235,CUST-101540,2026-03-01,174.19,Late,17,1,0
INV-0009236,CUST-101540,2026-04-01,224.83,Late,17,0,0
INV-0009237,CUST-101540,2026-05-01,176.22,Paid,0,0,0
INV-0009238,CUST-101540,2026-06-01,178.73,Paid,0,1,0
INV-0009239,CUST-101540,2026-07-01,176.94,Paid,0,1,1
INV-0009240,CUST-101540,2026-08-01,178.67,Paid,0,0,0
INV-0009241,CUST-101541,2026-03-01,66.98,Paid,0,0,0
INV-0009242,CUST-101541,2026-04-01,65.19,Paid,0,0,0
INV-0009243,CUST-101541,2026-05-01,68.26,Paid,0,0,0
INV-0009244,CUST-101541,2026-06-01,65.32,Late,28,0,0
INV-0009245,CUST-101541,2026-07-01,66.14,Paid,0,0,0
INV-0009246,CUST-101541,2026-08-01,66.17,Paid,0,0,0
INV-0009247,CUST-101542,2026-03-01,69.54,Paid,0,0,0
INV-0009248,CUST-101542,2026-04-01,74.16,Paid,0,0,0
INV-0009249,CUST-101542,2026-05-01,79.1,Paid,0,1,1
INV-0009250,CUST-101542,2026-06-01,74.0,Paid,0,0,0
INV-0009251,CUST-101542,2026-07-01,76.0,Paid,0,0,0
INV-0009252,CUST-101542,2026-08-01,75.04,Paid,0,0,0
INV-0009253,CUST-101543,2026-03-01,28.01,Paid,0,0,0
INV-0009254,CUST-101543,2026-04-01,29.69,Paid,0,0,0
INV-0009255,CUST-101543,2026-05-01,30.32,Paid,0,0,0
INV-0009256,CUST-101543,2026-06-01,29.31,Paid,0,0,0
INV-0009257,CUST-101543,2026-07-01,31.37,Late,9,0,0
INV-0009258,CUST-101543,2026-08-01,29.07,Paid,0,0,0
INV-0009259,CUST-101544,2026-03-01,78.38,Paid,0,0,0
INV-0009260,CUST-101544,2026-04-01,76.06,Paid,0,0,0
INV-0009261,CUST-101544,2026-05-01,74.44,Paid,0,0,0
INV-0009262,CUST-101544,2026-06-01,74.52,Paid,0,0,0
INV-0009263,CUST-101544,2026-07-01,77.24,Paid,0,0,0
INV-0009264,CUST-101544,2026-08-01,71.62,Paid,0,0,0
INV-0009265,CUST-101545,2026-03-01,398.52,Paid,0,0,0
INV-0009266,CUST-101545,2026-04-01,394.69,Paid,0,0,0
INV-0009267,CUST-101545,2026-05-01,379.24,Paid,0,0,0
INV-0009268,CUST-101545,2026-06-01,382.31,Paid,0,0,0
INV-0009269,CUST-101545,2026-07-01,387.24,Paid,0,0,0
INV-0009270,CUST-101545,2026-08-01,397.35,Paid,0,0,0
INV-0009271,CUST-101546,2026-03-01,65.69,Paid,0,0,0
INV-0009272,CUST-101546,2026-04-01,63.86,Paid,0,0,0
INV-0009273,CUST-101546,2026-05-01,63.25,Paid,0,0,0
INV-0009274,CUST-101546,2026-06-01,63.84,Paid,0,0,0
INV-0009275,CUST-101546,2026-07-01,64.41,Paid,0,0,0
INV-0009276,CUST-101546,2026-08-01,63.83,Paid,0,0,0
INV-0009277,CUST-101547,2026-03-01,90.69,Paid,0,1,1
INV-0009278,CUST-101547,2026-04-01,92.15,Paid,0,0,0
INV-0009279,CUST-101547,2026-05-01,94.85,Paid,0,0,0
INV-0009280,CUST-101547,2026-06-01,91.87,Late,17,0,0
INV-0009281,CUST-101547,2026-07-01,94.6,Paid,0,0,0
INV-0009282,CUST-101547,2026-08-01,94.72,Paid,0,0,0
INV-0009283,CUST-101548,2026-03-01,72.79,Paid,0,0,0
INV-0009284,CUST-101548,2026-04-01,74.12,Paid,0,0,0
INV-0009285,CUST-101548,2026-05-01,72.15,Paid,0,0,0
INV-0009286,CUST-101548,2026-06-01,72.48,Paid,0,0,0
INV-0009287,CUST-101548,2026-07-01,73.24,Paid,0,0,0
INV-0009288,CUST-101548,2026-08-01,70.26,Paid,0,0,0
INV-0009289,CUST-101549,2026-03-01,124.7,Paid,0,0,0
INV-0009290,CUST-101549,2026-04-01,110.02,Late,14,0,0
INV-0009291,CUST-101549,2026-05-01,93.27,Paid,0,0,0
INV-0009292,CUST-101549,2026-06-01,90.87,Late,26,0,0
INV-0009293,CUST-101549,2026-07-01,93.55,Paid,0,1,0
INV-0009294,CUST-101549,2026-08-01,90.78,Late,11,0,0
INV-0009295,CUST-101550,2026-03-01,31.98,Paid,0,0,0
INV-0009296,CUST-101550,2026-04-01,30.85,Paid,0,0,0
INV-0009297,CUST-101550,2026-05-01,31.12,Paid,0,0,0
INV-0009298,CUST-101550,2026-06-01,31.0,Paid,0,1,1
INV-0009299,CUST-101550,2026-07-01,32.31,Paid,0,0,0
INV-0009300,CUST-101550,2026-08-01,30.91,Paid,0,0,0
INV-0009301,CUST-101551,2026-03-01,110.66,Paid,0,0,0
INV-0009302,CUST-101551,2026-04-01,118.68,Paid,0,0,0
INV-0009303,CUST-101551,2026-05-01,115.75,Paid,0,0,0
INV-0009304,CUST-101551,2026-06-01,117.6,Paid,0,0,0
INV-0009305,CUST-101551,2026-07-01,120.92,Paid,0,0,0
INV-0009306,CUST-101551,2026-08-01,117.22,Paid,0,0,0
INV-0009307,CUST-101552,2026-03-01,440.13,Paid,0,0,0
INV-0009308,CUST-101552,2026-04-01,456.99,Paid,0,0,0
INV-0009309,CUST-101552,2026-05-01,441.33,Paid,0,0,0
INV-0009310,CUST-101552,2026-06-01,452.6,Paid,0,0,0
INV-0009311,CUST-101552,2026-07-01,452.32,Paid,0,0,0
INV-0009312,CUST-101552,2026-08-01,455.3,Paid,0,1,0
INV-0009313,CUST-101553,2026-03-01,94.34,Paid,0,0,0
INV-0009314,CUST-101553,2026-04-01,93.92,Late,1,0,0
INV-0009315,CUST-101553,2026-05-01,90.32,Paid,0,1,0
INV-0009316,CUST-101553,2026-06-01,92.29,Paid,0,0,0
INV-0009317,CUST-101553,2026-07-01,93.67,Late,18,1,0
INV-0009318,CUST-101553,2026-08-01,116.57,Paid,0,1,0
INV-0009319,CUST-101554,2026-03-01,165.44,Paid,0,0,0
INV-0009320,CUST-101554,2026-04-01,159.32,Paid,0,0,0
INV-0009321,CUST-101554,2026-05-01,159.83,Paid,0,0,0
INV-0009322,CUST-101554,2026-06-01,157.85,Paid,0,0,0
INV-0009323,CUST-101554,2026-07-01,160.87,Paid,0,0,0
INV-0009324,CUST-101554,2026-08-01,162.63,Paid,0,0,0
INV-0009325,CUST-101555,2026-03-01,178.08,Paid,0,0,0
INV-0009326,CUST-101555,2026-04-01,167.37,Paid,0,0,0
INV-0009327,CUST-101555,2026-05-01,166.19,Paid,0,0,0
INV-0009328,CUST-101555,2026-06-01,175.85,Paid,0,0,0
INV-0009329,CUST-101555,2026-07-01,169.95,Paid,0,0,0
INV-0009330,CUST-101555,2026-08-01,179.31,Paid,0,0,0
INV-0009331,CUST-101556,2026-03-01,25.84,Paid,0,0,0
INV-0009332,CUST-101556,2026-04-01,25.66,Paid,0,0,0
INV-0009333,CUST-101556,2026-05-01,26.27,Paid,0,0,0
INV-0009334,CUST-101556,2026-06-01,24.77,Paid,0,0,0
INV-0009335,CUST-101556,2026-07-01,25.33,Paid,0,0,0
INV-0009336,CUST-101556,2026-08-01,25.32,Paid,0,0,0
INV-0009337,CUST-101557,2026-03-01,77.67,Paid,0,0,0
INV-0009338,CUST-101557,2026-04-01,79.73,Paid,0,0,0
INV-0009339,CUST-101557,2026-05-01,76.98,Paid,0,0,0
INV-0009340,CUST-101557,2026-06-01,79.38,Paid,0,0,0
INV-0009341,CUST-101557,2026-07-01,77.39,Paid,0,0,0
INV-0009342,CUST-101557,2026-08-01,80.41,Paid,0,0,0
INV-0009343,CUST-101558,2026-03-01,165.77,Paid,0,0,0
INV-0009344,CUST-101558,2026-04-01,160.34,Paid,0,0,0
INV-0009345,CUST-101558,2026-05-01,163.62,Paid,0,0,0
INV-0009346,CUST-101558,2026-06-01,153.57,Paid,0,0,0
INV-0009347,CUST-101558,2026-07-01,159.95,Paid,0,0,0
INV-0009348,CUST-101558,2026-08-01,159.42,Paid,0,0,0
INV-0009349,CUST-101559,2026-03-01,34.17,Paid,0,1,0
INV-0009350,CUST-101559,2026-04-01,33.54,Paid,0,0,0
INV-0009351,CUST-101559,2026-05-01,32.87,Paid,0,0,0
INV-0009352,CUST-101559,2026-06-01,34.5,Paid,0,0,0
INV-0009353,CUST-101559,2026-07-01,34.11,Paid,0,0,0
INV-0009354,CUST-101559,2026-08-01,34.99,Paid,0,0,0
INV-0009355,CUST-101560,2026-03-01,154.41,Paid,0,0,0
INV-0009356,CUST-101560,2026-04-01,182.51,Paid,0,1,1
INV-0009357,CUST-101560,2026-05-01,171.16,Paid,0,1,1
INV-0009358,CUST-101560,2026-06-01,187.6,Late,22,0,0
INV-0009359,CUST-101560,2026-07-01,152.04,Paid,0,1,1
INV-0009360,CUST-101560,2026-08-01,197.74,Late,26,0,0
INV-0009361,CUST-101561,2026-03-01,77.75,Paid,0,0,0
INV-0009362,CUST-101561,2026-04-01,84.39,Paid,0,0,0
INV-0009363,CUST-101561,2026-05-01,77.64,Paid,0,0,0
INV-0009364,CUST-101561,2026-06-01,81.5,Paid,0,0,0
INV-0009365,CUST-101561,2026-07-01,80.45,Paid,0,0,0
INV-0009366,CUST-101561,2026-08-01,81.18,Paid,0,0,0
INV-0009367,CUST-101562,2026-03-01,31.27,Paid,0,0,0
INV-0009368,CUST-101562,2026-04-01,30.01,Paid,0,0,0
INV-0009369,CUST-101562,2026-05-01,29.29,Paid,0,1,0
INV-0009370,CUST-101562,2026-06-01,30.24,Paid,0,1,0
INV-0009371,CUST-101562,2026-07-01,29.97,Paid,0,0,0
INV-0009372,CUST-101562,2026-08-01,30.53,Paid,0,1,0
INV-0009373,CUST-101563,2026-03-01,80.93,Paid,0,0,0
INV-0009374,CUST-101563,2026-04-01,78.43,Paid,0,0,0
INV-0009375,CUST-101563,2026-05-01,77.45,Paid,0,0,0
INV-0009376,CUST-101563,2026-06-01,76.47,Paid,0,0,0
INV-0009377,CUST-101563,2026-07-01,80.66,Paid,0,0,0
INV-0009378,CUST-101563,2026-08-01,78.44,Paid,0,0,0
INV-0009379,CUST-101564,2026-03-01,69.66,Paid,0,0,0
INV-0009380,CUST-101564,2026-04-01,70.56,Paid,0,0,0
INV-0009381,CUST-101564,2026-05-01,67.38,Paid,0,0,0
INV-0009382,CUST-101564,2026-06-01,68.87,Paid,0,0,0
INV-0009383,CUST-101564,2026-07-01,67.34,Paid,0,0,0
INV-0009384,CUST-101564,2026-08-01,69.6,Paid,0,0,0
INV-0009385,CUST-101565,2026-03-01,27.69,Paid,0,0,0
INV-0009386,CUST-101565,2026-04-01,27.8,Paid,0,0,0
INV-0009387,CUST-101565,2026-05-01,26.01,Paid,0,0,0
INV-0009388,CUST-101565,2026-06-01,26.99,Paid,0,0,0
INV-0009389,CUST-101565,2026-07-01,27.67,Paid,0,0,0
INV-0009390,CUST-101565,2026-08-01,25.86,Paid,0,0,0
INV-0009391,CUST-101566,2026-03-01,28.84,Paid,0,0,0
INV-0009392,CUST-101566,2026-04-01,29.55,Paid,0,0,0
INV-0009393,CUST-101566,2026-05-01,29.97,Paid,0,0,0
INV-0009394,CUST-101566,2026-06-01,28.79,Paid,0,0,0
INV-0009395,CUST-101566,2026-07-01,28.2,Paid,0,1,1
INV-0009396,CUST-101566,2026-08-01,30.13,Paid,0,0,0
INV-0009397,CUST-101567,2026-03-01,75.44,Late,5,1,0
INV-0009398,CUST-101567,2026-04-01,96.72,Paid,0,0,0
INV-0009399,CUST-101567,2026-05-01,83.9,Paid,0,0,0
INV-0009400,CUST-101567,2026-06-01,77.9,Late,2,1,0
INV-0009401,CUST-101567,2026-07-01,81.54,Paid,0,1,0
INV-0009402,CUST-101567,2026-08-01,84.11,Paid,0,0,0
INV-0009403,CUST-101568,2026-03-01,458.58,Paid,0,0,0
INV-0009404,CUST-101568,2026-04-01,449.96,Paid,0,1,0
INV-0009405,CUST-101568,2026-05-01,451.34,Paid,0,1,1
INV-0009406,CUST-101568,2026-06-01,443.87,Late,1,0,0
INV-0009407,CUST-101568,2026-07-01,567.0,Paid,0,0,0
INV-0009408,CUST-101568,2026-08-01,462.62,Paid,0,0,0
INV-0009409,CUST-101569,2026-03-01,36.61,Paid,0,0,0
INV-0009410,CUST-101569,2026-04-01,37.56,Paid,0,0,0
INV-0009411,CUST-101569,2026-05-01,37.29,Late,26,0,0
INV-0009412,CUST-101569,2026-06-01,37.16,Paid,0,0,0
INV-0009413,CUST-101569,2026-07-01,35.72,Paid,0,0,0
INV-0009414,CUST-101569,2026-08-01,37.01,Paid,0,0,0
INV-0009415,CUST-101570,2026-03-01,35.51,Paid,0,1,1
INV-0009416,CUST-101570,2026-04-01,36.18,Paid,0,0,0
INV-0009417,CUST-101570,2026-05-01,35.34,Paid,0,0,0
INV-0009418,CUST-101570,2026-06-01,34.9,Paid,0,0,0
INV-0009419,CUST-101570,2026-07-01,36.37,Paid,0,0,0
INV-0009420,CUST-101570,2026-08-01,35.06,Late,13,0,0
INV-0009421,CUST-101571,2026-03-01,84.28,Paid,0,0,0
INV-0009422,CUST-101571,2026-04-01,96.09,Late,4,0,0
INV-0009423,CUST-101571,2026-05-01,79.1,Paid,0,0,0
INV-0009424,CUST-101571,2026-06-01,107.0,Paid,0,1,0
INV-0009425,CUST-101571,2026-07-01,101.9,Paid,0,1,0
INV-0009426,CUST-101571,2026-08-01,100.11,Paid,0,0,0
INV-0009427,CUST-101572,2026-03-01,160.02,Paid,0,0,0
INV-0009428,CUST-101572,2026-04-01,162.67,Paid,0,0,0
INV-0009429,CUST-101572,2026-05-01,156.43,Paid,0,1,1
INV-0009430,CUST-101572,2026-06-01,162.96,Late,6,1,1
INV-0009431,CUST-101572,2026-07-01,166.6,Paid,0,0,0
INV-0009432,CUST-101572,2026-08-01,160.67,Late,31,0,0
INV-0009433,CUST-101573,2026-03-01,36.63,Paid,0,0,0
INV-0009434,CUST-101573,2026-04-01,36.79,Paid,0,0,0
INV-0009435,CUST-101573,2026-05-01,37.22,Paid,0,0,0
INV-0009436,CUST-101573,2026-06-01,36.75,Paid,0,0,0
INV-0009437,CUST-101573,2026-07-01,37.66,Paid,0,0,0
INV-0009438,CUST-101573,2026-08-01,35.81,Paid,0,0,0
INV-0009439,CUST-101574,2026-03-01,37.69,Paid,0,0,0
INV-0009440,CUST-101574,2026-04-01,39.1,Paid,0,1,0
INV-0009441,CUST-101574,2026-05-01,38.59,Paid,0,0,0
INV-0009442,CUST-101574,2026-06-01,36.5,Paid,0,0,0
INV-0009443,CUST-101574,2026-07-01,37.9,Paid,0,0,0
INV-0009444,CUST-101574,2026-08-01,38.39,Paid,0,0,0
INV-0009445,CUST-101575,2026-03-01,43.89,Paid,0,0,0
INV-0009446,CUST-101575,2026-04-01,43.92,Paid,0,1,0
INV-0009447,CUST-101575,2026-05-01,44.62,Paid,0,0,0
INV-0009448,CUST-101575,2026-06-01,46.09,Paid,0,0,0
INV-0009449,CUST-101575,2026-07-01,45.66,Paid,0,0,0
INV-0009450,CUST-101575,2026-08-01,42.41,Paid,0,0,0
INV-0009451,CUST-101576,2026-03-01,32.08,Paid,0,0,0
INV-0009452,CUST-101576,2026-04-01,34.05,Paid,0,0,0
INV-0009453,CUST-101576,2026-05-01,31.95,Paid,0,0,0
INV-0009454,CUST-101576,2026-06-01,31.81,Paid,0,0,0
INV-0009455,CUST-101576,2026-07-01,32.78,Paid,0,0,0
INV-0009456,CUST-101576,2026-08-01,32.57,Paid,0,0,0
INV-0009457,CUST-101577,2026-03-01,89.8,Paid,0,0,0
INV-0009458,CUST-101577,2026-04-01,90.99,Paid,0,0,0
INV-0009459,CUST-101577,2026-05-01,96.01,Paid,0,0,0
INV-0009460,CUST-101577,2026-06-01,96.72,Paid,0,0,0
INV-0009461,CUST-101577,2026-07-01,93.77,Paid,0,0,0
INV-0009462,CUST-101577,2026-08-01,92.37,Paid,0,0,0
INV-0009463,CUST-101578,2026-03-01,85.51,Paid,0,0,0
INV-0009464,CUST-101578,2026-04-01,85.29,Paid,0,0,0
INV-0009465,CUST-101578,2026-05-01,89.1,Paid,0,0,0
INV-0009466,CUST-101578,2026-06-01,93.56,Paid,0,0,0
INV-0009467,CUST-101578,2026-07-01,88.65,Paid,0,0,0
INV-0009468,CUST-101578,2026-08-01,90.39,Paid,0,1,0
INV-0009469,CUST-101579,2026-03-01,77.84,Paid,0,0,0
INV-0009470,CUST-101579,2026-04-01,80.54,Paid,0,0,0
INV-0009471,CUST-101579,2026-05-01,79.6,Paid,0,0,0
INV-0009472,CUST-101579,2026-06-01,80.05,Paid,0,0,0
INV-0009473,CUST-101579,2026-07-01,80.41,Late,30,0,0
INV-0009474,CUST-101579,2026-08-01,79.08,Paid,0,0,0
INV-0009475,CUST-101580,2026-03-01,83.17,Paid,0,0,0
INV-0009476,CUST-101580,2026-04-01,84.94,Paid,0,1,0
INV-0009477,CUST-101580,2026-05-01,85.58,Paid,0,0,0
INV-0009478,CUST-101580,2026-06-01,85.24,Paid,0,0,0
INV-0009479,CUST-101580,2026-07-01,87.49,Paid,0,0,0
INV-0009480,CUST-101580,2026-08-01,90.25,Paid,0,0,0
INV-0009481,CUST-101581,2026-03-01,77.1,Paid,0,0,0
INV-0009482,CUST-101581,2026-04-01,75.85,Paid,0,0,0
INV-0009483,CUST-101581,2026-05-01,77.64,Paid,0,0,0
INV-0009484,CUST-101581,2026-06-01,72.28,Paid,0,0,0
INV-0009485,CUST-101581,2026-07-01,74.3,Paid,0,0,0
INV-0009486,CUST-101581,2026-08-01,77.73,Paid,0,0,0
INV-0009487,CUST-101582,2026-03-01,26.15,Paid,0,0,0
INV-0009488,CUST-101582,2026-04-01,25.83,Paid,0,0,0
INV-0009489,CUST-101582,2026-05-01,27.0,Paid,0,0,0
INV-0009490,CUST-101582,2026-06-01,25.71,Paid,0,0,0
INV-0009491,CUST-101582,2026-07-01,26.59,Paid,0,0,0
INV-0009492,CUST-101582,2026-08-01,26.59,Paid,0,0,0
INV-0009493,CUST-101583,2026-03-01,70.39,Paid,0,0,0
INV-0009494,CUST-101583,2026-04-01,73.97,Paid,0,0,0
INV-0009495,CUST-101583,2026-05-01,69.73,Paid,0,0,0
INV-0009496,CUST-101583,2026-06-01,67.17,Paid,0,0,0
INV-0009497,CUST-101583,2026-07-01,73.29,Paid,0,0,0
INV-0009498,CUST-101583,2026-08-01,71.28,Paid,0,0,0
INV-0009499,CUST-101584,2026-03-01,35.9,Paid,0,0,0
INV-0009500,CUST-101584,2026-04-01,37.91,Paid,0,0,0
INV-0009501,CUST-101584,2026-05-01,36.12,Paid,0,0,0
INV-0009502,CUST-101584,2026-06-01,36.05,Paid,0,0,0
INV-0009503,CUST-101584,2026-07-01,36.07,Paid,0,0,0
INV-0009504,CUST-101584,2026-08-01,36.41,Paid,0,0,0
INV-0009505,CUST-101585,2026-03-01,171.85,Paid,0,0,0
INV-0009506,CUST-101585,2026-04-01,165.42,Paid,0,0,0
INV-0009507,CUST-101585,2026-05-01,164.78,Paid,0,0,0
INV-0009508,CUST-101585,2026-06-01,162.66,Paid,0,0,0
INV-0009509,CUST-101585,2026-07-01,161.93,Paid,0,0,0
INV-0009510,CUST-101585,2026-08-01,163.34,Paid,0,0,0
INV-0009511,CUST-101586,2026-03-01,173.3,Paid,0,0,0
INV-0009512,CUST-101586,2026-04-01,169.74,Paid,0,0,0
INV-0009513,CUST-101586,2026-05-01,166.5,Paid,0,0,0
INV-0009514,CUST-101586,2026-06-01,169.82,Paid,0,0,0
INV-0009515,CUST-101586,2026-07-01,180.75,Paid,0,0,0
INV-0009516,CUST-101586,2026-08-01,176.59,Paid,0,0,0
INV-0009517,CUST-101587,2026-03-01,72.15,Paid,0,0,0
INV-0009518,CUST-101587,2026-04-01,77.41,Paid,0,0,0
INV-0009519,CUST-101587,2026-05-01,73.58,Paid,0,0,0
INV-0009520,CUST-101587,2026-06-01,75.37,Paid,0,0,0
INV-0009521,CUST-101587,2026-07-01,73.71,Paid,0,0,0
INV-0009522,CUST-101587,2026-08-01,73.38,Paid,0,0,0
INV-0009523,CUST-101588,2026-03-01,99.8,Paid,0,0,0
INV-0009524,CUST-101588,2026-04-01,99.19,Paid,0,0,0
INV-0009525,CUST-101588,2026-05-01,99.09,Late,22,0,0
INV-0009526,CUST-101588,2026-06-01,100.7,Late,32,0,0
INV-0009527,CUST-101588,2026-07-01,99.62,Paid,0,0,0
INV-0009528,CUST-101588,2026-08-01,96.78,Late,18,0,0
INV-0009529,CUST-101589,2026-03-01,78.82,Paid,0,0,0
INV-0009530,CUST-101589,2026-04-01,79.8,Paid,0,1,1
INV-0009531,CUST-101589,2026-05-01,92.28,Paid,0,0,0
INV-0009532,CUST-101589,2026-06-01,82.91,Late,8,0,0
INV-0009533,CUST-101589,2026-07-01,80.62,Paid,0,0,0
INV-0009534,CUST-101589,2026-08-01,95.82,Paid,0,0,0
INV-0009535,CUST-101590,2026-03-01,80.39,Paid,0,0,0
INV-0009536,CUST-101590,2026-04-01,79.68,Paid,0,0,0
INV-0009537,CUST-101590,2026-05-01,80.22,Paid,0,0,0
INV-0009538,CUST-101590,2026-06-01,85.43,Paid,0,0,0
INV-0009539,CUST-101590,2026-07-01,81.42,Paid,0,0,0
INV-0009540,CUST-101590,2026-08-01,84.23,Paid,0,0,0
INV-0009541,CUST-101591,2026-03-01,434.35,Paid,0,0,0
INV-0009542,CUST-101591,2026-04-01,451.51,Late,6,0,0
INV-0009543,CUST-101591,2026-05-01,428.64,Paid,0,0,0
INV-0009544,CUST-101591,2026-06-01,442.43,Paid,0,0,0
INV-0009545,CUST-101591,2026-07-01,432.4,Paid,0,0,0
INV-0009546,CUST-101591,2026-08-01,444.67,Paid,0,0,0
INV-0009547,CUST-101592,2026-03-01,38.21,Paid,0,0,0
INV-0009548,CUST-101592,2026-04-01,39.48,Paid,0,0,0
INV-0009549,CUST-101592,2026-05-01,40.78,Paid,0,0,0
INV-0009550,CUST-101592,2026-06-01,40.21,Paid,0,0,0
INV-0009551,CUST-101592,2026-07-01,39.26,Paid,0,1,0
INV-0009552,CUST-101592,2026-08-01,38.16,Paid,0,0,0
INV-0009553,CUST-101593,2026-03-01,31.66,Paid,0,0,0
INV-0009554,CUST-101593,2026-04-01,33.19,Paid,0,0,0
INV-0009555,CUST-101593,2026-05-01,31.84,Paid,0,0,0
INV-0009556,CUST-101593,2026-06-01,34.06,Paid,0,1,1
INV-0009557,CUST-101593,2026-07-01,33.09,Paid,0,0,0
INV-0009558,CUST-101593,2026-08-01,32.91,Paid,0,1,0
INV-0009559,CUST-101594,2026-03-01,150.23,Paid,0,0,0
INV-0009560,CUST-101594,2026-04-01,149.5,Paid,0,0,0
INV-0009561,CUST-101594,2026-05-01,146.44,Paid,0,0,0
INV-0009562,CUST-101594,2026-06-01,156.76,Paid,0,0,0
INV-0009563,CUST-101594,2026-07-01,155.25,Paid,0,0,0
INV-0009564,CUST-101594,2026-08-01,154.69,Paid,0,0,0
INV-0009565,CUST-101595,2026-03-01,528.96,Late,3,0,0
INV-0009566,CUST-101595,2026-04-01,450.7,Paid,0,0,0
INV-0009567,CUST-101595,2026-05-01,466.0,Paid,0,1,1
INV-0009568,CUST-101595,2026-06-01,442.09,Paid,0,0,0
INV-0009569,CUST-101595,2026-07-01,556.44,Paid,0,1,1
INV-0009570,CUST-101595,2026-08-01,539.14,Late,1,0,0
INV-0009571,CUST-101596,2026-03-01,36.27,Paid,0,0,0
INV-0009572,CUST-101596,2026-04-01,34.34,Paid,0,0,0
INV-0009573,CUST-101596,2026-05-01,35.66,Late,1,0,0
INV-0009574,CUST-101596,2026-06-01,33.63,Late,20,0,0
INV-0009575,CUST-101596,2026-07-01,36.58,Paid,0,0,0
INV-0009576,CUST-101596,2026-08-01,37.26,Paid,0,0,0
INV-0009577,CUST-101597,2026-03-01,39.19,Paid,0,0,0
INV-0009578,CUST-101597,2026-04-01,37.84,Paid,0,0,0
INV-0009579,CUST-101597,2026-05-01,36.89,Paid,0,0,0
INV-0009580,CUST-101597,2026-06-01,38.16,Paid,0,0,0
INV-0009581,CUST-101597,2026-07-01,37.23,Paid,0,0,0
INV-0009582,CUST-101597,2026-08-01,38.14,Paid,0,0,0
INV-0009583,CUST-101598,2026-03-01,90.78,Paid,0,0,0
INV-0009584,CUST-101598,2026-04-01,95.08,Paid,0,0,0
INV-0009585,CUST-101598,2026-05-01,91.9,Paid,0,0,0
INV-0009586,CUST-101598,2026-06-01,88.39,Paid,0,0,0
INV-0009587,CUST-101598,2026-07-01,95.29,Paid,0,0,0
INV-0009588,CUST-101598,2026-08-01,91.74,Paid,0,0,0
INV-0009589,CUST-101599,2026-03-01,448.68,Paid,0,0,0
INV-0009590,CUST-101599,2026-04-01,462.0,Paid,0,0,0
INV-0009591,CUST-101599,2026-05-01,437.09,Paid,0,1,0
INV-0009592,CUST-101599,2026-06-01,466.34,Paid,0,0,0
INV-0009593,CUST-101599,2026-07-01,464.91,Paid,0,0,0
INV-0009594,CUST-101599,2026-08-01,461.66,Paid,0,0,0
INV-0009595,CUST-101600,2026-03-01,29.63,Late,20,0,0
INV-0009596,CUST-101600,2026-04-01,28.28,Late,13,0,0
INV-0009597,CUST-101600,2026-05-01,28.26,Paid,0,0,0
INV-0009598,CUST-101600,2026-06-01,28.37,Paid,0,0,0
INV-0009599,CUST-101600,2026-07-01,29.27,Paid,0,0,0
INV-0009600,CUST-101600,2026-08-01,27.69,Paid,0,0,0
INV-0009601,CUST-101601,2026-03-01,35.55,Paid,0,0,0
INV-0009602,CUST-101601,2026-04-01,27.69,Late,7,0,0
INV-0009603,CUST-101601,2026-05-01,27.31,Late,18,0,0
INV-0009604,CUST-101601,2026-06-01,26.71,Late,20,0,0
INV-0009605,CUST-101601,2026-07-01,27.47,Late,13,0,0
INV-0009606,CUST-101601,2026-08-01,31.88,Paid,0,0,0
INV-0009607,CUST-101602,2026-03-01,86.05,Paid,0,1,0
INV-0009608,CUST-101602,2026-04-01,83.65,Paid,0,0,0
INV-0009609,CUST-101602,2026-05-01,84.25,Paid,0,0,0
INV-0009610,CUST-101602,2026-06-01,84.69,Paid,0,0,0
INV-0009611,CUST-101602,2026-07-01,86.12,Paid,0,0,0
INV-0009612,CUST-101602,2026-08-01,82.42,Paid,0,0,0
INV-0009613,CUST-101603,2026-03-01,72.41,Paid,0,0,0
INV-0009614,CUST-101603,2026-04-01,77.72,Paid,0,0,0
INV-0009615,CUST-101603,2026-05-01,73.66,Paid,0,0,0
INV-0009616,CUST-101603,2026-06-01,74.54,Paid,0,0,0
INV-0009617,CUST-101603,2026-07-01,71.33,Paid,0,0,0
INV-0009618,CUST-101603,2026-08-01,74.76,Paid,0,0,0
INV-0009619,CUST-101604,2026-03-01,30.51,Paid,0,0,0
INV-0009620,CUST-101604,2026-04-01,31.52,Paid,0,0,0
INV-0009621,CUST-101604,2026-05-01,31.78,Paid,0,0,0
INV-0009622,CUST-101604,2026-06-01,32.02,Paid,0,0,0
INV-0009623,CUST-101604,2026-07-01,31.75,Paid,0,0,0
INV-0009624,CUST-101604,2026-08-01,30.1,Paid,0,0,0
INV-0009625,CUST-101605,2026-03-01,27.98,Paid,0,0,0
INV-0009626,CUST-101605,2026-04-01,29.13,Paid,0,0,0
INV-0009627,CUST-101605,2026-05-01,28.36,Paid,0,0,0
INV-0009628,CUST-101605,2026-06-01,28.46,Paid,0,0,0
INV-0009629,CUST-101605,2026-07-01,29.14,Paid,0,0,0
INV-0009630,CUST-101605,2026-08-01,28.72,Paid,0,0,0
INV-0009631,CUST-101606,2026-03-01,207.98,Paid,0,0,0
INV-0009632,CUST-101606,2026-04-01,210.79,Paid,0,0,0
INV-0009633,CUST-101606,2026-05-01,215.36,Paid,0,0,0
INV-0009634,CUST-101606,2026-06-01,218.46,Paid,0,0,0
INV-0009635,CUST-101606,2026-07-01,213.8,Paid,0,0,0
INV-0009636,CUST-101606,2026-08-01,221.22,Paid,0,0,0
INV-0009637,CUST-101607,2026-03-01,157.59,Paid,0,0,0
INV-0009638,CUST-101607,2026-04-01,150.5,Paid,0,0,0
INV-0009639,CUST-101607,2026-05-01,156.29,Paid,0,0,0
INV-0009640,CUST-101607,2026-06-01,152.55,Paid,0,0,0
INV-0009641,CUST-101607,2026-07-01,160.87,Paid,0,0,0
INV-0009642,CUST-101607,2026-08-01,152.54,Paid,0,0,0
INV-0009643,CUST-101608,2026-03-01,48.62,Paid,0,0,0
INV-0009644,CUST-101608,2026-04-01,38.78,Paid,0,0,0
INV-0009645,CUST-101608,2026-05-01,38.83,Paid,0,0,0
INV-0009646,CUST-101608,2026-06-01,39.01,Late,31,1,1
INV-0009647,CUST-101608,2026-07-01,37.86,Late,32,0,0
INV-0009648,CUST-101608,2026-08-01,46.08,Paid,0,1,1
INV-0009649,CUST-101609,2026-03-01,159.73,Paid,0,0,0
INV-0009650,CUST-101609,2026-04-01,153.58,Paid,0,0,0
INV-0009651,CUST-101609,2026-05-01,159.87,Paid,0,0,0
INV-0009652,CUST-101609,2026-06-01,155.89,Paid,0,0,0
INV-0009653,CUST-101609,2026-07-01,155.83,Paid,0,0,0
INV-0009654,CUST-101609,2026-08-01,158.93,Paid,0,0,0
INV-0009655,CUST-101610,2026-03-01,72.04,Paid,0,0,0
INV-0009656,CUST-101610,2026-04-01,74.37,Paid,0,0,0
INV-0009657,CUST-101610,2026-05-01,74.34,Paid,0,0,0
INV-0009658,CUST-101610,2026-06-01,72.5,Paid,0,0,0
INV-0009659,CUST-101610,2026-07-01,73.66,Late,22,0,0
INV-0009660,CUST-101610,2026-08-01,71.08,Paid,0,1,1
INV-0009661,CUST-101611,2026-03-01,168.95,Late,1,1,0
INV-0009662,CUST-101611,2026-04-01,162.41,Late,11,0,0
INV-0009663,CUST-101611,2026-05-01,181.83,Late,22,0,0
INV-0009664,CUST-101611,2026-06-01,192.48,Paid,0,0,0
INV-0009665,CUST-101611,2026-07-01,159.68,Paid,0,1,1
INV-0009666,CUST-101611,2026-08-01,184.96,Late,3,0,0
INV-0009667,CUST-101612,2026-03-01,85.61,Paid,0,0,0
INV-0009668,CUST-101612,2026-04-01,82.0,Paid,0,0,0
INV-0009669,CUST-101612,2026-05-01,86.52,Paid,0,0,0
INV-0009670,CUST-101612,2026-06-01,84.81,Paid,0,1,0
INV-0009671,CUST-101612,2026-07-01,88.38,Paid,0,0,0
INV-0009672,CUST-101612,2026-08-01,85.57,Paid,0,0,0
INV-0009673,CUST-101613,2026-03-01,155.08,Paid,0,0,0
INV-0009674,CUST-101613,2026-04-01,161.15,Paid,0,0,0
INV-0009675,CUST-101613,2026-05-01,162.18,Paid,0,0,0
INV-0009676,CUST-101613,2026-06-01,156.25,Paid,0,0,0
INV-0009677,CUST-101613,2026-07-01,161.08,Late,27,1,0
INV-0009678,CUST-101613,2026-08-01,187.46,Paid,0,0,0
INV-0009679,CUST-101614,2026-03-01,41.9,Paid,0,0,0
INV-0009680,CUST-101614,2026-04-01,40.52,Paid,0,0,0
INV-0009681,CUST-101614,2026-05-01,41.84,Paid,0,0,0
INV-0009682,CUST-101614,2026-06-01,42.13,Paid,0,0,0
INV-0009683,CUST-101614,2026-07-01,41.61,Paid,0,0,0
INV-0009684,CUST-101614,2026-08-01,42.18,Paid,0,0,0
INV-0009685,CUST-101615,2026-03-01,89.22,Paid,0,0,0
INV-0009686,CUST-101615,2026-04-01,89.74,Paid,0,0,0
INV-0009687,CUST-101615,2026-05-01,84.87,Late,8,0,0
INV-0009688,CUST-101615,2026-06-01,85.02,Late,31,1,0
INV-0009689,CUST-101615,2026-07-01,87.97,Paid,0,0,0
INV-0009690,CUST-101615,2026-08-01,88.99,Paid,0,0,0
INV-0009691,CUST-101616,2026-03-01,39.61,Paid,0,0,0
INV-0009692,CUST-101616,2026-04-01,45.82,Paid,0,1,0
INV-0009693,CUST-101616,2026-05-01,34.43,Paid,0,0,0
INV-0009694,CUST-101616,2026-06-01,33.42,Paid,0,0,0
INV-0009695,CUST-101616,2026-07-01,34.97,Paid,0,0,0
INV-0009696,CUST-101616,2026-08-01,45.48,Late,29,0,0
INV-0009697,CUST-101617,2026-03-01,34.95,Paid,0,0,0
INV-0009698,CUST-101617,2026-04-01,34.55,Paid,0,0,0
INV-0009699,CUST-101617,2026-05-01,35.12,Paid,0,0,0
INV-0009700,CUST-101617,2026-06-01,35.86,Paid,0,0,0
INV-0009701,CUST-101617,2026-07-01,32.75,Paid,0,0,0
INV-0009702,CUST-101617,2026-08-01,35.97,Paid,0,0,0
INV-0009703,CUST-101618,2026-03-01,31.89,Paid,0,0,0
INV-0009704,CUST-101618,2026-04-01,30.84,Paid,0,0,0
INV-0009705,CUST-101618,2026-05-01,30.74,Paid,0,0,0
INV-0009706,CUST-101618,2026-06-01,31.03,Paid,0,0,0
INV-0009707,CUST-101618,2026-07-01,31.07,Paid,0,0,0
INV-0009708,CUST-101618,2026-08-01,30.6,Paid,0,0,0
INV-0009709,CUST-101619,2026-03-01,35.02,Paid,0,1,0
INV-0009710,CUST-101619,2026-04-01,36.1,Paid,0,0,0
INV-0009711,CUST-101619,2026-05-01,42.57,Paid,0,1,1
INV-0009712,CUST-101619,2026-06-01,44.69,Late,5,1,0
INV-0009713,CUST-101619,2026-07-01,35.33,Paid,0,1,0
INV-0009714,CUST-101619,2026-08-01,37.96,Late,13,1,0
INV-0009715,CUST-101620,2026-03-01,81.17,Paid,0,0,0
INV-0009716,CUST-101620,2026-04-01,78.97,Paid,0,0,0
INV-0009717,CUST-101620,2026-05-01,83.83,Paid,0,0,0
INV-0009718,CUST-101620,2026-06-01,83.72,Paid,0,1,1
INV-0009719,CUST-101620,2026-07-01,83.78,Paid,0,0,0
INV-0009720,CUST-101620,2026-08-01,78.85,Paid,0,0,0
INV-0009721,CUST-101621,2026-03-01,66.23,Paid,0,0,0
INV-0009722,CUST-101621,2026-04-01,61.98,Paid,0,0,0
INV-0009723,CUST-101621,2026-05-01,62.62,Paid,0,1,0
INV-0009724,CUST-101621,2026-06-01,66.12,Paid,0,0,0
INV-0009725,CUST-101621,2026-07-01,64.33,Paid,0,0,0
INV-0009726,CUST-101621,2026-08-01,62.49,Paid,0,0,0
INV-0009727,CUST-101622,2026-03-01,65.35,Paid,0,0,0
INV-0009728,CUST-101622,2026-04-01,68.77,Late,3,0,0
INV-0009729,CUST-101622,2026-05-01,68.65,Paid,0,0,0
INV-0009730,CUST-101622,2026-06-01,66.33,Paid,0,0,0
INV-0009731,CUST-101622,2026-07-01,66.97,Paid,0,0,0
INV-0009732,CUST-101622,2026-08-01,66.07,Paid,0,0,0
INV-0009733,CUST-101623,2026-03-01,78.25,Paid,0,0,0
INV-0009734,CUST-101623,2026-04-01,80.65,Paid,0,0,0
INV-0009735,CUST-101623,2026-05-01,80.5,Paid,0,0,0
INV-0009736,CUST-101623,2026-06-01,81.59,Paid,0,0,0
INV-0009737,CUST-101623,2026-07-01,80.66,Paid,0,0,0
INV-0009738,CUST-101623,2026-08-01,81.31,Paid,0,0,0
INV-0009739,CUST-101624,2026-03-01,65.26,Paid,0,0,0
INV-0009740,CUST-101624,2026-04-01,65.45,Paid,0,0,0
INV-0009741,CUST-101624,2026-05-01,66.13,Paid,0,0,0
INV-0009742,CUST-101624,2026-06-01,65.49,Paid,0,0,0
INV-0009743,CUST-101624,2026-07-01,67.43,Paid,0,0,0
INV-0009744,CUST-101624,2026-08-01,68.89,Paid,0,0,0
INV-0009745,CUST-101625,2026-03-01,160.51,Paid,0,0,0
INV-0009746,CUST-101625,2026-04-01,151.79,Late,23,1,0
INV-0009747,CUST-101625,2026-05-01,158.88,Paid,0,0,0
INV-0009748,CUST-101625,2026-06-01,153.13,Paid,0,0,0
INV-0009749,CUST-101625,2026-07-01,154.76,Paid,0,0,0
INV-0009750,CUST-101625,2026-08-01,147.1,Paid,0,0,0
INV-0009751,CUST-101626,2026-03-01,344.87,Paid,0,0,0
INV-0009752,CUST-101626,2026-04-01,349.99,Paid,0,0,0
INV-0009753,CUST-101626,2026-05-01,341.42,Late,24,0,0
INV-0009754,CUST-101626,2026-06-01,337.53,Paid,0,0,0
INV-0009755,CUST-101626,2026-07-01,355.45,Paid,0,0,0
INV-0009756,CUST-101626,2026-08-01,340.51,Paid,0,1,0
INV-0009757,CUST-101627,2026-03-01,191.85,Paid,0,1,0
INV-0009758,CUST-101627,2026-04-01,226.72,Paid,0,1,0
INV-0009759,CUST-101627,2026-05-01,189.97,Late,21,1,0
INV-0009760,CUST-101627,2026-06-01,192.89,Paid,0,0,0
INV-0009761,CUST-101627,2026-07-01,241.62,Paid,0,0,0
INV-0009762,CUST-101627,2026-08-01,190.8,Paid,0,1,1
INV-0009763,CUST-101628,2026-03-01,79.7,Paid,0,0,0
INV-0009764,CUST-101628,2026-04-01,81.83,Paid,0,0,0
INV-0009765,CUST-101628,2026-05-01,83.16,Paid,0,0,0
INV-0009766,CUST-101628,2026-06-01,85.55,Paid,0,0,0
INV-0009767,CUST-101628,2026-07-01,82.32,Paid,0,0,0
INV-0009768,CUST-101628,2026-08-01,85.42,Paid,0,0,0
INV-0009769,CUST-101629,2026-03-01,396.8,Paid,0,0,0
INV-0009770,CUST-101629,2026-04-01,381.71,Paid,0,0,0
INV-0009771,CUST-101629,2026-05-01,394.14,Paid,0,0,0
INV-0009772,CUST-101629,2026-06-01,377.54,Paid,0,0,0
INV-0009773,CUST-101629,2026-07-01,396.06,Paid,0,1,0
INV-0009774,CUST-101629,2026-08-01,396.33,Paid,0,0,0
INV-0009775,CUST-101630,2026-03-01,92.94,Paid,0,0,0
INV-0009776,CUST-101630,2026-04-01,86.13,Late,7,0,0
INV-0009777,CUST-101630,2026-05-01,88.08,Paid,0,0,0
INV-0009778,CUST-101630,2026-06-01,86.63,Paid,0,0,0
INV-0009779,CUST-101630,2026-07-01,91.96,Paid,0,0,0
INV-0009780,CUST-101630,2026-08-01,93.25,Paid,0,0,0
INV-0009781,CUST-101631,2026-03-01,77.91,Late,24,0,0
INV-0009782,CUST-101631,2026-04-01,79.1,Late,14,0,0
INV-0009783,CUST-101631,2026-05-01,95.44,Paid,0,1,0
INV-0009784,CUST-101631,2026-06-01,79.22,Late,8,0,0
INV-0009785,CUST-101631,2026-07-01,79.54,Paid,0,1,1
INV-0009786,CUST-101631,2026-08-01,78.33,Paid,0,1,0
INV-0009787,CUST-101632,2026-03-01,91.14,Paid,0,0,0
INV-0009788,CUST-101632,2026-04-01,92.83,Paid,0,0,0
INV-0009789,CUST-101632,2026-05-01,94.09,Paid,0,0,0
INV-0009790,CUST-101632,2026-06-01,94.52,Paid,0,0,0
INV-0009791,CUST-101632,2026-07-01,95.89,Paid,0,0,0
INV-0009792,CUST-101632,2026-08-01,95.43,Paid,0,0,0
INV-0009793,CUST-101633,2026-03-01,80.44,Paid,0,0,0
INV-0009794,CUST-101633,2026-04-01,76.78,Paid,0,0,0
INV-0009795,CUST-101633,2026-05-01,79.23,Paid,0,1,0
INV-0009796,CUST-101633,2026-06-01,78.11,Paid,0,0,0
INV-0009797,CUST-101633,2026-07-01,73.62,Paid,0,0,0
INV-0009798,CUST-101633,2026-08-01,75.27,Late,21,0,0
INV-0009799,CUST-101634,2026-03-01,40.94,Late,29,0,0
INV-0009800,CUST-101634,2026-04-01,41.3,Paid,0,0,0
INV-0009801,CUST-101634,2026-05-01,43.2,Paid,0,0,0
INV-0009802,CUST-101634,2026-06-01,40.33,Paid,0,0,0
INV-0009803,CUST-101634,2026-07-01,40.3,Paid,0,0,0
INV-0009804,CUST-101634,2026-08-01,39.52,Paid,0,0,0
INV-0009805,CUST-101635,2026-03-01,179.33,Paid,0,0,0
INV-0009806,CUST-101635,2026-04-01,182.93,Paid,0,0,0
INV-0009807,CUST-101635,2026-05-01,171.33,Paid,0,0,0
INV-0009808,CUST-101635,2026-06-01,186.93,Paid,0,0,0
INV-0009809,CUST-101635,2026-07-01,178.62,Paid,0,0,0
INV-0009810,CUST-101635,2026-08-01,184.5,Late,8,1,0
INV-0009811,CUST-101636,2026-03-01,65.91,Paid,0,0,0
INV-0009812,CUST-101636,2026-04-01,67.47,Paid,0,0,0
INV-0009813,CUST-101636,2026-05-01,63.65,Paid,0,0,0
INV-0009814,CUST-101636,2026-06-01,62.96,Late,2,0,0
INV-0009815,CUST-101636,2026-07-01,66.06,Paid,0,0,0
INV-0009816,CUST-101636,2026-08-01,65.14,Paid,0,0,0
INV-0009817,CUST-101637,2026-03-01,72.95,Paid,0,0,0
INV-0009818,CUST-101637,2026-04-01,70.81,Paid,0,0,0
INV-0009819,CUST-101637,2026-05-01,69.51,Paid,0,0,0
INV-0009820,CUST-101637,2026-06-01,73.28,Paid,0,0,0
INV-0009821,CUST-101637,2026-07-01,71.35,Paid,0,0,0
INV-0009822,CUST-101637,2026-08-01,71.75,Paid,0,0,0
INV-0009823,CUST-101638,2026-03-01,35.75,Paid,0,0,0
INV-0009824,CUST-101638,2026-04-01,36.28,Paid,0,0,0
INV-0009825,CUST-101638,2026-05-01,36.96,Paid,0,0,0
INV-0009826,CUST-101638,2026-06-01,37.13,Paid,0,0,0
INV-0009827,CUST-101638,2026-07-01,38.06,Paid,0,0,0
INV-0009828,CUST-101638,2026-08-01,36.72,Paid,0,0,0
INV-0009829,CUST-101639,2026-03-01,81.73,Paid,0,0,0
INV-0009830,CUST-101639,2026-04-01,104.86,Late,27,1,0
INV-0009831,CUST-101639,2026-05-01,96.84,Late,24,0,0
INV-0009832,CUST-101639,2026-06-01,80.63,Late,16,1,1
INV-0009833,CUST-101639,2026-07-01,80.54,Paid,0,0,0
INV-0009834,CUST-101639,2026-08-01,80.15,Paid,0,1,0
INV-0009835,CUST-101640,2026-03-01,148.33,Paid,0,0,0
INV-0009836,CUST-101640,2026-04-01,150.68,Paid,0,0,0
INV-0009837,CUST-101640,2026-05-01,148.97,Paid,0,0,0
INV-0009838,CUST-101640,2026-06-01,154.29,Paid,0,0,0
INV-0009839,CUST-101640,2026-07-01,151.48,Paid,0,0,0
INV-0009840,CUST-101640,2026-08-01,153.52,Paid,0,0,0
INV-0009841,CUST-101641,2026-03-01,163.91,Paid,0,0,0
INV-0009842,CUST-101641,2026-04-01,160.24,Paid,0,0,0
INV-0009843,CUST-101641,2026-05-01,161.28,Paid,0,0,0
INV-0009844,CUST-101641,2026-06-01,165.18,Paid,0,0,0
INV-0009845,CUST-101641,2026-07-01,161.71,Paid,0,0,0
INV-0009846,CUST-101641,2026-08-01,157.43,Paid,0,0,0
INV-0009847,CUST-101642,2026-03-01,177.43,Paid,0,0,0
INV-0009848,CUST-101642,2026-04-01,175.08,Paid,0,0,0
INV-0009849,CUST-101642,2026-05-01,169.48,Paid,0,0,0
INV-0009850,CUST-101642,2026-06-01,169.04,Paid,0,0,0
INV-0009851,CUST-101642,2026-07-01,168.29,Paid,0,0,0
INV-0009852,CUST-101642,2026-08-01,155.22,Paid,0,0,0
INV-0009853,CUST-101643,2026-03-01,40.48,Paid,0,0,0
INV-0009854,CUST-101643,2026-04-01,39.69,Paid,0,0,0
INV-0009855,CUST-101643,2026-05-01,40.67,Paid,0,0,0
INV-0009856,CUST-101643,2026-06-01,39.44,Paid,0,0,0
INV-0009857,CUST-101643,2026-07-01,40.81,Paid,0,0,0
INV-0009858,CUST-101643,2026-08-01,39.09,Late,6,0,0
INV-0009859,CUST-101644,2026-03-01,186.35,Paid,0,0,0
INV-0009860,CUST-101644,2026-04-01,184.89,Paid,0,0,0
INV-0009861,CUST-101644,2026-05-01,190.82,Paid,0,0,0
INV-0009862,CUST-101644,2026-06-01,180.24,Late,10,0,0
INV-0009863,CUST-101644,2026-07-01,180.4,Paid,0,0,0
INV-0009864,CUST-101644,2026-08-01,193.08,Paid,0,0,0
INV-0009865,CUST-101645,2026-03-01,485.06,Paid,0,0,0
INV-0009866,CUST-101645,2026-04-01,532.94,Paid,0,0,0
INV-0009867,CUST-101645,2026-05-01,508.16,Paid,0,0,0
INV-0009868,CUST-101645,2026-06-01,508.77,Paid,0,0,0
INV-0009869,CUST-101645,2026-07-01,507.44,Paid,0,0,0
INV-0009870,CUST-101645,2026-08-01,521.96,Paid,0,0,0
INV-0009871,CUST-101646,2026-03-01,81.82,Paid,0,0,0
INV-0009872,CUST-101646,2026-04-01,78.22,Paid,0,0,0
INV-0009873,CUST-101646,2026-05-01,78.31,Paid,0,0,0
INV-0009874,CUST-101646,2026-06-01,79.33,Paid,0,0,0
INV-0009875,CUST-101646,2026-07-01,75.91,Paid,0,0,0
INV-0009876,CUST-101646,2026-08-01,80.47,Paid,0,0,0
INV-0009877,CUST-101647,2026-03-01,75.61,Late,5,1,1
INV-0009878,CUST-101647,2026-04-01,78.99,Paid,0,0,0
INV-0009879,CUST-101647,2026-05-01,78.86,Paid,0,0,0
INV-0009880,CUST-101647,2026-06-01,77.88,Paid,0,0,0
INV-0009881,CUST-101647,2026-07-01,79.15,Late,24,0,0
INV-0009882,CUST-101647,2026-08-01,75.19,Paid,0,0,0
INV-0009883,CUST-101648,2026-03-01,90.8,Paid,0,0,0
INV-0009884,CUST-101648,2026-04-01,88.0,Paid,0,0,0
INV-0009885,CUST-101648,2026-05-01,91.03,Paid,0,0,0
INV-0009886,CUST-101648,2026-06-01,88.51,Paid,0,0,0
INV-0009887,CUST-101648,2026-07-01,89.99,Paid,0,0,0
INV-0009888,CUST-101648,2026-08-01,91.25,Paid,0,0,0
INV-0009889,CUST-101649,2026-03-01,77.1,Paid,0,0,0
INV-0009890,CUST-101649,2026-04-01,76.84,Paid,0,0,0
INV-0009891,CUST-101649,2026-05-01,77.17,Paid,0,0,0
INV-0009892,CUST-101649,2026-06-01,76.97,Paid,0,0,0
INV-0009893,CUST-101649,2026-07-01,75.78,Paid,0,0,0
INV-0009894,CUST-101649,2026-08-01,75.72,Late,5,0,0
INV-0009895,CUST-101650,2026-03-01,531.54,Paid,0,1,1
INV-0009896,CUST-101650,2026-04-01,395.68,Paid,0,0,0
INV-0009897,CUST-101650,2026-05-01,500.86,Paid,0,0,0
INV-0009898,CUST-101650,2026-06-01,415.8,Paid,0,0,0
INV-0009899,CUST-101650,2026-07-01,436.15,Late,30,1,0
INV-0009900,CUST-101650,2026-08-01,388.21,Late,31,0,0
INV-0009901,CUST-101651,2026-03-01,399.43,Paid,0,0,0
INV-0009902,CUST-101651,2026-04-01,416.8,Paid,0,0,0
INV-0009903,CUST-101651,2026-05-01,391.53,Late,25,0,0
INV-0009904,CUST-101651,2026-06-01,415.63,Paid,0,1,0
INV-0009905,CUST-101651,2026-07-01,405.85,Paid,0,0,0
INV-0009906,CUST-101651,2026-08-01,400.81,Paid,0,0,0
INV-0009907,CUST-101652,2026-03-01,86.11,Paid,0,0,0
INV-0009908,CUST-101652,2026-04-01,83.41,Paid,0,0,0
INV-0009909,CUST-101652,2026-05-01,85.03,Paid,0,0,0
INV-0009910,CUST-101652,2026-06-01,79.96,Paid,0,0,0
INV-0009911,CUST-101652,2026-07-01,84.9,Paid,0,0,0
INV-0009912,CUST-101652,2026-08-01,83.91,Paid,0,0,0
INV-0009913,CUST-101653,2026-03-01,69.76,Paid,0,0,0
INV-0009914,CUST-101653,2026-04-01,70.76,Paid,0,0,0
INV-0009915,CUST-101653,2026-05-01,68.07,Paid,0,0,0
INV-0009916,CUST-101653,2026-06-01,66.53,Paid,0,0,0
INV-0009917,CUST-101653,2026-07-01,69.81,Paid,0,0,0
INV-0009918,CUST-101653,2026-08-01,71.78,Paid,0,0,0
INV-0009919,CUST-101654,2026-03-01,38.47,Paid,0,0,0
INV-0009920,CUST-101654,2026-04-01,39.76,Paid,0,0,0
INV-0009921,CUST-101654,2026-05-01,39.43,Paid,0,0,0
INV-0009922,CUST-101654,2026-06-01,39.44,Paid,0,0,0
INV-0009923,CUST-101654,2026-07-01,39.93,Paid,0,0,0
INV-0009924,CUST-101654,2026-08-01,40.82,Paid,0,0,0
INV-0009925,CUST-101655,2026-03-01,69.3,Paid,0,0,0
INV-0009926,CUST-101655,2026-04-01,69.99,Paid,0,0,0
INV-0009927,CUST-101655,2026-05-01,69.47,Paid,0,0,0
INV-0009928,CUST-101655,2026-06-01,69.7,Paid,0,0,0
INV-0009929,CUST-101655,2026-07-01,66.58,Paid,0,0,0
INV-0009930,CUST-101655,2026-08-01,68.34,Paid,0,0,0
INV-0009931,CUST-101656,2026-03-01,171.74,Late,19,0,0
INV-0009932,CUST-101656,2026-04-01,166.04,Paid,0,0,0
INV-0009933,CUST-101656,2026-05-01,171.39,Paid,0,0,0
INV-0009934,CUST-101656,2026-06-01,174.13,Paid,0,1,1
INV-0009935,CUST-101656,2026-07-01,174.21,Paid,0,1,0
INV-0009936,CUST-101656,2026-08-01,167.17,Paid,0,0,0
INV-0009937,CUST-101657,2026-03-01,146.23,Paid,0,0,0
INV-0009938,CUST-101657,2026-04-01,154.62,Paid,0,0,0
INV-0009939,CUST-101657,2026-05-01,156.4,Paid,0,0,0
INV-0009940,CUST-101657,2026-06-01,151.16,Paid,0,0,0
INV-0009941,CUST-101657,2026-07-01,147.83,Paid,0,0,0
INV-0009942,CUST-101657,2026-08-01,151.8,Paid,0,0,0
INV-0009943,CUST-101658,2026-03-01,146.96,Late,29,0,0
INV-0009944,CUST-101658,2026-04-01,148.62,Late,26,0,0
INV-0009945,CUST-101658,2026-05-01,149.34,Paid,0,0,0
INV-0009946,CUST-101658,2026-06-01,152.62,Late,5,1,0
INV-0009947,CUST-101658,2026-07-01,147.43,Paid,0,0,0
INV-0009948,CUST-101658,2026-08-01,147.15,Late,14,0,0
INV-0009949,CUST-101659,2026-03-01,27.36,Paid,0,1,0
INV-0009950,CUST-101659,2026-04-01,27.04,Late,5,0,0
INV-0009951,CUST-101659,2026-05-01,32.42,Paid,0,0,0
INV-0009952,CUST-101659,2026-06-01,27.73,Paid,0,0,0
INV-0009953,CUST-101659,2026-07-01,27.68,Paid,0,0,0
INV-0009954,CUST-101659,2026-08-01,28.13,Paid,0,1,0
INV-0009955,CUST-101660,2026-03-01,42.07,Paid,0,0,0
INV-0009956,CUST-101660,2026-04-01,43.03,Paid,0,0,0
INV-0009957,CUST-101660,2026-05-01,41.33,Paid,0,0,0
INV-0009958,CUST-101660,2026-06-01,40.1,Paid,0,0,0
INV-0009959,CUST-101660,2026-07-01,39.76,Paid,0,0,0
INV-0009960,CUST-101660,2026-08-01,41.9,Paid,0,0,0
INV-0009961,CUST-101661,2026-03-01,157.27,Late,27,0,0
INV-0009962,CUST-101661,2026-04-01,160.61,Paid,0,1,0
INV-0009963,CUST-101661,2026-05-01,159.24,Paid,0,0,0
INV-0009964,CUST-101661,2026-06-01,161.8,Paid,0,0,0
INV-0009965,CUST-101661,2026-07-01,163.7,Paid,0,0,0
INV-0009966,CUST-101661,2026-08-01,162.27,Paid,0,0,0
INV-0009967,CUST-101662,2026-03-01,35.52,Paid,0,0,0
INV-0009968,CUST-101662,2026-04-01,36.18,Paid,0,0,0
INV-0009969,CUST-101662,2026-05-01,35.82,Paid,0,0,0
INV-0009970,CUST-101662,2026-06-01,36.61,Paid,0,0,0
INV-0009971,CUST-101662,2026-07-01,37.11,Paid,0,0,0
INV-0009972,CUST-101662,2026-08-01,35.16,Paid,0,0,0
INV-0009973,CUST-101663,2026-03-01,69.88,Paid,0,0,0
INV-0009974,CUST-101663,2026-04-01,68.3,Paid,0,0,0
INV-0009975,CUST-101663,2026-05-01,65.24,Paid,0,0,0
INV-0009976,CUST-101663,2026-06-01,68.29,Paid,0,0,0
INV-0009977,CUST-101663,2026-07-01,68.01,Paid,0,0,0
INV-0009978,CUST-101663,2026-08-01,67.45,Paid,0,0,0
INV-0009979,CUST-101664,2026-03-01,394.57,Paid,0,0,0
INV-0009980,CUST-101664,2026-04-01,376.98,Paid,0,0,0
INV-0009981,CUST-101664,2026-05-01,396.17,Paid,0,0,0
INV-0009982,CUST-101664,2026-06-01,396.13,Paid,0,0,0
INV-0009983,CUST-101664,2026-07-01,391.3,Paid,0,0,0
INV-0009984,CUST-101664,2026-08-01,403.35,Late,27,0,0
INV-0009985,CUST-101665,2026-03-01,30.59,Paid,0,0,0
INV-0009986,CUST-101665,2026-04-01,29.96,Paid,0,0,0
INV-0009987,CUST-101665,2026-05-01,30.9,Paid,0,0,0
INV-0009988,CUST-101665,2026-06-01,29.7,Paid,0,0,0
INV-0009989,CUST-101665,2026-07-01,29.71,Paid,0,0,0
INV-0009990,CUST-101665,2026-08-01,29.96,Paid,0,0,0
INV-0009991,CUST-101666,2026-03-01,89.52,Paid,0,0,0
INV-0009992,CUST-101666,2026-04-01,90.29,Paid,0,0,0
INV-0009993,CUST-101666,2026-05-01,88.85,Paid,0,0,0
INV-0009994,CUST-101666,2026-06-01,90.61,Paid,0,0,0
INV-0009995,CUST-101666,2026-07-01,88.2,Paid,0,0,0
INV-0009996,CUST-101666,2026-08-01,88.25,Paid,0,0,0
INV-0009997,CUST-101667,2026-03-01,135.26,Paid,0,0,0
INV-0009998,CUST-101667,2026-04-01,130.5,Paid,0,0,0
INV-0009999,CUST-101667,2026-05-01,141.7,Paid,0,0,0
INV-0010000,CUST-101667,2026-06-01,135.97,Paid,0,0,0
INV-0010001,CUST-101667,2026-07-01,125.66,Paid,0,0,0
INV-0010002,CUST-101667,2026-08-01,130.67,Paid,0,0,0
INV-0010003,CUST-101668,2026-03-01,31.83,Paid,0,0,0
INV-0010004,CUST-101668,2026-04-01,33.64,Paid,0,0,0
INV-0010005,CUST-101668,2026-05-01,33.79,Paid,0,0,0
INV-0010006,CUST-101668,2026-06-01,33.31,Paid,0,0,0
INV-0010007,CUST-101668,2026-07-01,33.28,Late,17,1,1
INV-0010008,CUST-101668,2026-08-01,33.61,Paid,0,0,0
INV-0010009,CUST-101669,2026-03-01,40.4,Paid,0,0,0
INV-0010010,CUST-101669,2026-04-01,40.01,Paid,0,0,0
INV-0010011,CUST-101669,2026-05-01,41.36,Paid,0,0,0
INV-0010012,CUST-101669,2026-06-01,40.55,Paid,0,0,0
INV-0010013,CUST-101669,2026-07-01,42.39,Paid,0,0,0
INV-0010014,CUST-101669,2026-08-01,42.93,Paid,0,1,1
INV-0010015,CUST-101670,2026-03-01,79.53,Paid,0,0,0
INV-0010016,CUST-101670,2026-04-01,80.42,Paid,0,0,0
INV-0010017,CUST-101670,2026-05-01,81.49,Paid,0,0,0
INV-0010018,CUST-101670,2026-06-01,78.7,Paid,0,0,0
INV-0010019,CUST-101670,2026-07-01,78.56,Paid,0,0,0
INV-0010020,CUST-101670,2026-08-01,79.76,Paid,0,0,0
INV-0010021,CUST-101671,2026-03-01,38.12,Paid,0,0,0
INV-0010022,CUST-101671,2026-04-01,37.6,Paid,0,0,0
INV-0010023,CUST-101671,2026-05-01,38.09,Paid,0,0,0
INV-0010024,CUST-101671,2026-06-01,39.62,Paid,0,0,0
INV-0010025,CUST-101671,2026-07-01,38.05,Paid,0,0,0
INV-0010026,CUST-101671,2026-08-01,37.99,Late,13,0,0
INV-0010027,CUST-101672,2026-03-01,65.88,Paid,0,0,0
INV-0010028,CUST-101672,2026-04-01,63.43,Paid,0,0,0
INV-0010029,CUST-101672,2026-05-01,64.38,Paid,0,0,0
INV-0010030,CUST-101672,2026-06-01,64.77,Paid,0,0,0
INV-0010031,CUST-101672,2026-07-01,62.51,Paid,0,0,0
INV-0010032,CUST-101672,2026-08-01,66.96,Paid,0,0,0
INV-0010033,CUST-101673,2026-03-01,105.34,Paid,0,0,0
INV-0010034,CUST-101673,2026-04-01,98.47,Paid,0,0,0
INV-0010035,CUST-101673,2026-05-01,103.67,Paid,0,0,0
INV-0010036,CUST-101673,2026-06-01,103.02,Paid,0,0,0
INV-0010037,CUST-101673,2026-07-01,108.48,Paid,0,0,0
INV-0010038,CUST-101673,2026-08-01,98.99,Paid,0,0,0
INV-0010039,CUST-101674,2026-03-01,83.99,Paid,0,0,0
INV-0010040,CUST-101674,2026-04-01,82.35,Paid,0,0,0
INV-0010041,CUST-101674,2026-05-01,84.43,Paid,0,0,0
INV-0010042,CUST-101674,2026-06-01,82.49,Paid,0,0,0
INV-0010043,CUST-101674,2026-07-01,79.09,Paid,0,0,0
INV-0010044,CUST-101674,2026-08-01,80.38,Late,1,0,0
INV-0010045,CUST-101675,2026-03-01,39.19,Paid,0,0,0
INV-0010046,CUST-101675,2026-04-01,39.31,Paid,0,0,0
INV-0010047,CUST-101675,2026-05-01,39.28,Late,16,0,0
INV-0010048,CUST-101675,2026-06-01,40.45,Paid,0,0,0
INV-0010049,CUST-101675,2026-07-01,40.64,Paid,0,0,0
INV-0010050,CUST-101675,2026-08-01,40.13,Paid,0,0,0
INV-0010051,CUST-101676,2026-03-01,74.3,Paid,0,0,0
INV-0010052,CUST-101676,2026-04-01,74.68,Paid,0,0,0
INV-0010053,CUST-101676,2026-05-01,76.07,Paid,0,0,0
INV-0010054,CUST-101676,2026-06-01,78.46,Paid,0,0,0
INV-0010055,CUST-101676,2026-07-01,78.7,Paid,0,0,0
INV-0010056,CUST-101676,2026-08-01,75.99,Paid,0,0,0
INV-0010057,CUST-101677,2026-03-01,173.67,Paid,0,0,0
INV-0010058,CUST-101677,2026-04-01,174.2,Paid,0,0,0
INV-0010059,CUST-101677,2026-05-01,167.94,Paid,0,0,0
INV-0010060,CUST-101677,2026-06-01,169.35,Paid,0,0,0
INV-0010061,CUST-101677,2026-07-01,168.58,Paid,0,0,0
INV-0010062,CUST-101677,2026-08-01,160.14,Paid,0,0,0
INV-0010063,CUST-101678,2026-03-01,72.9,Paid,0,0,0
INV-0010064,CUST-101678,2026-04-01,72.53,Paid,0,0,0
INV-0010065,CUST-101678,2026-05-01,70.44,Paid,0,0,0
INV-0010066,CUST-101678,2026-06-01,69.07,Paid,0,0,0
INV-0010067,CUST-101678,2026-07-01,72.77,Paid,0,0,0
INV-0010068,CUST-101678,2026-08-01,69.69,Paid,0,0,0
INV-0010069,CUST-101679,2026-03-01,42.32,Paid,0,0,0
INV-0010070,CUST-101679,2026-04-01,40.08,Paid,0,0,0
INV-0010071,CUST-101679,2026-05-01,41.12,Late,11,0,0
INV-0010072,CUST-101679,2026-06-01,42.0,Paid,0,0,0
INV-0010073,CUST-101679,2026-07-01,40.89,Paid,0,0,0
INV-0010074,CUST-101679,2026-08-01,40.0,Paid,0,0,0
INV-0010075,CUST-101680,2026-03-01,128.12,Paid,0,0,0
INV-0010076,CUST-101680,2026-04-01,125.69,Paid,0,0,0
INV-0010077,CUST-101680,2026-05-01,132.72,Paid,0,1,0
INV-0010078,CUST-101680,2026-06-01,122.86,Paid,0,0,0
INV-0010079,CUST-101680,2026-07-01,119.94,Paid,0,0,0
INV-0010080,CUST-101680,2026-08-01,129.56,Paid,0,0,0
INV-0010081,CUST-101681,2026-03-01,84.68,Paid,0,1,0
INV-0010082,CUST-101681,2026-04-01,84.53,Late,18,0,0
INV-0010083,CUST-101681,2026-05-01,84.05,Late,1,0,0
INV-0010084,CUST-101681,2026-06-01,86.86,Late,6,1,1
INV-0010085,CUST-101681,2026-07-01,83.09,Paid,0,0,0
INV-0010086,CUST-101681,2026-08-01,97.98,Late,21,0,0
INV-0010087,CUST-101682,2026-03-01,530.5,Paid,0,0,0
INV-0010088,CUST-101682,2026-04-01,508.45,Paid,0,0,0
INV-0010089,CUST-101682,2026-05-01,509.27,Paid,0,0,0
INV-0010090,CUST-101682,2026-06-01,507.68,Paid,0,0,0
INV-0010091,CUST-101682,2026-07-01,484.63,Paid,0,0,0
INV-0010092,CUST-101682,2026-08-01,492.52,Paid,0,0,0
INV-0010093,CUST-101683,2026-03-01,82.32,Paid,0,0,0
INV-0010094,CUST-101683,2026-04-01,83.94,Paid,0,0,0
INV-0010095,CUST-101683,2026-05-01,82.54,Paid,0,0,0
INV-0010096,CUST-101683,2026-06-01,83.15,Paid,0,0,0
INV-0010097,CUST-101683,2026-07-01,83.36,Paid,0,0,0
INV-0010098,CUST-101683,2026-08-01,82.2,Paid,0,0,0
INV-0010099,CUST-101684,2026-03-01,137.68,Paid,0,0,0
INV-0010100,CUST-101684,2026-04-01,144.53,Paid,0,0,0
INV-0010101,CUST-101684,2026-05-01,137.09,Paid,0,0,0
INV-0010102,CUST-101684,2026-06-01,140.05,Paid,0,0,0
INV-0010103,CUST-101684,2026-07-01,140.72,Paid,0,0,0
INV-0010104,CUST-101684,2026-08-01,142.82,Paid,0,0,0
INV-0010105,CUST-101685,2026-03-01,29.54,Paid,0,0,0
INV-0010106,CUST-101685,2026-04-01,30.45,Paid,0,0,0
INV-0010107,CUST-101685,2026-05-01,28.66,Paid,0,0,0
INV-0010108,CUST-101685,2026-06-01,27.72,Paid,0,0,0
INV-0010109,CUST-101685,2026-07-01,29.3,Paid,0,0,0
INV-0010110,CUST-101685,2026-08-01,29.62,Paid,0,0,0
INV-0010111,CUST-101686,2026-03-01,76.61,Paid,0,0,0
INV-0010112,CUST-101686,2026-04-01,74.47,Paid,0,0,0
INV-0010113,CUST-101686,2026-05-01,75.71,Paid,0,0,0
INV-0010114,CUST-101686,2026-06-01,73.89,Paid,0,0,0
INV-0010115,CUST-101686,2026-07-01,78.72,Paid,0,0,0
INV-0010116,CUST-101686,2026-08-01,77.18,Paid,0,0,0
INV-0010117,CUST-101687,2026-03-01,81.56,Paid,0,0,0
INV-0010118,CUST-101687,2026-04-01,81.1,Paid,0,0,0
INV-0010119,CUST-101687,2026-05-01,83.07,Paid,0,0,0
INV-0010120,CUST-101687,2026-06-01,81.77,Paid,0,0,0
INV-0010121,CUST-101687,2026-07-01,82.1,Paid,0,0,0
INV-0010122,CUST-101687,2026-08-01,83.7,Paid,0,0,0
INV-0010123,CUST-101688,2026-03-01,79.05,Late,26,0,0
INV-0010124,CUST-101688,2026-04-01,78.0,Late,26,0,0
INV-0010125,CUST-101688,2026-05-01,75.22,Paid,0,0,0
INV-0010126,CUST-101688,2026-06-01,80.35,Paid,0,0,0
INV-0010127,CUST-101688,2026-07-01,81.41,Paid,0,0,0
INV-0010128,CUST-101688,2026-08-01,78.64,Paid,0,0,0
INV-0010129,CUST-101689,2026-03-01,33.41,Paid,0,0,0
INV-0010130,CUST-101689,2026-04-01,35.14,Paid,0,0,0
INV-0010131,CUST-101689,2026-05-01,35.7,Paid,0,0,0
INV-0010132,CUST-101689,2026-06-01,35.05,Paid,0,0,0
INV-0010133,CUST-101689,2026-07-01,34.15,Paid,0,0,0
INV-0010134,CUST-101689,2026-08-01,35.04,Paid,0,0,0
INV-0010135,CUST-101690,2026-03-01,125.94,Paid,0,0,0
INV-0010136,CUST-101690,2026-04-01,130.65,Paid,0,0,0
INV-0010137,CUST-101690,2026-05-01,129.9,Paid,0,0,0
INV-0010138,CUST-101690,2026-06-01,129.09,Paid,0,0,0
INV-0010139,CUST-101690,2026-07-01,120.68,Paid,0,0,0
INV-0010140,CUST-101690,2026-08-01,128.92,Paid,0,0,0
INV-0010141,CUST-101691,2026-03-01,83.22,Paid,0,0,0
INV-0010142,CUST-101691,2026-04-01,83.89,Paid,0,0,0
INV-0010143,CUST-101691,2026-05-01,81.79,Paid,0,0,0
INV-0010144,CUST-101691,2026-06-01,87.22,Paid,0,0,0
INV-0010145,CUST-101691,2026-07-01,86.68,Paid,0,0,0
INV-0010146,CUST-101691,2026-08-01,86.05,Paid,0,0,0
INV-0010147,CUST-101692,2026-03-01,81.64,Paid,0,1,0
INV-0010148,CUST-101692,2026-04-01,81.22,Paid,0,0,0
INV-0010149,CUST-101692,2026-05-01,83.15,Paid,0,0,0
INV-0010150,CUST-101692,2026-06-01,97.61,Paid,0,0,0
INV-0010151,CUST-101692,2026-07-01,84.31,Paid,0,0,0
INV-0010152,CUST-101692,2026-08-01,80.22,Paid,0,0,0
INV-0010153,CUST-101693,2026-03-01,86.75,Paid,0,0,0
INV-0010154,CUST-101693,2026-04-01,80.37,Paid,0,0,0
INV-0010155,CUST-101693,2026-05-01,83.44,Paid,0,0,0
INV-0010156,CUST-101693,2026-06-01,82.92,Paid,0,0,0
INV-0010157,CUST-101693,2026-07-01,84.99,Paid,0,0,0
INV-0010158,CUST-101693,2026-08-01,85.47,Paid,0,0,0
INV-0010159,CUST-101694,2026-03-01,31.48,Paid,0,0,0
INV-0010160,CUST-101694,2026-04-01,30.98,Paid,0,0,0
INV-0010161,CUST-101694,2026-05-01,33.12,Paid,0,0,0
INV-0010162,CUST-101694,2026-06-01,31.74,Paid,0,0,0
INV-0010163,CUST-101694,2026-07-01,30.65,Late,11,0,0
INV-0010164,CUST-101694,2026-08-01,30.62,Paid,0,0,0
INV-0010165,CUST-101695,2026-03-01,43.89,Paid,0,0,0
INV-0010166,CUST-101695,2026-04-01,42.72,Paid,0,0,0
INV-0010167,CUST-101695,2026-05-01,42.24,Paid,0,0,0
INV-0010168,CUST-101695,2026-06-01,44.07,Paid,0,0,0
INV-0010169,CUST-101695,2026-07-01,41.85,Paid,0,0,0
INV-0010170,CUST-101695,2026-08-01,40.33,Paid,0,0,0
INV-0010171,CUST-101696,2026-03-01,73.39,Paid,0,0,0
INV-0010172,CUST-101696,2026-04-01,77.16,Paid,0,0,0
INV-0010173,CUST-101696,2026-05-01,72.79,Paid,0,0,0
INV-0010174,CUST-101696,2026-06-01,72.99,Paid,0,0,0
INV-0010175,CUST-101696,2026-07-01,75.89,Paid,0,0,0
INV-0010176,CUST-101696,2026-08-01,73.74,Paid,0,0,0
INV-0010177,CUST-101697,2026-03-01,78.43,Paid,0,0,0
INV-0010178,CUST-101697,2026-04-01,80.76,Paid,0,0,0
INV-0010179,CUST-101697,2026-05-01,79.0,Paid,0,0,0
INV-0010180,CUST-101697,2026-06-01,80.28,Paid,0,0,0
INV-0010181,CUST-101697,2026-07-01,77.79,Paid,0,0,0
INV-0010182,CUST-101697,2026-08-01,78.76,Paid,0,0,0
INV-0010183,CUST-101698,2026-03-01,33.43,Paid,0,0,0
INV-0010184,CUST-101698,2026-04-01,35.5,Paid,0,0,0
INV-0010185,CUST-101698,2026-05-01,34.34,Paid,0,0,0
INV-0010186,CUST-101698,2026-06-01,33.18,Paid,0,0,0
INV-0010187,CUST-101698,2026-07-01,33.14,Paid,0,0,0
INV-0010188,CUST-101698,2026-08-01,33.62,Paid,0,0,0
INV-0010189,CUST-101699,2026-03-01,157.73,Late,18,0,0
INV-0010190,CUST-101699,2026-04-01,155.75,Paid,0,0,0
INV-0010191,CUST-101699,2026-05-01,159.94,Paid,0,0,0
INV-0010192,CUST-101699,2026-06-01,159.58,Paid,0,1,0
INV-0010193,CUST-101699,2026-07-01,153.7,Paid,0,0,0
INV-0010194,CUST-101699,2026-08-01,149.66,Paid,0,0,0
INV-0010195,CUST-101700,2026-03-01,367.9,Paid,0,0,0
INV-0010196,CUST-101700,2026-04-01,357.59,Paid,0,0,0
INV-0010197,CUST-101700,2026-05-01,337.1,Paid,0,0,0
INV-0010198,CUST-101700,2026-06-01,347.73,Paid,0,0,0
INV-0010199,CUST-101700,2026-07-01,363.76,Paid,0,0,0
INV-0010200,CUST-101700,2026-08-01,361.49,Paid,0,0,0
INV-0010201,CUST-101701,2026-03-01,160.26,Paid,0,0,0
INV-0010202,CUST-101701,2026-04-01,169.94,Late,7,1,0
INV-0010203,CUST-101701,2026-05-01,173.08,Paid,0,0,0
INV-0010204,CUST-101701,2026-06-01,197.25,Paid,0,0,0
INV-0010205,CUST-101701,2026-07-01,162.35,Paid,0,0,0
INV-0010206,CUST-101701,2026-08-01,163.62,Late,9,0,0
INV-0010207,CUST-101702,2026-03-01,41.1,Paid,0,0,0
INV-0010208,CUST-101702,2026-04-01,39.23,Paid,0,0,0
INV-0010209,CUST-101702,2026-05-01,40.43,Paid,0,0,0
INV-0010210,CUST-101702,2026-06-01,40.74,Paid,0,0,0
INV-0010211,CUST-101702,2026-07-01,42.27,Paid,0,0,0
INV-0010212,CUST-101702,2026-08-01,41.83,Late,19,0,0
INV-0010213,CUST-101703,2026-03-01,40.66,Paid,0,0,0
INV-0010214,CUST-101703,2026-04-01,38.56,Paid,0,0,0
INV-0010215,CUST-101703,2026-05-01,39.45,Paid,0,0,0
INV-0010216,CUST-101703,2026-06-01,38.82,Paid,0,0,0
INV-0010217,CUST-101703,2026-07-01,39.49,Paid,0,0,0
INV-0010218,CUST-101703,2026-08-01,40.63,Paid,0,0,0
INV-0010219,CUST-101704,2026-03-01,90.24,Paid,0,0,0
INV-0010220,CUST-101704,2026-04-01,86.94,Paid,0,0,0
INV-0010221,CUST-101704,2026-05-01,91.29,Paid,0,0,0
INV-0010222,CUST-101704,2026-06-01,90.07,Paid,0,0,0
INV-0010223,CUST-101704,2026-07-01,96.2,Paid,0,0,0
INV-0010224,CUST-101704,2026-08-01,91.2,Paid,0,0,0
INV-0010225,CUST-101705,2026-03-01,76.04,Paid,0,0,0
INV-0010226,CUST-101705,2026-04-01,72.27,Paid,0,0,0
INV-0010227,CUST-101705,2026-05-01,73.22,Paid,0,0,0
INV-0010228,CUST-101705,2026-06-01,73.2,Paid,0,0,0
INV-0010229,CUST-101705,2026-07-01,72.04,Paid,0,0,0
INV-0010230,CUST-101705,2026-08-01,73.08,Paid,0,0,0
INV-0010231,CUST-101706,2026-03-01,152.04,Paid,0,0,0
INV-0010232,CUST-101706,2026-04-01,155.61,Late,22,0,0
INV-0010233,CUST-101706,2026-05-01,157.27,Late,18,0,0
INV-0010234,CUST-101706,2026-06-01,159.57,Paid,0,0,0
INV-0010235,CUST-101706,2026-07-01,153.33,Paid,0,0,0
INV-0010236,CUST-101706,2026-08-01,153.11,Paid,0,0,0
INV-0010237,CUST-101707,2026-03-01,492.35,Paid,0,0,0
INV-0010238,CUST-101707,2026-04-01,506.85,Paid,0,0,0
INV-0010239,CUST-101707,2026-05-01,500.67,Paid,0,0,0
INV-0010240,CUST-101707,2026-06-01,499.9,Paid,0,0,0
INV-0010241,CUST-101707,2026-07-01,514.09,Paid,0,0,0
INV-0010242,CUST-101707,2026-08-01,501.24,Paid,0,0,0
INV-0010243,CUST-101708,2026-03-01,74.56,Paid,0,0,0
INV-0010244,CUST-101708,2026-04-01,74.89,Paid,0,0,0
INV-0010245,CUST-101708,2026-05-01,68.54,Paid,0,0,0
INV-0010246,CUST-101708,2026-06-01,73.66,Paid,0,0,0
INV-0010247,CUST-101708,2026-07-01,73.16,Paid,0,0,0
INV-0010248,CUST-101708,2026-08-01,74.44,Paid,0,0,0
INV-0010249,CUST-101709,2026-03-01,157.77,Paid,0,0,0
INV-0010250,CUST-101709,2026-04-01,159.07,Paid,0,0,0
INV-0010251,CUST-101709,2026-05-01,153.34,Paid,0,0,0
INV-0010252,CUST-101709,2026-06-01,151.62,Paid,0,0,0
INV-0010253,CUST-101709,2026-07-01,154.79,Paid,0,0,0
INV-0010254,CUST-101709,2026-08-01,149.43,Late,10,0,0
INV-0010255,CUST-101710,2026-03-01,92.84,Paid,0,0,0
INV-0010256,CUST-101710,2026-04-01,90.21,Paid,0,0,0
INV-0010257,CUST-101710,2026-05-01,90.02,Paid,0,0,0
INV-0010258,CUST-101710,2026-06-01,89.1,Paid,0,0,0
INV-0010259,CUST-101710,2026-07-01,88.46,Paid,0,0,0
INV-0010260,CUST-101710,2026-08-01,89.43,Paid,0,0,0
INV-0010261,CUST-101711,2026-03-01,35.23,Paid,0,0,0
INV-0010262,CUST-101711,2026-04-01,36.35,Paid,0,0,0
INV-0010263,CUST-101711,2026-05-01,34.63,Paid,0,0,0
INV-0010264,CUST-101711,2026-06-01,35.81,Paid,0,0,0
INV-0010265,CUST-101711,2026-07-01,36.35,Paid,0,0,0
INV-0010266,CUST-101711,2026-08-01,36.93,Paid,0,0,0
INV-0010267,CUST-101712,2026-03-01,41.41,Paid,0,0,0
INV-0010268,CUST-101712,2026-04-01,41.81,Paid,0,0,0
INV-0010269,CUST-101712,2026-05-01,39.52,Paid,0,0,0
INV-0010270,CUST-101712,2026-06-01,41.07,Paid,0,0,0
INV-0010271,CUST-101712,2026-07-01,39.55,Paid,0,0,0
INV-0010272,CUST-101712,2026-08-01,40.98,Paid,0,0,0
INV-0010273,CUST-101713,2026-03-01,71.23,Paid,0,0,0
INV-0010274,CUST-101713,2026-04-01,74.92,Paid,0,0,0
INV-0010275,CUST-101713,2026-05-01,75.62,Paid,0,0,0
INV-0010276,CUST-101713,2026-06-01,74.88,Paid,0,0,0
INV-0010277,CUST-101713,2026-07-01,76.32,Paid,0,0,0
INV-0010278,CUST-101713,2026-08-01,77.23,Paid,0,0,0
INV-0010279,CUST-101714,2026-03-01,477.5,Paid,0,0,0
INV-0010280,CUST-101714,2026-04-01,476.74,Paid,0,0,0
INV-0010281,CUST-101714,2026-05-01,468.42,Paid,0,0,0
INV-0010282,CUST-101714,2026-06-01,475.0,Paid,0,0,0
INV-0010283,CUST-101714,2026-07-01,471.24,Paid,0,0,0
INV-0010284,CUST-101714,2026-08-01,463.44,Paid,0,0,0
INV-0010285,CUST-101715,2026-03-01,38.44,Paid,0,0,0
INV-0010286,CUST-101715,2026-04-01,38.51,Late,23,0,0
INV-0010287,CUST-101715,2026-05-01,38.57,Paid,0,0,0
INV-0010288,CUST-101715,2026-06-01,39.48,Late,7,1,1
INV-0010289,CUST-101715,2026-07-01,44.5,Paid,0,1,0
INV-0010290,CUST-101715,2026-08-01,37.37,Paid,0,0,0
INV-0010291,CUST-101716,2026-03-01,44.58,Paid,0,0,0
INV-0010292,CUST-101716,2026-04-01,45.0,Late,12,0,0
INV-0010293,CUST-101716,2026-05-01,45.49,Paid,0,0,0
INV-0010294,CUST-101716,2026-06-01,43.43,Paid,0,0,0
INV-0010295,CUST-101716,2026-07-01,44.54,Paid,0,0,0
INV-0010296,CUST-101716,2026-08-01,44.5,Paid,0,0,0
INV-0010297,CUST-101717,2026-03-01,33.11,Paid,0,0,0
INV-0010298,CUST-101717,2026-04-01,34.71,Paid,0,0,0
INV-0010299,CUST-101717,2026-05-01,34.24,Paid,0,0,0
INV-0010300,CUST-101717,2026-06-01,34.36,Paid,0,0,0
INV-0010301,CUST-101717,2026-07-01,34.62,Late,18,0,0
INV-0010302,CUST-101717,2026-08-01,34.14,Paid,0,0,0
INV-0010303,CUST-101718,2026-03-01,33.09,Late,23,0,0
INV-0010304,CUST-101718,2026-04-01,42.95,Paid,0,0,0
INV-0010305,CUST-101718,2026-05-01,33.31,Paid,0,0,0
INV-0010306,CUST-101718,2026-06-01,32.07,Paid,0,0,0
INV-0010307,CUST-101718,2026-07-01,34.46,Paid,0,1,1
INV-0010308,CUST-101718,2026-08-01,43.06,Paid,0,0,0
INV-0010309,CUST-101719,2026-03-01,157.77,Paid,0,1,0
INV-0010310,CUST-101719,2026-04-01,160.25,Paid,0,0,0
INV-0010311,CUST-101719,2026-05-01,154.57,Late,3,0,0
INV-0010312,CUST-101719,2026-06-01,149.42,Paid,0,1,1
INV-0010313,CUST-101719,2026-07-01,151.94,Paid,0,0,0
INV-0010314,CUST-101719,2026-08-01,162.35,Paid,0,0,0
INV-0010315,CUST-101720,2026-03-01,80.37,Paid,0,0,0
INV-0010316,CUST-101720,2026-04-01,81.76,Paid,0,0,0
INV-0010317,CUST-101720,2026-05-01,93.96,Late,29,0,0
INV-0010318,CUST-101720,2026-06-01,95.44,Paid,0,1,1
INV-0010319,CUST-101720,2026-07-01,78.72,Paid,0,0,0
INV-0010320,CUST-101720,2026-08-01,96.13,Paid,0,1,1
INV-0010321,CUST-101721,2026-03-01,79.7,Paid,0,0,0
INV-0010322,CUST-101721,2026-04-01,79.44,Late,3,1,0
INV-0010323,CUST-101721,2026-05-01,77.85,Paid,0,0,0
INV-0010324,CUST-101721,2026-06-01,78.91,Paid,0,0,0
INV-0010325,CUST-101721,2026-07-01,84.31,Paid,0,0,0
INV-0010326,CUST-101721,2026-08-01,79.54,Late,11,0,0
INV-0010327,CUST-101722,2026-03-01,72.75,Late,14,0,0
INV-0010328,CUST-101722,2026-04-01,70.85,Late,22,0,0
INV-0010329,CUST-101722,2026-05-01,88.72,Paid,0,1,0
INV-0010330,CUST-101722,2026-06-01,73.25,Late,17,0,0
INV-0010331,CUST-101722,2026-07-01,73.73,Paid,0,0,0
INV-0010332,CUST-101722,2026-08-01,69.59,Paid,0,1,0
INV-0010333,CUST-101723,2026-03-01,176.81,Paid,0,0,0
INV-0010334,CUST-101723,2026-04-01,175.43,Paid,0,0,0
INV-0010335,CUST-101723,2026-05-01,169.6,Paid,0,1,0
INV-0010336,CUST-101723,2026-06-01,179.37,Paid,0,0,0
INV-0010337,CUST-101723,2026-07-01,175.62,Paid,0,0,0
INV-0010338,CUST-101723,2026-08-01,170.05,Paid,0,0,0
INV-0010339,CUST-101724,2026-03-01,88.36,Paid,0,0,0
INV-0010340,CUST-101724,2026-04-01,86.86,Paid,0,0,0
INV-0010341,CUST-101724,2026-05-01,87.38,Paid,0,0,0
INV-0010342,CUST-101724,2026-06-01,86.72,Paid,0,0,0
INV-0010343,CUST-101724,2026-07-01,87.25,Paid,0,0,0
INV-0010344,CUST-101724,2026-08-01,84.37,Paid,0,1,0
INV-0010345,CUST-101725,2026-03-01,40.16,Paid,0,0,0
INV-0010346,CUST-101725,2026-04-01,38.52,Paid,0,0,0
INV-0010347,CUST-101725,2026-05-01,37.13,Paid,0,0,0
INV-0010348,CUST-101725,2026-06-01,38.55,Paid,0,0,0
INV-0010349,CUST-101725,2026-07-01,41.81,Paid,0,0,0
INV-0010350,CUST-101725,2026-08-01,39.98,Paid,0,0,0
INV-0010351,CUST-101726,2026-03-01,82.4,Paid,0,1,1
INV-0010352,CUST-101726,2026-04-01,78.43,Paid,0,0,0
INV-0010353,CUST-101726,2026-05-01,77.51,Paid,0,0,0
INV-0010354,CUST-101726,2026-06-01,80.41,Paid,0,0,0
INV-0010355,CUST-101726,2026-07-01,74.56,Paid,0,0,0
INV-0010356,CUST-101726,2026-08-01,78.86,Late,24,1,0
INV-0010357,CUST-101727,2026-03-01,32.25,Paid,0,0,0
INV-0010358,CUST-101727,2026-04-01,31.48,Paid,0,0,0
INV-0010359,CUST-101727,2026-05-01,32.15,Paid,0,0,0
INV-0010360,CUST-101727,2026-06-01,30.81,Paid,0,0,0
INV-0010361,CUST-101727,2026-07-01,32.71,Paid,0,0,0
INV-0010362,CUST-101727,2026-08-01,32.1,Paid,0,0,0
INV-0010363,CUST-101728,2026-03-01,153.85,Late,30,0,0
INV-0010364,CUST-101728,2026-04-01,152.09,Paid,0,0,0
INV-0010365,CUST-101728,2026-05-01,157.29,Paid,0,0,0
INV-0010366,CUST-101728,2026-06-01,160.96,Paid,0,0,0
INV-0010367,CUST-101728,2026-07-01,158.22,Paid,0,0,0
INV-0010368,CUST-101728,2026-08-01,154.42,Paid,0,0,0
INV-0010369,CUST-101729,2026-03-01,160.66,Paid,0,0,0
INV-0010370,CUST-101729,2026-04-01,158.73,Paid,0,0,0
INV-0010371,CUST-101729,2026-05-01,160.41,Paid,0,0,0
INV-0010372,CUST-101729,2026-06-01,151.21,Paid,0,0,0
INV-0010373,CUST-101729,2026-07-01,152.93,Paid,0,0,0
INV-0010374,CUST-101729,2026-08-01,147.45,Paid,0,0,0
INV-0010375,CUST-101730,2026-03-01,158.87,Paid,0,0,0
INV-0010376,CUST-101730,2026-04-01,161.73,Paid,0,0,0
INV-0010377,CUST-101730,2026-05-01,158.48,Paid,0,0,0
INV-0010378,CUST-101730,2026-06-01,161.64,Paid,0,0,0
INV-0010379,CUST-101730,2026-07-01,151.52,Paid,0,0,0
INV-0010380,CUST-101730,2026-08-01,158.36,Paid,0,0,0
INV-0010381,CUST-101731,2026-03-01,75.42,Paid,0,0,0
INV-0010382,CUST-101731,2026-04-01,75.56,Paid,0,0,0
INV-0010383,CUST-101731,2026-05-01,72.04,Paid,0,0,0
INV-0010384,CUST-101731,2026-06-01,75.91,Paid,0,0,0
INV-0010385,CUST-101731,2026-07-01,75.31,Paid,0,0,0
INV-0010386,CUST-101731,2026-08-01,75.14,Paid,0,0,0
INV-0010387,CUST-101732,2026-03-01,30.9,Paid,0,0,0
INV-0010388,CUST-101732,2026-04-01,31.62,Late,24,0,0
INV-0010389,CUST-101732,2026-05-01,31.35,Paid,0,0,0
INV-0010390,CUST-101732,2026-06-01,32.13,Paid,0,0,0
INV-0010391,CUST-101732,2026-07-01,32.2,Paid,0,0,0
INV-0010392,CUST-101732,2026-08-01,34.26,Paid,0,0,0
INV-0010393,CUST-101733,2026-03-01,32.88,Paid,0,0,0
INV-0010394,CUST-101733,2026-04-01,31.52,Paid,0,0,0
INV-0010395,CUST-101733,2026-05-01,34.05,Paid,0,0,0
INV-0010396,CUST-101733,2026-06-01,32.94,Paid,0,1,0
INV-0010397,CUST-101733,2026-07-01,32.57,Paid,0,0,0
INV-0010398,CUST-101733,2026-08-01,32.86,Paid,0,0,0
INV-0010399,CUST-101734,2026-03-01,88.11,Paid,0,0,0
INV-0010400,CUST-101734,2026-04-01,89.23,Paid,0,0,0
INV-0010401,CUST-101734,2026-05-01,83.69,Paid,0,0,0
INV-0010402,CUST-101734,2026-06-01,87.22,Paid,0,0,0
INV-0010403,CUST-101734,2026-07-01,82.76,Paid,0,0,0
INV-0010404,CUST-101734,2026-08-01,86.85,Paid,0,0,0
INV-0010405,CUST-101735,2026-03-01,29.89,Paid,0,0,0
INV-0010406,CUST-101735,2026-04-01,28.12,Paid,0,0,0
INV-0010407,CUST-101735,2026-05-01,28.16,Paid,0,0,0
INV-0010408,CUST-101735,2026-06-01,28.05,Paid,0,0,0
INV-0010409,CUST-101735,2026-07-01,28.49,Paid,0,0,0
INV-0010410,CUST-101735,2026-08-01,27.56,Paid,0,0,0
INV-0010411,CUST-101736,2026-03-01,164.25,Late,29,1,1
INV-0010412,CUST-101736,2026-04-01,157.81,Paid,0,0,0
INV-0010413,CUST-101736,2026-05-01,164.57,Paid,0,1,0
INV-0010414,CUST-101736,2026-06-01,157.83,Paid,0,0,0
INV-0010415,CUST-101736,2026-07-01,162.11,Paid,0,0,0
INV-0010416,CUST-101736,2026-08-01,162.55,Paid,0,0,0
INV-0010417,CUST-101737,2026-03-01,145.55,Paid,0,0,0
INV-0010418,CUST-101737,2026-04-01,142.15,Paid,0,0,0
INV-0010419,CUST-101737,2026-05-01,141.81,Paid,0,0,0
INV-0010420,CUST-101737,2026-06-01,139.51,Paid,0,0,0
INV-0010421,CUST-101737,2026-07-01,144.65,Paid,0,0,0
INV-0010422,CUST-101737,2026-08-01,149.74,Paid,0,0,0
INV-0010423,CUST-101738,2026-03-01,37.1,Paid,0,0,0
INV-0010424,CUST-101738,2026-04-01,36.01,Paid,0,0,0
INV-0010425,CUST-101738,2026-05-01,38.84,Paid,0,0,0
INV-0010426,CUST-101738,2026-06-01,37.99,Paid,0,0,0
INV-0010427,CUST-101738,2026-07-01,36.2,Paid,0,0,0
INV-0010428,CUST-101738,2026-08-01,37.93,Late,18,0,0
INV-0010429,CUST-101739,2026-03-01,89.06,Paid,0,0,0
INV-0010430,CUST-101739,2026-04-01,89.23,Paid,0,0,0
INV-0010431,CUST-101739,2026-05-01,91.14,Paid,0,0,0
INV-0010432,CUST-101739,2026-06-01,88.58,Paid,0,0,0
INV-0010433,CUST-101739,2026-07-01,90.33,Paid,0,0,0
INV-0010434,CUST-101739,2026-08-01,91.56,Paid,0,0,0
INV-0010435,CUST-101740,2026-03-01,35.88,Paid,0,0,0
INV-0010436,CUST-101740,2026-04-01,35.66,Paid,0,0,0
INV-0010437,CUST-101740,2026-05-01,38.18,Paid,0,0,0
INV-0010438,CUST-101740,2026-06-01,36.94,Paid,0,1,0
INV-0010439,CUST-101740,2026-07-01,37.39,Paid,0,0,0
INV-0010440,CUST-101740,2026-08-01,36.62,Paid,0,0,0
INV-0010441,CUST-101741,2026-03-01,82.96,Paid,0,1,0
INV-0010442,CUST-101741,2026-04-01,78.95,Paid,0,0,0
INV-0010443,CUST-101741,2026-05-01,83.85,Paid,0,0,0
INV-0010444,CUST-101741,2026-06-01,81.48,Late,17,0,0
INV-0010445,CUST-101741,2026-07-01,81.45,Paid,0,0,0
INV-0010446,CUST-101741,2026-08-01,77.93,Paid,0,0,0
INV-0010447,CUST-101742,2026-03-01,94.41,Paid,0,0,0
INV-0010448,CUST-101742,2026-04-01,94.12,Paid,0,0,0
INV-0010449,CUST-101742,2026-05-01,99.04,Paid,0,0,0
INV-0010450,CUST-101742,2026-06-01,91.38,Paid,0,0,0
INV-0010451,CUST-101742,2026-07-01,94.75,Paid,0,0,0
INV-0010452,CUST-101742,2026-08-01,89.85,Paid,0,0,0
INV-0010453,CUST-101743,2026-03-01,44.12,Paid,0,0,0
INV-0010454,CUST-101743,2026-04-01,42.14,Paid,0,0,0
INV-0010455,CUST-101743,2026-05-01,45.32,Late,31,0,0
INV-0010456,CUST-101743,2026-06-01,45.04,Paid,0,1,1
INV-0010457,CUST-101743,2026-07-01,44.1,Paid,0,0,0
INV-0010458,CUST-101743,2026-08-01,44.27,Paid,0,0,0
INV-0010459,CUST-101744,2026-03-01,75.72,Paid,0,1,1
INV-0010460,CUST-101744,2026-04-01,72.34,Paid,0,0,0
INV-0010461,CUST-101744,2026-05-01,75.14,Paid,0,0,0
INV-0010462,CUST-101744,2026-06-01,74.05,Paid,0,0,0
INV-0010463,CUST-101744,2026-07-01,72.34,Paid,0,0,0
INV-0010464,CUST-101744,2026-08-01,75.3,Paid,0,0,0
INV-0010465,CUST-101745,2026-03-01,82.8,Paid,0,0,0
INV-0010466,CUST-101745,2026-04-01,79.47,Paid,0,0,0
INV-0010467,CUST-101745,2026-05-01,83.98,Paid,0,0,0
INV-0010468,CUST-101745,2026-06-01,82.63,Late,27,0,0
INV-0010469,CUST-101745,2026-07-01,83.43,Paid,0,0,0
INV-0010470,CUST-101745,2026-08-01,81.35,Paid,0,0,0
INV-0010471,CUST-101746,2026-03-01,92.16,Paid,0,0,0
INV-0010472,CUST-101746,2026-04-01,88.43,Paid,0,0,0
INV-0010473,CUST-101746,2026-05-01,88.27,Paid,0,0,0
INV-0010474,CUST-101746,2026-06-01,92.18,Paid,0,0,0
INV-0010475,CUST-101746,2026-07-01,93.95,Paid,0,0,0
INV-0010476,CUST-101746,2026-08-01,90.33,Paid,0,0,0
INV-0010477,CUST-101747,2026-03-01,86.78,Paid,0,0,0
INV-0010478,CUST-101747,2026-04-01,88.54,Paid,0,0,0
INV-0010479,CUST-101747,2026-05-01,87.58,Paid,0,0,0
INV-0010480,CUST-101747,2026-06-01,84.35,Paid,0,0,0
INV-0010481,CUST-101747,2026-07-01,86.65,Paid,0,0,0
INV-0010482,CUST-101747,2026-08-01,83.87,Paid,0,0,0
INV-0010483,CUST-101748,2026-03-01,77.06,Paid,0,0,0
INV-0010484,CUST-101748,2026-04-01,73.85,Paid,0,0,0
INV-0010485,CUST-101748,2026-05-01,78.36,Paid,0,1,0
INV-0010486,CUST-101748,2026-06-01,78.32,Paid,0,0,0
INV-0010487,CUST-101748,2026-07-01,77.08,Late,11,0,0
INV-0010488,CUST-101748,2026-08-01,79.84,Late,17,0,0
INV-0010489,CUST-101749,2026-03-01,29.37,Paid,0,0,0
INV-0010490,CUST-101749,2026-04-01,28.76,Paid,0,0,0
INV-0010491,CUST-101749,2026-05-01,29.88,Paid,0,0,0
INV-0010492,CUST-101749,2026-06-01,29.58,Paid,0,0,0
INV-0010493,CUST-101749,2026-07-01,29.45,Paid,0,0,0
INV-0010494,CUST-101749,2026-08-01,29.1,Paid,0,0,0
INV-0010495,CUST-101750,2026-03-01,91.91,Paid,0,0,0
INV-0010496,CUST-101750,2026-04-01,82.58,Late,34,1,1
INV-0010497,CUST-101750,2026-05-01,100.72,Paid,0,0,0
INV-0010498,CUST-101750,2026-06-01,77.29,Late,33,1,1
INV-0010499,CUST-101750,2026-07-01,82.49,Paid,0,1,1
INV-0010500,CUST-101750,2026-08-01,80.77,Paid,0,1,0
INV-0010501,CUST-101751,2026-03-01,28.35,Paid,0,0,0
INV-0010502,CUST-101751,2026-04-01,28.57,Paid,0,0,0
INV-0010503,CUST-101751,2026-05-01,28.4,Paid,0,0,0
INV-0010504,CUST-101751,2026-06-01,27.39,Paid,0,0,0
INV-0010505,CUST-101751,2026-07-01,27.43,Paid,0,0,0
INV-0010506,CUST-101751,2026-08-01,28.57,Paid,0,0,0
INV-0010507,CUST-101752,2026-03-01,143.57,Paid,0,0,0
INV-0010508,CUST-101752,2026-04-01,140.3,Late,25,0,0
INV-0010509,CUST-101752,2026-05-01,141.42,Paid,0,0,0
INV-0010510,CUST-101752,2026-06-01,147.13,Paid,0,0,0
INV-0010511,CUST-101752,2026-07-01,147.12,Paid,0,0,0
INV-0010512,CUST-101752,2026-08-01,140.37,Paid,0,0,0
INV-0010513,CUST-101753,2026-03-01,31.11,Paid,0,0,0
INV-0010514,CUST-101753,2026-04-01,30.27,Paid,0,0,0
INV-0010515,CUST-101753,2026-05-01,30.31,Paid,0,0,0
INV-0010516,CUST-101753,2026-06-01,30.8,Paid,0,0,0
INV-0010517,CUST-101753,2026-07-01,30.36,Paid,0,0,0
INV-0010518,CUST-101753,2026-08-01,29.79,Paid,0,1,0
INV-0010519,CUST-101754,2026-03-01,41.9,Paid,0,0,0
INV-0010520,CUST-101754,2026-04-01,40.37,Paid,0,0,0
INV-0010521,CUST-101754,2026-05-01,43.7,Paid,0,0,0
INV-0010522,CUST-101754,2026-06-01,41.47,Paid,0,0,0
INV-0010523,CUST-101754,2026-07-01,43.76,Paid,0,0,0
INV-0010524,CUST-101754,2026-08-01,41.66,Paid,0,0,0
INV-0010525,CUST-101755,2026-03-01,28.17,Paid,0,0,0
INV-0010526,CUST-101755,2026-04-01,27.62,Paid,0,0,0
INV-0010527,CUST-101755,2026-05-01,26.7,Paid,0,0,0
INV-0010528,CUST-101755,2026-06-01,27.25,Paid,0,0,0
INV-0010529,CUST-101755,2026-07-01,26.46,Paid,0,0,0
INV-0010530,CUST-101755,2026-08-01,27.48,Paid,0,0,0
INV-0010531,CUST-101756,2026-03-01,78.52,Paid,0,1,1
INV-0010532,CUST-101756,2026-04-01,76.77,Paid,0,0,0
INV-0010533,CUST-101756,2026-05-01,79.09,Paid,0,0,0
INV-0010534,CUST-101756,2026-06-01,78.53,Paid,0,0,0
INV-0010535,CUST-101756,2026-07-01,75.87,Paid,0,0,0
INV-0010536,CUST-101756,2026-08-01,79.07,Paid,0,0,0
INV-0010537,CUST-101757,2026-03-01,75.02,Paid,0,0,0
INV-0010538,CUST-101757,2026-04-01,78.06,Paid,0,0,0
INV-0010539,CUST-101757,2026-05-01,78.67,Paid,0,0,0
INV-0010540,CUST-101757,2026-06-01,77.69,Paid,0,0,0
INV-0010541,CUST-101757,2026-07-01,75.25,Paid,0,0,0
INV-0010542,CUST-101757,2026-08-01,76.75,Paid,0,0,0
INV-0010543,CUST-101758,2026-03-01,172.65,Paid,0,0,0
INV-0010544,CUST-101758,2026-04-01,168.87,Paid,0,0,0
INV-0010545,CUST-101758,2026-05-01,166.53,Paid,0,0,0
INV-0010546,CUST-101758,2026-06-01,176.14,Paid,0,0,0
INV-0010547,CUST-101758,2026-07-01,168.5,Paid,0,0,0
INV-0010548,CUST-101758,2026-08-01,169.14,Paid,0,0,0
INV-0010549,CUST-101759,2026-03-01,60.66,Paid,0,0,0
INV-0010550,CUST-101759,2026-04-01,62.56,Paid,0,0,0
INV-0010551,CUST-101759,2026-05-01,63.85,Paid,0,0,0
INV-0010552,CUST-101759,2026-06-01,61.21,Paid,0,0,0
INV-0010553,CUST-101759,2026-07-01,61.85,Paid,0,0,0
INV-0010554,CUST-101759,2026-08-01,65.19,Paid,0,0,0
INV-0010555,CUST-101760,2026-03-01,88.1,Paid,0,0,0
INV-0010556,CUST-101760,2026-04-01,83.48,Paid,0,1,0
INV-0010557,CUST-101760,2026-05-01,86.12,Paid,0,0,0
INV-0010558,CUST-101760,2026-06-01,83.53,Paid,0,0,0
INV-0010559,CUST-101760,2026-07-01,87.49,Paid,0,0,0
INV-0010560,CUST-101760,2026-08-01,84.39,Paid,0,0,0
INV-0010561,CUST-101761,2026-03-01,203.29,Paid,0,1,0
INV-0010562,CUST-101761,2026-04-01,197.25,Late,4,0,0
INV-0010563,CUST-101761,2026-05-01,163.2,Paid,0,0,0
INV-0010564,CUST-101761,2026-06-01,216.25,Paid,0,1,1
INV-0010565,CUST-101761,2026-07-01,205.72,Late,12,1,1
INV-0010566,CUST-101761,2026-08-01,155.68,Late,1,0,0
INV-0010567,CUST-101762,2026-03-01,151.38,Paid,0,0,0
INV-0010568,CUST-101762,2026-04-01,163.55,Paid,0,0,0
INV-0010569,CUST-101762,2026-05-01,155.32,Paid,0,0,0
INV-0010570,CUST-101762,2026-06-01,148.21,Paid,0,0,0
INV-0010571,CUST-101762,2026-07-01,159.15,Paid,0,0,0
INV-0010572,CUST-101762,2026-08-01,148.24,Paid,0,0,0
INV-0010573,CUST-101763,2026-03-01,451.33,Paid,0,0,0
INV-0010574,CUST-101763,2026-04-01,455.15,Paid,0,0,0
INV-0010575,CUST-101763,2026-05-01,475.05,Paid,0,0,0
INV-0010576,CUST-101763,2026-06-01,469.68,Paid,0,0,0
INV-0010577,CUST-101763,2026-07-01,452.35,Paid,0,0,0
INV-0010578,CUST-101763,2026-08-01,445.35,Paid,0,0,0
INV-0010579,CUST-101764,2026-03-01,365.21,Paid,0,0,0
INV-0010580,CUST-101764,2026-04-01,354.4,Paid,0,0,0
INV-0010581,CUST-101764,2026-05-01,377.1,Late,20,0,0
INV-0010582,CUST-101764,2026-06-01,362.04,Paid,0,0,0
INV-0010583,CUST-101764,2026-07-01,374.48,Paid,0,0,0
INV-0010584,CUST-101764,2026-08-01,371.6,Paid,0,0,0
INV-0010585,CUST-101765,2026-03-01,423.59,Paid,0,0,0
INV-0010586,CUST-101765,2026-04-01,431.12,Paid,0,0,0
INV-0010587,CUST-101765,2026-05-01,412.7,Paid,0,0,0
INV-0010588,CUST-101765,2026-06-01,424.69,Paid,0,0,0
INV-0010589,CUST-101765,2026-07-01,421.08,Paid,0,0,0
INV-0010590,CUST-101765,2026-08-01,412.71,Paid,0,0,0
INV-0010591,CUST-101766,2026-03-01,181.02,Paid,0,0,0
INV-0010592,CUST-101766,2026-04-01,173.57,Paid,0,0,0
INV-0010593,CUST-101766,2026-05-01,178.93,Paid,0,0,0
INV-0010594,CUST-101766,2026-06-01,185.19,Paid,0,0,0
INV-0010595,CUST-101766,2026-07-01,171.06,Paid,0,0,0
INV-0010596,CUST-101766,2026-08-01,172.75,Paid,0,0,0
INV-0010597,CUST-101767,2026-03-01,60.2,Paid,0,0,0
INV-0010598,CUST-101767,2026-04-01,60.75,Paid,0,0,0
INV-0010599,CUST-101767,2026-05-01,61.34,Paid,0,0,0
INV-0010600,CUST-101767,2026-06-01,59.47,Late,21,0,0
INV-0010601,CUST-101767,2026-07-01,60.0,Paid,0,0,0
INV-0010602,CUST-101767,2026-08-01,62.91,Paid,0,0,0
INV-0010603,CUST-101768,2026-03-01,43.67,Paid,0,0,0
INV-0010604,CUST-101768,2026-04-01,35.12,Late,27,0,0
INV-0010605,CUST-101768,2026-05-01,35.83,Late,4,0,0
INV-0010606,CUST-101768,2026-06-01,34.3,Late,2,0,0
INV-0010607,CUST-101768,2026-07-01,45.58,Paid,0,0,0
INV-0010608,CUST-101768,2026-08-01,49.17,Paid,0,0,0
INV-0010609,CUST-101769,2026-03-01,30.42,Paid,0,0,0
INV-0010610,CUST-101769,2026-04-01,30.91,Paid,0,0,0
INV-0010611,CUST-101769,2026-05-01,30.79,Paid,0,0,0
INV-0010612,CUST-101769,2026-06-01,29.31,Paid,0,0,0
INV-0010613,CUST-101769,2026-07-01,30.26,Paid,0,0,0
INV-0010614,CUST-101769,2026-08-01,29.84,Paid,0,0,0
INV-0010615,CUST-101770,2026-03-01,87.97,Paid,0,0,0
INV-0010616,CUST-101770,2026-04-01,92.86,Paid,0,0,0
INV-0010617,CUST-101770,2026-05-01,95.25,Paid,0,0,0
INV-0010618,CUST-101770,2026-06-01,91.25,Paid,0,0,0
INV-0010619,CUST-101770,2026-07-01,92.29,Paid,0,0,0
INV-0010620,CUST-101770,2026-08-01,96.1,Paid,0,0,0
INV-0010621,CUST-101771,2026-03-01,73.09,Late,6,0,0
INV-0010622,CUST-101771,2026-04-01,71.06,Late,3,0,0
INV-0010623,CUST-101771,2026-05-01,72.47,Paid,0,0,0
INV-0010624,CUST-101771,2026-06-01,70.6,Paid,0,0,0
INV-0010625,CUST-101771,2026-07-01,71.7,Paid,0,0,0
INV-0010626,CUST-101771,2026-08-01,69.25,Paid,0,0,0
INV-0010627,CUST-101772,2026-03-01,84.45,Paid,0,0,0
INV-0010628,CUST-101772,2026-04-01,82.88,Paid,0,0,0
INV-0010629,CUST-101772,2026-05-01,87.6,Paid,0,0,0
INV-0010630,CUST-101772,2026-06-01,83.62,Paid,0,0,0
INV-0010631,CUST-101772,2026-07-01,82.93,Paid,0,0,0
INV-0010632,CUST-101772,2026-08-01,82.36,Paid,0,0,0
INV-0010633,CUST-101773,2026-03-01,366.9,Paid,0,1,0
INV-0010634,CUST-101773,2026-04-01,359.07,Paid,0,0,0
INV-0010635,CUST-101773,2026-05-01,352.5,Paid,0,0,0
INV-0010636,CUST-101773,2026-06-01,358.73,Paid,0,0,0
INV-0010637,CUST-101773,2026-07-01,356.51,Paid,0,0,0
INV-0010638,CUST-101773,2026-08-01,370.66,Paid,0,0,0
INV-0010639,CUST-101774,2026-03-01,134.28,Late,11,0,0
INV-0010640,CUST-101774,2026-04-01,133.81,Paid,0,1,0
INV-0010641,CUST-101774,2026-05-01,125.05,Paid,0,0,0
INV-0010642,CUST-101774,2026-06-01,127.45,Paid,0,0,0
INV-0010643,CUST-101774,2026-07-01,130.48,Paid,0,0,0
INV-0010644,CUST-101774,2026-08-01,133.76,Paid,0,0,0
INV-0010645,CUST-101775,2026-03-01,33.46,Paid,0,0,0
INV-0010646,CUST-101775,2026-04-01,34.74,Paid,0,1,0
INV-0010647,CUST-101775,2026-05-01,34.39,Paid,0,0,0
INV-0010648,CUST-101775,2026-06-01,35.02,Paid,0,0,0
INV-0010649,CUST-101775,2026-07-01,35.74,Paid,0,0,0
INV-0010650,CUST-101775,2026-08-01,33.34,Paid,0,0,0
INV-0010651,CUST-101776,2026-03-01,75.45,Paid,0,0,0
INV-0010652,CUST-101776,2026-04-01,73.42,Paid,0,0,0
INV-0010653,CUST-101776,2026-05-01,71.69,Paid,0,0,0
INV-0010654,CUST-101776,2026-06-01,70.98,Paid,0,0,0
INV-0010655,CUST-101776,2026-07-01,70.81,Paid,0,0,0
INV-0010656,CUST-101776,2026-08-01,70.75,Paid,0,0,0
INV-0010657,CUST-101777,2026-03-01,75.55,Paid,0,0,0
INV-0010658,CUST-101777,2026-04-01,75.98,Paid,0,0,0
INV-0010659,CUST-101777,2026-05-01,74.93,Paid,0,0,0
INV-0010660,CUST-101777,2026-06-01,75.33,Paid,0,0,0
INV-0010661,CUST-101777,2026-07-01,76.75,Paid,0,0,0
INV-0010662,CUST-101777,2026-08-01,75.17,Late,33,0,0
INV-0010663,CUST-101778,2026-03-01,75.15,Paid,0,0,0
INV-0010664,CUST-101778,2026-04-01,76.01,Paid,0,0,0
INV-0010665,CUST-101778,2026-05-01,74.93,Paid,0,0,0
INV-0010666,CUST-101778,2026-06-01,74.25,Paid,0,0,0
INV-0010667,CUST-101778,2026-07-01,75.78,Paid,0,0,0
INV-0010668,CUST-101778,2026-08-01,75.8,Paid,0,0,0
INV-0010669,CUST-101779,2026-03-01,34.6,Paid,0,0,0
INV-0010670,CUST-101779,2026-04-01,36.16,Paid,0,0,0
INV-0010671,CUST-101779,2026-05-01,35.3,Paid,0,0,0
INV-0010672,CUST-101779,2026-06-01,34.85,Paid,0,0,0
INV-0010673,CUST-101779,2026-07-01,35.01,Paid,0,0,0
INV-0010674,CUST-101779,2026-08-01,35.22,Paid,0,0,0
INV-0010675,CUST-101780,2026-03-01,46.14,Paid,0,0,0
INV-0010676,CUST-101780,2026-04-01,45.32,Paid,0,0,0
INV-0010677,CUST-101780,2026-05-01,43.59,Paid,0,0,0
INV-0010678,CUST-101780,2026-06-01,45.44,Late,11,0,0
INV-0010679,CUST-101780,2026-07-01,45.07,Paid,0,0,0
INV-0010680,CUST-101780,2026-08-01,43.0,Paid,0,0,0
INV-0010681,CUST-101781,2026-03-01,281.78,Paid,0,0,0
INV-0010682,CUST-101781,2026-04-01,268.42,Paid,0,0,0
INV-0010683,CUST-101781,2026-05-01,287.81,Paid,0,0,0
INV-0010684,CUST-101781,2026-06-01,273.6,Paid,0,0,0
INV-0010685,CUST-101781,2026-07-01,280.07,Paid,0,0,0
INV-0010686,CUST-101781,2026-08-01,284.02,Paid,0,0,0
INV-0010687,CUST-101782,2026-03-01,184.95,Paid,0,0,0
INV-0010688,CUST-101782,2026-04-01,185.47,Paid,0,0,0
INV-0010689,CUST-101782,2026-05-01,185.04,Paid,0,0,0
INV-0010690,CUST-101782,2026-06-01,189.25,Paid,0,0,0
INV-0010691,CUST-101782,2026-07-01,186.89,Paid,0,0,0
INV-0010692,CUST-101782,2026-08-01,185.92,Late,24,0,0
INV-0010693,CUST-101783,2026-03-01,32.53,Paid,0,1,0
INV-0010694,CUST-101783,2026-04-01,31.53,Paid,0,0,0
INV-0010695,CUST-101783,2026-05-01,31.64,Paid,0,0,0
INV-0010696,CUST-101783,2026-06-01,31.83,Paid,0,0,0
INV-0010697,CUST-101783,2026-07-01,30.87,Paid,0,0,0
INV-0010698,CUST-101783,2026-08-01,31.5,Paid,0,0,0
INV-0010699,CUST-101784,2026-03-01,93.49,Paid,0,0,0
INV-0010700,CUST-101784,2026-04-01,96.66,Paid,0,0,0
INV-0010701,CUST-101784,2026-05-01,98.04,Paid,0,0,0
INV-0010702,CUST-101784,2026-06-01,93.51,Paid,0,0,0
INV-0010703,CUST-101784,2026-07-01,94.83,Late,11,0,0
INV-0010704,CUST-101784,2026-08-01,97.19,Paid,0,0,0
INV-0010705,CUST-101785,2026-03-01,67.96,Paid,0,0,0
INV-0010706,CUST-101785,2026-04-01,74.09,Paid,0,0,0
INV-0010707,CUST-101785,2026-05-01,72.17,Paid,0,0,0
INV-0010708,CUST-101785,2026-06-01,72.39,Paid,0,0,0
INV-0010709,CUST-101785,2026-07-01,70.32,Paid,0,0,0
INV-0010710,CUST-101785,2026-08-01,71.18,Paid,0,0,0
INV-0010711,CUST-101786,2026-03-01,374.38,Paid,0,0,0
INV-0010712,CUST-101786,2026-04-01,395.1,Paid,0,0,0
INV-0010713,CUST-101786,2026-05-01,393.63,Paid,0,0,0
INV-0010714,CUST-101786,2026-06-01,386.59,Paid,0,0,0
INV-0010715,CUST-101786,2026-07-01,383.11,Paid,0,0,0
INV-0010716,CUST-101786,2026-08-01,378.89,Paid,0,0,0
INV-0010717,CUST-101787,2026-03-01,33.19,Paid,0,1,0
INV-0010718,CUST-101787,2026-04-01,31.82,Paid,0,0,0
INV-0010719,CUST-101787,2026-05-01,35.33,Paid,0,1,0
INV-0010720,CUST-101787,2026-06-01,31.5,Paid,0,0,0
INV-0010721,CUST-101787,2026-07-01,30.21,Late,29,0,0
INV-0010722,CUST-101787,2026-08-01,31.45,Paid,0,1,0
INV-0010723,CUST-101788,2026-03-01,75.78,Paid,0,1,0
INV-0010724,CUST-101788,2026-04-01,73.04,Late,14,0,0
INV-0010725,CUST-101788,2026-05-01,89.66,Paid,0,1,0
INV-0010726,CUST-101788,2026-06-01,74.8,Late,8,0,0
INV-0010727,CUST-101788,2026-07-01,77.59,Paid,0,0,0
INV-0010728,CUST-101788,2026-08-01,74.3,Paid,0,0,0
INV-0010729,CUST-101789,2026-03-01,83.92,Paid,0,0,0
INV-0010730,CUST-101789,2026-04-01,86.52,Paid,0,0,0
INV-0010731,CUST-101789,2026-05-01,88.39,Paid,0,0,0
INV-0010732,CUST-101789,2026-06-01,90.56,Paid,0,0,0
INV-0010733,CUST-101789,2026-07-01,86.65,Paid,0,0,0
INV-0010734,CUST-101789,2026-08-01,89.48,Paid,0,0,0
INV-0010735,CUST-101790,2026-03-01,59.73,Paid,0,0,0
INV-0010736,CUST-101790,2026-04-01,56.36,Paid,0,0,0
INV-0010737,CUST-101790,2026-05-01,56.4,Paid,0,1,1
INV-0010738,CUST-101790,2026-06-01,56.76,Paid,0,0,0
INV-0010739,CUST-101790,2026-07-01,58.02,Paid,0,0,0
INV-0010740,CUST-101790,2026-08-01,55.88,Paid,0,0,0
INV-0010741,CUST-101791,2026-03-01,75.55,Paid,0,0,0
INV-0010742,CUST-101791,2026-04-01,72.61,Paid,0,0,0
INV-0010743,CUST-101791,2026-05-01,73.18,Paid,0,0,0
INV-0010744,CUST-101791,2026-06-01,71.68,Paid,0,0,0
INV-0010745,CUST-101791,2026-07-01,72.35,Paid,0,0,0
INV-0010746,CUST-101791,2026-08-01,73.81,Paid,0,0,0
INV-0010747,CUST-101792,2026-03-01,86.82,Paid,0,0,0
INV-0010748,CUST-101792,2026-04-01,91.34,Paid,0,0,0
INV-0010749,CUST-101792,2026-05-01,86.99,Paid,0,0,0
INV-0010750,CUST-101792,2026-06-01,88.37,Paid,0,0,0
INV-0010751,CUST-101792,2026-07-01,89.78,Paid,0,0,0
INV-0010752,CUST-101792,2026-08-01,92.9,Paid,0,0,0
INV-0010753,CUST-101793,2026-03-01,159.52,Paid,0,0,0
INV-0010754,CUST-101793,2026-04-01,158.86,Late,20,0,0
INV-0010755,CUST-101793,2026-05-01,158.81,Paid,0,0,0
INV-0010756,CUST-101793,2026-06-01,161.04,Paid,0,0,0
INV-0010757,CUST-101793,2026-07-01,163.65,Paid,0,0,0
INV-0010758,CUST-101793,2026-08-01,155.87,Paid,0,0,0
INV-0010759,CUST-101794,2026-03-01,40.36,Paid,0,0,0
INV-0010760,CUST-101794,2026-04-01,37.24,Paid,0,0,0
INV-0010761,CUST-101794,2026-05-01,38.54,Paid,0,1,1
INV-0010762,CUST-101794,2026-06-01,38.63,Paid,0,0,0
INV-0010763,CUST-101794,2026-07-01,41.38,Paid,0,0,0
INV-0010764,CUST-101794,2026-08-01,38.3,Paid,0,0,0
INV-0010765,CUST-101795,2026-03-01,37.28,Paid,0,0,0
INV-0010766,CUST-101795,2026-04-01,37.64,Paid,0,0,0
INV-0010767,CUST-101795,2026-05-01,38.13,Paid,0,0,0
INV-0010768,CUST-101795,2026-06-01,37.72,Paid,0,0,0
INV-0010769,CUST-101795,2026-07-01,37.78,Paid,0,0,0
INV-0010770,CUST-101795,2026-08-01,37.3,Paid,0,0,0
INV-0010771,CUST-101796,2026-03-01,83.57,Paid,0,0,0
INV-0010772,CUST-101796,2026-04-01,81.96,Paid,0,0,0
INV-0010773,CUST-101796,2026-05-01,82.87,Paid,0,0,0
INV-0010774,CUST-101796,2026-06-01,80.03,Paid,0,0,0
INV-0010775,CUST-101796,2026-07-01,84.68,Paid,0,0,0
INV-0010776,CUST-101796,2026-08-01,79.25,Paid,0,0,0
INV-0010777,CUST-101797,2026-03-01,175.37,Paid,0,1,1
INV-0010778,CUST-101797,2026-04-01,181.42,Paid,0,1,0
INV-0010779,CUST-101797,2026-05-01,180.15,Paid,0,0,0
INV-0010780,CUST-101797,2026-06-01,174.23,Late,18,0,0
INV-0010781,CUST-101797,2026-07-01,182.67,Paid,0,1,0
INV-0010782,CUST-101797,2026-08-01,175.99,Paid,0,0,0
INV-0010783,CUST-101798,2026-03-01,143.05,Paid,0,0,0
INV-0010784,CUST-101798,2026-04-01,140.1,Paid,0,0,0
INV-0010785,CUST-101798,2026-05-01,141.56,Paid,0,0,0
INV-0010786,CUST-101798,2026-06-01,146.03,Paid,0,0,0
INV-0010787,CUST-101798,2026-07-01,136.26,Paid,0,0,0
INV-0010788,CUST-101798,2026-08-01,137.3,Paid,0,0,0
INV-0010789,CUST-101799,2026-03-01,69.89,Paid,0,0,0
INV-0010790,CUST-101799,2026-04-01,71.08,Paid,0,1,1
INV-0010791,CUST-101799,2026-05-01,70.19,Paid,0,0,0
INV-0010792,CUST-101799,2026-06-01,66.66,Paid,0,0,0
INV-0010793,CUST-101799,2026-07-01,66.28,Paid,0,0,0
INV-0010794,CUST-101799,2026-08-01,69.11,Paid,0,0,0
INV-0010795,CUST-101800,2026-03-01,208.51,Paid,0,0,0
INV-0010796,CUST-101800,2026-04-01,194.26,Paid,0,0,0
INV-0010797,CUST-101800,2026-05-01,209.49,Paid,0,1,0
INV-0010798,CUST-101800,2026-06-01,201.59,Paid,0,0,0
INV-0010799,CUST-101800,2026-07-01,202.65,Paid,0,0,0
INV-0010800,CUST-101800,2026-08-01,201.61,Paid,0,0,0
INV-0010801,CUST-101801,2026-03-01,70.98,Paid,0,0,0
INV-0010802,CUST-101801,2026-04-01,70.3,Paid,0,0,0
INV-0010803,CUST-101801,2026-05-01,69.03,Paid,0,0,0
INV-0010804,CUST-101801,2026-06-01,70.52,Paid,0,0,0
INV-0010805,CUST-101801,2026-07-01,71.11,Paid,0,0,0
INV-0010806,CUST-101801,2026-08-01,72.44,Paid,0,0,0
INV-0010807,CUST-101802,2026-03-01,34.54,Paid,0,0,0
INV-0010808,CUST-101802,2026-04-01,35.15,Paid,0,0,0
INV-0010809,CUST-101802,2026-05-01,33.0,Paid,0,0,0
INV-0010810,CUST-101802,2026-06-01,34.23,Paid,0,0,0
INV-0010811,CUST-101802,2026-07-01,34.89,Paid,0,0,0
INV-0010812,CUST-101802,2026-08-01,34.59,Paid,0,0,0
INV-0010813,CUST-101803,2026-03-01,69.33,Paid,0,0,0
INV-0010814,CUST-101803,2026-04-01,70.1,Paid,0,0,0
INV-0010815,CUST-101803,2026-05-01,74.66,Paid,0,0,0
INV-0010816,CUST-101803,2026-06-01,74.29,Paid,0,0,0
INV-0010817,CUST-101803,2026-07-01,74.32,Paid,0,0,0
INV-0010818,CUST-101803,2026-08-01,70.97,Paid,0,0,0
INV-0010819,CUST-101804,2026-03-01,196.28,Paid,0,0,0
INV-0010820,CUST-101804,2026-04-01,197.0,Paid,0,0,0
INV-0010821,CUST-101804,2026-05-01,195.47,Paid,0,0,0
INV-0010822,CUST-101804,2026-06-01,197.69,Paid,0,0,0
INV-0010823,CUST-101804,2026-07-01,191.91,Paid,0,0,0
INV-0010824,CUST-101804,2026-08-01,191.76,Paid,0,0,0
INV-0010825,CUST-101805,2026-03-01,81.55,Paid,0,0,0
INV-0010826,CUST-101805,2026-04-01,78.51,Paid,0,0,0
INV-0010827,CUST-101805,2026-05-01,78.54,Paid,0,0,0
INV-0010828,CUST-101805,2026-06-01,74.14,Paid,0,0,0
INV-0010829,CUST-101805,2026-07-01,77.89,Paid,0,0,0
INV-0010830,CUST-101805,2026-08-01,77.53,Paid,0,0,0
INV-0010831,CUST-101806,2026-03-01,79.58,Paid,0,0,0
INV-0010832,CUST-101806,2026-04-01,82.17,Late,22,0,0
INV-0010833,CUST-101806,2026-05-01,81.98,Paid,0,0,0
INV-0010834,CUST-101806,2026-06-01,80.79,Paid,0,0,0
INV-0010835,CUST-101806,2026-07-01,79.02,Paid,0,0,0
INV-0010836,CUST-101806,2026-08-01,78.4,Paid,0,0,0
INV-0010837,CUST-101807,2026-03-01,37.67,Paid,0,0,0
INV-0010838,CUST-101807,2026-04-01,37.83,Paid,0,0,0
INV-0010839,CUST-101807,2026-05-01,36.16,Paid,0,0,0
INV-0010840,CUST-101807,2026-06-01,37.71,Paid,0,0,0
INV-0010841,CUST-101807,2026-07-01,39.0,Paid,0,0,0
INV-0010842,CUST-101807,2026-08-01,37.51,Paid,0,0,0
INV-0010843,CUST-101808,2026-03-01,38.8,Paid,0,0,0
INV-0010844,CUST-101808,2026-04-01,39.15,Paid,0,0,0
INV-0010845,CUST-101808,2026-05-01,37.5,Paid,0,0,0
INV-0010846,CUST-101808,2026-06-01,39.58,Paid,0,0,0
INV-0010847,CUST-101808,2026-07-01,40.19,Paid,0,0,0
INV-0010848,CUST-101808,2026-08-01,38.78,Paid,0,0,0
INV-0010849,CUST-101809,2026-03-01,163.72,Paid,0,0,0
INV-0010850,CUST-101809,2026-04-01,160.39,Paid,0,0,0
INV-0010851,CUST-101809,2026-05-01,164.96,Paid,0,0,0
INV-0010852,CUST-101809,2026-06-01,163.05,Paid,0,0,0
INV-0010853,CUST-101809,2026-07-01,163.49,Paid,0,1,1
INV-0010854,CUST-101809,2026-08-01,164.35,Paid,0,0,0
INV-0010855,CUST-101810,2026-03-01,151.61,Late,15,0,0
INV-0010856,CUST-101810,2026-04-01,156.99,Late,9,0,0
INV-0010857,CUST-101810,2026-05-01,117.6,Paid,0,0,0
INV-0010858,CUST-101810,2026-06-01,155.59,Paid,0,0,0
INV-0010859,CUST-101810,2026-07-01,118.46,Late,9,1,0
INV-0010860,CUST-101810,2026-08-01,121.43,Paid,0,0,0
INV-0010861,CUST-101811,2026-03-01,83.34,Paid,0,0,0
INV-0010862,CUST-101811,2026-04-01,92.79,Paid,0,0,0
INV-0010863,CUST-101811,2026-05-01,92.16,Paid,0,0,0
INV-0010864,CUST-101811,2026-06-01,87.96,Paid,0,0,0
INV-0010865,CUST-101811,2026-07-01,89.91,Paid,0,0,0
INV-0010866,CUST-101811,2026-08-01,90.28,Paid,0,0,0
INV-0010867,CUST-101812,2026-03-01,122.43,Late,23,0,0
INV-0010868,CUST-101812,2026-04-01,129.51,Paid,0,0,0
INV-0010869,CUST-101812,2026-05-01,128.31,Paid,0,0,0
INV-0010870,CUST-101812,2026-06-01,134.36,Paid,0,0,0
INV-0010871,CUST-101812,2026-07-01,129.26,Paid,0,0,0
INV-0010872,CUST-101812,2026-08-01,124.32,Paid,0,0,0
INV-0010873,CUST-101813,2026-03-01,107.04,Late,14,1,0
INV-0010874,CUST-101813,2026-04-01,106.92,Paid,0,1,0
INV-0010875,CUST-101813,2026-05-01,131.88,Paid,0,0,0
INV-0010876,CUST-101813,2026-06-01,105.98,Paid,0,1,0
INV-0010877,CUST-101813,2026-07-01,109.85,Paid,0,0,0
INV-0010878,CUST-101813,2026-08-01,102.75,Paid,0,1,0
INV-0010879,CUST-101814,2026-03-01,83.01,Paid,0,0,0
INV-0010880,CUST-101814,2026-04-01,85.14,Late,5,0,0
INV-0010881,CUST-101814,2026-05-01,83.77,Paid,0,0,0
INV-0010882,CUST-101814,2026-06-01,82.12,Paid,0,0,0
INV-0010883,CUST-101814,2026-07-01,83.67,Paid,0,0,0
INV-0010884,CUST-101814,2026-08-01,81.64,Paid,0,0,0
INV-0010885,CUST-101815,2026-03-01,142.83,Paid,0,0,0
INV-0010886,CUST-101815,2026-04-01,140.97,Paid,0,0,0
INV-0010887,CUST-101815,2026-05-01,134.79,Paid,0,0,0
INV-0010888,CUST-101815,2026-06-01,145.34,Paid,0,0,0
INV-0010889,CUST-101815,2026-07-01,137.79,Paid,0,0,0
INV-0010890,CUST-101815,2026-08-01,137.7,Paid,0,0,0
INV-0010891,CUST-101816,2026-03-01,34.4,Paid,0,0,0
INV-0010892,CUST-101816,2026-04-01,35.14,Paid,0,0,0
INV-0010893,CUST-101816,2026-05-01,33.96,Paid,0,0,0
INV-0010894,CUST-101816,2026-06-01,32.99,Paid,0,0,0
INV-0010895,CUST-101816,2026-07-01,34.34,Paid,0,0,0
INV-0010896,CUST-101816,2026-08-01,34.11,Paid,0,0,0
INV-0010897,CUST-101817,2026-03-01,122.25,Paid,0,0,0
INV-0010898,CUST-101817,2026-04-01,133.79,Paid,0,0,0
INV-0010899,CUST-101817,2026-05-01,125.56,Paid,0,0,0
INV-0010900,CUST-101817,2026-06-01,124.88,Paid,0,0,0
INV-0010901,CUST-101817,2026-07-01,129.34,Paid,0,0,0
INV-0010902,CUST-101817,2026-08-01,127.63,Paid,0,0,0
INV-0010903,CUST-101818,2026-03-01,72.43,Paid,0,0,0
INV-0010904,CUST-101818,2026-04-01,68.63,Paid,0,0,0
INV-0010905,CUST-101818,2026-05-01,76.17,Paid,0,0,0
INV-0010906,CUST-101818,2026-06-01,74.26,Paid,0,0,0
INV-0010907,CUST-101818,2026-07-01,72.69,Paid,0,0,0
INV-0010908,CUST-101818,2026-08-01,74.42,Paid,0,0,0
INV-0010909,CUST-101819,2026-03-01,89.44,Paid,0,0,0
INV-0010910,CUST-101819,2026-04-01,86.64,Paid,0,0,0
INV-0010911,CUST-101819,2026-05-01,93.49,Paid,0,1,0
INV-0010912,CUST-101819,2026-06-01,89.84,Paid,0,0,0
INV-0010913,CUST-101819,2026-07-01,95.5,Paid,0,0,0
INV-0010914,CUST-101819,2026-08-01,94.53,Paid,0,0,0
INV-0010915,CUST-101820,2026-03-01,73.15,Paid,0,0,0
INV-0010916,CUST-101820,2026-04-01,70.16,Late,17,0,0
INV-0010917,CUST-101820,2026-05-01,73.86,Paid,0,0,0
INV-0010918,CUST-101820,2026-06-01,72.14,Paid,0,0,0
INV-0010919,CUST-101820,2026-07-01,73.97,Paid,0,0,0
INV-0010920,CUST-101820,2026-08-01,75.04,Paid,0,0,0
INV-0010921,CUST-101821,2026-03-01,27.46,Paid,0,0,0
INV-0010922,CUST-101821,2026-04-01,27.34,Paid,0,0,0
INV-0010923,CUST-101821,2026-05-01,26.78,Paid,0,0,0
INV-0010924,CUST-101821,2026-06-01,26.86,Paid,0,0,0
INV-0010925,CUST-101821,2026-07-01,27.75,Paid,0,0,0
INV-0010926,CUST-101821,2026-08-01,26.57,Paid,0,0,0
INV-0010927,CUST-101822,2026-03-01,165.61,Paid,0,0,0
INV-0010928,CUST-101822,2026-04-01,168.43,Paid,0,0,0
INV-0010929,CUST-101822,2026-05-01,169.18,Paid,0,0,0
INV-0010930,CUST-101822,2026-06-01,166.28,Paid,0,0,0
INV-0010931,CUST-101822,2026-07-01,168.87,Paid,0,0,0
INV-0010932,CUST-101822,2026-08-01,166.37,Paid,0,0,0
INV-0010933,CUST-101823,2026-03-01,152.51,Paid,0,0,0
INV-0010934,CUST-101823,2026-04-01,157.15,Paid,0,0,0
INV-0010935,CUST-101823,2026-05-01,153.94,Paid,0,0,0
INV-0010936,CUST-101823,2026-06-01,153.2,Paid,0,0,0
INV-0010937,CUST-101823,2026-07-01,149.75,Paid,0,0,0
INV-0010938,CUST-101823,2026-08-01,155.64,Paid,0,0,0
INV-0010939,CUST-101824,2026-03-01,158.54,Paid,0,0,0
INV-0010940,CUST-101824,2026-04-01,174.34,Paid,0,0,0
INV-0010941,CUST-101824,2026-05-01,164.88,Paid,0,0,0
INV-0010942,CUST-101824,2026-06-01,168.43,Paid,0,1,1
INV-0010943,CUST-101824,2026-07-01,171.71,Paid,0,0,0
INV-0010944,CUST-101824,2026-08-01,175.02,Paid,0,0,0
INV-0010945,CUST-101825,2026-03-01,73.79,Paid,0,0,0
INV-0010946,CUST-101825,2026-04-01,88.82,Late,1,1,1
INV-0010947,CUST-101825,2026-05-01,84.18,Paid,0,0,0
INV-0010948,CUST-101825,2026-06-01,76.29,Paid,0,0,0
INV-0010949,CUST-101825,2026-07-01,74.73,Paid,0,1,0
INV-0010950,CUST-101825,2026-08-01,75.69,Paid,0,0,0
INV-0010951,CUST-101826,2026-03-01,150.47,Paid,0,0,0
INV-0010952,CUST-101826,2026-04-01,151.08,Paid,0,0,0
INV-0010953,CUST-101826,2026-05-01,148.27,Paid,0,0,0
INV-0010954,CUST-101826,2026-06-01,149.86,Late,13,0,0
INV-0010955,CUST-101826,2026-07-01,149.61,Paid,0,0,0
INV-0010956,CUST-101826,2026-08-01,147.62,Paid,0,0,0
INV-0010957,CUST-101827,2026-03-01,37.62,Paid,0,0,0
INV-0010958,CUST-101827,2026-04-01,37.3,Paid,0,1,0
INV-0010959,CUST-101827,2026-05-01,38.81,Paid,0,1,0
INV-0010960,CUST-101827,2026-06-01,38.22,Paid,0,0,0
INV-0010961,CUST-101827,2026-07-01,37.39,Paid,0,1,1
INV-0010962,CUST-101827,2026-08-01,38.13,Paid,0,0,0
INV-0010963,CUST-101828,2026-03-01,150.03,Paid,0,1,0
INV-0010964,CUST-101828,2026-04-01,151.09,Paid,0,0,0
INV-0010965,CUST-101828,2026-05-01,153.13,Paid,0,0,0
INV-0010966,CUST-101828,2026-06-01,159.25,Paid,0,0,0
INV-0010967,CUST-101828,2026-07-01,151.75,Paid,0,0,0
INV-0010968,CUST-101828,2026-08-01,154.94,Paid,0,0,0
INV-0010969,CUST-101829,2026-03-01,173.75,Paid,0,0,0
INV-0010970,CUST-101829,2026-04-01,178.77,Paid,0,0,0
INV-0010971,CUST-101829,2026-05-01,171.27,Paid,0,0,0
INV-0010972,CUST-101829,2026-06-01,181.24,Paid,0,0,0
INV-0010973,CUST-101829,2026-07-01,173.67,Paid,0,0,0
INV-0010974,CUST-101829,2026-08-01,181.15,Paid,0,0,0
INV-0010975,CUST-101830,2026-03-01,203.63,Late,24,0,0
INV-0010976,CUST-101830,2026-04-01,175.96,Paid,0,1,0
INV-0010977,CUST-101830,2026-05-01,187.57,Paid,0,0,0
INV-0010978,CUST-101830,2026-06-01,178.57,Paid,0,0,0
INV-0010979,CUST-101830,2026-07-01,175.87,Paid,0,0,0
INV-0010980,CUST-101830,2026-08-01,240.51,Paid,0,0,0
INV-0010981,CUST-101831,2026-03-01,139.1,Paid,0,1,1
INV-0010982,CUST-101831,2026-04-01,139.08,Late,15,0,0
INV-0010983,CUST-101831,2026-05-01,132.02,Late,9,0,0
INV-0010984,CUST-101831,2026-06-01,135.62,Late,22,0,0
INV-0010985,CUST-101831,2026-07-01,161.93,Late,19,0,0
INV-0010986,CUST-101831,2026-08-01,135.42,Paid,0,1,0
INV-0010987,CUST-101832,2026-03-01,178.4,Paid,0,0,0
INV-0010988,CUST-101832,2026-04-01,177.18,Paid,0,0,0
INV-0010989,CUST-101832,2026-05-01,172.39,Paid,0,0,0
INV-0010990,CUST-101832,2026-06-01,178.9,Paid,0,0,0
INV-0010991,CUST-101832,2026-07-01,181.03,Paid,0,0,0
INV-0010992,CUST-101832,2026-08-01,180.93,Paid,0,0,0
INV-0010993,CUST-101833,2026-03-01,38.29,Paid,0,0,0
INV-0010994,CUST-101833,2026-04-01,36.93,Paid,0,0,0
INV-0010995,CUST-101833,2026-05-01,36.11,Paid,0,0,0
INV-0010996,CUST-101833,2026-06-01,36.56,Late,9,0,0
INV-0010997,CUST-101833,2026-07-01,37.52,Paid,0,0,0
INV-0010998,CUST-101833,2026-08-01,37.53,Paid,0,0,0
INV-0010999,CUST-101834,2026-03-01,145.33,Paid,0,0,0
INV-0011000,CUST-101834,2026-04-01,144.08,Paid,0,0,0
INV-0011001,CUST-101834,2026-05-01,140.74,Paid,0,0,0
INV-0011002,CUST-101834,2026-06-01,143.12,Paid,0,0,0
INV-0011003,CUST-101834,2026-07-01,146.34,Paid,0,0,0
INV-0011004,CUST-101834,2026-08-01,140.17,Paid,0,0,0
INV-0011005,CUST-101835,2026-03-01,71.51,Late,23,1,0
INV-0011006,CUST-101835,2026-04-01,70.63,Paid,0,0,0
INV-0011007,CUST-101835,2026-05-01,73.04,Paid,0,0,0
INV-0011008,CUST-101835,2026-06-01,68.16,Late,29,0,0
INV-0011009,CUST-101835,2026-07-01,67.34,Paid,0,0,0
INV-0011010,CUST-101835,2026-08-01,68.92,Paid,0,0,0
INV-0011011,CUST-101836,2026-03-01,38.73,Paid,0,0,0
INV-0011012,CUST-101836,2026-04-01,40.01,Paid,0,0,0
INV-0011013,CUST-101836,2026-05-01,38.81,Paid,0,0,0
INV-0011014,CUST-101836,2026-06-01,39.28,Paid,0,0,0
INV-0011015,CUST-101836,2026-07-01,38.95,Paid,0,0,0
INV-0011016,CUST-101836,2026-08-01,40.12,Paid,0,0,0
INV-0011017,CUST-101837,2026-03-01,322.33,Paid,0,0,0
INV-0011018,CUST-101837,2026-04-01,331.04,Paid,0,0,0
INV-0011019,CUST-101837,2026-05-01,310.61,Paid,0,0,0
INV-0011020,CUST-101837,2026-06-01,330.44,Paid,0,0,0
INV-0011021,CUST-101837,2026-07-01,332.52,Paid,0,0,0
INV-0011022,CUST-101837,2026-08-01,326.24,Paid,0,0,0
INV-0011023,CUST-101838,2026-03-01,90.82,Paid,0,0,0
INV-0011024,CUST-101838,2026-04-01,92.12,Paid,0,0,0
INV-0011025,CUST-101838,2026-05-01,90.04,Paid,0,1,1
INV-0011026,CUST-101838,2026-06-01,91.58,Paid,0,0,0
INV-0011027,CUST-101838,2026-07-01,88.68,Paid,0,0,0
INV-0011028,CUST-101838,2026-08-01,94.59,Paid,0,0,0
INV-0011029,CUST-101839,2026-03-01,456.78,Paid,0,0,0
INV-0011030,CUST-101839,2026-04-01,452.66,Paid,0,0,0
INV-0011031,CUST-101839,2026-05-01,452.29,Paid,0,0,0
INV-0011032,CUST-101839,2026-06-01,452.54,Paid,0,0,0
INV-0011033,CUST-101839,2026-07-01,442.97,Paid,0,0,0
INV-0011034,CUST-101839,2026-08-01,478.95,Paid,0,0,0
INV-0011035,CUST-101840,2026-03-01,37.39,Paid,0,0,0
INV-0011036,CUST-101840,2026-04-01,37.53,Paid,0,0,0
INV-0011037,CUST-101840,2026-05-01,36.52,Paid,0,0,0
INV-0011038,CUST-101840,2026-06-01,35.31,Paid,0,0,0
INV-0011039,CUST-101840,2026-07-01,37.17,Paid,0,0,0
INV-0011040,CUST-101840,2026-08-01,37.28,Paid,0,0,0
INV-0011041,CUST-101841,2026-03-01,79.21,Paid,0,0,0
INV-0011042,CUST-101841,2026-04-01,95.78,Paid,0,1,1
INV-0011043,CUST-101841,2026-05-01,74.74,Late,27,0,0
INV-0011044,CUST-101841,2026-06-01,78.46,Paid,0,0,0
INV-0011045,CUST-101841,2026-07-01,75.1,Late,28,0,0
INV-0011046,CUST-101841,2026-08-01,73.69,Paid,0,0,0
INV-0011047,CUST-101842,2026-03-01,38.41,Paid,0,0,0
INV-0011048,CUST-101842,2026-04-01,40.66,Paid,0,0,0
INV-0011049,CUST-101842,2026-05-01,39.28,Paid,0,0,0
INV-0011050,CUST-101842,2026-06-01,38.24,Paid,0,0,0
INV-0011051,CUST-101842,2026-07-01,39.99,Paid,0,0,0
INV-0011052,CUST-101842,2026-08-01,37.03,Late,27,0,0
INV-0011053,CUST-101843,2026-03-01,37.84,Late,8,1,1
INV-0011054,CUST-101843,2026-04-01,36.15,Late,32,1,1
INV-0011055,CUST-101843,2026-05-01,36.49,Paid,0,0,0
INV-0011056,CUST-101843,2026-06-01,41.07,Paid,0,0,0
INV-0011057,CUST-101843,2026-07-01,36.59,Paid,0,0,0
INV-0011058,CUST-101843,2026-08-01,36.78,Paid,0,1,1
INV-0011059,CUST-101844,2026-03-01,156.93,Late,6,1,1
INV-0011060,CUST-101844,2026-04-01,173.61,Late,29,1,0
INV-0011061,CUST-101844,2026-05-01,154.84,Late,21,1,1
INV-0011062,CUST-101844,2026-06-01,153.46,Late,18,0,0
INV-0011063,CUST-101844,2026-07-01,159.32,Paid,0,0,0
INV-0011064,CUST-101844,2026-08-01,204.54,Paid,0,0,0
INV-0011065,CUST-101845,2026-03-01,466.42,Paid,0,0,0
INV-0011066,CUST-101845,2026-04-01,467.94,Paid,0,0,0
INV-0011067,CUST-101845,2026-05-01,494.52,Paid,0,0,0
INV-0011068,CUST-101845,2026-06-01,457.55,Paid,0,0,0
INV-0011069,CUST-101845,2026-07-01,475.44,Paid,0,0,0
INV-0011070,CUST-101845,2026-08-01,451.16,Paid,0,0,0
INV-0011071,CUST-101846,2026-03-01,44.0,Late,23,0,0
INV-0011072,CUST-101846,2026-04-01,43.13,Paid,0,0,0
INV-0011073,CUST-101846,2026-05-01,44.02,Paid,0,0,0
INV-0011074,CUST-101846,2026-06-01,44.6,Paid,0,0,0
INV-0011075,CUST-101846,2026-07-01,45.74,Paid,0,0,0
INV-0011076,CUST-101846,2026-08-01,42.57,Paid,0,0,0
INV-0011077,CUST-101847,2026-03-01,38.2,Paid,0,0,0
INV-0011078,CUST-101847,2026-04-01,38.67,Paid,0,0,0
INV-0011079,CUST-101847,2026-05-01,38.47,Paid,0,0,0
INV-0011080,CUST-101847,2026-06-01,37.87,Paid,0,0,0
INV-0011081,CUST-101847,2026-07-01,38.04,Paid,0,0,0
INV-0011082,CUST-101847,2026-08-01,37.03,Paid,0,0,0
INV-0011083,CUST-101848,2026-03-01,146.91,Paid,0,0,0
INV-0011084,CUST-101848,2026-04-01,147.63,Paid,0,0,0
INV-0011085,CUST-101848,2026-05-01,137.33,Paid,0,0,0
INV-0011086,CUST-101848,2026-06-01,146.17,Paid,0,0,0
INV-0011087,CUST-101848,2026-07-01,150.05,Paid,0,0,0
INV-0011088,CUST-101848,2026-08-01,142.7,Paid,0,0,0
INV-0011089,CUST-101849,2026-03-01,128.06,Paid,0,1,1
INV-0011090,CUST-101849,2026-04-01,143.55,Late,33,1,1
INV-0011091,CUST-101849,2026-05-01,122.9,Late,8,0,0
INV-0011092,CUST-101849,2026-06-01,142.9,Paid,0,0,0
INV-0011093,CUST-101849,2026-07-01,124.99,Paid,0,0,0
INV-0011094,CUST-101849,2026-08-01,127.71,Paid,0,0,0
INV-0011095,CUST-101850,2026-03-01,106.46,Late,7,0,0
INV-0011096,CUST-101850,2026-04-01,80.79,Paid,0,1,0
INV-0011097,CUST-101850,2026-05-01,94.77,Paid,0,1,1
INV-0011098,CUST-101850,2026-06-01,81.2,Paid,0,0,0
INV-0011099,CUST-101850,2026-07-01,99.67,Paid,0,0,0
INV-0011100,CUST-101850,2026-08-01,81.52,Paid,0,0,0
INV-0011101,CUST-101851,2026-03-01,29.84,Paid,0,0,0
INV-0011102,CUST-101851,2026-04-01,29.54,Paid,0,0,0
INV-0011103,CUST-101851,2026-05-01,29.74,Paid,0,0,0
INV-0011104,CUST-101851,2026-06-01,31.29,Paid,0,0,0
INV-0011105,CUST-101851,2026-07-01,29.68,Late,9,0,0
INV-0011106,CUST-101851,2026-08-01,30.85,Paid,0,0,0
INV-0011107,CUST-101852,2026-03-01,392.49,Late,1,0,0
INV-0011108,CUST-101852,2026-04-01,398.51,Paid,0,0,0
INV-0011109,CUST-101852,2026-05-01,389.61,Paid,0,0,0
INV-0011110,CUST-101852,2026-06-01,400.28,Paid,0,0,0
INV-0011111,CUST-101852,2026-07-01,380.78,Paid,0,0,0
INV-0011112,CUST-101852,2026-08-01,382.82,Paid,0,0,0
INV-0011113,CUST-101853,2026-03-01,73.7,Paid,0,0,0
INV-0011114,CUST-101853,2026-04-01,72.69,Paid,0,0,0
INV-0011115,CUST-101853,2026-05-01,70.66,Paid,0,0,0
INV-0011116,CUST-101853,2026-06-01,73.13,Paid,0,0,0
INV-0011117,CUST-101853,2026-07-01,73.16,Paid,0,0,0
INV-0011118,CUST-101853,2026-08-01,69.14,Paid,0,0,0
INV-0011119,CUST-101854,2026-03-01,71.18,Paid,0,0,0
INV-0011120,CUST-101854,2026-04-01,71.97,Paid,0,0,0
INV-0011121,CUST-101854,2026-05-01,70.49,Paid,0,0,0
INV-0011122,CUST-101854,2026-06-01,73.37,Paid,0,0,0
INV-0011123,CUST-101854,2026-07-01,75.45,Paid,0,0,0
INV-0011124,CUST-101854,2026-08-01,70.29,Paid,0,0,0
INV-0011125,CUST-101855,2026-03-01,79.08,Paid,0,0,0
INV-0011126,CUST-101855,2026-04-01,79.44,Paid,0,0,0
INV-0011127,CUST-101855,2026-05-01,80.32,Paid,0,0,0
INV-0011128,CUST-101855,2026-06-01,84.05,Paid,0,0,0
INV-0011129,CUST-101855,2026-07-01,80.8,Paid,0,0,0
INV-0011130,CUST-101855,2026-08-01,79.26,Paid,0,0,0
INV-0011131,CUST-101856,2026-03-01,90.73,Paid,0,0,0
INV-0011132,CUST-101856,2026-04-01,91.16,Paid,0,0,0
INV-0011133,CUST-101856,2026-05-01,85.41,Paid,0,0,0
INV-0011134,CUST-101856,2026-06-01,89.63,Paid,0,0,0
INV-0011135,CUST-101856,2026-07-01,88.48,Paid,0,0,0
INV-0011136,CUST-101856,2026-08-01,86.72,Paid,0,0,0
INV-0011137,CUST-101857,2026-03-01,32.64,Paid,0,1,1
INV-0011138,CUST-101857,2026-04-01,33.83,Paid,0,0,0
INV-0011139,CUST-101857,2026-05-01,32.39,Paid,0,0,0
INV-0011140,CUST-101857,2026-06-01,33.46,Paid,0,0,0
INV-0011141,CUST-101857,2026-07-01,33.9,Paid,0,0,0
INV-0011142,CUST-101857,2026-08-01,33.0,Paid,0,0,0
INV-0011143,CUST-101858,2026-03-01,40.7,Paid,0,0,0
INV-0011144,CUST-101858,2026-04-01,44.43,Paid,0,0,0
INV-0011145,CUST-101858,2026-05-01,41.69,Paid,0,0,0
INV-0011146,CUST-101858,2026-06-01,41.32,Paid,0,0,0
INV-0011147,CUST-101858,2026-07-01,42.41,Paid,0,0,0
INV-0011148,CUST-101858,2026-08-01,41.99,Paid,0,0,0
INV-0011149,CUST-101859,2026-03-01,193.95,Paid,0,0,0
INV-0011150,CUST-101859,2026-04-01,198.97,Paid,0,0,0
INV-0011151,CUST-101859,2026-05-01,191.73,Paid,0,0,0
INV-0011152,CUST-101859,2026-06-01,186.51,Paid,0,0,0
INV-0011153,CUST-101859,2026-07-01,198.42,Paid,0,0,0
INV-0011154,CUST-101859,2026-08-01,198.25,Paid,0,0,0
INV-0011155,CUST-101860,2026-03-01,72.9,Paid,0,0,0
INV-0011156,CUST-101860,2026-04-01,76.04,Paid,0,0,0
INV-0011157,CUST-101860,2026-05-01,71.61,Paid,0,0,0
INV-0011158,CUST-101860,2026-06-01,74.95,Paid,0,0,0
INV-0011159,CUST-101860,2026-07-01,75.16,Paid,0,0,0
INV-0011160,CUST-101860,2026-08-01,75.04,Paid,0,0,0
INV-0011161,CUST-101861,2026-03-01,69.55,Paid,0,0,0
INV-0011162,CUST-101861,2026-04-01,70.74,Paid,0,0,0
INV-0011163,CUST-101861,2026-05-01,68.69,Paid,0,1,1
INV-0011164,CUST-101861,2026-06-01,67.53,Paid,0,0,0
INV-0011165,CUST-101861,2026-07-01,69.04,Paid,0,0,0
INV-0011166,CUST-101861,2026-08-01,69.81,Late,29,0,0
INV-0011167,CUST-101862,2026-03-01,239.0,Paid,0,1,1
INV-0011168,CUST-101862,2026-04-01,196.76,Paid,0,1,1
INV-0011169,CUST-101862,2026-05-01,256.76,Paid,0,0,0
INV-0011170,CUST-101862,2026-06-01,203.37,Paid,0,1,0
INV-0011171,CUST-101862,2026-07-01,206.27,Paid,0,0,0
INV-0011172,CUST-101862,2026-08-01,221.1,Paid,0,0,0
INV-0011173,CUST-101863,2026-03-01,32.4,Paid,0,0,0
INV-0011174,CUST-101863,2026-04-01,31.21,Paid,0,0,0
INV-0011175,CUST-101863,2026-05-01,30.08,Paid,0,0,0
INV-0011176,CUST-101863,2026-06-01,30.81,Late,19,0,0
INV-0011177,CUST-101863,2026-07-01,31.13,Paid,0,0,0
INV-0011178,CUST-101863,2026-08-01,31.69,Paid,0,0,0
INV-0011179,CUST-101864,2026-03-01,67.55,Paid,0,0,0
INV-0011180,CUST-101864,2026-04-01,65.76,Paid,0,0,0
INV-0011181,CUST-101864,2026-05-01,66.35,Paid,0,1,0
INV-0011182,CUST-101864,2026-06-01,66.93,Late,27,0,0
INV-0011183,CUST-101864,2026-07-01,65.02,Paid,0,0,0
INV-0011184,CUST-101864,2026-08-01,66.95,Paid,0,0,0
INV-0011185,CUST-101865,2026-03-01,164.62,Paid,0,0,0
INV-0011186,CUST-101865,2026-04-01,164.12,Paid,0,0,0
INV-0011187,CUST-101865,2026-05-01,158.37,Paid,0,0,0
INV-0011188,CUST-101865,2026-06-01,175.58,Paid,0,0,0
INV-0011189,CUST-101865,2026-07-01,157.14,Paid,0,0,0
INV-0011190,CUST-101865,2026-08-01,163.71,Paid,0,0,0
INV-0011191,CUST-101866,2026-03-01,71.14,Paid,0,0,0
INV-0011192,CUST-101866,2026-04-01,70.7,Paid,0,0,0
INV-0011193,CUST-101866,2026-05-01,66.87,Late,34,1,1
INV-0011194,CUST-101866,2026-06-01,69.8,Late,29,0,0
INV-0011195,CUST-101866,2026-07-01,71.28,Paid,0,0,0
INV-0011196,CUST-101866,2026-08-01,68.25,Paid,0,0,0
INV-0011197,CUST-101867,2026-03-01,35.52,Paid,0,0,0
INV-0011198,CUST-101867,2026-04-01,35.58,Paid,0,0,0
INV-0011199,CUST-101867,2026-05-01,34.29,Paid,0,0,0
INV-0011200,CUST-101867,2026-06-01,36.37,Paid,0,0,0
INV-0011201,CUST-101867,2026-07-01,34.32,Paid,0,0,0
INV-0011202,CUST-101867,2026-08-01,35.84,Paid,0,1,1
INV-0011203,CUST-101868,2026-03-01,88.79,Paid,0,0,0
INV-0011204,CUST-101868,2026-04-01,82.83,Paid,0,0,0
INV-0011205,CUST-101868,2026-05-01,82.39,Paid,0,0,0
INV-0011206,CUST-101868,2026-06-01,86.94,Paid,0,0,0
INV-0011207,CUST-101868,2026-07-01,83.49,Paid,0,0,0
INV-0011208,CUST-101868,2026-08-01,81.97,Paid,0,1,0
INV-0011209,CUST-101869,2026-03-01,33.68,Paid,0,0,0
INV-0011210,CUST-101869,2026-04-01,33.14,Paid,0,0,0
INV-0011211,CUST-101869,2026-05-01,35.2,Late,21,0,0
INV-0011212,CUST-101869,2026-06-01,34.17,Paid,0,0,0
INV-0011213,CUST-101869,2026-07-01,34.3,Paid,0,0,0
INV-0011214,CUST-101869,2026-08-01,34.59,Paid,0,0,0
INV-0011215,CUST-101870,2026-03-01,39.0,Paid,0,0,0
INV-0011216,CUST-101870,2026-04-01,39.62,Late,29,1,0
INV-0011217,CUST-101870,2026-05-01,42.79,Paid,0,1,1
INV-0011218,CUST-101870,2026-06-01,39.13,Paid,0,0,0
INV-0011219,CUST-101870,2026-07-01,41.64,Late,20,0,0
INV-0011220,CUST-101870,2026-08-01,41.49,Paid,0,0,0
INV-0011221,CUST-101871,2026-03-01,44.02,Paid,0,0,0
INV-0011222,CUST-101871,2026-04-01,44.42,Paid,0,0,0
INV-0011223,CUST-101871,2026-05-01,45.4,Paid,0,0,0
INV-0011224,CUST-101871,2026-06-01,46.81,Paid,0,0,0
INV-0011225,CUST-101871,2026-07-01,46.6,Paid,0,0,0
INV-0011226,CUST-101871,2026-08-01,45.7,Paid,0,0,0
INV-0011227,CUST-101872,2026-03-01,74.51,Paid,0,0,0
INV-0011228,CUST-101872,2026-04-01,71.28,Paid,0,0,0
INV-0011229,CUST-101872,2026-05-01,71.46,Late,20,0,0
INV-0011230,CUST-101872,2026-06-01,72.25,Paid,0,0,0
INV-0011231,CUST-101872,2026-07-01,74.5,Paid,0,0,0
INV-0011232,CUST-101872,2026-08-01,68.93,Paid,0,0,0
INV-0011233,CUST-101873,2026-03-01,38.64,Paid,0,0,0
INV-0011234,CUST-101873,2026-04-01,39.48,Paid,0,0,0
INV-0011235,CUST-101873,2026-05-01,39.4,Paid,0,0,0
INV-0011236,CUST-101873,2026-06-01,40.83,Paid,0,0,0
INV-0011237,CUST-101873,2026-07-01,38.98,Paid,0,0,0
INV-0011238,CUST-101873,2026-08-01,37.38,Paid,0,0,0
INV-0011239,CUST-101874,2026-03-01,93.01,Paid,0,0,0
INV-0011240,CUST-101874,2026-04-01,79.34,Late,29,0,0
INV-0011241,CUST-101874,2026-05-01,99.05,Paid,0,0,0
INV-0011242,CUST-101874,2026-06-01,83.21,Paid,0,0,0
INV-0011243,CUST-101874,2026-07-01,95.95,Paid,0,0,0
INV-0011244,CUST-101874,2026-08-01,78.74,Paid,0,0,0
INV-0011245,CUST-101875,2026-03-01,359.76,Paid,0,0,0
INV-0011246,CUST-101875,2026-04-01,371.03,Paid,0,0,0
INV-0011247,CUST-101875,2026-05-01,369.18,Paid,0,1,0
INV-0011248,CUST-101875,2026-06-01,353.25,Paid,0,0,0
INV-0011249,CUST-101875,2026-07-01,377.96,Paid,0,0,0
INV-0011250,CUST-101875,2026-08-01,352.62,Paid,0,0,0
INV-0011251,CUST-101876,2026-03-01,33.62,Paid,0,1,1
INV-0011252,CUST-101876,2026-04-01,39.59,Paid,0,0,0
INV-0011253,CUST-101876,2026-05-01,33.15,Paid,0,0,0
INV-0011254,CUST-101876,2026-06-01,45.23,Paid,0,0,0
INV-0011255,CUST-101876,2026-07-01,34.04,Late,34,0,0
INV-0011256,CUST-101876,2026-08-01,30.54,Paid,0,1,0
INV-0011257,CUST-101877,2026-03-01,159.57,Late,28,0,0
INV-0011258,CUST-101877,2026-04-01,163.84,Late,22,0,0
INV-0011259,CUST-101877,2026-05-01,161.75,Paid,0,0,0
INV-0011260,CUST-101877,2026-06-01,164.56,Paid,0,0,0
INV-0011261,CUST-101877,2026-07-01,163.56,Paid,0,0,0
INV-0011262,CUST-101877,2026-08-01,157.94,Paid,0,0,0
INV-0011263,CUST-101878,2026-03-01,29.34,Paid,0,0,0
INV-0011264,CUST-101878,2026-04-01,29.15,Paid,0,0,0
INV-0011265,CUST-101878,2026-05-01,28.64,Paid,0,0,0
INV-0011266,CUST-101878,2026-06-01,28.93,Paid,0,0,0
INV-0011267,CUST-101878,2026-07-01,29.59,Paid,0,0,0
INV-0011268,CUST-101878,2026-08-01,30.47,Paid,0,0,0
INV-0011269,CUST-101879,2026-03-01,28.22,Paid,0,0,0
INV-0011270,CUST-101879,2026-04-01,28.53,Paid,0,0,0
INV-0011271,CUST-101879,2026-05-01,28.51,Paid,0,0,0
INV-0011272,CUST-101879,2026-06-01,28.55,Paid,0,0,0
INV-0011273,CUST-101879,2026-07-01,28.68,Late,9,0,0
INV-0011274,CUST-101879,2026-08-01,30.37,Paid,0,0,0
INV-0011275,CUST-101880,2026-03-01,65.28,Paid,0,0,0
INV-0011276,CUST-101880,2026-04-01,68.66,Paid,0,0,0
INV-0011277,CUST-101880,2026-05-01,64.43,Late,1,0,0
INV-0011278,CUST-101880,2026-06-01,73.18,Late,24,1,0
INV-0011279,CUST-101880,2026-07-01,64.01,Paid,0,0,0
INV-0011280,CUST-101880,2026-08-01,59.45,Paid,0,0,0
INV-0011281,CUST-101881,2026-03-01,174.38,Paid,0,0,0
INV-0011282,CUST-101881,2026-04-01,177.04,Paid,0,0,0
INV-0011283,CUST-101881,2026-05-01,177.78,Late,18,0,0
INV-0011284,CUST-101881,2026-06-01,171.85,Paid,0,0,0
INV-0011285,CUST-101881,2026-07-01,168.81,Paid,0,0,0
INV-0011286,CUST-101881,2026-08-01,172.04,Paid,0,0,0
INV-0011287,CUST-101882,2026-03-01,84.4,Paid,0,0,0
INV-0011288,CUST-101882,2026-04-01,82.69,Paid,0,0,0
INV-0011289,CUST-101882,2026-05-01,83.19,Paid,0,0,0
INV-0011290,CUST-101882,2026-06-01,87.61,Late,11,0,0
INV-0011291,CUST-101882,2026-07-01,84.89,Paid,0,0,0
INV-0011292,CUST-101882,2026-08-01,85.76,Paid,0,0,0
INV-0011293,CUST-101883,2026-03-01,42.09,Late,33,1,0
INV-0011294,CUST-101883,2026-04-01,43.15,Late,21,0,0
INV-0011295,CUST-101883,2026-05-01,40.59,Paid,0,0,0
INV-0011296,CUST-101883,2026-06-01,39.72,Paid,0,0,0
INV-0011297,CUST-101883,2026-07-01,43.11,Late,6,1,0
INV-0011298,CUST-101883,2026-08-01,40.91,Paid,0,1,1
INV-0011299,CUST-101884,2026-03-01,155.4,Paid,0,0,0
INV-0011300,CUST-101884,2026-04-01,155.76,Paid,0,0,0
INV-0011301,CUST-101884,2026-05-01,163.02,Paid,0,0,0
INV-0011302,CUST-101884,2026-06-01,150.6,Paid,0,0,0
INV-0011303,CUST-101884,2026-07-01,158.3,Paid,0,0,0
INV-0011304,CUST-101884,2026-08-01,152.09,Paid,0,0,0
INV-0011305,CUST-101885,2026-03-01,35.76,Paid,0,0,0
INV-0011306,CUST-101885,2026-04-01,34.7,Paid,0,0,0
INV-0011307,CUST-101885,2026-05-01,35.04,Paid,0,0,0
INV-0011308,CUST-101885,2026-06-01,35.47,Late,28,0,0
INV-0011309,CUST-101885,2026-07-01,35.99,Paid,0,0,0
INV-0011310,CUST-101885,2026-08-01,34.84,Paid,0,0,0
INV-0011311,CUST-101886,2026-03-01,177.57,Paid,0,0,0
INV-0011312,CUST-101886,2026-04-01,185.82,Paid,0,0,0
INV-0011313,CUST-101886,2026-05-01,181.7,Paid,0,0,0
INV-0011314,CUST-101886,2026-06-01,179.9,Paid,0,0,0
INV-0011315,CUST-101886,2026-07-01,189.54,Paid,0,0,0
INV-0011316,CUST-101886,2026-08-01,191.59,Paid,0,0,0
INV-0011317,CUST-101887,2026-03-01,184.26,Paid,0,0,0
INV-0011318,CUST-101887,2026-04-01,174.46,Paid,0,0,0
INV-0011319,CUST-101887,2026-05-01,179.75,Paid,0,0,0
INV-0011320,CUST-101887,2026-06-01,184.76,Paid,0,0,0
INV-0011321,CUST-101887,2026-07-01,188.09,Paid,0,0,0
INV-0011322,CUST-101887,2026-08-01,186.83,Paid,0,0,0
INV-0011323,CUST-101888,2026-03-01,70.49,Paid,0,0,0
INV-0011324,CUST-101888,2026-04-01,69.22,Paid,0,0,0
INV-0011325,CUST-101888,2026-05-01,72.63,Paid,0,0,0
INV-0011326,CUST-101888,2026-06-01,72.38,Paid,0,0,0
INV-0011327,CUST-101888,2026-07-01,72.91,Paid,0,0,0
INV-0011328,CUST-101888,2026-08-01,71.62,Paid,0,0,0
INV-0011329,CUST-101889,2026-03-01,90.61,Paid,0,0,0
INV-0011330,CUST-101889,2026-04-01,92.98,Paid,0,0,0
INV-0011331,CUST-101889,2026-05-01,92.83,Paid,0,0,0
INV-0011332,CUST-101889,2026-06-01,93.78,Paid,0,0,0
INV-0011333,CUST-101889,2026-07-01,90.47,Paid,0,0,0
INV-0011334,CUST-101889,2026-08-01,91.54,Paid,0,0,0
INV-0011335,CUST-101890,2026-03-01,43.45,Paid,0,0,0
INV-0011336,CUST-101890,2026-04-01,43.42,Paid,0,0,0
INV-0011337,CUST-101890,2026-05-01,43.39,Paid,0,0,0
INV-0011338,CUST-101890,2026-06-01,42.51,Paid,0,0,0
INV-0011339,CUST-101890,2026-07-01,42.29,Paid,0,1,1
INV-0011340,CUST-101890,2026-08-01,44.4,Paid,0,0,0
INV-0011341,CUST-101891,2026-03-01,36.09,Paid,0,0,0
INV-0011342,CUST-101891,2026-04-01,35.69,Paid,0,0,0
INV-0011343,CUST-101891,2026-05-01,36.98,Paid,0,0,0
INV-0011344,CUST-101891,2026-06-01,35.26,Paid,0,0,0
INV-0011345,CUST-101891,2026-07-01,35.53,Paid,0,0,0
INV-0011346,CUST-101891,2026-08-01,37.27,Paid,0,1,0
INV-0011347,CUST-101892,2026-03-01,164.55,Paid,0,0,0
INV-0011348,CUST-101892,2026-04-01,161.89,Paid,0,0,0
INV-0011349,CUST-101892,2026-05-01,164.24,Paid,0,0,0
INV-0011350,CUST-101892,2026-06-01,175.56,Paid,0,0,0
INV-0011351,CUST-101892,2026-07-01,163.41,Paid,0,0,0
INV-0011352,CUST-101892,2026-08-01,152.29,Late,12,0,0
INV-0011353,CUST-101893,2026-03-01,40.34,Paid,0,0,0
INV-0011354,CUST-101893,2026-04-01,40.57,Late,19,0,0
INV-0011355,CUST-101893,2026-05-01,43.59,Paid,0,1,0
INV-0011356,CUST-101893,2026-06-01,40.67,Paid,0,0,0
INV-0011357,CUST-101893,2026-07-01,38.78,Late,32,0,0
INV-0011358,CUST-101893,2026-08-01,40.03,Late,28,0,0
INV-0011359,CUST-101894,2026-03-01,158.05,Paid,0,0,0
INV-0011360,CUST-101894,2026-04-01,161.21,Paid,0,0,0
INV-0011361,CUST-101894,2026-05-01,156.51,Paid,0,0,0
INV-0011362,CUST-101894,2026-06-01,161.37,Paid,0,0,0
INV-0011363,CUST-101894,2026-07-01,166.82,Paid,0,0,0
INV-0011364,CUST-101894,2026-08-01,155.69,Paid,0,0,0
INV-0011365,CUST-101895,2026-03-01,32.68,Late,31,0,0
INV-0011366,CUST-101895,2026-04-01,32.84,Paid,0,0,0
INV-0011367,CUST-101895,2026-05-01,33.86,Paid,0,0,0
INV-0011368,CUST-101895,2026-06-01,32.59,Paid,0,0,0
INV-0011369,CUST-101895,2026-07-01,33.76,Late,1,0,0
INV-0011370,CUST-101895,2026-08-01,31.01,Paid,0,0,0
INV-0011371,CUST-101896,2026-03-01,68.27,Paid,0,0,0
INV-0011372,CUST-101896,2026-04-01,70.14,Paid,0,0,0
INV-0011373,CUST-101896,2026-05-01,70.12,Paid,0,0,0
INV-0011374,CUST-101896,2026-06-01,67.27,Paid,0,0,0
INV-0011375,CUST-101896,2026-07-01,69.93,Paid,0,0,0
INV-0011376,CUST-101896,2026-08-01,69.97,Paid,0,0,0
INV-0011377,CUST-101897,2026-03-01,41.75,Paid,0,0,0
INV-0011378,CUST-101897,2026-04-01,41.83,Paid,0,0,0
INV-0011379,CUST-101897,2026-05-01,42.59,Paid,0,0,0
INV-0011380,CUST-101897,2026-06-01,42.44,Paid,0,0,0
INV-0011381,CUST-101897,2026-07-01,42.77,Paid,0,0,0
INV-0011382,CUST-101897,2026-08-01,42.37,Paid,0,0,0
INV-0011383,CUST-101898,2026-03-01,34.85,Late,17,0,0
INV-0011384,CUST-101898,2026-04-01,37.15,Paid,0,0,0
INV-0011385,CUST-101898,2026-05-01,34.23,Paid,0,0,0
INV-0011386,CUST-101898,2026-06-01,36.03,Paid,0,0,0
INV-0011387,CUST-101898,2026-07-01,34.94,Paid,0,0,0
INV-0011388,CUST-101898,2026-08-01,35.66,Paid,0,0,0
INV-0011389,CUST-101899,2026-03-01,60.32,Paid,0,0,0
INV-0011390,CUST-101899,2026-04-01,73.79,Paid,0,0,0
INV-0011391,CUST-101899,2026-05-01,58.2,Paid,0,0,0
INV-0011392,CUST-101899,2026-06-01,66.15,Late,7,1,1
INV-0011393,CUST-101899,2026-07-01,56.55,Paid,0,1,1
INV-0011394,CUST-101899,2026-08-01,74.76,Late,18,0,0
INV-0011395,CUST-101900,2026-03-01,133.99,Paid,0,0,0
INV-0011396,CUST-101900,2026-04-01,135.73,Paid,0,0,0
INV-0011397,CUST-101900,2026-05-01,133.09,Paid,0,0,0
INV-0011398,CUST-101900,2026-06-01,134.73,Paid,0,0,0
INV-0011399,CUST-101900,2026-07-01,135.73,Paid,0,0,0
INV-0011400,CUST-101900,2026-08-01,137.25,Paid,0,0,0
INV-0011401,CUST-101901,2026-03-01,42.6,Late,5,0,0
INV-0011402,CUST-101901,2026-04-01,44.31,Late,25,1,1
INV-0011403,CUST-101901,2026-05-01,44.68,Paid,0,1,0
INV-0011404,CUST-101901,2026-06-01,43.15,Paid,0,1,0
INV-0011405,CUST-101901,2026-07-01,42.99,Paid,0,1,1
INV-0011406,CUST-101901,2026-08-01,42.0,Late,8,1,1
INV-0011407,CUST-101902,2026-03-01,70.68,Late,21,0,0
INV-0011408,CUST-101902,2026-04-01,86.2,Late,21,1,1
INV-0011409,CUST-101902,2026-05-01,73.02,Late,34,1,0
INV-0011410,CUST-101902,2026-06-01,71.86,Paid,0,0,0
INV-0011411,CUST-101902,2026-07-01,74.47,Late,32,0,0
INV-0011412,CUST-101902,2026-08-01,73.8,Paid,0,0,0
INV-0011413,CUST-101903,2026-03-01,27.09,Paid,0,0,0
INV-0011414,CUST-101903,2026-04-01,28.1,Late,3,0,0
INV-0011415,CUST-101903,2026-05-01,28.09,Late,10,0,0
INV-0011416,CUST-101903,2026-06-01,27.3,Paid,0,0,0
INV-0011417,CUST-101903,2026-07-01,26.58,Paid,0,0,0
INV-0011418,CUST-101903,2026-08-01,27.54,Paid,0,0,0
INV-0011419,CUST-101904,2026-03-01,79.3,Paid,0,0,0
INV-0011420,CUST-101904,2026-04-01,79.41,Paid,0,0,0
INV-0011421,CUST-101904,2026-05-01,81.0,Paid,0,0,0
INV-0011422,CUST-101904,2026-06-01,81.38,Paid,0,0,0
INV-0011423,CUST-101904,2026-07-01,80.51,Paid,0,0,0
INV-0011424,CUST-101904,2026-08-01,81.56,Paid,0,0,0
INV-0011425,CUST-101905,2026-03-01,98.31,Paid,0,0,0
INV-0011426,CUST-101905,2026-04-01,91.43,Paid,0,0,0
INV-0011427,CUST-101905,2026-05-01,93.84,Paid,0,0,0
INV-0011428,CUST-101905,2026-06-01,96.66,Paid,0,0,0
INV-0011429,CUST-101905,2026-07-01,93.91,Paid,0,0,0
INV-0011430,CUST-101905,2026-08-01,92.67,Paid,0,0,0
INV-0011431,CUST-101906,2026-03-01,37.52,Paid,0,0,0
INV-0011432,CUST-101906,2026-04-01,39.39,Paid,0,0,0
INV-0011433,CUST-101906,2026-05-01,39.67,Paid,0,0,0
INV-0011434,CUST-101906,2026-06-01,39.57,Paid,0,0,0
INV-0011435,CUST-101906,2026-07-01,39.74,Paid,0,0,0
INV-0011436,CUST-101906,2026-08-01,39.58,Paid,0,0,0
INV-0011437,CUST-101907,2026-03-01,74.13,Late,13,0,0
INV-0011438,CUST-101907,2026-04-01,73.4,Paid,0,0,0
INV-0011439,CUST-101907,2026-05-01,72.0,Paid,0,0,0
INV-0011440,CUST-101907,2026-06-01,75.37,Late,19,0,0
INV-0011441,CUST-101907,2026-07-01,74.35,Paid,0,0,0
INV-0011442,CUST-101907,2026-08-01,75.4,Paid,0,0,0
INV-0011443,CUST-101908,2026-03-01,203.85,Paid,0,0,0
INV-0011444,CUST-101908,2026-04-01,154.45,Paid,0,0,0
INV-0011445,CUST-101908,2026-05-01,149.38,Late,8,0,0
INV-0011446,CUST-101908,2026-06-01,155.33,Late,1,0,0
INV-0011447,CUST-101908,2026-07-01,147.67,Paid,0,1,0
INV-0011448,CUST-101908,2026-08-01,195.24,Paid,0,1,1
INV-0011449,CUST-101909,2026-03-01,176.22,Paid,0,0,0
INV-0011450,CUST-101909,2026-04-01,172.13,Paid,0,0,0
INV-0011451,CUST-101909,2026-05-01,164.93,Paid,0,1,0
INV-0011452,CUST-101909,2026-06-01,165.37,Paid,0,0,0
INV-0011453,CUST-101909,2026-07-01,165.91,Paid,0,1,0
INV-0011454,CUST-101909,2026-08-01,173.86,Late,15,0,0
INV-0011455,CUST-101910,2026-03-01,35.91,Paid,0,0,0
INV-0011456,CUST-101910,2026-04-01,36.03,Paid,0,0,0
INV-0011457,CUST-101910,2026-05-01,37.1,Paid,0,0,0
INV-0011458,CUST-101910,2026-06-01,36.67,Paid,0,0,0
INV-0011459,CUST-101910,2026-07-01,35.13,Paid,0,0,0
INV-0011460,CUST-101910,2026-08-01,35.91,Paid,0,0,0
INV-0011461,CUST-101911,2026-03-01,85.44,Paid,0,0,0
INV-0011462,CUST-101911,2026-04-01,120.46,Late,24,0,0
INV-0011463,CUST-101911,2026-05-01,102.32,Late,27,0,0
INV-0011464,CUST-101911,2026-06-01,85.56,Paid,0,1,0
INV-0011465,CUST-101911,2026-07-01,83.89,Paid,0,1,0
INV-0011466,CUST-101911,2026-08-01,83.94,Paid,0,0,0
INV-0011467,CUST-101912,2026-03-01,39.02,Paid,0,0,0
INV-0011468,CUST-101912,2026-04-01,39.26,Paid,0,0,0
INV-0011469,CUST-101912,2026-05-01,37.29,Paid,0,0,0
INV-0011470,CUST-101912,2026-06-01,36.29,Paid,0,0,0
INV-0011471,CUST-101912,2026-07-01,36.4,Paid,0,0,0
INV-0011472,CUST-101912,2026-08-01,36.56,Paid,0,0,0
INV-0011473,CUST-101913,2026-03-01,31.42,Paid,0,0,0
INV-0011474,CUST-101913,2026-04-01,32.31,Paid,0,0,0
INV-0011475,CUST-101913,2026-05-01,34.82,Late,11,0,0
INV-0011476,CUST-101913,2026-06-01,33.28,Paid,0,0,0
INV-0011477,CUST-101913,2026-07-01,31.52,Paid,0,0,0
INV-0011478,CUST-101913,2026-08-01,33.36,Paid,0,0,0
INV-0011479,CUST-101914,2026-03-01,157.6,Paid,0,0,0
INV-0011480,CUST-101914,2026-04-01,151.26,Paid,0,0,0
INV-0011481,CUST-101914,2026-05-01,156.35,Paid,0,0,0
INV-0011482,CUST-101914,2026-06-01,148.4,Paid,0,0,0
INV-0011483,CUST-101914,2026-07-01,154.11,Paid,0,0,0
INV-0011484,CUST-101914,2026-08-01,148.96,Paid,0,0,0
INV-0011485,CUST-101915,2026-03-01,32.21,Paid,0,0,0
INV-0011486,CUST-101915,2026-04-01,30.96,Paid,0,0,0
INV-0011487,CUST-101915,2026-05-01,30.04,Paid,0,0,0
INV-0011488,CUST-101915,2026-06-01,30.5,Paid,0,0,0
INV-0011489,CUST-101915,2026-07-01,31.86,Paid,0,0,0
INV-0011490,CUST-101915,2026-08-01,30.76,Paid,0,0,0
INV-0011491,CUST-101916,2026-03-01,37.06,Paid,0,0,0
INV-0011492,CUST-101916,2026-04-01,36.39,Paid,0,0,0
INV-0011493,CUST-101916,2026-05-01,35.06,Paid,0,0,0
INV-0011494,CUST-101916,2026-06-01,36.67,Paid,0,0,0
INV-0011495,CUST-101916,2026-07-01,36.75,Paid,0,0,0
INV-0011496,CUST-101916,2026-08-01,36.37,Paid,0,0,0
INV-0011497,CUST-101917,2026-03-01,36.08,Paid,0,1,1
INV-0011498,CUST-101917,2026-04-01,34.16,Paid,0,0,0
INV-0011499,CUST-101917,2026-05-01,34.84,Paid,0,0,0
INV-0011500,CUST-101917,2026-06-01,36.54,Paid,0,0,0
INV-0011501,CUST-101917,2026-07-01,35.41,Paid,0,0,0
INV-0011502,CUST-101917,2026-08-01,37.02,Late,16,0,0
INV-0011503,CUST-101918,2026-03-01,161.41,Paid,0,0,0
INV-0011504,CUST-101918,2026-04-01,154.58,Paid,0,0,0
INV-0011505,CUST-101918,2026-05-01,155.01,Paid,0,0,0
INV-0011506,CUST-101918,2026-06-01,167.76,Paid,0,0,0
INV-0011507,CUST-101918,2026-07-01,157.89,Paid,0,0,0
INV-0011508,CUST-101918,2026-08-01,167.02,Paid,0,0,0
INV-0011509,CUST-101919,2026-03-01,78.88,Paid,0,0,0
INV-0011510,CUST-101919,2026-04-01,80.11,Paid,0,0,0
INV-0011511,CUST-101919,2026-05-01,78.33,Paid,0,0,0
INV-0011512,CUST-101919,2026-06-01,80.11,Paid,0,0,0
INV-0011513,CUST-101919,2026-07-01,80.75,Paid,0,0,0
INV-0011514,CUST-101919,2026-08-01,82.92,Paid,0,0,0
INV-0011515,CUST-101920,2026-03-01,62.22,Paid,0,0,0
INV-0011516,CUST-101920,2026-04-01,59.59,Paid,0,0,0
INV-0011517,CUST-101920,2026-05-01,59.42,Paid,0,0,0
INV-0011518,CUST-101920,2026-06-01,63.04,Paid,0,0,0
INV-0011519,CUST-101920,2026-07-01,59.49,Paid,0,1,1
INV-0011520,CUST-101920,2026-08-01,59.92,Paid,0,0,0
INV-0011521,CUST-101921,2026-03-01,36.22,Paid,0,0,0
INV-0011522,CUST-101921,2026-04-01,36.32,Paid,0,0,0
INV-0011523,CUST-101921,2026-05-01,37.41,Paid,0,0,0
INV-0011524,CUST-101921,2026-06-01,36.07,Paid,0,0,0
INV-0011525,CUST-101921,2026-07-01,35.57,Paid,0,0,0
INV-0011526,CUST-101921,2026-08-01,36.43,Paid,0,0,0
INV-0011527,CUST-101922,2026-03-01,135.39,Paid,0,0,0
INV-0011528,CUST-101922,2026-04-01,135.02,Paid,0,0,0
INV-0011529,CUST-101922,2026-05-01,136.14,Paid,0,0,0
INV-0011530,CUST-101922,2026-06-01,131.32,Paid,0,0,0
INV-0011531,CUST-101922,2026-07-01,137.39,Paid,0,0,0
INV-0011532,CUST-101922,2026-08-01,135.72,Paid,0,0,0
INV-0011533,CUST-101923,2026-03-01,63.3,Paid,0,0,0
INV-0011534,CUST-101923,2026-04-01,61.51,Paid,0,0,0
INV-0011535,CUST-101923,2026-05-01,67.02,Paid,0,0,0
INV-0011536,CUST-101923,2026-06-01,62.76,Paid,0,0,0
INV-0011537,CUST-101923,2026-07-01,61.22,Paid,0,0,0
INV-0011538,CUST-101923,2026-08-01,61.7,Paid,0,0,0
INV-0011539,CUST-101924,2026-03-01,366.08,Paid,0,0,0
INV-0011540,CUST-101924,2026-04-01,356.83,Paid,0,0,0
INV-0011541,CUST-101924,2026-05-01,347.67,Paid,0,0,0
INV-0011542,CUST-101924,2026-06-01,376.45,Paid,0,0,0
INV-0011543,CUST-101924,2026-07-01,364.86,Paid,0,0,0
INV-0011544,CUST-101924,2026-08-01,362.27,Paid,0,0,0
INV-0011545,CUST-101925,2026-03-01,36.67,Paid,0,0,0
INV-0011546,CUST-101925,2026-04-01,36.76,Paid,0,0,0
INV-0011547,CUST-101925,2026-05-01,34.66,Paid,0,0,0
INV-0011548,CUST-101925,2026-06-01,36.41,Paid,0,0,0
INV-0011549,CUST-101925,2026-07-01,37.07,Paid,0,0,0
INV-0011550,CUST-101925,2026-08-01,36.87,Paid,0,0,0
INV-0011551,CUST-101926,2026-03-01,50.18,Paid,0,1,0
INV-0011552,CUST-101926,2026-04-01,47.32,Paid,0,0,0
INV-0011553,CUST-101926,2026-05-01,37.41,Paid,0,1,0
INV-0011554,CUST-101926,2026-06-01,44.75,Paid,0,1,0
INV-0011555,CUST-101926,2026-07-01,38.57,Paid,0,0,0
INV-0011556,CUST-101926,2026-08-01,36.75,Paid,0,0,0
INV-0011557,CUST-101927,2026-03-01,35.02,Paid,0,0,0
INV-0011558,CUST-101927,2026-04-01,34.78,Paid,0,0,0
INV-0011559,CUST-101927,2026-05-01,36.17,Late,27,0,0
INV-0011560,CUST-101927,2026-06-01,35.15,Paid,0,0,0
INV-0011561,CUST-101927,2026-07-01,36.28,Paid,0,0,0
INV-0011562,CUST-101927,2026-08-01,35.04,Paid,0,0,0
INV-0011563,CUST-101928,2026-03-01,87.65,Paid,0,0,0
INV-0011564,CUST-101928,2026-04-01,90.24,Paid,0,0,0
INV-0011565,CUST-101928,2026-05-01,90.83,Paid,0,0,0
INV-0011566,CUST-101928,2026-06-01,79.99,Paid,0,0,0
INV-0011567,CUST-101928,2026-07-01,89.84,Paid,0,0,0
INV-0011568,CUST-101928,2026-08-01,84.82,Paid,0,0,0
INV-0011569,CUST-101929,2026-03-01,80.95,Paid,0,0,0
INV-0011570,CUST-101929,2026-04-01,82.11,Paid,0,0,0
INV-0011571,CUST-101929,2026-05-01,83.38,Paid,0,0,0
INV-0011572,CUST-101929,2026-06-01,85.99,Paid,0,0,0
INV-0011573,CUST-101929,2026-07-01,84.4,Paid,0,0,0
INV-0011574,CUST-101929,2026-08-01,85.64,Paid,0,0,0
INV-0011575,CUST-101930,2026-03-01,85.73,Paid,0,1,0
INV-0011576,CUST-101930,2026-04-01,88.33,Late,17,0,0
INV-0011577,CUST-101930,2026-05-01,85.54,Paid,0,0,0
INV-0011578,CUST-101930,2026-06-01,86.43,Paid,0,0,0
INV-0011579,CUST-101930,2026-07-01,99.91,Paid,0,0,0
INV-0011580,CUST-101930,2026-08-01,87.54,Paid,0,1,0
INV-0011581,CUST-101931,2026-03-01,169.27,Paid,0,0,0
INV-0011582,CUST-101931,2026-04-01,177.64,Paid,0,1,1
INV-0011583,CUST-101931,2026-05-01,171.5,Late,9,1,0
INV-0011584,CUST-101931,2026-06-01,171.36,Paid,0,0,0
INV-0011585,CUST-101931,2026-07-01,180.44,Paid,0,0,0
INV-0011586,CUST-101931,2026-08-01,206.06,Paid,0,1,0
INV-0011587,CUST-101932,2026-03-01,39.75,Paid,0,0,0
INV-0011588,CUST-101932,2026-04-01,41.44,Paid,0,0,0
INV-0011589,CUST-101932,2026-05-01,40.7,Paid,0,0,0
INV-0011590,CUST-101932,2026-06-01,38.6,Paid,0,0,0
INV-0011591,CUST-101932,2026-07-01,40.41,Late,4,0,0
INV-0011592,CUST-101932,2026-08-01,39.9,Paid,0,0,0
INV-0011593,CUST-101933,2026-03-01,57.66,Paid,0,0,0
INV-0011594,CUST-101933,2026-04-01,59.38,Paid,0,0,0
INV-0011595,CUST-101933,2026-05-01,56.81,Paid,0,0,0
INV-0011596,CUST-101933,2026-06-01,58.26,Paid,0,0,0
INV-0011597,CUST-101933,2026-07-01,58.76,Paid,0,0,0
INV-0011598,CUST-101933,2026-08-01,55.85,Paid,0,0,0
INV-0011599,CUST-101934,2026-03-01,42.35,Paid,0,0,0
INV-0011600,CUST-101934,2026-04-01,35.21,Paid,0,1,0
INV-0011601,CUST-101934,2026-05-01,36.57,Paid,0,0,0
INV-0011602,CUST-101934,2026-06-01,36.29,Paid,0,0,0
INV-0011603,CUST-101934,2026-07-01,35.32,Paid,0,0,0
INV-0011604,CUST-101934,2026-08-01,44.75,Paid,0,1,0
INV-0011605,CUST-101935,2026-03-01,464.97,Paid,0,0,0
INV-0011606,CUST-101935,2026-04-01,382.49,Paid,0,0,0
INV-0011607,CUST-101935,2026-05-01,431.85,Paid,0,0,0
INV-0011608,CUST-101935,2026-06-01,369.34,Late,10,0,0
INV-0011609,CUST-101935,2026-07-01,376.84,Paid,0,0,0
INV-0011610,CUST-101935,2026-08-01,370.74,Late,11,0,0
INV-0011611,CUST-101936,2026-03-01,36.23,Paid,0,0,0
INV-0011612,CUST-101936,2026-04-01,38.33,Paid,0,0,0
INV-0011613,CUST-101936,2026-05-01,36.44,Paid,0,0,0
INV-0011614,CUST-101936,2026-06-01,36.29,Late,12,1,0
INV-0011615,CUST-101936,2026-07-01,37.49,Paid,0,0,0
INV-0011616,CUST-101936,2026-08-01,35.43,Paid,0,0,0
INV-0011617,CUST-101937,2026-03-01,36.87,Paid,0,1,0
INV-0011618,CUST-101937,2026-04-01,39.07,Paid,0,0,0
INV-0011619,CUST-101937,2026-05-01,36.83,Paid,0,0,0
INV-0011620,CUST-101937,2026-06-01,35.63,Paid,0,0,0
INV-0011621,CUST-101937,2026-07-01,36.74,Paid,0,0,0
INV-0011622,CUST-101937,2026-08-01,38.49,Paid,0,0,0
INV-0011623,CUST-101938,2026-03-01,139.22,Paid,0,0,0
INV-0011624,CUST-101938,2026-04-01,144.37,Paid,0,0,0
INV-0011625,CUST-101938,2026-05-01,152.35,Paid,0,0,0
INV-0011626,CUST-101938,2026-06-01,151.96,Paid,0,0,0
INV-0011627,CUST-101938,2026-07-01,147.29,Paid,0,0,0
INV-0011628,CUST-101938,2026-08-01,149.52,Paid,0,0,0
INV-0011629,CUST-101939,2026-03-01,37.13,Paid,0,0,0
INV-0011630,CUST-101939,2026-04-01,35.05,Paid,0,0,0
INV-0011631,CUST-101939,2026-05-01,34.46,Paid,0,0,0
INV-0011632,CUST-101939,2026-06-01,35.74,Paid,0,0,0
INV-0011633,CUST-101939,2026-07-01,37.58,Paid,0,1,1
INV-0011634,CUST-101939,2026-08-01,36.13,Paid,0,0,0
INV-0011635,CUST-101940,2026-03-01,91.49,Paid,0,0,0
INV-0011636,CUST-101940,2026-04-01,70.76,Paid,0,0,0
INV-0011637,CUST-101940,2026-05-01,71.88,Paid,0,1,1
INV-0011638,CUST-101940,2026-06-01,70.05,Paid,0,0,0
INV-0011639,CUST-101940,2026-07-01,71.67,Paid,0,0,0
INV-0011640,CUST-101940,2026-08-01,71.3,Paid,0,0,0
INV-0011641,CUST-101941,2026-03-01,35.32,Paid,0,0,0
INV-0011642,CUST-101941,2026-04-01,34.9,Paid,0,0,0
INV-0011643,CUST-101941,2026-05-01,37.62,Paid,0,0,0
INV-0011644,CUST-101941,2026-06-01,34.48,Paid,0,1,0
INV-0011645,CUST-101941,2026-07-01,36.64,Paid,0,0,0
INV-0011646,CUST-101941,2026-08-01,37.94,Paid,0,0,0
INV-0011647,CUST-101942,2026-03-01,163.03,Paid,0,0,0
INV-0011648,CUST-101942,2026-04-01,159.34,Paid,0,0,0
INV-0011649,CUST-101942,2026-05-01,158.17,Paid,0,0,0
INV-0011650,CUST-101942,2026-06-01,156.62,Paid,0,0,0
INV-0011651,CUST-101942,2026-07-01,158.35,Paid,0,0,0
INV-0011652,CUST-101942,2026-08-01,155.06,Paid,0,0,0
INV-0011653,CUST-101943,2026-03-01,68.13,Paid,0,0,0
INV-0011654,CUST-101943,2026-04-01,68.78,Paid,0,0,0
INV-0011655,CUST-101943,2026-05-01,71.39,Paid,0,0,0
INV-0011656,CUST-101943,2026-06-01,70.88,Paid,0,0,0
INV-0011657,CUST-101943,2026-07-01,74.1,Paid,0,0,0
INV-0011658,CUST-101943,2026-08-01,72.34,Paid,0,0,0
INV-0011659,CUST-101944,2026-03-01,79.86,Paid,0,0,0
INV-0011660,CUST-101944,2026-04-01,80.19,Paid,0,0,0
INV-0011661,CUST-101944,2026-05-01,78.77,Paid,0,0,0
INV-0011662,CUST-101944,2026-06-01,82.33,Paid,0,0,0
INV-0011663,CUST-101944,2026-07-01,81.16,Paid,0,0,0
INV-0011664,CUST-101944,2026-08-01,83.32,Paid,0,0,0
INV-0011665,CUST-101945,2026-03-01,61.66,Paid,0,0,0
INV-0011666,CUST-101945,2026-04-01,61.94,Paid,0,0,0
INV-0011667,CUST-101945,2026-05-01,62.98,Paid,0,0,0
INV-0011668,CUST-101945,2026-06-01,62.59,Paid,0,0,0
INV-0011669,CUST-101945,2026-07-01,62.88,Late,10,0,0
INV-0011670,CUST-101945,2026-08-01,64.07,Paid,0,0,0
INV-0011671,CUST-101946,2026-03-01,420.72,Paid,0,0,0
INV-0011672,CUST-101946,2026-04-01,409.86,Paid,0,0,0
INV-0011673,CUST-101946,2026-05-01,417.22,Paid,0,0,0
INV-0011674,CUST-101946,2026-06-01,410.52,Paid,0,0,0
INV-0011675,CUST-101946,2026-07-01,411.89,Paid,0,0,0
INV-0011676,CUST-101946,2026-08-01,405.77,Paid,0,0,0
INV-0011677,CUST-101947,2026-03-01,105.95,Late,28,0,0
INV-0011678,CUST-101947,2026-04-01,107.02,Paid,0,0,0
INV-0011679,CUST-101947,2026-05-01,105.45,Paid,0,0,0
INV-0011680,CUST-101947,2026-06-01,100.76,Paid,0,0,0
INV-0011681,CUST-101947,2026-07-01,106.87,Paid,0,0,0
INV-0011682,CUST-101947,2026-08-01,107.3,Paid,0,0,0
INV-0011683,CUST-101948,2026-03-01,381.99,Late,31,1,1
INV-0011684,CUST-101948,2026-04-01,369.23,Paid,0,0,0
INV-0011685,CUST-101948,2026-05-01,451.32,Paid,0,1,1
INV-0011686,CUST-101948,2026-06-01,516.75,Paid,0,1,0
INV-0011687,CUST-101948,2026-07-01,375.7,Paid,0,0,0
INV-0011688,CUST-101948,2026-08-01,374.86,Paid,0,0,0
INV-0011689,CUST-101949,2026-03-01,83.51,Paid,0,0,0
INV-0011690,CUST-101949,2026-04-01,77.43,Paid,0,0,0
INV-0011691,CUST-101949,2026-05-01,79.16,Paid,0,0,0
INV-0011692,CUST-101949,2026-06-01,79.72,Paid,0,1,1
INV-0011693,CUST-101949,2026-07-01,79.79,Paid,0,1,0
INV-0011694,CUST-101949,2026-08-01,85.0,Late,8,0,0
INV-0011695,CUST-101950,2026-03-01,89.74,Paid,0,0,0
INV-0011696,CUST-101950,2026-04-01,90.25,Paid,0,0,0
INV-0011697,CUST-101950,2026-05-01,89.1,Paid,0,0,0
INV-0011698,CUST-101950,2026-06-01,88.05,Paid,0,0,0
INV-0011699,CUST-101950,2026-07-01,86.71,Paid,0,0,0
INV-0011700,CUST-101950,2026-08-01,88.85,Paid,0,0,0
INV-0011701,CUST-101951,2026-03-01,30.92,Paid,0,0,0
INV-0011702,CUST-101951,2026-04-01,33.76,Paid,0,0,0
INV-0011703,CUST-101951,2026-05-01,32.08,Paid,0,0,0
INV-0011704,CUST-101951,2026-06-01,31.14,Paid,0,0,0
INV-0011705,CUST-101951,2026-07-01,32.12,Paid,0,0,0
INV-0011706,CUST-101951,2026-08-01,30.57,Paid,0,0,0
INV-0011707,CUST-101952,2026-03-01,40.91,Paid,0,0,0
INV-0011708,CUST-101952,2026-04-01,42.44,Paid,0,0,0
INV-0011709,CUST-101952,2026-05-01,43.16,Paid,0,0,0
INV-0011710,CUST-101952,2026-06-01,42.33,Paid,0,0,0
INV-0011711,CUST-101952,2026-07-01,40.18,Paid,0,0,0
INV-0011712,CUST-101952,2026-08-01,41.81,Paid,0,0,0
INV-0011713,CUST-101953,2026-03-01,42.79,Paid,0,0,0
INV-0011714,CUST-101953,2026-04-01,41.93,Paid,0,0,0
INV-0011715,CUST-101953,2026-05-01,42.88,Paid,0,0,0
INV-0011716,CUST-101953,2026-06-01,42.88,Paid,0,0,0
INV-0011717,CUST-101953,2026-07-01,43.25,Paid,0,0,0
INV-0011718,CUST-101953,2026-08-01,41.26,Paid,0,1,0
INV-0011719,CUST-101954,2026-03-01,136.99,Paid,0,0,0
INV-0011720,CUST-101954,2026-04-01,142.02,Paid,0,0,0
INV-0011721,CUST-101954,2026-05-01,136.84,Paid,0,0,0
INV-0011722,CUST-101954,2026-06-01,140.4,Paid,0,0,0
INV-0011723,CUST-101954,2026-07-01,144.21,Paid,0,0,0
INV-0011724,CUST-101954,2026-08-01,134.88,Paid,0,0,0
INV-0011725,CUST-101955,2026-03-01,168.72,Paid,0,0,0
INV-0011726,CUST-101955,2026-04-01,157.16,Paid,0,0,0
INV-0011727,CUST-101955,2026-05-01,172.91,Paid,0,0,0
INV-0011728,CUST-101955,2026-06-01,168.23,Paid,0,0,0
INV-0011729,CUST-101955,2026-07-01,168.01,Paid,0,0,0
INV-0011730,CUST-101955,2026-08-01,174.09,Paid,0,0,0
INV-0011731,CUST-101956,2026-03-01,30.8,Paid,0,0,0
INV-0011732,CUST-101956,2026-04-01,31.46,Paid,0,0,0
INV-0011733,CUST-101956,2026-05-01,31.33,Paid,0,0,0
INV-0011734,CUST-101956,2026-06-01,31.34,Paid,0,0,0
INV-0011735,CUST-101956,2026-07-01,31.88,Paid,0,0,0
INV-0011736,CUST-101956,2026-08-01,30.91,Paid,0,0,0
INV-0011737,CUST-101957,2026-03-01,157.88,Paid,0,0,0
INV-0011738,CUST-101957,2026-04-01,155.7,Paid,0,0,0
INV-0011739,CUST-101957,2026-05-01,159.81,Paid,0,0,0
INV-0011740,CUST-101957,2026-06-01,157.39,Paid,0,0,0
INV-0011741,CUST-101957,2026-07-01,151.34,Paid,0,0,0
INV-0011742,CUST-101957,2026-08-01,160.85,Paid,0,0,0
INV-0011743,CUST-101958,2026-03-01,61.54,Paid,0,0,0
INV-0011744,CUST-101958,2026-04-01,65.61,Paid,0,0,0
INV-0011745,CUST-101958,2026-05-01,65.09,Paid,0,0,0
INV-0011746,CUST-101958,2026-06-01,61.22,Paid,0,0,0
INV-0011747,CUST-101958,2026-07-01,65.11,Paid,0,0,0
INV-0011748,CUST-101958,2026-08-01,61.69,Paid,0,0,0
INV-0011749,CUST-101959,2026-03-01,154.38,Paid,0,0,0
INV-0011750,CUST-101959,2026-04-01,147.9,Paid,0,0,0
INV-0011751,CUST-101959,2026-05-01,155.95,Paid,0,0,0
INV-0011752,CUST-101959,2026-06-01,150.99,Paid,0,0,0
INV-0011753,CUST-101959,2026-07-01,155.08,Paid,0,0,0
INV-0011754,CUST-101959,2026-08-01,157.21,Paid,0,0,0
INV-0011755,CUST-101960,2026-03-01,34.08,Paid,0,0,0
INV-0011756,CUST-101960,2026-04-01,33.01,Paid,0,0,0
INV-0011757,CUST-101960,2026-05-01,32.01,Paid,0,0,0
INV-0011758,CUST-101960,2026-06-01,32.34,Paid,0,0,0
INV-0011759,CUST-101960,2026-07-01,32.88,Paid,0,0,0
INV-0011760,CUST-101960,2026-08-01,33.13,Paid,0,0,0
INV-0011761,CUST-101961,2026-03-01,39.48,Paid,0,0,0
INV-0011762,CUST-101961,2026-04-01,37.1,Late,26,0,0
INV-0011763,CUST-101961,2026-05-01,38.66,Paid,0,0,0
INV-0011764,CUST-101961,2026-06-01,39.25,Paid,0,0,0
INV-0011765,CUST-101961,2026-07-01,37.28,Paid,0,0,0
INV-0011766,CUST-101961,2026-08-01,39.78,Paid,0,0,0
INV-0011767,CUST-101962,2026-03-01,184.04,Paid,0,0,0
INV-0011768,CUST-101962,2026-04-01,178.15,Paid,0,0,0
INV-0011769,CUST-101962,2026-05-01,181.73,Paid,0,0,0
INV-0011770,CUST-101962,2026-06-01,179.22,Paid,0,0,0
INV-0011771,CUST-101962,2026-07-01,180.5,Paid,0,0,0
INV-0011772,CUST-101962,2026-08-01,185.61,Paid,0,0,0
INV-0011773,CUST-101963,2026-03-01,82.61,Paid,0,0,0
INV-0011774,CUST-101963,2026-04-01,79.89,Paid,0,0,0
INV-0011775,CUST-101963,2026-05-01,82.12,Paid,0,0,0
INV-0011776,CUST-101963,2026-06-01,79.4,Paid,0,0,0
INV-0011777,CUST-101963,2026-07-01,80.82,Paid,0,0,0
INV-0011778,CUST-101963,2026-08-01,79.36,Paid,0,0,0
INV-0011779,CUST-101964,2026-03-01,79.04,Paid,0,0,0
INV-0011780,CUST-101964,2026-04-01,78.29,Paid,0,0,0
INV-0011781,CUST-101964,2026-05-01,81.1,Late,19,1,0
INV-0011782,CUST-101964,2026-06-01,78.31,Paid,0,1,1
INV-0011783,CUST-101964,2026-07-01,91.35,Paid,0,0,0
INV-0011784,CUST-101964,2026-08-01,78.18,Paid,0,1,1
INV-0011785,CUST-101965,2026-03-01,44.89,Paid,0,0,0
INV-0011786,CUST-101965,2026-04-01,42.01,Paid,0,0,0
INV-0011787,CUST-101965,2026-05-01,42.58,Paid,0,0,0
INV-0011788,CUST-101965,2026-06-01,41.89,Paid,0,0,0
INV-0011789,CUST-101965,2026-07-01,40.71,Paid,0,0,0
INV-0011790,CUST-101965,2026-08-01,41.85,Paid,0,0,0
INV-0011791,CUST-101966,2026-03-01,32.99,Paid,0,0,0
INV-0011792,CUST-101966,2026-04-01,34.8,Paid,0,0,0
INV-0011793,CUST-101966,2026-05-01,35.4,Paid,0,0,0
INV-0011794,CUST-101966,2026-06-01,34.11,Paid,0,0,0
INV-0011795,CUST-101966,2026-07-01,33.91,Paid,0,0,0
INV-0011796,CUST-101966,2026-08-01,34.3,Paid,0,0,0
INV-0011797,CUST-101967,2026-03-01,175.54,Paid,0,0,0
INV-0011798,CUST-101967,2026-04-01,177.89,Paid,0,0,0
INV-0011799,CUST-101967,2026-05-01,176.01,Paid,0,0,0
INV-0011800,CUST-101967,2026-06-01,184.45,Paid,0,0,0
INV-0011801,CUST-101967,2026-07-01,180.34,Paid,0,0,0
INV-0011802,CUST-101967,2026-08-01,173.79,Paid,0,0,0
INV-0011803,CUST-101968,2026-03-01,127.27,Paid,0,1,1
INV-0011804,CUST-101968,2026-04-01,131.03,Paid,0,0,0
INV-0011805,CUST-101968,2026-05-01,135.07,Late,9,0,0
INV-0011806,CUST-101968,2026-06-01,126.33,Paid,0,0,0
INV-0011807,CUST-101968,2026-07-01,129.52,Paid,0,0,0
INV-0011808,CUST-101968,2026-08-01,128.5,Paid,0,0,0
INV-0011809,CUST-101969,2026-03-01,155.56,Paid,0,0,0
INV-0011810,CUST-101969,2026-04-01,158.38,Paid,0,0,0
INV-0011811,CUST-101969,2026-05-01,158.31,Paid,0,0,0
INV-0011812,CUST-101969,2026-06-01,158.99,Paid,0,0,0
INV-0011813,CUST-101969,2026-07-01,154.14,Paid,0,0,0
INV-0011814,CUST-101969,2026-08-01,160.13,Paid,0,0,0
INV-0011815,CUST-101970,2026-03-01,85.32,Paid,0,0,0
INV-0011816,CUST-101970,2026-04-01,87.51,Paid,0,0,0
INV-0011817,CUST-101970,2026-05-01,87.82,Paid,0,1,1
INV-0011818,CUST-101970,2026-06-01,88.36,Paid,0,0,0
INV-0011819,CUST-101970,2026-07-01,92.18,Paid,0,0,0
INV-0011820,CUST-101970,2026-08-01,86.81,Paid,0,1,0
INV-0011821,CUST-101971,2026-03-01,45.61,Late,23,1,1
INV-0011822,CUST-101971,2026-04-01,35.82,Late,1,0,0
INV-0011823,CUST-101971,2026-05-01,43.8,Paid,0,0,0
INV-0011824,CUST-101971,2026-06-01,34.47,Late,3,0,0
INV-0011825,CUST-101971,2026-07-01,36.03,Paid,0,0,0
INV-0011826,CUST-101971,2026-08-01,44.41,Late,16,0,0
INV-0011827,CUST-101972,2026-03-01,40.79,Paid,0,0,0
INV-0011828,CUST-101972,2026-04-01,41.02,Paid,0,0,0
INV-0011829,CUST-101972,2026-05-01,43.51,Paid,0,0,0
INV-0011830,CUST-101972,2026-06-01,41.32,Paid,0,0,0
INV-0011831,CUST-101972,2026-07-01,43.01,Paid,0,0,0
INV-0011832,CUST-101972,2026-08-01,39.83,Paid,0,1,0
INV-0011833,CUST-101973,2026-03-01,162.04,Paid,0,0,0
INV-0011834,CUST-101973,2026-04-01,167.77,Paid,0,0,0
INV-0011835,CUST-101973,2026-05-01,170.7,Paid,0,0,0
INV-0011836,CUST-101973,2026-06-01,165.9,Paid,0,0,0
INV-0011837,CUST-101973,2026-07-01,169.97,Paid,0,0,0
INV-0011838,CUST-101973,2026-08-01,165.71,Paid,0,0,0
INV-0011839,CUST-101974,2026-03-01,36.1,Paid,0,0,0
INV-0011840,CUST-101974,2026-04-01,33.7,Paid,0,0,0
INV-0011841,CUST-101974,2026-05-01,35.07,Paid,0,0,0
INV-0011842,CUST-101974,2026-06-01,36.02,Paid,0,0,0
INV-0011843,CUST-101974,2026-07-01,36.43,Paid,0,0,0
INV-0011844,CUST-101974,2026-08-01,36.2,Paid,0,0,0
INV-0011845,CUST-101975,2026-03-01,88.35,Paid,0,0,0
INV-0011846,CUST-101975,2026-04-01,84.13,Paid,0,1,1
INV-0011847,CUST-101975,2026-05-01,88.25,Late,21,1,0
INV-0011848,CUST-101975,2026-06-01,83.36,Paid,0,0,0
INV-0011849,CUST-101975,2026-07-01,107.02,Late,33,0,0
INV-0011850,CUST-101975,2026-08-01,87.71,Paid,0,0,0
INV-0011851,CUST-101976,2026-03-01,158.4,Paid,0,0,0
INV-0011852,CUST-101976,2026-04-01,162.69,Late,18,1,0
INV-0011853,CUST-101976,2026-05-01,156.75,Paid,0,0,0
INV-0011854,CUST-101976,2026-06-01,158.11,Late,13,0,0
INV-0011855,CUST-101976,2026-07-01,159.99,Paid,0,1,0
INV-0011856,CUST-101976,2026-08-01,158.89,Late,2,0,0
INV-0011857,CUST-101977,2026-03-01,31.86,Paid,0,0,0
INV-0011858,CUST-101977,2026-04-01,30.56,Paid,0,0,0
INV-0011859,CUST-101977,2026-05-01,30.58,Paid,0,0,0
INV-0011860,CUST-101977,2026-06-01,32.86,Paid,0,0,0
INV-0011861,CUST-101977,2026-07-01,31.23,Paid,0,0,0
INV-0011862,CUST-101977,2026-08-01,31.19,Paid,0,0,0
INV-0011863,CUST-101978,2026-03-01,32.45,Paid,0,0,0
INV-0011864,CUST-101978,2026-04-01,33.45,Paid,0,0,0
INV-0011865,CUST-101978,2026-05-01,31.65,Late,15,1,0
INV-0011866,CUST-101978,2026-06-01,31.66,Paid,0,1,0
INV-0011867,CUST-101978,2026-07-01,35.48,Paid,0,0,0
INV-0011868,CUST-101978,2026-08-01,32.55,Paid,0,0,0
INV-0011869,CUST-101979,2026-03-01,29.14,Paid,0,0,0
INV-0011870,CUST-101979,2026-04-01,29.38,Paid,0,0,0
INV-0011871,CUST-101979,2026-05-01,28.72,Paid,0,0,0
INV-0011872,CUST-101979,2026-06-01,29.35,Paid,0,0,0
INV-0011873,CUST-101979,2026-07-01,30.13,Paid,0,0,0
INV-0011874,CUST-101979,2026-08-01,28.23,Paid,0,0,0
INV-0011875,CUST-101980,2026-03-01,45.8,Paid,0,0,0
INV-0011876,CUST-101980,2026-04-01,42.2,Paid,0,1,1
INV-0011877,CUST-101980,2026-05-01,36.89,Paid,0,0,0
INV-0011878,CUST-101980,2026-06-01,34.17,Late,31,1,1
INV-0011879,CUST-101980,2026-07-01,34.92,Paid,0,1,0
INV-0011880,CUST-101980,2026-08-01,33.57,Paid,0,1,1
INV-0011881,CUST-101981,2026-03-01,79.43,Paid,0,0,0
INV-0011882,CUST-101981,2026-04-01,83.22,Paid,0,0,0
INV-0011883,CUST-101981,2026-05-01,82.44,Paid,0,0,0
INV-0011884,CUST-101981,2026-06-01,85.83,Paid,0,0,0
INV-0011885,CUST-101981,2026-07-01,81.67,Paid,0,0,0
INV-0011886,CUST-101981,2026-08-01,81.63,Paid,0,0,0
INV-0011887,CUST-101982,2026-03-01,24.99,Paid,0,0,0
INV-0011888,CUST-101982,2026-04-01,24.92,Paid,0,0,0
INV-0011889,CUST-101982,2026-05-01,25.13,Paid,0,0,0
INV-0011890,CUST-101982,2026-06-01,23.99,Paid,0,0,0
INV-0011891,CUST-101982,2026-07-01,24.6,Paid,0,0,0
INV-0011892,CUST-101982,2026-08-01,24.18,Paid,0,0,0
INV-0011893,CUST-101983,2026-03-01,40.43,Paid,0,0,0
INV-0011894,CUST-101983,2026-04-01,40.68,Paid,0,0,0
INV-0011895,CUST-101983,2026-05-01,38.82,Paid,0,0,0
INV-0011896,CUST-101983,2026-06-01,40.27,Paid,0,0,0
INV-0011897,CUST-101983,2026-07-01,39.81,Late,9,0,0
INV-0011898,CUST-101983,2026-08-01,38.48,Paid,0,0,0
INV-0011899,CUST-101984,2026-03-01,31.59,Paid,0,0,0
INV-0011900,CUST-101984,2026-04-01,34.42,Paid,0,0,0
INV-0011901,CUST-101984,2026-05-01,33.22,Paid,0,0,0
INV-0011902,CUST-101984,2026-06-01,34.61,Paid,0,0,0
INV-0011903,CUST-101984,2026-07-01,34.84,Paid,0,0,0
INV-0011904,CUST-101984,2026-08-01,33.25,Paid,0,0,0
INV-0011905,CUST-101985,2026-03-01,81.26,Paid,0,1,0
INV-0011906,CUST-101985,2026-04-01,83.37,Late,5,0,0
INV-0011907,CUST-101985,2026-05-01,82.27,Paid,0,0,0
INV-0011908,CUST-101985,2026-06-01,83.1,Late,3,0,0
INV-0011909,CUST-101985,2026-07-01,111.98,Paid,0,0,0
INV-0011910,CUST-101985,2026-08-01,83.24,Late,34,1,1
INV-0011911,CUST-101986,2026-03-01,66.49,Paid,0,0,0
INV-0011912,CUST-101986,2026-04-01,62.18,Paid,0,0,0
INV-0011913,CUST-101986,2026-05-01,67.26,Paid,0,0,0
INV-0011914,CUST-101986,2026-06-01,64.71,Paid,0,0,0
INV-0011915,CUST-101986,2026-07-01,68.64,Paid,0,0,0
INV-0011916,CUST-101986,2026-08-01,67.28,Paid,0,0,0
INV-0011917,CUST-101987,2026-03-01,37.99,Paid,0,0,0
INV-0011918,CUST-101987,2026-04-01,36.65,Paid,0,0,0
INV-0011919,CUST-101987,2026-05-01,40.17,Late,11,0,0
INV-0011920,CUST-101987,2026-06-01,37.29,Paid,0,0,0
INV-0011921,CUST-101987,2026-07-01,37.2,Paid,0,0,0
INV-0011922,CUST-101987,2026-08-01,38.05,Paid,0,0,0
INV-0011923,CUST-101988,2026-03-01,78.31,Paid,0,0,0
INV-0011924,CUST-101988,2026-04-01,86.53,Paid,0,0,0
INV-0011925,CUST-101988,2026-05-01,81.66,Paid,0,0,0
INV-0011926,CUST-101988,2026-06-01,78.89,Paid,0,0,0
INV-0011927,CUST-101988,2026-07-01,85.4,Paid,0,0,0
INV-0011928,CUST-101988,2026-08-01,82.75,Paid,0,0,0
INV-0011929,CUST-101989,2026-03-01,74.93,Paid,0,0,0
INV-0011930,CUST-101989,2026-04-01,74.5,Paid,0,0,0
INV-0011931,CUST-101989,2026-05-01,75.65,Paid,0,0,0
INV-0011932,CUST-101989,2026-06-01,77.57,Paid,0,0,0
INV-0011933,CUST-101989,2026-07-01,75.07,Paid,0,0,0
INV-0011934,CUST-101989,2026-08-01,75.08,Paid,0,0,0
INV-0011935,CUST-101990,2026-03-01,67.07,Paid,0,0,0
INV-0011936,CUST-101990,2026-04-01,66.06,Paid,0,0,0
INV-0011937,CUST-101990,2026-05-01,64.24,Paid,0,0,0
INV-0011938,CUST-101990,2026-06-01,65.15,Paid,0,0,0
INV-0011939,CUST-101990,2026-07-01,65.84,Paid,0,1,1
INV-0011940,CUST-101990,2026-08-01,64.46,Paid,0,0,0
INV-0011941,CUST-101991,2026-03-01,166.43,Paid,0,0,0
INV-0011942,CUST-101991,2026-04-01,161.9,Paid,0,0,0
INV-0011943,CUST-101991,2026-05-01,164.73,Paid,0,0,0
INV-0011944,CUST-101991,2026-06-01,168.87,Paid,0,0,0
INV-0011945,CUST-101991,2026-07-01,166.22,Paid,0,1,0
INV-0011946,CUST-101991,2026-08-01,160.41,Paid,0,0,0
INV-0011947,CUST-101992,2026-03-01,31.88,Paid,0,0,0
INV-0011948,CUST-101992,2026-04-01,32.64,Paid,0,0,0
INV-0011949,CUST-101992,2026-05-01,33.73,Paid,0,0,0
INV-0011950,CUST-101992,2026-06-01,31.6,Paid,0,0,0
INV-0011951,CUST-101992,2026-07-01,32.18,Paid,0,0,0
INV-0011952,CUST-101992,2026-08-01,34.24,Paid,0,0,0
INV-0011953,CUST-101993,2026-03-01,77.74,Paid,0,0,0
INV-0011954,CUST-101993,2026-04-01,78.65,Paid,0,0,0
INV-0011955,CUST-101993,2026-05-01,72.65,Paid,0,0,0
INV-0011956,CUST-101993,2026-06-01,77.85,Paid,0,0,0
INV-0011957,CUST-101993,2026-07-01,79.29,Paid,0,0,0
INV-0011958,CUST-101993,2026-08-01,76.8,Late,19,0,0
INV-0011959,CUST-101994,2026-03-01,28.62,Paid,0,0,0
INV-0011960,CUST-101994,2026-04-01,28.32,Paid,0,0,0
INV-0011961,CUST-101994,2026-05-01,29.66,Paid,0,0,0
INV-0011962,CUST-101994,2026-06-01,28.66,Late,28,0,0
INV-0011963,CUST-101994,2026-07-01,28.77,Paid,0,0,0
INV-0011964,CUST-101994,2026-08-01,28.36,Paid,0,0,0
INV-0011965,CUST-101995,2026-03-01,83.46,Paid,0,0,0
INV-0011966,CUST-101995,2026-04-01,83.74,Paid,0,0,0
INV-0011967,CUST-101995,2026-05-01,86.57,Paid,0,0,0
INV-0011968,CUST-101995,2026-06-01,88.66,Paid,0,0,0
INV-0011969,CUST-101995,2026-07-01,87.0,Paid,0,0,0
INV-0011970,CUST-101995,2026-08-01,84.85,Paid,0,0,0
INV-0011971,CUST-101996,2026-03-01,150.44,Paid,0,0,0
INV-0011972,CUST-101996,2026-04-01,148.47,Paid,0,0,0
INV-0011973,CUST-101996,2026-05-01,155.09,Paid,0,0,0
INV-0011974,CUST-101996,2026-06-01,153.09,Paid,0,0,0
INV-0011975,CUST-101996,2026-07-01,153.86,Paid,0,0,0
INV-0011976,CUST-101996,2026-08-01,149.1,Paid,0,0,0
INV-0011977,CUST-101997,2026-03-01,28.7,Paid,0,0,0
INV-0011978,CUST-101997,2026-04-01,29.77,Paid,0,0,0
INV-0011979,CUST-101997,2026-05-01,29.98,Paid,0,0,0
INV-0011980,CUST-101997,2026-06-01,30.14,Paid,0,0,0
INV-0011981,CUST-101997,2026-07-01,30.79,Paid,0,0,0
INV-0011982,CUST-101997,2026-08-01,29.73,Paid,0,0,0
INV-0011983,CUST-101998,2026-03-01,42.89,Late,30,0,0
INV-0011984,CUST-101998,2026-04-01,41.83,Paid,0,0,0
INV-0011985,CUST-101998,2026-05-01,41.55,Paid,0,0,0
INV-0011986,CUST-101998,2026-06-01,53.4,Late,22,1,1
INV-0011987,CUST-101998,2026-07-01,40.98,Paid,0,0,0
INV-0011988,CUST-101998,2026-08-01,40.31,Paid,0,1,1
INV-0011989,CUST-101999,2026-03-01,40.12,Paid,0,0,0
INV-0011990,CUST-101999,2026-04-01,38.83,Paid,0,0,0
INV-0011991,CUST-101999,2026-05-01,39.38,Paid,0,0,0
INV-0011992,CUST-101999,2026-06-01,39.96,Paid,0,0,0
INV-0011993,CUST-101999,2026-07-01,38.84,Paid,0,0,0
INV-0011994,CUST-101999,2026-08-01,39.3,Paid,0,0,0
INV-0011995,CUST-102000,2026-03-01,33.84,Paid,0,0,0
INV-0011996,CUST-102000,2026-04-01,33.52,Paid,0,0,0
INV-0011997,CUST-102000,2026-05-01,33.55,Paid,0,1,0
INV-0011998,CUST-102000,2026-06-01,33.71,Paid,0,0,0
INV-0011999,CUST-102000,2026-07-01,32.83,Paid,0,0,0
INV-0012000,CUST-102000,2026-08-01,35.18,Paid,0,0,0
INV-0012001,CUST-102001,2026-03-01,70.02,Paid,0,0,0
INV-0012002,CUST-102001,2026-04-01,70.97,Paid,0,0,0
INV-0012003,CUST-102001,2026-05-01,72.94,Paid,0,0,0
INV-0012004,CUST-102001,2026-06-01,69.22,Paid,0,0,0
INV-0012005,CUST-102001,2026-07-01,73.86,Paid,0,0,0
INV-0012006,CUST-102001,2026-08-01,70.49,Paid,0,0,0
INV-0012007,CUST-102002,2026-03-01,89.07,Paid,0,0,0
INV-0012008,CUST-102002,2026-04-01,87.61,Paid,0,0,0
INV-0012009,CUST-102002,2026-05-01,86.06,Paid,0,0,0
INV-0012010,CUST-102002,2026-06-01,84.05,Paid,0,0,0
INV-0012011,CUST-102002,2026-07-01,84.3,Paid,0,0,0
INV-0012012,CUST-102002,2026-08-01,84.27,Paid,0,0,0
INV-0012013,CUST-102003,2026-03-01,71.99,Paid,0,0,0
INV-0012014,CUST-102003,2026-04-01,72.89,Paid,0,0,0
INV-0012015,CUST-102003,2026-05-01,77.81,Paid,0,0,0
INV-0012016,CUST-102003,2026-06-01,79.46,Paid,0,0,0
INV-0012017,CUST-102003,2026-07-01,75.08,Paid,0,0,0
INV-0012018,CUST-102003,2026-08-01,77.64,Paid,0,0,0
INV-0012019,CUST-102004,2026-03-01,178.07,Paid,0,0,0
INV-0012020,CUST-102004,2026-04-01,183.67,Paid,0,0,0
INV-0012021,CUST-102004,2026-05-01,178.14,Paid,0,0,0
INV-0012022,CUST-102004,2026-06-01,178.66,Paid,0,0,0
INV-0012023,CUST-102004,2026-07-01,184.76,Paid,0,0,0
INV-0012024,CUST-102004,2026-08-01,174.03,Paid,0,0,0
INV-0012025,CUST-102005,2026-03-01,122.54,Paid,0,0,0
INV-0012026,CUST-102005,2026-04-01,119.68,Paid,0,0,0
INV-0012027,CUST-102005,2026-05-01,119.96,Paid,0,0,0
INV-0012028,CUST-102005,2026-06-01,119.83,Late,17,0,0
INV-0012029,CUST-102005,2026-07-01,127.06,Paid,0,0,0
INV-0012030,CUST-102005,2026-08-01,120.7,Paid,0,0,0
INV-0012031,CUST-102006,2026-03-01,173.89,Paid,0,0,0
INV-0012032,CUST-102006,2026-04-01,172.05,Paid,0,0,0
INV-0012033,CUST-102006,2026-05-01,173.97,Paid,0,0,0
INV-0012034,CUST-102006,2026-06-01,176.2,Paid,0,0,0
INV-0012035,CUST-102006,2026-07-01,173.99,Paid,0,0,0
INV-0012036,CUST-102006,2026-08-01,180.15,Paid,0,0,0
INV-0012037,CUST-102007,2026-03-01,78.8,Paid,0,0,0
INV-0012038,CUST-102007,2026-04-01,75.96,Paid,0,0,0
INV-0012039,CUST-102007,2026-05-01,74.74,Paid,0,1,0
INV-0012040,CUST-102007,2026-06-01,79.17,Late,10,0,0
INV-0012041,CUST-102007,2026-07-01,75.09,Paid,0,0,0
INV-0012042,CUST-102007,2026-08-01,75.81,Paid,0,0,0
INV-0012043,CUST-102008,2026-03-01,338.58,Paid,0,0,0
INV-0012044,CUST-102008,2026-04-01,322.09,Paid,0,0,0
INV-0012045,CUST-102008,2026-05-01,323.18,Paid,0,0,0
INV-0012046,CUST-102008,2026-06-01,332.11,Paid,0,0,0
INV-0012047,CUST-102008,2026-07-01,328.58,Late,13,0,0
INV-0012048,CUST-102008,2026-08-01,323.63,Paid,0,0,0
INV-0012049,CUST-102009,2026-03-01,450.61,Paid,0,0,0
INV-0012050,CUST-102009,2026-04-01,445.9,Late,5,0,0
INV-0012051,CUST-102009,2026-05-01,471.68,Paid,0,0,0
INV-0012052,CUST-102009,2026-06-01,462.3,Paid,0,0,0
INV-0012053,CUST-102009,2026-07-01,463.8,Late,14,0,0
INV-0012054,CUST-102009,2026-08-01,468.8,Paid,0,0,0
INV-0012055,CUST-102010,2026-03-01,24.65,Paid,0,0,0
INV-0012056,CUST-102010,2026-04-01,24.99,Paid,0,0,0
INV-0012057,CUST-102010,2026-05-01,25.21,Paid,0,0,0
INV-0012058,CUST-102010,2026-06-01,24.77,Paid,0,0,0
INV-0012059,CUST-102010,2026-07-01,24.6,Paid,0,0,0
INV-0012060,CUST-102010,2026-08-01,25.2,Paid,0,0,0
INV-0012061,CUST-102011,2026-03-01,76.62,Paid,0,0,0
INV-0012062,CUST-102011,2026-04-01,72.8,Paid,0,0,0
INV-0012063,CUST-102011,2026-05-01,74.48,Paid,0,0,0
INV-0012064,CUST-102011,2026-06-01,77.14,Paid,0,0,0
INV-0012065,CUST-102011,2026-07-01,73.37,Paid,0,0,0
INV-0012066,CUST-102011,2026-08-01,73.31,Paid,0,0,0
INV-0012067,CUST-102012,2026-03-01,37.02,Late,11,0,0
INV-0012068,CUST-102012,2026-04-01,46.08,Paid,0,1,0
INV-0012069,CUST-102012,2026-05-01,36.45,Paid,0,0,0
INV-0012070,CUST-102012,2026-06-01,36.84,Paid,0,1,1
INV-0012071,CUST-102012,2026-07-01,36.08,Late,20,1,0
INV-0012072,CUST-102012,2026-08-01,46.35,Paid,0,0,0
INV-0012073,CUST-102013,2026-03-01,35.23,Paid,0,0,0
INV-0012074,CUST-102013,2026-04-01,36.79,Paid,0,0,0
INV-0012075,CUST-102013,2026-05-01,36.45,Paid,0,0,0
INV-0012076,CUST-102013,2026-06-01,35.56,Paid,0,0,0
INV-0012077,CUST-102013,2026-07-01,37.72,Paid,0,0,0
INV-0012078,CUST-102013,2026-08-01,34.6,Paid,0,1,0
INV-0012079,CUST-102014,2026-03-01,168.24,Paid,0,0,0
INV-0012080,CUST-102014,2026-04-01,173.07,Paid,0,0,0
INV-0012081,CUST-102014,2026-05-01,175.84,Paid,0,0,0
INV-0012082,CUST-102014,2026-06-01,168.97,Paid,0,0,0
INV-0012083,CUST-102014,2026-07-01,175.19,Paid,0,0,0
INV-0012084,CUST-102014,2026-08-01,175.73,Paid,0,0,0
INV-0012085,CUST-102015,2026-03-01,46.11,Paid,0,0,0
INV-0012086,CUST-102015,2026-04-01,45.68,Paid,0,0,0
INV-0012087,CUST-102015,2026-05-01,44.03,Paid,0,0,0
INV-0012088,CUST-102015,2026-06-01,42.74,Paid,0,0,0
INV-0012089,CUST-102015,2026-07-01,46.4,Late,17,0,0
INV-0012090,CUST-102015,2026-08-01,43.49,Paid,0,0,0
INV-0012091,CUST-102016,2026-03-01,79.45,Paid,0,0,0
INV-0012092,CUST-102016,2026-04-01,80.61,Paid,0,0,0
INV-0012093,CUST-102016,2026-05-01,81.77,Late,14,0,0
INV-0012094,CUST-102016,2026-06-01,78.09,Paid,0,0,0
INV-0012095,CUST-102016,2026-07-01,83.07,Paid,0,0,0
INV-0012096,CUST-102016,2026-08-01,82.81,Paid,0,0,0
INV-0012097,CUST-102017,2026-03-01,35.72,Paid,0,0,0
INV-0012098,CUST-102017,2026-04-01,35.37,Paid,0,0,0
INV-0012099,CUST-102017,2026-05-01,36.31,Paid,0,0,0
INV-0012100,CUST-102017,2026-06-01,35.1,Paid,0,0,0
INV-0012101,CUST-102017,2026-07-01,35.04,Paid,0,0,0
INV-0012102,CUST-102017,2026-08-01,34.5,Paid,0,0,0
INV-0012103,CUST-102018,2026-03-01,172.93,Paid,0,0,0
INV-0012104,CUST-102018,2026-04-01,184.67,Paid,0,0,0
INV-0012105,CUST-102018,2026-05-01,171.84,Paid,0,0,0
INV-0012106,CUST-102018,2026-06-01,180.57,Paid,0,0,0
INV-0012107,CUST-102018,2026-07-01,184.91,Paid,0,0,0
INV-0012108,CUST-102018,2026-08-01,180.08,Paid,0,0,0
INV-0012109,CUST-102019,2026-03-01,420.99,Paid,0,0,0
INV-0012110,CUST-102019,2026-04-01,360.19,Paid,0,0,0
INV-0012111,CUST-102019,2026-05-01,466.83,Paid,0,0,0
INV-0012112,CUST-102019,2026-06-01,349.43,Paid,0,0,0
INV-0012113,CUST-102019,2026-07-01,363.39,Paid,0,0,0
INV-0012114,CUST-102019,2026-08-01,324.65,Paid,0,0,0
INV-0012115,CUST-102020,2026-03-01,128.12,Paid,0,0,0
INV-0012116,CUST-102020,2026-04-01,129.27,Paid,0,0,0
INV-0012117,CUST-102020,2026-05-01,124.78,Paid,0,0,0
INV-0012118,CUST-102020,2026-06-01,121.04,Paid,0,0,0
INV-0012119,CUST-102020,2026-07-01,125.38,Paid,0,0,0
INV-0012120,CUST-102020,2026-08-01,120.24,Paid,0,0,0
INV-0012121,CUST-102021,2026-03-01,392.16,Late,14,0,0
INV-0012122,CUST-102021,2026-04-01,395.96,Paid,0,1,1
INV-0012123,CUST-102021,2026-05-01,405.22,Paid,0,0,0
INV-0012124,CUST-102021,2026-06-01,395.82,Paid,0,0,0
INV-0012125,CUST-102021,2026-07-01,400.05,Paid,0,1,0
INV-0012126,CUST-102021,2026-08-01,382.23,Paid,0,0,0
INV-0012127,CUST-102022,2026-03-01,42.57,Paid,0,0,0
INV-0012128,CUST-102022,2026-04-01,31.42,Paid,0,0,0
INV-0012129,CUST-102022,2026-05-01,32.0,Late,4,0,0
INV-0012130,CUST-102022,2026-06-01,32.14,Paid,0,0,0
INV-0012131,CUST-102022,2026-07-01,32.38,Paid,0,0,0
INV-0012132,CUST-102022,2026-08-01,31.67,Paid,0,0,0
INV-0012133,CUST-102023,2026-03-01,22.17,Paid,0,0,0
INV-0012134,CUST-102023,2026-04-01,21.82,Paid,0,0,0
INV-0012135,CUST-102023,2026-05-01,22.75,Paid,0,0,0
INV-0012136,CUST-102023,2026-06-01,21.99,Paid,0,0,0
INV-0012137,CUST-102023,2026-07-01,23.15,Paid,0,0,0
INV-0012138,CUST-102023,2026-08-01,21.24,Paid,0,0,0
INV-0012139,CUST-102024,2026-03-01,99.0,Paid,0,0,0
INV-0012140,CUST-102024,2026-04-01,98.84,Paid,0,0,0
INV-0012141,CUST-102024,2026-05-01,101.26,Paid,0,0,0
INV-0012142,CUST-102024,2026-06-01,99.87,Paid,0,0,0
INV-0012143,CUST-102024,2026-07-01,98.65,Paid,0,0,0
INV-0012144,CUST-102024,2026-08-01,99.79,Paid,0,0,0
INV-0012145,CUST-102025,2026-03-01,187.59,Paid,0,0,0
INV-0012146,CUST-102025,2026-04-01,182.41,Paid,0,0,0
INV-0012147,CUST-102025,2026-05-01,184.51,Paid,0,0,0
INV-0012148,CUST-102025,2026-06-01,182.91,Late,15,0,0
INV-0012149,CUST-102025,2026-07-01,186.92,Paid,0,0,0
INV-0012150,CUST-102025,2026-08-01,174.55,Paid,0,0,0
INV-0012151,CUST-102026,2026-03-01,36.21,Paid,0,0,0
INV-0012152,CUST-102026,2026-04-01,35.61,Paid,0,0,0
INV-0012153,CUST-102026,2026-05-01,35.39,Paid,0,0,0
INV-0012154,CUST-102026,2026-06-01,37.4,Paid,0,0,0
INV-0012155,CUST-102026,2026-07-01,35.39,Paid,0,0,0
INV-0012156,CUST-102026,2026-08-01,38.82,Paid,0,0,0
INV-0012157,CUST-102027,2026-03-01,40.32,Paid,0,0,0
INV-0012158,CUST-102027,2026-04-01,37.14,Paid,0,0,0
INV-0012159,CUST-102027,2026-05-01,38.67,Paid,0,0,0
INV-0012160,CUST-102027,2026-06-01,36.72,Paid,0,1,1
INV-0012161,CUST-102027,2026-07-01,39.35,Paid,0,0,0
INV-0012162,CUST-102027,2026-08-01,38.56,Paid,0,0,0
INV-0012163,CUST-102028,2026-03-01,29.74,Paid,0,0,0
INV-0012164,CUST-102028,2026-04-01,29.99,Paid,0,0,0
INV-0012165,CUST-102028,2026-05-01,30.84,Paid,0,0,0
INV-0012166,CUST-102028,2026-06-01,28.91,Paid,0,0,0
INV-0012167,CUST-102028,2026-07-01,30.07,Paid,0,0,0
INV-0012168,CUST-102028,2026-08-01,29.51,Paid,0,0,0
INV-0012169,CUST-102029,2026-03-01,35.83,Late,17,1,1
INV-0012170,CUST-102029,2026-04-01,35.54,Paid,0,0,0
INV-0012171,CUST-102029,2026-05-01,32.85,Late,5,0,0
INV-0012172,CUST-102029,2026-06-01,34.72,Paid,0,0,0
INV-0012173,CUST-102029,2026-07-01,32.88,Late,24,1,0
INV-0012174,CUST-102029,2026-08-01,34.99,Late,8,0,0
INV-0012175,CUST-102030,2026-03-01,35.53,Paid,0,0,0
INV-0012176,CUST-102030,2026-04-01,38.2,Paid,0,0,0
INV-0012177,CUST-102030,2026-05-01,37.61,Paid,0,0,0
INV-0012178,CUST-102030,2026-06-01,37.97,Paid,0,0,0
INV-0012179,CUST-102030,2026-07-01,36.7,Paid,0,0,0
INV-0012180,CUST-102030,2026-08-01,38.75,Paid,0,1,0
INV-0012181,CUST-102031,2026-03-01,36.55,Paid,0,0,0
INV-0012182,CUST-102031,2026-04-01,37.45,Paid,0,0,0
INV-0012183,CUST-102031,2026-05-01,38.02,Paid,0,0,0
INV-0012184,CUST-102031,2026-06-01,39.0,Paid,0,0,0
INV-0012185,CUST-102031,2026-07-01,35.57,Paid,0,0,0
INV-0012186,CUST-102031,2026-08-01,37.56,Paid,0,0,0
INV-0012187,CUST-102032,2026-03-01,37.43,Paid,0,0,0
INV-0012188,CUST-102032,2026-04-01,36.26,Late,9,0,0
INV-0012189,CUST-102032,2026-05-01,37.69,Paid,0,0,0
INV-0012190,CUST-102032,2026-06-01,35.47,Paid,0,0,0
INV-0012191,CUST-102032,2026-07-01,35.57,Paid,0,0,0
INV-0012192,CUST-102032,2026-08-01,36.21,Paid,0,0,0
INV-0012193,CUST-102033,2026-03-01,29.17,Paid,0,0,0
INV-0012194,CUST-102033,2026-04-01,28.4,Paid,0,0,0
INV-0012195,CUST-102033,2026-05-01,28.09,Paid,0,0,0
INV-0012196,CUST-102033,2026-06-01,29.07,Late,19,0,0
INV-0012197,CUST-102033,2026-07-01,29.61,Paid,0,1,0
INV-0012198,CUST-102033,2026-08-01,30.51,Paid,0,0,0
INV-0012199,CUST-102034,2026-03-01,34.43,Paid,0,0,0
INV-0012200,CUST-102034,2026-04-01,34.77,Paid,0,0,0
INV-0012201,CUST-102034,2026-05-01,33.75,Paid,0,0,0
INV-0012202,CUST-102034,2026-06-01,33.02,Paid,0,0,0
INV-0012203,CUST-102034,2026-07-01,32.98,Paid,0,0,0
INV-0012204,CUST-102034,2026-08-01,33.77,Paid,0,0,0
INV-0012205,CUST-102035,2026-03-01,152.59,Paid,0,0,0
INV-0012206,CUST-102035,2026-04-01,149.37,Paid,0,0,0
INV-0012207,CUST-102035,2026-05-01,148.84,Late,17,0,0
INV-0012208,CUST-102035,2026-06-01,155.59,Paid,0,0,0
INV-0012209,CUST-102035,2026-07-01,151.97,Paid,0,0,0
INV-0012210,CUST-102035,2026-08-01,151.68,Paid,0,0,0
INV-0012211,CUST-102036,2026-03-01,165.81,Paid,0,0,0
INV-0012212,CUST-102036,2026-04-01,164.99,Paid,0,0,0
INV-0012213,CUST-102036,2026-05-01,163.16,Paid,0,0,0
INV-0012214,CUST-102036,2026-06-01,166.24,Paid,0,0,0
INV-0012215,CUST-102036,2026-07-01,160.67,Paid,0,0,0
INV-0012216,CUST-102036,2026-08-01,166.82,Paid,0,1,0
INV-0012217,CUST-102037,2026-03-01,187.55,Paid,0,0,0
INV-0012218,CUST-102037,2026-04-01,178.59,Paid,0,0,0
INV-0012219,CUST-102037,2026-05-01,183.76,Paid,0,0,0
INV-0012220,CUST-102037,2026-06-01,188.0,Paid,0,0,0
INV-0012221,CUST-102037,2026-07-01,172.96,Paid,0,0,0
INV-0012222,CUST-102037,2026-08-01,185.1,Paid,0,0,0
INV-0012223,CUST-102038,2026-03-01,83.96,Late,23,1,1
INV-0012224,CUST-102038,2026-04-01,86.27,Paid,0,0,0
INV-0012225,CUST-102038,2026-05-01,87.14,Paid,0,0,0
INV-0012226,CUST-102038,2026-06-01,87.92,Paid,0,0,0
INV-0012227,CUST-102038,2026-07-01,81.97,Paid,0,0,0
INV-0012228,CUST-102038,2026-08-01,87.58,Late,7,0,0
INV-0012229,CUST-102039,2026-03-01,160.94,Paid,0,0,0
INV-0012230,CUST-102039,2026-04-01,152.58,Paid,0,0,0
INV-0012231,CUST-102039,2026-05-01,173.15,Late,33,0,0
INV-0012232,CUST-102039,2026-06-01,149.1,Paid,0,0,0
INV-0012233,CUST-102039,2026-07-01,148.44,Paid,0,1,1
INV-0012234,CUST-102039,2026-08-01,146.08,Paid,0,0,0
INV-0012235,CUST-102040,2026-03-01,188.73,Paid,0,0,0
INV-0012236,CUST-102040,2026-04-01,197.76,Paid,0,0,0
INV-0012237,CUST-102040,2026-05-01,199.22,Paid,0,0,0
INV-0012238,CUST-102040,2026-06-01,195.13,Paid,0,0,0
INV-0012239,CUST-102040,2026-07-01,196.02,Paid,0,0,0
INV-0012240,CUST-102040,2026-08-01,201.16,Paid,0,0,0
INV-0012241,CUST-102041,2026-03-01,166.88,Paid,0,0,0
INV-0012242,CUST-102041,2026-04-01,168.33,Paid,0,0,0
INV-0012243,CUST-102041,2026-05-01,166.3,Paid,0,1,0
INV-0012244,CUST-102041,2026-06-01,165.0,Paid,0,0,0
INV-0012245,CUST-102041,2026-07-01,162.1,Paid,0,0,0
INV-0012246,CUST-102041,2026-08-01,166.83,Paid,0,0,0
INV-0012247,CUST-102042,2026-03-01,194.48,Paid,0,0,0
INV-0012248,CUST-102042,2026-04-01,200.97,Paid,0,0,0
INV-0012249,CUST-102042,2026-05-01,197.67,Paid,0,0,0
INV-0012250,CUST-102042,2026-06-01,195.9,Late,32,0,0
INV-0012251,CUST-102042,2026-07-01,214.08,Paid,0,0,0
INV-0012252,CUST-102042,2026-08-01,198.81,Paid,0,0,0
INV-0012253,CUST-102043,2026-03-01,36.86,Paid,0,0,0
INV-0012254,CUST-102043,2026-04-01,34.75,Paid,0,1,1
INV-0012255,CUST-102043,2026-05-01,36.6,Paid,0,0,0
INV-0012256,CUST-102043,2026-06-01,36.53,Paid,0,0,0
INV-0012257,CUST-102043,2026-07-01,36.11,Paid,0,0,0
INV-0012258,CUST-102043,2026-08-01,35.53,Paid,0,0,0
INV-0012259,CUST-102044,2026-03-01,33.16,Paid,0,0,0
INV-0012260,CUST-102044,2026-04-01,34.7,Paid,0,0,0
INV-0012261,CUST-102044,2026-05-01,34.2,Paid,0,0,0
INV-0012262,CUST-102044,2026-06-01,34.22,Paid,0,0,0
INV-0012263,CUST-102044,2026-07-01,33.38,Paid,0,0,0
INV-0012264,CUST-102044,2026-08-01,33.0,Paid,0,0,0
INV-0012265,CUST-102045,2026-03-01,33.56,Paid,0,0,0
INV-0012266,CUST-102045,2026-04-01,31.92,Paid,0,0,0
INV-0012267,CUST-102045,2026-05-01,32.11,Late,23,0,0
INV-0012268,CUST-102045,2026-06-01,31.5,Paid,0,0,0
INV-0012269,CUST-102045,2026-07-01,32.16,Paid,0,0,0
INV-0012270,CUST-102045,2026-08-01,31.88,Paid,0,0,0
INV-0012271,CUST-102046,2026-03-01,75.25,Late,27,0,0
INV-0012272,CUST-102046,2026-04-01,76.62,Late,3,0,0
INV-0012273,CUST-102046,2026-05-01,74.94,Paid,0,0,0
INV-0012274,CUST-102046,2026-06-01,77.71,Paid,0,0,0
INV-0012275,CUST-102046,2026-07-01,76.9,Late,27,0,0
INV-0012276,CUST-102046,2026-08-01,77.29,Paid,0,0,0
INV-0012277,CUST-102047,2026-03-01,130.28,Paid,0,0,0
INV-0012278,CUST-102047,2026-04-01,131.56,Paid,0,0,0
INV-0012279,CUST-102047,2026-05-01,129.59,Paid,0,0,0
INV-0012280,CUST-102047,2026-06-01,129.93,Paid,0,0,0
INV-0012281,CUST-102047,2026-07-01,132.5,Paid,0,0,0
INV-0012282,CUST-102047,2026-08-01,133.66,Paid,0,0,0
INV-0012283,CUST-102048,2026-03-01,38.4,Paid,0,0,0
INV-0012284,CUST-102048,2026-04-01,37.97,Paid,0,0,0
INV-0012285,CUST-102048,2026-05-01,39.01,Paid,0,0,0
INV-0012286,CUST-102048,2026-06-01,37.97,Paid,0,0,0
INV-0012287,CUST-102048,2026-07-01,37.99,Paid,0,0,0
INV-0012288,CUST-102048,2026-08-01,38.6,Paid,0,0,0
INV-0012289,CUST-102049,2026-03-01,497.87,Paid,0,0,0
INV-0012290,CUST-102049,2026-04-01,362.73,Paid,0,1,1
INV-0012291,CUST-102049,2026-05-01,436.36,Paid,0,1,0
INV-0012292,CUST-102049,2026-06-01,362.49,Paid,0,1,0
INV-0012293,CUST-102049,2026-07-01,368.87,Paid,0,1,1
INV-0012294,CUST-102049,2026-08-01,368.43,Paid,0,1,0
INV-0012295,CUST-102050,2026-03-01,25.42,Paid,0,0,0
INV-0012296,CUST-102050,2026-04-01,24.77,Late,3,0,0
INV-0012297,CUST-102050,2026-05-01,24.76,Paid,0,0,0
INV-0012298,CUST-102050,2026-06-01,24.59,Paid,0,0,0
INV-0012299,CUST-102050,2026-07-01,24.47,Paid,0,0,0
INV-0012300,CUST-102050,2026-08-01,24.71,Paid,0,0,0
INV-0012301,CUST-102051,2026-03-01,76.14,Paid,0,0,0
INV-0012302,CUST-102051,2026-04-01,75.8,Paid,0,0,0
INV-0012303,CUST-102051,2026-05-01,82.23,Paid,0,0,0
INV-0012304,CUST-102051,2026-06-01,79.5,Paid,0,0,0
INV-0012305,CUST-102051,2026-07-01,78.73,Paid,0,0,0
INV-0012306,CUST-102051,2026-08-01,76.9,Late,29,0,0
INV-0012307,CUST-102052,2026-03-01,91.5,Paid,0,0,0
INV-0012308,CUST-102052,2026-04-01,91.87,Paid,0,0,0
INV-0012309,CUST-102052,2026-05-01,88.64,Paid,0,0,0
INV-0012310,CUST-102052,2026-06-01,87.82,Paid,0,0,0
INV-0012311,CUST-102052,2026-07-01,89.07,Paid,0,0,0
INV-0012312,CUST-102052,2026-08-01,92.5,Paid,0,0,0
INV-0012313,CUST-102053,2026-03-01,367.91,Paid,0,0,0
INV-0012314,CUST-102053,2026-04-01,366.56,Paid,0,0,0
INV-0012315,CUST-102053,2026-05-01,371.7,Paid,0,0,0
INV-0012316,CUST-102053,2026-06-01,372.7,Paid,0,0,0
INV-0012317,CUST-102053,2026-07-01,376.83,Paid,0,0,0
INV-0012318,CUST-102053,2026-08-01,373.14,Paid,0,0,0
INV-0012319,CUST-102054,2026-03-01,82.51,Late,32,0,0
INV-0012320,CUST-102054,2026-04-01,84.06,Paid,0,0,0
INV-0012321,CUST-102054,2026-05-01,80.32,Paid,0,1,0
INV-0012322,CUST-102054,2026-06-01,84.12,Late,18,1,0
INV-0012323,CUST-102054,2026-07-01,83.69,Paid,0,0,0
INV-0012324,CUST-102054,2026-08-01,82.97,Paid,0,0,0
INV-0012325,CUST-102055,2026-03-01,38.75,Paid,0,0,0
INV-0012326,CUST-102055,2026-04-01,30.06,Late,22,1,0
INV-0012327,CUST-102055,2026-05-01,30.22,Paid,0,0,0
INV-0012328,CUST-102055,2026-06-01,31.45,Paid,0,0,0
INV-0012329,CUST-102055,2026-07-01,30.81,Late,14,0,0
INV-0012330,CUST-102055,2026-08-01,30.48,Paid,0,0,0
INV-0012331,CUST-102056,2026-03-01,43.51,Paid,0,1,0
INV-0012332,CUST-102056,2026-04-01,30.91,Paid,0,0,0
INV-0012333,CUST-102056,2026-05-01,31.8,Paid,0,1,1
INV-0012334,CUST-102056,2026-06-01,31.84,Late,4,1,1
INV-0012335,CUST-102056,2026-07-01,33.64,Late,7,1,0
INV-0012336,CUST-102056,2026-08-01,32.77,Paid,0,1,0
INV-0012337,CUST-102057,2026-03-01,389.04,Paid,0,0,0
INV-0012338,CUST-102057,2026-04-01,398.59,Paid,0,0,0
INV-0012339,CUST-102057,2026-05-01,381.98,Paid,0,0,0
INV-0012340,CUST-102057,2026-06-01,400.99,Paid,0,0,0
INV-0012341,CUST-102057,2026-07-01,397.24,Paid,0,0,0
INV-0012342,CUST-102057,2026-08-01,408.99,Paid,0,0,0
INV-0012343,CUST-102058,2026-03-01,35.27,Paid,0,0,0
INV-0012344,CUST-102058,2026-04-01,49.83,Paid,0,0,0
INV-0012345,CUST-102058,2026-05-01,37.0,Paid,0,0,0
INV-0012346,CUST-102058,2026-06-01,46.27,Late,3,1,0
INV-0012347,CUST-102058,2026-07-01,36.84,Paid,0,1,0
INV-0012348,CUST-102058,2026-08-01,36.68,Paid,0,0,0
INV-0012349,CUST-102059,2026-03-01,83.43,Paid,0,0,0
INV-0012350,CUST-102059,2026-04-01,83.68,Paid,0,0,0
INV-0012351,CUST-102059,2026-05-01,79.83,Paid,0,1,1
INV-0012352,CUST-102059,2026-06-01,80.95,Paid,0,0,0
INV-0012353,CUST-102059,2026-07-01,81.29,Paid,0,0,0
INV-0012354,CUST-102059,2026-08-01,84.03,Paid,0,0,0
INV-0012355,CUST-102060,2026-03-01,41.64,Paid,0,0,0
INV-0012356,CUST-102060,2026-04-01,40.3,Paid,0,0,0
INV-0012357,CUST-102060,2026-05-01,42.41,Paid,0,0,0
INV-0012358,CUST-102060,2026-06-01,42.66,Paid,0,0,0
INV-0012359,CUST-102060,2026-07-01,42.43,Paid,0,0,0
INV-0012360,CUST-102060,2026-08-01,40.59,Paid,0,0,0
INV-0012361,CUST-102061,2026-03-01,69.11,Late,18,0,0
INV-0012362,CUST-102061,2026-04-01,74.08,Paid,0,0,0
INV-0012363,CUST-102061,2026-05-01,72.92,Paid,0,0,0
INV-0012364,CUST-102061,2026-06-01,76.34,Paid,0,0,0
INV-0012365,CUST-102061,2026-07-01,73.12,Late,31,1,1
INV-0012366,CUST-102061,2026-08-01,71.75,Paid,0,0,0
INV-0012367,CUST-102062,2026-03-01,101.64,Paid,0,0,0
INV-0012368,CUST-102062,2026-04-01,99.71,Paid,0,0,0
INV-0012369,CUST-102062,2026-05-01,102.66,Paid,0,0,0
INV-0012370,CUST-102062,2026-06-01,101.18,Paid,0,0,0
INV-0012371,CUST-102062,2026-07-01,100.75,Paid,0,0,0
INV-0012372,CUST-102062,2026-08-01,100.52,Paid,0,0,0
INV-0012373,CUST-102063,2026-03-01,69.34,Paid,0,0,0
INV-0012374,CUST-102063,2026-04-01,66.33,Paid,0,0,0
INV-0012375,CUST-102063,2026-05-01,66.73,Paid,0,0,0
INV-0012376,CUST-102063,2026-06-01,69.54,Paid,0,0,0
INV-0012377,CUST-102063,2026-07-01,69.22,Paid,0,0,0
INV-0012378,CUST-102063,2026-08-01,68.55,Paid,0,0,0
INV-0012379,CUST-102064,2026-03-01,78.37,Paid,0,1,0
INV-0012380,CUST-102064,2026-04-01,76.9,Paid,0,1,0
INV-0012381,CUST-102064,2026-05-01,101.68,Late,34,1,1
INV-0012382,CUST-102064,2026-06-01,79.69,Paid,0,0,0
INV-0012383,CUST-102064,2026-07-01,87.94,Paid,0,0,0
INV-0012384,CUST-102064,2026-08-01,78.52,Paid,0,0,0
INV-0012385,CUST-102065,2026-03-01,71.11,Paid,0,0,0
INV-0012386,CUST-102065,2026-04-01,70.31,Paid,0,0,0
INV-0012387,CUST-102065,2026-05-01,74.01,Paid,0,0,0
INV-0012388,CUST-102065,2026-06-01,71.09,Paid,0,0,0
INV-0012389,CUST-102065,2026-07-01,73.61,Paid,0,0,0
INV-0012390,CUST-102065,2026-08-01,68.09,Paid,0,0,0
INV-0012391,CUST-102066,2026-03-01,37.77,Paid,0,0,0
INV-0012392,CUST-102066,2026-04-01,37.46,Paid,0,0,0
INV-0012393,CUST-102066,2026-05-01,36.68,Paid,0,0,0
INV-0012394,CUST-102066,2026-06-01,39.21,Paid,0,0,0
INV-0012395,CUST-102066,2026-07-01,36.8,Paid,0,0,0
INV-0012396,CUST-102066,2026-08-01,37.95,Paid,0,0,0
INV-0012397,CUST-102067,2026-03-01,30.61,Paid,0,0,0
INV-0012398,CUST-102067,2026-04-01,30.31,Paid,0,0,0
INV-0012399,CUST-102067,2026-05-01,30.17,Paid,0,0,0
INV-0012400,CUST-102067,2026-06-01,30.83,Paid,0,0,0
INV-0012401,CUST-102067,2026-07-01,31.05,Paid,0,0,0
INV-0012402,CUST-102067,2026-08-01,32.03,Paid,0,0,0
INV-0012403,CUST-102068,2026-03-01,158.9,Paid,0,0,0
INV-0012404,CUST-102068,2026-04-01,163.89,Paid,0,0,0
INV-0012405,CUST-102068,2026-05-01,158.34,Paid,0,0,0
INV-0012406,CUST-102068,2026-06-01,158.05,Paid,0,0,0
INV-0012407,CUST-102068,2026-07-01,157.16,Paid,0,0,0
INV-0012408,CUST-102068,2026-08-01,170.95,Paid,0,0,0
INV-0012409,CUST-102069,2026-03-01,489.27,Paid,0,0,0
INV-0012410,CUST-102069,2026-04-01,487.9,Paid,0,0,0
INV-0012411,CUST-102069,2026-05-01,457.69,Paid,0,0,0
INV-0012412,CUST-102069,2026-06-01,473.27,Paid,0,0,0
INV-0012413,CUST-102069,2026-07-01,487.09,Paid,0,0,0
INV-0012414,CUST-102069,2026-08-01,495.83,Paid,0,0,0
INV-0012415,CUST-102070,2026-03-01,37.33,Late,34,0,0
INV-0012416,CUST-102070,2026-04-01,38.33,Paid,0,0,0
INV-0012417,CUST-102070,2026-05-01,36.89,Paid,0,0,0
INV-0012418,CUST-102070,2026-06-01,34.94,Paid,0,0,0
INV-0012419,CUST-102070,2026-07-01,36.54,Paid,0,0,0
INV-0012420,CUST-102070,2026-08-01,38.23,Paid,0,0,0
INV-0012421,CUST-102071,2026-03-01,84.06,Paid,0,0,0
INV-0012422,CUST-102071,2026-04-01,88.44,Paid,0,0,0
INV-0012423,CUST-102071,2026-05-01,87.88,Paid,0,0,0
INV-0012424,CUST-102071,2026-06-01,89.95,Paid,0,0,0
INV-0012425,CUST-102071,2026-07-01,87.39,Paid,0,0,0
INV-0012426,CUST-102071,2026-08-01,88.23,Paid,0,0,0
INV-0012427,CUST-102072,2026-03-01,95.59,Paid,0,0,0
INV-0012428,CUST-102072,2026-04-01,80.49,Late,16,0,0
INV-0012429,CUST-102072,2026-05-01,84.05,Paid,0,0,0
INV-0012430,CUST-102072,2026-06-01,81.32,Late,5,0,0
INV-0012431,CUST-102072,2026-07-01,87.85,Paid,0,0,0
INV-0012432,CUST-102072,2026-08-01,82.65,Late,7,0,0
INV-0012433,CUST-102073,2026-03-01,74.25,Paid,0,0,0
INV-0012434,CUST-102073,2026-04-01,75.21,Paid,0,0,0
INV-0012435,CUST-102073,2026-05-01,71.01,Paid,0,0,0
INV-0012436,CUST-102073,2026-06-01,70.99,Paid,0,0,0
INV-0012437,CUST-102073,2026-07-01,76.81,Paid,0,0,0
INV-0012438,CUST-102073,2026-08-01,73.94,Paid,0,0,0
INV-0012439,CUST-102074,2026-03-01,81.46,Paid,0,0,0
INV-0012440,CUST-102074,2026-04-01,79.25,Paid,0,0,0
INV-0012441,CUST-102074,2026-05-01,79.46,Paid,0,0,0
INV-0012442,CUST-102074,2026-06-01,81.51,Paid,0,1,1
INV-0012443,CUST-102074,2026-07-01,79.6,Paid,0,0,0
INV-0012444,CUST-102074,2026-08-01,82.0,Paid,0,0,0
INV-0012445,CUST-102075,2026-03-01,37.94,Paid,0,0,0
INV-0012446,CUST-102075,2026-04-01,39.16,Paid,0,0,0
INV-0012447,CUST-102075,2026-05-01,39.23,Paid,0,0,0
INV-0012448,CUST-102075,2026-06-01,36.87,Paid,0,0,0
INV-0012449,CUST-102075,2026-07-01,39.11,Paid,0,0,0
INV-0012450,CUST-102075,2026-08-01,37.62,Paid,0,0,0
INV-0012451,CUST-102076,2026-03-01,77.04,Paid,0,0,0
INV-0012452,CUST-102076,2026-04-01,76.32,Paid,0,0,0
INV-0012453,CUST-102076,2026-05-01,78.23,Paid,0,0,0
INV-0012454,CUST-102076,2026-06-01,78.22,Paid,0,0,0
INV-0012455,CUST-102076,2026-07-01,77.47,Paid,0,0,0
INV-0012456,CUST-102076,2026-08-01,80.96,Paid,0,0,0
INV-0012457,CUST-102077,2026-03-01,63.07,Paid,0,0,0
INV-0012458,CUST-102077,2026-04-01,62.17,Paid,0,0,0
INV-0012459,CUST-102077,2026-05-01,61.28,Paid,0,0,0
INV-0012460,CUST-102077,2026-06-01,64.64,Paid,0,0,0
INV-0012461,CUST-102077,2026-07-01,62.5,Paid,0,0,0
INV-0012462,CUST-102077,2026-08-01,64.15,Paid,0,0,0
INV-0012463,CUST-102078,2026-03-01,323.82,Paid,0,0,0
INV-0012464,CUST-102078,2026-04-01,320.26,Paid,0,0,0
INV-0012465,CUST-102078,2026-05-01,343.23,Paid,0,0,0
INV-0012466,CUST-102078,2026-06-01,338.98,Paid,0,1,0
INV-0012467,CUST-102078,2026-07-01,314.33,Paid,0,0,0
INV-0012468,CUST-102078,2026-08-01,321.52,Paid,0,0,0
INV-0012469,CUST-102079,2026-03-01,320.2,Paid,0,0,0
INV-0012470,CUST-102079,2026-04-01,309.37,Paid,0,0,0
INV-0012471,CUST-102079,2026-05-01,312.41,Paid,0,1,1
INV-0012472,CUST-102079,2026-06-01,326.06,Paid,0,0,0
INV-0012473,CUST-102079,2026-07-01,323.93,Paid,0,0,0
INV-0012474,CUST-102079,2026-08-01,317.84,Paid,0,0,0
INV-0012475,CUST-102080,2026-03-01,83.38,Paid,0,0,0
INV-0012476,CUST-102080,2026-04-01,84.6,Paid,0,0,0
INV-0012477,CUST-102080,2026-05-01,86.46,Paid,0,0,0
INV-0012478,CUST-102080,2026-06-01,82.19,Paid,0,0,0
INV-0012479,CUST-102080,2026-07-01,91.18,Paid,0,0,0
INV-0012480,CUST-102080,2026-08-01,81.05,Paid,0,0,0
INV-0012481,CUST-102081,2026-03-01,49.25,Paid,0,1,1
INV-0012482,CUST-102081,2026-04-01,43.46,Late,32,1,0
INV-0012483,CUST-102081,2026-05-01,43.11,Paid,0,1,1
INV-0012484,CUST-102081,2026-06-01,55.98,Paid,0,1,0
INV-0012485,CUST-102081,2026-07-01,42.98,Paid,0,0,0
INV-0012486,CUST-102081,2026-08-01,46.03,Paid,0,1,1
INV-0012487,CUST-102082,2026-03-01,33.02,Late,1,0,0
INV-0012488,CUST-102082,2026-04-01,42.96,Paid,0,0,0
INV-0012489,CUST-102082,2026-05-01,32.94,Late,19,1,0
INV-0012490,CUST-102082,2026-06-01,33.93,Late,7,0,0
INV-0012491,CUST-102082,2026-07-01,39.79,Paid,0,1,0
INV-0012492,CUST-102082,2026-08-01,33.03,Paid,0,1,0
INV-0012493,CUST-102083,2026-03-01,33.04,Paid,0,0,0
INV-0012494,CUST-102083,2026-04-01,31.14,Paid,0,0,0
INV-0012495,CUST-102083,2026-05-01,33.21,Paid,0,0,0
INV-0012496,CUST-102083,2026-06-01,32.15,Paid,0,0,0
INV-0012497,CUST-102083,2026-07-01,32.22,Paid,0,0,0
INV-0012498,CUST-102083,2026-08-01,31.3,Paid,0,0,0
INV-0012499,CUST-102084,2026-03-01,37.57,Paid,0,0,0
INV-0012500,CUST-102084,2026-04-01,35.35,Paid,0,0,0
INV-0012501,CUST-102084,2026-05-01,38.43,Paid,0,0,0
INV-0012502,CUST-102084,2026-06-01,37.26,Paid,0,0,0
INV-0012503,CUST-102084,2026-07-01,36.62,Paid,0,0,0
INV-0012504,CUST-102084,2026-08-01,37.35,Paid,0,0,0
INV-0012505,CUST-102085,2026-03-01,93.18,Paid,0,0,0
INV-0012506,CUST-102085,2026-04-01,94.97,Paid,0,0,0
INV-0012507,CUST-102085,2026-05-01,96.94,Paid,0,0,0
INV-0012508,CUST-102085,2026-06-01,89.26,Paid,0,0,0
INV-0012509,CUST-102085,2026-07-01,93.6,Paid,0,0,0
INV-0012510,CUST-102085,2026-08-01,94.39,Paid,0,0,0
INV-0012511,CUST-102086,2026-03-01,77.94,Paid,0,0,0
INV-0012512,CUST-102086,2026-04-01,80.84,Paid,0,0,0
INV-0012513,CUST-102086,2026-05-01,75.38,Paid,0,0,0
INV-0012514,CUST-102086,2026-06-01,74.49,Paid,0,0,0
INV-0012515,CUST-102086,2026-07-01,71.86,Paid,0,0,0
INV-0012516,CUST-102086,2026-08-01,77.47,Paid,0,0,0
INV-0012517,CUST-102087,2026-03-01,27.26,Paid,0,0,0
INV-0012518,CUST-102087,2026-04-01,28.18,Paid,0,0,0
INV-0012519,CUST-102087,2026-05-01,25.96,Paid,0,0,0
INV-0012520,CUST-102087,2026-06-01,27.0,Paid,0,0,0
INV-0012521,CUST-102087,2026-07-01,26.09,Paid,0,0,0
INV-0012522,CUST-102087,2026-08-01,25.41,Paid,0,0,0
INV-0012523,CUST-102088,2026-03-01,35.13,Paid,0,0,0
INV-0012524,CUST-102088,2026-04-01,35.28,Paid,0,0,0
INV-0012525,CUST-102088,2026-05-01,34.74,Paid,0,0,0
INV-0012526,CUST-102088,2026-06-01,35.99,Paid,0,0,0
INV-0012527,CUST-102088,2026-07-01,34.99,Paid,0,0,0
INV-0012528,CUST-102088,2026-08-01,35.28,Paid,0,0,0
INV-0012529,CUST-102089,2026-03-01,44.33,Paid,0,0,0
INV-0012530,CUST-102089,2026-04-01,45.32,Paid,0,0,0
INV-0012531,CUST-102089,2026-05-01,45.0,Paid,0,0,0
INV-0012532,CUST-102089,2026-06-01,47.76,Paid,0,0,0
INV-0012533,CUST-102089,2026-07-01,44.09,Paid,0,0,0
INV-0012534,CUST-102089,2026-08-01,45.91,Paid,0,0,0
INV-0012535,CUST-102090,2026-03-01,140.21,Paid,0,0,0
INV-0012536,CUST-102090,2026-04-01,148.2,Paid,0,0,0
INV-0012537,CUST-102090,2026-05-01,142.7,Paid,0,0,0
INV-0012538,CUST-102090,2026-06-01,145.81,Paid,0,0,0
INV-0012539,CUST-102090,2026-07-01,144.73,Paid,0,0,0
INV-0012540,CUST-102090,2026-08-01,141.67,Paid,0,0,0
INV-0012541,CUST-102091,2026-03-01,178.72,Paid,0,0,0
INV-0012542,CUST-102091,2026-04-01,184.3,Paid,0,0,0
INV-0012543,CUST-102091,2026-05-01,187.04,Paid,0,0,0
INV-0012544,CUST-102091,2026-06-01,186.24,Paid,0,0,0
INV-0012545,CUST-102091,2026-07-01,188.84,Paid,0,0,0
INV-0012546,CUST-102091,2026-08-01,187.89,Paid,0,0,0
INV-0012547,CUST-102092,2026-03-01,77.21,Paid,0,0,0
INV-0012548,CUST-102092,2026-04-01,81.2,Paid,0,0,0
INV-0012549,CUST-102092,2026-05-01,75.55,Paid,0,0,0
INV-0012550,CUST-102092,2026-06-01,79.1,Paid,0,0,0
INV-0012551,CUST-102092,2026-07-01,77.62,Paid,0,0,0
INV-0012552,CUST-102092,2026-08-01,73.66,Paid,0,0,0
INV-0012553,CUST-102093,2026-03-01,30.48,Late,16,0,0
INV-0012554,CUST-102093,2026-04-01,31.56,Paid,0,0,0
INV-0012555,CUST-102093,2026-05-01,35.89,Paid,0,0,0
INV-0012556,CUST-102093,2026-06-01,31.17,Paid,0,0,0
INV-0012557,CUST-102093,2026-07-01,30.49,Late,12,0,0
INV-0012558,CUST-102093,2026-08-01,42.16,Paid,0,0,0
INV-0012559,CUST-102094,2026-03-01,32.81,Paid,0,0,0
INV-0012560,CUST-102094,2026-04-01,32.01,Paid,0,0,0
INV-0012561,CUST-102094,2026-05-01,32.85,Paid,0,0,0
INV-0012562,CUST-102094,2026-06-01,33.58,Paid,0,0,0
INV-0012563,CUST-102094,2026-07-01,33.2,Paid,0,0,0
INV-0012564,CUST-102094,2026-08-01,34.27,Paid,0,0,0
INV-0012565,CUST-102095,2026-03-01,81.73,Paid,0,0,0
INV-0012566,CUST-102095,2026-04-01,76.6,Paid,0,0,0
INV-0012567,CUST-102095,2026-05-01,78.35,Paid,0,0,0
INV-0012568,CUST-102095,2026-06-01,79.57,Paid,0,0,0
INV-0012569,CUST-102095,2026-07-01,81.0,Paid,0,0,0
INV-0012570,CUST-102095,2026-08-01,81.17,Paid,0,0,0
INV-0012571,CUST-102096,2026-03-01,89.15,Paid,0,0,0
INV-0012572,CUST-102096,2026-04-01,86.92,Paid,0,0,0
INV-0012573,CUST-102096,2026-05-01,90.31,Late,6,0,0
INV-0012574,CUST-102096,2026-06-01,88.52,Paid,0,0,0
INV-0012575,CUST-102096,2026-07-01,86.76,Late,32,0,0
INV-0012576,CUST-102096,2026-08-01,85.83,Paid,0,0,0
INV-0012577,CUST-102097,2026-03-01,30.27,Paid,0,1,0
INV-0012578,CUST-102097,2026-04-01,38.06,Late,30,0,0
INV-0012579,CUST-102097,2026-05-01,30.81,Paid,0,0,0
INV-0012580,CUST-102097,2026-06-01,33.83,Paid,0,0,0
INV-0012581,CUST-102097,2026-07-01,32.53,Paid,0,0,0
INV-0012582,CUST-102097,2026-08-01,30.51,Late,4,0,0
INV-0012583,CUST-102098,2026-03-01,170.31,Paid,0,0,0
INV-0012584,CUST-102098,2026-04-01,158.42,Paid,0,0,0
INV-0012585,CUST-102098,2026-05-01,168.13,Paid,0,0,0
INV-0012586,CUST-102098,2026-06-01,158.35,Paid,0,1,0
INV-0012587,CUST-102098,2026-07-01,183.48,Late,29,1,1
INV-0012588,CUST-102098,2026-08-01,167.42,Paid,0,0,0
INV-0012589,CUST-102099,2026-03-01,172.54,Paid,0,0,0
INV-0012590,CUST-102099,2026-04-01,176.78,Paid,0,0,0
INV-0012591,CUST-102099,2026-05-01,166.05,Paid,0,0,0
INV-0012592,CUST-102099,2026-06-01,179.34,Paid,0,0,0
INV-0012593,CUST-102099,2026-07-01,175.64,Paid,0,0,0
INV-0012594,CUST-102099,2026-08-01,171.86,Paid,0,0,0
INV-0012595,CUST-102100,2026-03-01,168.74,Late,3,0,0
INV-0012596,CUST-102100,2026-04-01,162.15,Paid,0,0,0
INV-0012597,CUST-102100,2026-05-01,166.54,Paid,0,0,0
INV-0012598,CUST-102100,2026-06-01,162.28,Paid,0,0,0
INV-0012599,CUST-102100,2026-07-01,164.41,Paid,0,0,0
INV-0012600,CUST-102100,2026-08-01,171.7,Paid,0,0,0
INV-0012601,CUST-102101,2026-03-01,35.28,Paid,0,0,0
INV-0012602,CUST-102101,2026-04-01,34.4,Paid,0,0,0
INV-0012603,CUST-102101,2026-05-01,33.6,Paid,0,0,0
INV-0012604,CUST-102101,2026-06-01,34.68,Paid,0,0,0
INV-0012605,CUST-102101,2026-07-01,33.94,Paid,0,0,0
INV-0012606,CUST-102101,2026-08-01,35.91,Paid,0,0,0
INV-0012607,CUST-102102,2026-03-01,20.5,Paid,0,0,0
INV-0012608,CUST-102102,2026-04-01,21.03,Paid,0,0,0
INV-0012609,CUST-102102,2026-05-01,21.7,Paid,0,0,0
INV-0012610,CUST-102102,2026-06-01,20.73,Paid,0,0,0
INV-0012611,CUST-102102,2026-07-01,21.15,Paid,0,0,0
INV-0012612,CUST-102102,2026-08-01,21.71,Late,10,0,0
INV-0012613,CUST-102103,2026-03-01,29.81,Paid,0,0,0
INV-0012614,CUST-102103,2026-04-01,29.56,Paid,0,0,0
INV-0012615,CUST-102103,2026-05-01,30.56,Paid,0,0,0
INV-0012616,CUST-102103,2026-06-01,29.07,Paid,0,0,0
INV-0012617,CUST-102103,2026-07-01,29.52,Paid,0,0,0
INV-0012618,CUST-102103,2026-08-01,30.2,Paid,0,0,0
INV-0012619,CUST-102104,2026-03-01,154.9,Paid,0,0,0
INV-0012620,CUST-102104,2026-04-01,149.5,Paid,0,0,0
INV-0012621,CUST-102104,2026-05-01,154.7,Paid,0,0,0
INV-0012622,CUST-102104,2026-06-01,150.54,Paid,0,0,0
INV-0012623,CUST-102104,2026-07-01,151.18,Paid,0,0,0
INV-0012624,CUST-102104,2026-08-01,152.14,Paid,0,0,0
INV-0012625,CUST-102105,2026-03-01,78.12,Paid,0,0,0
INV-0012626,CUST-102105,2026-04-01,73.09,Paid,0,0,0
INV-0012627,CUST-102105,2026-05-01,74.61,Paid,0,0,0
INV-0012628,CUST-102105,2026-06-01,77.07,Paid,0,0,0
INV-0012629,CUST-102105,2026-07-01,76.46,Paid,0,0,0
INV-0012630,CUST-102105,2026-08-01,78.2,Paid,0,0,0
INV-0012631,CUST-102106,2026-03-01,420.08,Paid,0,0,0
INV-0012632,CUST-102106,2026-04-01,431.85,Paid,0,0,0
INV-0012633,CUST-102106,2026-05-01,438.72,Paid,0,0,0
INV-0012634,CUST-102106,2026-06-01,428.84,Paid,0,0,0
INV-0012635,CUST-102106,2026-07-01,440.65,Paid,0,0,0
INV-0012636,CUST-102106,2026-08-01,434.56,Paid,0,0,0
INV-0012637,CUST-102107,2026-03-01,179.94,Paid,0,0,0
INV-0012638,CUST-102107,2026-04-01,172.42,Paid,0,0,0
INV-0012639,CUST-102107,2026-05-01,179.73,Paid,0,0,0
INV-0012640,CUST-102107,2026-06-01,174.61,Paid,0,0,0
INV-0012641,CUST-102107,2026-07-01,182.79,Paid,0,0,0
INV-0012642,CUST-102107,2026-08-01,176.3,Paid,0,0,0
INV-0012643,CUST-102108,2026-03-01,76.24,Late,17,0,0
INV-0012644,CUST-102108,2026-04-01,77.07,Paid,0,0,0
INV-0012645,CUST-102108,2026-05-01,77.23,Paid,0,0,0
INV-0012646,CUST-102108,2026-06-01,79.49,Paid,0,0,0
INV-0012647,CUST-102108,2026-07-01,76.51,Paid,0,0,0
INV-0012648,CUST-102108,2026-08-01,80.05,Paid,0,0,0
INV-0012649,CUST-102109,2026-03-01,66.43,Paid,0,0,0
INV-0012650,CUST-102109,2026-04-01,72.75,Paid,0,0,0
INV-0012651,CUST-102109,2026-05-01,70.63,Paid,0,0,0
INV-0012652,CUST-102109,2026-06-01,67.86,Late,14,0,0
INV-0012653,CUST-102109,2026-07-01,68.38,Paid,0,0,0
INV-0012654,CUST-102109,2026-08-01,69.4,Paid,0,0,0
INV-0012655,CUST-102110,2026-03-01,40.23,Late,25,0,0
INV-0012656,CUST-102110,2026-04-01,41.66,Paid,0,1,1
INV-0012657,CUST-102110,2026-05-01,52.94,Late,33,1,0
INV-0012658,CUST-102110,2026-06-01,51.84,Late,31,0,0
INV-0012659,CUST-102110,2026-07-01,41.1,Late,20,1,0
INV-0012660,CUST-102110,2026-08-01,53.86,Paid,0,1,0
INV-0012661,CUST-102111,2026-03-01,84.61,Paid,0,0,0
INV-0012662,CUST-102111,2026-04-01,84.97,Paid,0,0,0
INV-0012663,CUST-102111,2026-05-01,87.62,Paid,0,0,0
INV-0012664,CUST-102111,2026-06-01,85.39,Paid,0,0,0
INV-0012665,CUST-102111,2026-07-01,82.73,Paid,0,0,0
INV-0012666,CUST-102111,2026-08-01,85.29,Paid,0,0,0
INV-0012667,CUST-102112,2026-03-01,488.41,Paid,0,0,0
INV-0012668,CUST-102112,2026-04-01,453.07,Paid,0,0,0
INV-0012669,CUST-102112,2026-05-01,463.7,Late,22,1,0
INV-0012670,CUST-102112,2026-06-01,645.28,Paid,0,0,0
INV-0012671,CUST-102112,2026-07-01,476.79,Paid,0,0,0
INV-0012672,CUST-102112,2026-08-01,468.32,Paid,0,0,0
INV-0012673,CUST-102113,2026-03-01,152.6,Paid,0,1,1
INV-0012674,CUST-102113,2026-04-01,152.71,Paid,0,0,0
INV-0012675,CUST-102113,2026-05-01,155.97,Paid,0,0,0
INV-0012676,CUST-102113,2026-06-01,153.83,Paid,0,0,0
INV-0012677,CUST-102113,2026-07-01,142.61,Paid,0,0,0
INV-0012678,CUST-102113,2026-08-01,153.17,Paid,0,0,0
INV-0012679,CUST-102114,2026-03-01,379.09,Paid,0,0,0
INV-0012680,CUST-102114,2026-04-01,378.22,Paid,0,0,0
INV-0012681,CUST-102114,2026-05-01,385.81,Paid,0,0,0
INV-0012682,CUST-102114,2026-06-01,364.89,Paid,0,0,0
INV-0012683,CUST-102114,2026-07-01,369.02,Paid,0,0,0
INV-0012684,CUST-102114,2026-08-01,378.82,Paid,0,0,0
INV-0012685,CUST-102115,2026-03-01,39.7,Paid,0,0,0
INV-0012686,CUST-102115,2026-04-01,40.5,Paid,0,0,0
INV-0012687,CUST-102115,2026-05-01,38.59,Paid,0,0,0
INV-0012688,CUST-102115,2026-06-01,38.95,Paid,0,0,0
INV-0012689,CUST-102115,2026-07-01,39.69,Paid,0,0,0
INV-0012690,CUST-102115,2026-08-01,38.86,Paid,0,0,0
INV-0012691,CUST-102116,2026-03-01,74.85,Paid,0,0,0
INV-0012692,CUST-102116,2026-04-01,79.48,Paid,0,0,0
INV-0012693,CUST-102116,2026-05-01,73.28,Paid,0,0,0
INV-0012694,CUST-102116,2026-06-01,75.44,Paid,0,0,0
INV-0012695,CUST-102116,2026-07-01,76.27,Paid,0,0,0
INV-0012696,CUST-102116,2026-08-01,75.3,Paid,0,0,0
INV-0012697,CUST-102117,2026-03-01,86.48,Paid,0,0,0
INV-0012698,CUST-102117,2026-04-01,86.7,Paid,0,0,0
INV-0012699,CUST-102117,2026-05-01,84.94,Paid,0,0,0
INV-0012700,CUST-102117,2026-06-01,86.48,Paid,0,0,0
INV-0012701,CUST-102117,2026-07-01,87.75,Paid,0,0,0
INV-0012702,CUST-102117,2026-08-01,86.66,Paid,0,0,0
INV-0012703,CUST-102118,2026-03-01,36.67,Paid,0,0,0
INV-0012704,CUST-102118,2026-04-01,37.53,Paid,0,0,0
INV-0012705,CUST-102118,2026-05-01,35.85,Paid,0,0,0
INV-0012706,CUST-102118,2026-06-01,35.49,Paid,0,0,0
INV-0012707,CUST-102118,2026-07-01,37.25,Paid,0,0,0
INV-0012708,CUST-102118,2026-08-01,36.14,Late,5,0,0
INV-0012709,CUST-102119,2026-03-01,79.02,Paid,0,0,0
INV-0012710,CUST-102119,2026-04-01,77.38,Paid,0,0,0
INV-0012711,CUST-102119,2026-05-01,74.97,Paid,0,0,0
INV-0012712,CUST-102119,2026-06-01,79.89,Paid,0,0,0
INV-0012713,CUST-102119,2026-07-01,78.01,Paid,0,0,0
INV-0012714,CUST-102119,2026-08-01,78.86,Paid,0,1,0
INV-0012715,CUST-102120,2026-03-01,34.14,Paid,0,0,0
INV-0012716,CUST-102120,2026-04-01,33.37,Paid,0,0,0
INV-0012717,CUST-102120,2026-05-01,34.2,Paid,0,0,0
INV-0012718,CUST-102120,2026-06-01,32.52,Late,25,0,0
INV-0012719,CUST-102120,2026-07-01,32.99,Paid,0,0,0
INV-0012720,CUST-102120,2026-08-01,33.44,Late,18,0,0
INV-0012721,CUST-102121,2026-03-01,88.26,Paid,0,0,0
INV-0012722,CUST-102121,2026-04-01,84.71,Paid,0,0,0
INV-0012723,CUST-102121,2026-05-01,86.56,Paid,0,0,0
INV-0012724,CUST-102121,2026-06-01,88.25,Paid,0,0,0
INV-0012725,CUST-102121,2026-07-01,87.72,Paid,0,0,0
INV-0012726,CUST-102121,2026-08-01,81.28,Paid,0,0,0
INV-0012727,CUST-102122,2026-03-01,68.36,Paid,0,0,0
INV-0012728,CUST-102122,2026-04-01,69.57,Paid,0,0,0
INV-0012729,CUST-102122,2026-05-01,69.76,Paid,0,0,0
INV-0012730,CUST-102122,2026-06-01,63.97,Paid,0,0,0
INV-0012731,CUST-102122,2026-07-01,70.12,Paid,0,0,0
INV-0012732,CUST-102122,2026-08-01,69.45,Paid,0,0,0
INV-0012733,CUST-102123,2026-03-01,31.52,Paid,0,0,0
INV-0012734,CUST-102123,2026-04-01,31.43,Paid,0,0,0
INV-0012735,CUST-102123,2026-05-01,32.65,Paid,0,0,0
INV-0012736,CUST-102123,2026-06-01,29.97,Paid,0,0,0
INV-0012737,CUST-102123,2026-07-01,29.75,Paid,0,0,0
INV-0012738,CUST-102123,2026-08-01,31.72,Paid,0,0,0
INV-0012739,CUST-102124,2026-03-01,79.65,Paid,0,1,0
INV-0012740,CUST-102124,2026-04-01,100.24,Paid,0,0,0
INV-0012741,CUST-102124,2026-05-01,90.39,Late,12,0,0
INV-0012742,CUST-102124,2026-06-01,75.99,Late,29,1,0
INV-0012743,CUST-102124,2026-07-01,92.6,Paid,0,0,0
INV-0012744,CUST-102124,2026-08-01,95.87,Paid,0,0,0
INV-0012745,CUST-102125,2026-03-01,33.61,Paid,0,0,0
INV-0012746,CUST-102125,2026-04-01,34.43,Paid,0,0,0
INV-0012747,CUST-102125,2026-05-01,34.95,Paid,0,0,0
INV-0012748,CUST-102125,2026-06-01,33.88,Late,16,0,0
INV-0012749,CUST-102125,2026-07-01,34.13,Late,11,0,0
INV-0012750,CUST-102125,2026-08-01,35.72,Paid,0,0,0
INV-0012751,CUST-102126,2026-03-01,82.9,Paid,0,0,0
INV-0012752,CUST-102126,2026-04-01,88.99,Paid,0,0,0
INV-0012753,CUST-102126,2026-05-01,83.05,Paid,0,0,0
INV-0012754,CUST-102126,2026-06-01,85.7,Paid,0,0,0
INV-0012755,CUST-102126,2026-07-01,84.77,Paid,0,0,0
INV-0012756,CUST-102126,2026-08-01,85.98,Paid,0,0,0
INV-0012757,CUST-102127,2026-03-01,31.54,Paid,0,0,0
INV-0012758,CUST-102127,2026-04-01,31.06,Paid,0,0,0
INV-0012759,CUST-102127,2026-05-01,32.24,Paid,0,0,0
INV-0012760,CUST-102127,2026-06-01,33.83,Paid,0,0,0
INV-0012761,CUST-102127,2026-07-01,34.31,Paid,0,0,0
INV-0012762,CUST-102127,2026-08-01,32.28,Paid,0,0,0
INV-0012763,CUST-102128,2026-03-01,94.87,Paid,0,0,0
INV-0012764,CUST-102128,2026-04-01,89.9,Paid,0,0,0
INV-0012765,CUST-102128,2026-05-01,95.59,Paid,0,0,0
INV-0012766,CUST-102128,2026-06-01,92.42,Paid,0,0,0
INV-0012767,CUST-102128,2026-07-01,88.19,Paid,0,0,0
INV-0012768,CUST-102128,2026-08-01,87.74,Paid,0,0,0
INV-0012769,CUST-102129,2026-03-01,166.52,Paid,0,0,0
INV-0012770,CUST-102129,2026-04-01,162.34,Paid,0,0,0
INV-0012771,CUST-102129,2026-05-01,166.4,Paid,0,0,0
INV-0012772,CUST-102129,2026-06-01,158.67,Paid,0,0,0
INV-0012773,CUST-102129,2026-07-01,157.59,Paid,0,0,0
INV-0012774,CUST-102129,2026-08-01,164.93,Paid,0,0,0
INV-0012775,CUST-102130,2026-03-01,31.91,Paid,0,0,0
INV-0012776,CUST-102130,2026-04-01,31.55,Paid,0,0,0
INV-0012777,CUST-102130,2026-05-01,31.76,Paid,0,0,0
INV-0012778,CUST-102130,2026-06-01,29.25,Paid,0,0,0
INV-0012779,CUST-102130,2026-07-01,30.93,Paid,0,0,0
INV-0012780,CUST-102130,2026-08-01,30.76,Paid,0,0,0
INV-0012781,CUST-102131,2026-03-01,39.83,Paid,0,0,0
INV-0012782,CUST-102131,2026-04-01,39.12,Paid,0,0,0
INV-0012783,CUST-102131,2026-05-01,40.24,Paid,0,0,0
INV-0012784,CUST-102131,2026-06-01,40.8,Paid,0,0,0
INV-0012785,CUST-102131,2026-07-01,39.22,Paid,0,0,0
INV-0012786,CUST-102131,2026-08-01,39.61,Paid,0,0,0
INV-0012787,CUST-102132,2026-03-01,40.72,Paid,0,0,0
INV-0012788,CUST-102132,2026-04-01,39.34,Paid,0,0,0
INV-0012789,CUST-102132,2026-05-01,38.74,Paid,0,0,0
INV-0012790,CUST-102132,2026-06-01,38.16,Paid,0,0,0
INV-0012791,CUST-102132,2026-07-01,38.22,Paid,0,0,0
INV-0012792,CUST-102132,2026-08-01,37.39,Paid,0,0,0
INV-0012793,CUST-102133,2026-03-01,37.87,Late,9,0,0
INV-0012794,CUST-102133,2026-04-01,34.11,Paid,0,0,0
INV-0012795,CUST-102133,2026-05-01,34.03,Paid,0,0,0
INV-0012796,CUST-102133,2026-06-01,34.4,Paid,0,0,0
INV-0012797,CUST-102133,2026-07-01,35.04,Paid,0,0,0
INV-0012798,CUST-102133,2026-08-01,33.69,Paid,0,0,0
INV-0012799,CUST-102134,2026-03-01,30.1,Paid,0,0,0
INV-0012800,CUST-102134,2026-04-01,32.67,Paid,0,0,0
INV-0012801,CUST-102134,2026-05-01,31.07,Late,19,0,0
INV-0012802,CUST-102134,2026-06-01,32.79,Paid,0,0,0
INV-0012803,CUST-102134,2026-07-01,31.01,Paid,0,0,0
INV-0012804,CUST-102134,2026-08-01,31.04,Paid,0,0,0
INV-0012805,CUST-102135,2026-03-01,33.08,Paid,0,0,0
INV-0012806,CUST-102135,2026-04-01,31.86,Paid,0,0,0
INV-0012807,CUST-102135,2026-05-01,33.47,Paid,0,0,0
INV-0012808,CUST-102135,2026-06-01,31.45,Paid,0,0,0
INV-0012809,CUST-102135,2026-07-01,32.92,Paid,0,0,0
INV-0012810,CUST-102135,2026-08-01,32.75,Paid,0,0,0
INV-0012811,CUST-102136,2026-03-01,65.16,Paid,0,0,0
INV-0012812,CUST-102136,2026-04-01,67.25,Paid,0,0,0
INV-0012813,CUST-102136,2026-05-01,67.37,Paid,0,0,0
INV-0012814,CUST-102136,2026-06-01,65.09,Paid,0,0,0
INV-0012815,CUST-102136,2026-07-01,68.69,Paid,0,0,0
INV-0012816,CUST-102136,2026-08-01,62.09,Paid,0,0,0
INV-0012817,CUST-102137,2026-03-01,166.37,Late,15,0,0
INV-0012818,CUST-102137,2026-04-01,220.96,Late,23,0,0
INV-0012819,CUST-102137,2026-05-01,155.61,Paid,0,0,0
INV-0012820,CUST-102137,2026-06-01,197.62,Paid,0,0,0
INV-0012821,CUST-102137,2026-07-01,161.78,Paid,0,0,0
INV-0012822,CUST-102137,2026-08-01,193.31,Paid,0,1,0
INV-0012823,CUST-102138,2026-03-01,42.39,Paid,0,0,0
INV-0012824,CUST-102138,2026-04-01,42.04,Paid,0,0,0
INV-0012825,CUST-102138,2026-05-01,42.44,Paid,0,0,0
INV-0012826,CUST-102138,2026-06-01,42.36,Late,19,0,0
INV-0012827,CUST-102138,2026-07-01,39.38,Paid,0,0,0
INV-0012828,CUST-102138,2026-08-01,43.84,Paid,0,0,0
INV-0012829,CUST-102139,2026-03-01,81.84,Paid,0,0,0
INV-0012830,CUST-102139,2026-04-01,84.64,Paid,0,0,0
INV-0012831,CUST-102139,2026-05-01,85.64,Paid,0,0,0
INV-0012832,CUST-102139,2026-06-01,83.99,Paid,0,0,0
INV-0012833,CUST-102139,2026-07-01,86.76,Paid,0,0,0
INV-0012834,CUST-102139,2026-08-01,83.9,Paid,0,0,0
INV-0012835,CUST-102140,2026-03-01,85.2,Paid,0,1,0
INV-0012836,CUST-102140,2026-04-01,70.91,Paid,0,1,0
INV-0012837,CUST-102140,2026-05-01,68.58,Paid,0,0,0
INV-0012838,CUST-102140,2026-06-01,87.43,Late,9,1,1
INV-0012839,CUST-102140,2026-07-01,74.61,Late,21,0,0
INV-0012840,CUST-102140,2026-08-01,71.51,Paid,0,0,0
INV-0012841,CUST-102141,2026-03-01,37.7,Paid,0,0,0
INV-0012842,CUST-102141,2026-04-01,38.12,Paid,0,0,0
INV-0012843,CUST-102141,2026-05-01,37.18,Paid,0,0,0
INV-0012844,CUST-102141,2026-06-01,39.21,Paid,0,0,0
INV-0012845,CUST-102141,2026-07-01,38.35,Paid,0,0,0
INV-0012846,CUST-102141,2026-08-01,37.17,Paid,0,0,0
INV-0012847,CUST-102142,2026-03-01,148.14,Paid,0,0,0
INV-0012848,CUST-102142,2026-04-01,152.7,Paid,0,0,0
INV-0012849,CUST-102142,2026-05-01,151.93,Paid,0,0,0
INV-0012850,CUST-102142,2026-06-01,151.8,Paid,0,0,0
INV-0012851,CUST-102142,2026-07-01,153.31,Paid,0,0,0
INV-0012852,CUST-102142,2026-08-01,150.28,Paid,0,1,0
INV-0012853,CUST-102143,2026-03-01,375.52,Paid,0,0,0
INV-0012854,CUST-102143,2026-04-01,346.48,Paid,0,0,0
INV-0012855,CUST-102143,2026-05-01,387.46,Paid,0,0,0
INV-0012856,CUST-102143,2026-06-01,372.08,Paid,0,0,0
INV-0012857,CUST-102143,2026-07-01,368.28,Paid,0,0,0
INV-0012858,CUST-102143,2026-08-01,383.92,Paid,0,0,0
INV-0012859,CUST-102144,2026-03-01,164.45,Paid,0,0,0
INV-0012860,CUST-102144,2026-04-01,166.9,Paid,0,0,0
INV-0012861,CUST-102144,2026-05-01,163.02,Paid,0,0,0
INV-0012862,CUST-102144,2026-06-01,158.32,Paid,0,0,0
INV-0012863,CUST-102144,2026-07-01,155.9,Paid,0,0,0
INV-0012864,CUST-102144,2026-08-01,163.19,Paid,0,0,0
INV-0012865,CUST-102145,2026-03-01,42.45,Paid,0,0,0
INV-0012866,CUST-102145,2026-04-01,40.64,Paid,0,0,0
INV-0012867,CUST-102145,2026-05-01,41.54,Paid,0,0,0
INV-0012868,CUST-102145,2026-06-01,42.62,Paid,0,0,0
INV-0012869,CUST-102145,2026-07-01,43.03,Paid,0,0,0
INV-0012870,CUST-102145,2026-08-01,40.58,Paid,0,0,0
INV-0012871,CUST-102146,2026-03-01,39.23,Late,32,0,0
INV-0012872,CUST-102146,2026-04-01,38.39,Paid,0,0,0
INV-0012873,CUST-102146,2026-05-01,38.15,Paid,0,0,0
INV-0012874,CUST-102146,2026-06-01,38.0,Paid,0,0,0
INV-0012875,CUST-102146,2026-07-01,37.26,Late,4,0,0
INV-0012876,CUST-102146,2026-08-01,39.67,Paid,0,0,0
INV-0012877,CUST-102147,2026-03-01,155.34,Paid,0,0,0
INV-0012878,CUST-102147,2026-04-01,151.66,Paid,0,0,0
INV-0012879,CUST-102147,2026-05-01,157.98,Paid,0,0,0
INV-0012880,CUST-102147,2026-06-01,153.55,Paid,0,0,0
INV-0012881,CUST-102147,2026-07-01,161.41,Paid,0,0,0
INV-0012882,CUST-102147,2026-08-01,151.09,Paid,0,0,0
INV-0012883,CUST-102148,2026-03-01,132.04,Paid,0,0,0
INV-0012884,CUST-102148,2026-04-01,132.98,Paid,0,0,0
INV-0012885,CUST-102148,2026-05-01,129.42,Paid,0,0,0
INV-0012886,CUST-102148,2026-06-01,127.61,Paid,0,0,0
INV-0012887,CUST-102148,2026-07-01,133.36,Paid,0,0,0
INV-0012888,CUST-102148,2026-08-01,131.46,Paid,0,0,0
INV-0012889,CUST-102149,2026-03-01,58.72,Paid,0,1,0
INV-0012890,CUST-102149,2026-04-01,46.37,Paid,0,1,0
INV-0012891,CUST-102149,2026-05-01,46.28,Late,2,0,0
INV-0012892,CUST-102149,2026-06-01,51.09,Paid,0,0,0
INV-0012893,CUST-102149,2026-07-01,45.37,Paid,0,1,0
INV-0012894,CUST-102149,2026-08-01,44.01,Late,5,0,0
INV-0012895,CUST-102150,2026-03-01,25.38,Paid,0,0,0
INV-0012896,CUST-102150,2026-04-01,27.02,Paid,0,0,0
INV-0012897,CUST-102150,2026-05-01,25.49,Paid,0,0,0
INV-0012898,CUST-102150,2026-06-01,24.99,Paid,0,0,0
INV-0012899,CUST-102150,2026-07-01,24.87,Paid,0,0,0
INV-0012900,CUST-102150,2026-08-01,24.88,Paid,0,0,0
INV-0012901,CUST-102151,2026-03-01,83.52,Paid,0,0,0
INV-0012902,CUST-102151,2026-04-01,100.96,Paid,0,0,0
INV-0012903,CUST-102151,2026-05-01,82.6,Paid,0,0,0
INV-0012904,CUST-102151,2026-06-01,84.08,Paid,0,0,0
INV-0012905,CUST-102151,2026-07-01,78.34,Paid,0,1,0
INV-0012906,CUST-102151,2026-08-01,82.07,Paid,0,0,0
INV-0012907,CUST-102152,2026-03-01,34.63,Paid,0,0,0
INV-0012908,CUST-102152,2026-04-01,33.57,Paid,0,0,0
INV-0012909,CUST-102152,2026-05-01,34.03,Paid,0,0,0
INV-0012910,CUST-102152,2026-06-01,33.91,Paid,0,0,0
INV-0012911,CUST-102152,2026-07-01,35.27,Paid,0,0,0
INV-0012912,CUST-102152,2026-08-01,35.41,Paid,0,0,0
INV-0012913,CUST-102153,2026-03-01,175.74,Paid,0,0,0
INV-0012914,CUST-102153,2026-04-01,207.19,Late,18,1,0
INV-0012915,CUST-102153,2026-05-01,149.01,Paid,0,1,0
INV-0012916,CUST-102153,2026-06-01,156.24,Paid,0,0,0
INV-0012917,CUST-102153,2026-07-01,149.78,Paid,0,1,1
INV-0012918,CUST-102153,2026-08-01,149.39,Paid,0,0,0
INV-0012919,CUST-102154,2026-03-01,95.28,Paid,0,0,0
INV-0012920,CUST-102154,2026-04-01,93.22,Paid,0,0,0
INV-0012921,CUST-102154,2026-05-01,93.82,Paid,0,0,0
INV-0012922,CUST-102154,2026-06-01,91.35,Paid,0,0,0
INV-0012923,CUST-102154,2026-07-01,97.83,Paid,0,0,0
INV-0012924,CUST-102154,2026-08-01,91.74,Paid,0,0,0
INV-0012925,CUST-102155,2026-03-01,87.7,Paid,0,0,0
INV-0012926,CUST-102155,2026-04-01,85.58,Paid,0,0,0
INV-0012927,CUST-102155,2026-05-01,82.15,Paid,0,0,0
INV-0012928,CUST-102155,2026-06-01,85.13,Paid,0,0,0
INV-0012929,CUST-102155,2026-07-01,84.45,Paid,0,0,0
INV-0012930,CUST-102155,2026-08-01,88.17,Paid,0,0,0
INV-0012931,CUST-102156,2026-03-01,34.89,Paid,0,0,0
INV-0012932,CUST-102156,2026-04-01,34.72,Paid,0,0,0
INV-0012933,CUST-102156,2026-05-01,35.78,Paid,0,0,0
INV-0012934,CUST-102156,2026-06-01,35.28,Paid,0,0,0
INV-0012935,CUST-102156,2026-07-01,35.34,Paid,0,0,0
INV-0012936,CUST-102156,2026-08-01,35.72,Paid,0,0,0
INV-0012937,CUST-102157,2026-03-01,117.82,Paid,0,1,0
INV-0012938,CUST-102157,2026-04-01,115.38,Paid,0,0,0
INV-0012939,CUST-102157,2026-05-01,116.1,Paid,0,0,0
INV-0012940,CUST-102157,2026-06-01,115.2,Paid,0,0,0
INV-0012941,CUST-102157,2026-07-01,113.92,Paid,0,0,0
INV-0012942,CUST-102157,2026-08-01,116.46,Paid,0,0,0
INV-0012943,CUST-102158,2026-03-01,167.49,Paid,0,0,0
INV-0012944,CUST-102158,2026-04-01,166.06,Late,6,0,0
INV-0012945,CUST-102158,2026-05-01,166.3,Paid,0,0,0
INV-0012946,CUST-102158,2026-06-01,159.14,Paid,0,0,0
INV-0012947,CUST-102158,2026-07-01,164.08,Paid,0,0,0
INV-0012948,CUST-102158,2026-08-01,167.97,Paid,0,0,0
INV-0012949,CUST-102159,2026-03-01,79.72,Paid,0,1,1
INV-0012950,CUST-102159,2026-04-01,77.68,Paid,0,0,0
INV-0012951,CUST-102159,2026-05-01,76.72,Paid,0,0,0
INV-0012952,CUST-102159,2026-06-01,76.13,Late,13,1,1
INV-0012953,CUST-102159,2026-07-01,100.82,Paid,0,0,0
INV-0012954,CUST-102159,2026-08-01,81.34,Paid,0,1,0
INV-0012955,CUST-102160,2026-03-01,65.61,Paid,0,0,0
INV-0012956,CUST-102160,2026-04-01,54.79,Paid,0,0,0
INV-0012957,CUST-102160,2026-05-01,55.75,Late,29,1,0
INV-0012958,CUST-102160,2026-06-01,70.07,Late,27,1,0
INV-0012959,CUST-102160,2026-07-01,54.37,Paid,0,0,0
INV-0012960,CUST-102160,2026-08-01,55.29,Paid,0,1,0
INV-0012961,CUST-102161,2026-03-01,34.52,Paid,0,0,0
INV-0012962,CUST-102161,2026-04-01,34.81,Paid,0,0,0
INV-0012963,CUST-102161,2026-05-01,34.05,Paid,0,0,0
INV-0012964,CUST-102161,2026-06-01,34.12,Paid,0,0,0
INV-0012965,CUST-102161,2026-07-01,35.1,Paid,0,0,0
INV-0012966,CUST-102161,2026-08-01,32.78,Paid,0,0,0
INV-0012967,CUST-102162,2026-03-01,156.88,Paid,0,0,0
INV-0012968,CUST-102162,2026-04-01,150.71,Paid,0,0,0
INV-0012969,CUST-102162,2026-05-01,151.44,Paid,0,0,0
INV-0012970,CUST-102162,2026-06-01,155.82,Paid,0,0,0
INV-0012971,CUST-102162,2026-07-01,156.06,Paid,0,0,0
INV-0012972,CUST-102162,2026-08-01,167.43,Paid,0,0,0
INV-0012973,CUST-102163,2026-03-01,75.97,Paid,0,0,0
INV-0012974,CUST-102163,2026-04-01,71.5,Paid,0,0,0
INV-0012975,CUST-102163,2026-05-01,74.55,Paid,0,1,1
INV-0012976,CUST-102163,2026-06-01,73.62,Paid,0,0,0
INV-0012977,CUST-102163,2026-07-01,73.04,Paid,0,0,0
INV-0012978,CUST-102163,2026-08-01,73.46,Paid,0,0,0
INV-0012979,CUST-102164,2026-03-01,72.94,Paid,0,0,0
INV-0012980,CUST-102164,2026-04-01,74.31,Paid,0,0,0
INV-0012981,CUST-102164,2026-05-01,70.34,Paid,0,0,0
INV-0012982,CUST-102164,2026-06-01,72.55,Paid,0,0,0
INV-0012983,CUST-102164,2026-07-01,71.74,Late,20,0,0
INV-0012984,CUST-102164,2026-08-01,74.11,Paid,0,0,0
INV-0012985,CUST-102165,2026-03-01,165.3,Paid,0,0,0
INV-0012986,CUST-102165,2026-04-01,159.54,Paid,0,0,0
INV-0012987,CUST-102165,2026-05-01,157.9,Paid,0,0,0
INV-0012988,CUST-102165,2026-06-01,154.97,Paid,0,0,0
INV-0012989,CUST-102165,2026-07-01,166.53,Paid,0,0,0
INV-0012990,CUST-102165,2026-08-01,159.2,Paid,0,0,0
INV-0012991,CUST-102166,2026-03-01,103.08,Late,28,1,0
INV-0012992,CUST-102166,2026-04-01,79.78,Late,8,1,0
INV-0012993,CUST-102166,2026-05-01,80.97,Paid,0,0,0
INV-0012994,CUST-102166,2026-06-01,76.88,Paid,0,0,0
INV-0012995,CUST-102166,2026-07-01,82.29,Paid,0,0,0
INV-0012996,CUST-102166,2026-08-01,79.59,Paid,0,0,0
INV-0012997,CUST-102167,2026-03-01,36.96,Late,8,0,0
INV-0012998,CUST-102167,2026-04-01,34.64,Paid,0,0,0
INV-0012999,CUST-102167,2026-05-01,36.48,Paid,0,1,1
INV-0013000,CUST-102167,2026-06-01,38.32,Paid,0,1,0
INV-0013001,CUST-102167,2026-07-01,37.28,Paid,0,1,0
INV-0013002,CUST-102167,2026-08-01,38.38,Late,17,1,0
INV-0013003,CUST-102168,2026-03-01,178.03,Paid,0,0,0
INV-0013004,CUST-102168,2026-04-01,174.56,Paid,0,0,0
INV-0013005,CUST-102168,2026-05-01,173.5,Paid,0,0,0
INV-0013006,CUST-102168,2026-06-01,170.87,Paid,0,0,0
INV-0013007,CUST-102168,2026-07-01,166.32,Paid,0,1,1
INV-0013008,CUST-102168,2026-08-01,171.2,Paid,0,0,0
INV-0013009,CUST-102169,2026-03-01,74.67,Paid,0,1,0
INV-0013010,CUST-102169,2026-04-01,97.77,Late,23,0,0
INV-0013011,CUST-102169,2026-05-01,95.89,Late,25,1,0
INV-0013012,CUST-102169,2026-06-01,72.1,Paid,0,0,0
INV-0013013,CUST-102169,2026-07-01,79.53,Paid,0,1,0
INV-0013014,CUST-102169,2026-08-01,90.48,Late,30,0,0
INV-0013015,CUST-102170,2026-03-01,174.33,Paid,0,0,0
INV-0013016,CUST-102170,2026-04-01,168.43,Paid,0,0,0
INV-0013017,CUST-102170,2026-05-01,177.78,Paid,0,0,0
INV-0013018,CUST-102170,2026-06-01,175.56,Paid,0,0,0
INV-0013019,CUST-102170,2026-07-01,167.94,Paid,0,0,0
INV-0013020,CUST-102170,2026-08-01,165.73,Paid,0,0,0
INV-0013021,CUST-102171,2026-03-01,38.7,Paid,0,0,0
INV-0013022,CUST-102171,2026-04-01,39.79,Paid,0,1,0
INV-0013023,CUST-102171,2026-05-01,39.97,Late,7,0,0
INV-0013024,CUST-102171,2026-06-01,39.65,Paid,0,1,1
INV-0013025,CUST-102171,2026-07-01,39.12,Paid,0,0,0
INV-0013026,CUST-102171,2026-08-01,38.52,Paid,0,0,0
INV-0013027,CUST-102172,2026-03-01,34.71,Paid,0,0,0
INV-0013028,CUST-102172,2026-04-01,33.22,Paid,0,0,0
INV-0013029,CUST-102172,2026-05-01,32.38,Paid,0,0,0
INV-0013030,CUST-102172,2026-06-01,32.87,Paid,0,0,0
INV-0013031,CUST-102172,2026-07-01,33.3,Paid,0,0,0
INV-0013032,CUST-102172,2026-08-01,33.83,Paid,0,0,0
INV-0013033,CUST-102173,2026-03-01,60.73,Paid,0,0,0
INV-0013034,CUST-102173,2026-04-01,60.81,Paid,0,0,0
INV-0013035,CUST-102173,2026-05-01,59.82,Paid,0,0,0
INV-0013036,CUST-102173,2026-06-01,62.58,Paid,0,0,0
INV-0013037,CUST-102173,2026-07-01,56.68,Paid,0,0,0
INV-0013038,CUST-102173,2026-08-01,59.73,Paid,0,0,0
INV-0013039,CUST-102174,2026-03-01,39.92,Paid,0,0,0
INV-0013040,CUST-102174,2026-04-01,39.11,Paid,0,1,1
INV-0013041,CUST-102174,2026-05-01,39.8,Paid,0,1,0
INV-0013042,CUST-102174,2026-06-01,38.18,Paid,0,0,0
INV-0013043,CUST-102174,2026-07-01,40.17,Late,31,0,0
INV-0013044,CUST-102174,2026-08-01,39.4,Paid,0,1,0
INV-0013045,CUST-102175,2026-03-01,34.18,Paid,0,0,0
INV-0013046,CUST-102175,2026-04-01,35.38,Paid,0,0,0
INV-0013047,CUST-102175,2026-05-01,35.36,Paid,0,0,0
INV-0013048,CUST-102175,2026-06-01,36.33,Paid,0,0,0
INV-0013049,CUST-102175,2026-07-01,34.62,Paid,0,0,0
INV-0013050,CUST-102175,2026-08-01,34.95,Paid,0,0,0
INV-0013051,CUST-102176,2026-03-01,41.31,Paid,0,0,0
INV-0013052,CUST-102176,2026-04-01,41.29,Paid,0,0,0
INV-0013053,CUST-102176,2026-05-01,43.01,Paid,0,0,0
INV-0013054,CUST-102176,2026-06-01,39.65,Paid,0,0,0
INV-0013055,CUST-102176,2026-07-01,41.01,Paid,0,0,0
INV-0013056,CUST-102176,2026-08-01,42.82,Paid,0,0,0
INV-0013057,CUST-102177,2026-03-01,170.8,Paid,0,0,0
INV-0013058,CUST-102177,2026-04-01,173.29,Paid,0,0,0
INV-0013059,CUST-102177,2026-05-01,167.62,Paid,0,0,0
INV-0013060,CUST-102177,2026-06-01,164.59,Paid,0,0,0
INV-0013061,CUST-102177,2026-07-01,173.4,Paid,0,0,0
INV-0013062,CUST-102177,2026-08-01,165.12,Paid,0,0,0
INV-0013063,CUST-102178,2026-03-01,85.91,Paid,0,0,0
INV-0013064,CUST-102178,2026-04-01,83.72,Paid,0,0,0
INV-0013065,CUST-102178,2026-05-01,86.15,Paid,0,0,0
INV-0013066,CUST-102178,2026-06-01,82.31,Paid,0,0,0
INV-0013067,CUST-102178,2026-07-01,80.51,Paid,0,0,0
INV-0013068,CUST-102178,2026-08-01,82.0,Paid,0,0,0
INV-0013069,CUST-102179,2026-03-01,67.54,Paid,0,0,0
INV-0013070,CUST-102179,2026-04-01,68.93,Paid,0,0,0
INV-0013071,CUST-102179,2026-05-01,70.9,Paid,0,0,0
INV-0013072,CUST-102179,2026-06-01,69.81,Paid,0,1,0
INV-0013073,CUST-102179,2026-07-01,67.0,Paid,0,0,0
INV-0013074,CUST-102179,2026-08-01,68.6,Paid,0,0,0
INV-0013075,CUST-102180,2026-03-01,82.04,Paid,0,0,0
INV-0013076,CUST-102180,2026-04-01,82.1,Paid,0,0,0
INV-0013077,CUST-102180,2026-05-01,81.88,Paid,0,0,0
INV-0013078,CUST-102180,2026-06-01,78.91,Paid,0,0,0
INV-0013079,CUST-102180,2026-07-01,79.92,Paid,0,0,0
INV-0013080,CUST-102180,2026-08-01,79.46,Paid,0,0,0
INV-0013081,CUST-102181,2026-03-01,77.65,Paid,0,0,0
INV-0013082,CUST-102181,2026-04-01,80.15,Paid,0,0,0
INV-0013083,CUST-102181,2026-05-01,77.22,Paid,0,0,0
INV-0013084,CUST-102181,2026-06-01,78.77,Paid,0,0,0
INV-0013085,CUST-102181,2026-07-01,79.34,Paid,0,0,0
INV-0013086,CUST-102181,2026-08-01,75.68,Paid,0,0,0
INV-0013087,CUST-102182,2026-03-01,132.44,Paid,0,0,0
INV-0013088,CUST-102182,2026-04-01,132.77,Paid,0,0,0
INV-0013089,CUST-102182,2026-05-01,134.5,Paid,0,0,0
INV-0013090,CUST-102182,2026-06-01,132.56,Paid,0,0,0
INV-0013091,CUST-102182,2026-07-01,136.35,Paid,0,0,0
INV-0013092,CUST-102182,2026-08-01,135.24,Paid,0,0,0
INV-0013093,CUST-102183,2026-03-01,30.95,Paid,0,0,0
INV-0013094,CUST-102183,2026-04-01,31.18,Paid,0,0,0
INV-0013095,CUST-102183,2026-05-01,32.49,Paid,0,0,0
INV-0013096,CUST-102183,2026-06-01,33.56,Paid,0,0,0
INV-0013097,CUST-102183,2026-07-01,32.91,Paid,0,0,0
INV-0013098,CUST-102183,2026-08-01,32.06,Paid,0,0,0
INV-0013099,CUST-102184,2026-03-01,143.86,Late,7,0,0
INV-0013100,CUST-102184,2026-04-01,140.82,Late,32,0,0
INV-0013101,CUST-102184,2026-05-01,137.34,Paid,0,0,0
INV-0013102,CUST-102184,2026-06-01,142.24,Paid,0,0,0
INV-0013103,CUST-102184,2026-07-01,139.75,Paid,0,0,0
INV-0013104,CUST-102184,2026-08-01,138.67,Paid,0,0,0
INV-0013105,CUST-102185,2026-03-01,250.59,Paid,0,0,0
INV-0013106,CUST-102185,2026-04-01,237.13,Paid,0,0,0
INV-0013107,CUST-102185,2026-05-01,259.73,Paid,0,0,0
INV-0013108,CUST-102185,2026-06-01,249.06,Paid,0,0,0
INV-0013109,CUST-102185,2026-07-01,252.32,Paid,0,0,0
INV-0013110,CUST-102185,2026-08-01,246.82,Paid,0,0,0
INV-0013111,CUST-102186,2026-03-01,36.09,Paid,0,1,0
INV-0013112,CUST-102186,2026-04-01,41.78,Late,11,0,0
INV-0013113,CUST-102186,2026-05-01,45.11,Paid,0,0,0
INV-0013114,CUST-102186,2026-06-01,43.03,Paid,0,0,0
INV-0013115,CUST-102186,2026-07-01,35.77,Paid,0,0,0
INV-0013116,CUST-102186,2026-08-01,35.67,Paid,0,1,1
INV-0013117,CUST-102187,2026-03-01,29.43,Paid,0,0,0
INV-0013118,CUST-102187,2026-04-01,29.98,Paid,0,0,0
INV-0013119,CUST-102187,2026-05-01,30.22,Paid,0,0,0
INV-0013120,CUST-102187,2026-06-01,30.2,Paid,0,0,0
INV-0013121,CUST-102187,2026-07-01,30.48,Paid,0,0,0
INV-0013122,CUST-102187,2026-08-01,30.08,Paid,0,0,0
INV-0013123,CUST-102188,2026-03-01,74.08,Paid,0,0,0
INV-0013124,CUST-102188,2026-04-01,75.0,Paid,0,0,0
INV-0013125,CUST-102188,2026-05-01,73.87,Paid,0,0,0
INV-0013126,CUST-102188,2026-06-01,73.54,Paid,0,0,0
INV-0013127,CUST-102188,2026-07-01,74.62,Paid,0,0,0
INV-0013128,CUST-102188,2026-08-01,74.92,Paid,0,0,0
INV-0013129,CUST-102189,2026-03-01,93.77,Late,31,0,0
INV-0013130,CUST-102189,2026-04-01,89.84,Late,1,0,0
INV-0013131,CUST-102189,2026-05-01,94.35,Paid,0,1,0
INV-0013132,CUST-102189,2026-06-01,75.33,Paid,0,0,0
INV-0013133,CUST-102189,2026-07-01,79.8,Late,5,0,0
INV-0013134,CUST-102189,2026-08-01,89.3,Paid,0,0,0
INV-0013135,CUST-102190,2026-03-01,76.32,Paid,0,0,0
INV-0013136,CUST-102190,2026-04-01,75.95,Paid,0,0,0
INV-0013137,CUST-102190,2026-05-01,75.11,Paid,0,0,0
INV-0013138,CUST-102190,2026-06-01,75.1,Paid,0,0,0
INV-0013139,CUST-102190,2026-07-01,74.64,Paid,0,0,0
INV-0013140,CUST-102190,2026-08-01,74.61,Paid,0,1,0
INV-0013141,CUST-102191,2026-03-01,144.49,Paid,0,0,0
INV-0013142,CUST-102191,2026-04-01,148.23,Paid,0,0,0
INV-0013143,CUST-102191,2026-05-01,139.41,Paid,0,0,0
INV-0013144,CUST-102191,2026-06-01,146.29,Paid,0,0,0
INV-0013145,CUST-102191,2026-07-01,142.75,Paid,0,0,0
INV-0013146,CUST-102191,2026-08-01,147.78,Paid,0,0,0
INV-0013147,CUST-102192,2026-03-01,66.85,Late,8,0,0
INV-0013148,CUST-102192,2026-04-01,64.31,Paid,0,0,0
INV-0013149,CUST-102192,2026-05-01,62.6,Paid,0,0,0
INV-0013150,CUST-102192,2026-06-01,66.6,Paid,0,0,0
INV-0013151,CUST-102192,2026-07-01,66.57,Paid,0,0,0
INV-0013152,CUST-102192,2026-08-01,64.92,Paid,0,0,0
INV-0013153,CUST-102193,2026-03-01,86.99,Paid,0,0,0
INV-0013154,CUST-102193,2026-04-01,91.84,Paid,0,0,0
INV-0013155,CUST-102193,2026-05-01,104.93,Paid,0,0,0
INV-0013156,CUST-102193,2026-06-01,101.74,Late,13,1,0
INV-0013157,CUST-102193,2026-07-01,113.23,Paid,0,1,0
INV-0013158,CUST-102193,2026-08-01,90.97,Paid,0,1,0
INV-0013159,CUST-102194,2026-03-01,40.27,Paid,0,0,0
INV-0013160,CUST-102194,2026-04-01,39.45,Late,2,1,0
INV-0013161,CUST-102194,2026-05-01,40.18,Paid,0,0,0
INV-0013162,CUST-102194,2026-06-01,39.39,Paid,0,0,0
INV-0013163,CUST-102194,2026-07-01,39.44,Paid,0,0,0
INV-0013164,CUST-102194,2026-08-01,39.11,Paid,0,0,0
INV-0013165,CUST-102195,2026-03-01,35.84,Paid,0,0,0
INV-0013166,CUST-102195,2026-04-01,36.04,Paid,0,0,0
INV-0013167,CUST-102195,2026-05-01,34.01,Paid,0,0,0
INV-0013168,CUST-102195,2026-06-01,36.04,Paid,0,0,0
INV-0013169,CUST-102195,2026-07-01,35.42,Paid,0,0,0
INV-0013170,CUST-102195,2026-08-01,36.24,Paid,0,0,0
INV-0013171,CUST-102196,2026-03-01,82.56,Paid,0,0,0
INV-0013172,CUST-102196,2026-04-01,75.59,Late,9,0,0
INV-0013173,CUST-102196,2026-05-01,78.64,Paid,0,0,0
INV-0013174,CUST-102196,2026-06-01,79.04,Paid,0,0,0
INV-0013175,CUST-102196,2026-07-01,78.39,Paid,0,0,0
INV-0013176,CUST-102196,2026-08-01,76.4,Paid,0,1,1
INV-0013177,CUST-102197,2026-03-01,69.22,Paid,0,0,0
INV-0013178,CUST-102197,2026-04-01,68.44,Paid,0,0,0
INV-0013179,CUST-102197,2026-05-01,70.28,Paid,0,0,0
INV-0013180,CUST-102197,2026-06-01,68.22,Paid,0,0,0
INV-0013181,CUST-102197,2026-07-01,68.39,Paid,0,0,0
INV-0013182,CUST-102197,2026-08-01,69.28,Paid,0,0,0
INV-0013183,CUST-102198,2026-03-01,34.05,Paid,0,0,0
INV-0013184,CUST-102198,2026-04-01,34.05,Paid,0,0,0
INV-0013185,CUST-102198,2026-05-01,33.79,Paid,0,0,0
INV-0013186,CUST-102198,2026-06-01,34.78,Paid,0,0,0
INV-0013187,CUST-102198,2026-07-01,34.36,Paid,0,1,1
INV-0013188,CUST-102198,2026-08-01,34.06,Paid,0,0,0
INV-0013189,CUST-102199,2026-03-01,171.38,Paid,0,0,0
INV-0013190,CUST-102199,2026-04-01,168.44,Paid,0,0,0
INV-0013191,CUST-102199,2026-05-01,167.2,Paid,0,0,0
INV-0013192,CUST-102199,2026-06-01,165.91,Paid,0,0,0
INV-0013193,CUST-102199,2026-07-01,165.15,Paid,0,0,0
INV-0013194,CUST-102199,2026-08-01,176.94,Paid,0,0,0
INV-0013195,CUST-102200,2026-03-01,28.29,Paid,0,0,0
INV-0013196,CUST-102200,2026-04-01,31.26,Paid,0,0,0
INV-0013197,CUST-102200,2026-05-01,30.12,Paid,0,0,0
INV-0013198,CUST-102200,2026-06-01,29.6,Paid,0,0,0
INV-0013199,CUST-102200,2026-07-01,29.41,Paid,0,0,0
INV-0013200,CUST-102200,2026-08-01,29.08,Paid,0,0,0
INV-0013201,CUST-102201,2026-03-01,59.5,Paid,0,0,0
INV-0013202,CUST-102201,2026-04-01,63.4,Paid,0,0,0
INV-0013203,CUST-102201,2026-05-01,62.33,Paid,0,0,0
INV-0013204,CUST-102201,2026-06-01,60.06,Paid,0,0,0
INV-0013205,CUST-102201,2026-07-01,63.39,Late,19,0,0
INV-0013206,CUST-102201,2026-08-01,62.22,Paid,0,0,0
INV-0013207,CUST-102202,2026-03-01,85.09,Paid,0,0,0
INV-0013208,CUST-102202,2026-04-01,87.46,Paid,0,0,0
INV-0013209,CUST-102202,2026-05-01,86.07,Late,18,0,0
INV-0013210,CUST-102202,2026-06-01,78.89,Paid,0,0,0
INV-0013211,CUST-102202,2026-07-01,85.81,Paid,0,0,0
INV-0013212,CUST-102202,2026-08-01,86.39,Paid,0,0,0
INV-0013213,CUST-102203,2026-03-01,454.31,Paid,0,0,0
INV-0013214,CUST-102203,2026-04-01,453.37,Paid,0,0,0
INV-0013215,CUST-102203,2026-05-01,456.47,Paid,0,0,0
INV-0013216,CUST-102203,2026-06-01,462.63,Paid,0,0,0
INV-0013217,CUST-102203,2026-07-01,473.25,Paid,0,0,0
INV-0013218,CUST-102203,2026-08-01,465.94,Paid,0,0,0
INV-0013219,CUST-102204,2026-03-01,48.47,Paid,0,0,0
INV-0013220,CUST-102204,2026-04-01,46.9,Paid,0,0,0
INV-0013221,CUST-102204,2026-05-01,45.31,Paid,0,0,0
INV-0013222,CUST-102204,2026-06-01,45.37,Paid,0,0,0
INV-0013223,CUST-102204,2026-07-01,46.81,Paid,0,0,0
INV-0013224,CUST-102204,2026-08-01,46.05,Paid,0,0,0
INV-0013225,CUST-102205,2026-03-01,196.73,Late,5,0,0
INV-0013226,CUST-102205,2026-04-01,195.79,Paid,0,1,0
INV-0013227,CUST-102205,2026-05-01,199.3,Late,15,0,0
INV-0013228,CUST-102205,2026-06-01,227.89,Paid,0,1,1
INV-0013229,CUST-102205,2026-07-01,192.5,Paid,0,0,0
INV-0013230,CUST-102205,2026-08-01,201.89,Late,28,0,0
INV-0013231,CUST-102206,2026-03-01,383.32,Late,8,0,0
INV-0013232,CUST-102206,2026-04-01,366.02,Late,29,1,0
INV-0013233,CUST-102206,2026-05-01,498.07,Late,6,0,0
INV-0013234,CUST-102206,2026-06-01,389.84,Paid,0,1,1
INV-0013235,CUST-102206,2026-07-01,400.44,Paid,0,0,0
INV-0013236,CUST-102206,2026-08-01,389.56,Paid,0,0,0
INV-0013237,CUST-102207,2026-03-01,629.62,Late,23,1,1
INV-0013238,CUST-102207,2026-04-01,484.93,Paid,0,0,0
INV-0013239,CUST-102207,2026-05-01,485.65,Paid,0,1,0
INV-0013240,CUST-102207,2026-06-01,486.67,Paid,0,1,0
INV-0013241,CUST-102207,2026-07-01,483.92,Paid,0,0,0
INV-0013242,CUST-102207,2026-08-01,473.35,Paid,0,0,0
INV-0013243,CUST-102208,2026-03-01,38.8,Paid,0,0,0
INV-0013244,CUST-102208,2026-04-01,37.89,Paid,0,0,0
INV-0013245,CUST-102208,2026-05-01,38.85,Paid,0,0,0
INV-0013246,CUST-102208,2026-06-01,37.81,Paid,0,0,0
INV-0013247,CUST-102208,2026-07-01,36.96,Paid,0,0,0
INV-0013248,CUST-102208,2026-08-01,38.08,Paid,0,0,0
INV-0013249,CUST-102209,2026-03-01,42.09,Paid,0,0,0
INV-0013250,CUST-102209,2026-04-01,41.32,Paid,0,0,0
INV-0013251,CUST-102209,2026-05-01,43.82,Paid,0,0,0
INV-0013252,CUST-102209,2026-06-01,43.06,Paid,0,0,0
INV-0013253,CUST-102209,2026-07-01,42.55,Paid,0,0,0
INV-0013254,CUST-102209,2026-08-01,42.39,Paid,0,0,0
INV-0013255,CUST-102210,2026-03-01,32.54,Paid,0,0,0
INV-0013256,CUST-102210,2026-04-01,32.78,Paid,0,0,0
INV-0013257,CUST-102210,2026-05-01,33.26,Paid,0,0,0
INV-0013258,CUST-102210,2026-06-01,33.57,Paid,0,0,0
INV-0013259,CUST-102210,2026-07-01,32.62,Paid,0,0,0
INV-0013260,CUST-102210,2026-08-01,34.1,Paid,0,0,0
INV-0013261,CUST-102211,2026-03-01,68.63,Late,12,1,1
INV-0013262,CUST-102211,2026-04-01,71.67,Paid,0,0,0
INV-0013263,CUST-102211,2026-05-01,72.39,Late,6,0,0
INV-0013264,CUST-102211,2026-06-01,69.04,Paid,0,1,0
INV-0013265,CUST-102211,2026-07-01,67.65,Late,29,0,0
INV-0013266,CUST-102211,2026-08-01,67.91,Paid,0,0,0
INV-0013267,CUST-102212,2026-03-01,191.03,Late,2,0,0
INV-0013268,CUST-102212,2026-04-01,184.71,Paid,0,0,0
INV-0013269,CUST-102212,2026-05-01,190.18,Paid,0,0,0
INV-0013270,CUST-102212,2026-06-01,182.48,Paid,0,0,0
INV-0013271,CUST-102212,2026-07-01,187.78,Paid,0,0,0
INV-0013272,CUST-102212,2026-08-01,198.17,Paid,0,0,0
INV-0013273,CUST-102213,2026-03-01,156.44,Paid,0,0,0
INV-0013274,CUST-102213,2026-04-01,154.7,Paid,0,0,0
INV-0013275,CUST-102213,2026-05-01,149.47,Paid,0,0,0
INV-0013276,CUST-102213,2026-06-01,163.15,Paid,0,0,0
INV-0013277,CUST-102213,2026-07-01,155.5,Late,22,0,0
INV-0013278,CUST-102213,2026-08-01,156.53,Paid,0,0,0
INV-0013279,CUST-102214,2026-03-01,153.26,Paid,0,0,0
INV-0013280,CUST-102214,2026-04-01,145.17,Paid,0,0,0
INV-0013281,CUST-102214,2026-05-01,149.19,Paid,0,1,0
INV-0013282,CUST-102214,2026-06-01,147.32,Paid,0,0,0
INV-0013283,CUST-102214,2026-07-01,147.7,Paid,0,0,0
INV-0013284,CUST-102214,2026-08-01,142.68,Paid,0,0,0
INV-0013285,CUST-102215,2026-03-01,155.29,Paid,0,0,0
INV-0013286,CUST-102215,2026-04-01,165.87,Paid,0,0,0
INV-0013287,CUST-102215,2026-05-01,163.16,Paid,0,0,0
INV-0013288,CUST-102215,2026-06-01,163.13,Paid,0,0,0
INV-0013289,CUST-102215,2026-07-01,167.72,Paid,0,0,0
INV-0013290,CUST-102215,2026-08-01,154.88,Paid,0,0,0
INV-0013291,CUST-102216,2026-03-01,64.02,Paid,0,0,0
INV-0013292,CUST-102216,2026-04-01,65.36,Paid,0,0,0
INV-0013293,CUST-102216,2026-05-01,67.59,Paid,0,1,0
INV-0013294,CUST-102216,2026-06-01,65.78,Paid,0,0,0
INV-0013295,CUST-102216,2026-07-01,63.37,Paid,0,0,0
INV-0013296,CUST-102216,2026-08-01,67.86,Paid,0,0,0
INV-0013297,CUST-102217,2026-03-01,94.36,Late,13,0,0
INV-0013298,CUST-102217,2026-04-01,89.77,Paid,0,0,0
INV-0013299,CUST-102217,2026-05-01,91.55,Paid,0,0,0
INV-0013300,CUST-102217,2026-06-01,91.06,Paid,0,0,0
INV-0013301,CUST-102217,2026-07-01,90.5,Paid,0,0,0
INV-0013302,CUST-102217,2026-08-01,93.92,Paid,0,0,0
INV-0013303,CUST-102218,2026-03-01,38.6,Paid,0,0,0
INV-0013304,CUST-102218,2026-04-01,37.54,Paid,0,0,0
INV-0013305,CUST-102218,2026-05-01,39.18,Paid,0,0,0
INV-0013306,CUST-102218,2026-06-01,37.13,Late,8,0,0
INV-0013307,CUST-102218,2026-07-01,37.66,Paid,0,0,0
INV-0013308,CUST-102218,2026-08-01,37.18,Paid,0,0,0
INV-0013309,CUST-102219,2026-03-01,166.22,Paid,0,0,0
INV-0013310,CUST-102219,2026-04-01,160.03,Paid,0,0,0
INV-0013311,CUST-102219,2026-05-01,157.86,Paid,0,0,0
INV-0013312,CUST-102219,2026-06-01,164.84,Paid,0,0,0
INV-0013313,CUST-102219,2026-07-01,174.36,Paid,0,0,0
INV-0013314,CUST-102219,2026-08-01,168.54,Paid,0,0,0
INV-0013315,CUST-102220,2026-03-01,165.32,Paid,0,0,0
INV-0013316,CUST-102220,2026-04-01,164.27,Paid,0,0,0
INV-0013317,CUST-102220,2026-05-01,165.0,Paid,0,0,0
INV-0013318,CUST-102220,2026-06-01,164.28,Paid,0,0,0
INV-0013319,CUST-102220,2026-07-01,164.31,Paid,0,0,0
INV-0013320,CUST-102220,2026-08-01,161.69,Paid,0,0,0
INV-0013321,CUST-102221,2026-03-01,142.86,Paid,0,0,0
INV-0013322,CUST-102221,2026-04-01,143.11,Paid,0,0,0
INV-0013323,CUST-102221,2026-05-01,145.0,Paid,0,0,0
INV-0013324,CUST-102221,2026-06-01,139.51,Late,6,0,0
INV-0013325,CUST-102221,2026-07-01,144.2,Paid,0,0,0
INV-0013326,CUST-102221,2026-08-01,139.33,Paid,0,0,0
INV-0013327,CUST-102222,2026-03-01,32.16,Paid,0,0,0
INV-0013328,CUST-102222,2026-04-01,30.93,Paid,0,0,0
INV-0013329,CUST-102222,2026-05-01,31.21,Paid,0,0,0
INV-0013330,CUST-102222,2026-06-01,30.66,Late,17,0,0
INV-0013331,CUST-102222,2026-07-01,31.74,Paid,0,0,0
INV-0013332,CUST-102222,2026-08-01,31.46,Paid,0,0,0
INV-0013333,CUST-102223,2026-03-01,82.61,Paid,0,0,0
INV-0013334,CUST-102223,2026-04-01,79.82,Paid,0,1,1
INV-0013335,CUST-102223,2026-05-01,80.44,Late,3,0,0
INV-0013336,CUST-102223,2026-06-01,80.73,Paid,0,0,0
INV-0013337,CUST-102223,2026-07-01,80.05,Paid,0,0,0
INV-0013338,CUST-102223,2026-08-01,79.16,Late,12,1,0
INV-0013339,CUST-102224,2026-03-01,83.92,Late,30,0,0
INV-0013340,CUST-102224,2026-04-01,83.94,Paid,0,0,0
INV-0013341,CUST-102224,2026-05-01,81.96,Paid,0,0,0
INV-0013342,CUST-102224,2026-06-01,85.46,Paid,0,0,0
INV-0013343,CUST-102224,2026-07-01,82.04,Paid,0,0,0
INV-0013344,CUST-102224,2026-08-01,86.67,Late,24,0,0
INV-0013345,CUST-102225,2026-03-01,81.54,Paid,0,0,0
INV-0013346,CUST-102225,2026-04-01,80.77,Paid,0,0,0
INV-0013347,CUST-102225,2026-05-01,80.14,Paid,0,0,0
INV-0013348,CUST-102225,2026-06-01,81.9,Paid,0,0,0
INV-0013349,CUST-102225,2026-07-01,77.55,Paid,0,0,0
INV-0013350,CUST-102225,2026-08-01,80.0,Paid,0,0,0
INV-0013351,CUST-102226,2026-03-01,78.85,Paid,0,0,0
INV-0013352,CUST-102226,2026-04-01,80.49,Paid,0,0,0
INV-0013353,CUST-102226,2026-05-01,77.74,Paid,0,0,0
INV-0013354,CUST-102226,2026-06-01,81.7,Paid,0,0,0
INV-0013355,CUST-102226,2026-07-01,81.73,Paid,0,0,0
INV-0013356,CUST-102226,2026-08-01,80.94,Paid,0,0,0
INV-0013357,CUST-102227,2026-03-01,32.8,Paid,0,0,0
INV-0013358,CUST-102227,2026-04-01,31.81,Paid,0,0,0
INV-0013359,CUST-102227,2026-05-01,31.92,Paid,0,0,0
INV-0013360,CUST-102227,2026-06-01,33.96,Paid,0,0,0
INV-0013361,CUST-102227,2026-07-01,31.55,Paid,0,0,0
INV-0013362,CUST-102227,2026-08-01,31.56,Paid,0,0,0
INV-0013363,CUST-102228,2026-03-01,32.85,Late,26,0,0
INV-0013364,CUST-102228,2026-04-01,32.51,Paid,0,1,1
INV-0013365,CUST-102228,2026-05-01,32.8,Paid,0,0,0
INV-0013366,CUST-102228,2026-06-01,31.84,Paid,0,0,0
INV-0013367,CUST-102228,2026-07-01,33.64,Paid,0,1,0
INV-0013368,CUST-102228,2026-08-01,34.1,Paid,0,0,0
INV-0013369,CUST-102229,2026-03-01,74.33,Paid,0,0,0
INV-0013370,CUST-102229,2026-04-01,81.47,Paid,0,0,0
INV-0013371,CUST-102229,2026-05-01,78.9,Paid,0,0,0
INV-0013372,CUST-102229,2026-06-01,80.23,Paid,0,0,0
INV-0013373,CUST-102229,2026-07-01,80.86,Paid,0,0,0
INV-0013374,CUST-102229,2026-08-01,83.49,Paid,0,0,0
INV-0013375,CUST-102230,2026-03-01,98.72,Paid,0,0,0
INV-0013376,CUST-102230,2026-04-01,106.56,Late,12,0,0
INV-0013377,CUST-102230,2026-05-01,89.11,Late,16,0,0
INV-0013378,CUST-102230,2026-06-01,86.28,Late,26,0,0
INV-0013379,CUST-102230,2026-07-01,109.67,Paid,0,0,0
INV-0013380,CUST-102230,2026-08-01,114.16,Paid,0,0,0
INV-0013381,CUST-102231,2026-03-01,72.97,Paid,0,0,0
INV-0013382,CUST-102231,2026-04-01,76.42,Paid,0,0,0
INV-0013383,CUST-102231,2026-05-01,74.97,Paid,0,0,0
INV-0013384,CUST-102231,2026-06-01,75.63,Paid,0,0,0
INV-0013385,CUST-102231,2026-07-01,77.29,Paid,0,0,0
INV-0013386,CUST-102231,2026-08-01,73.48,Paid,0,1,1
INV-0013387,CUST-102232,2026-03-01,79.45,Paid,0,0,0
INV-0013388,CUST-102232,2026-04-01,79.66,Paid,0,0,0
INV-0013389,CUST-102232,2026-05-01,78.74,Paid,0,0,0
INV-0013390,CUST-102232,2026-06-01,78.58,Paid,0,0,0
INV-0013391,CUST-102232,2026-07-01,78.88,Paid,0,0,0
INV-0013392,CUST-102232,2026-08-01,77.98,Paid,0,0,0
INV-0013393,CUST-102233,2026-03-01,26.85,Paid,0,0,0
INV-0013394,CUST-102233,2026-04-01,27.18,Paid,0,0,0
INV-0013395,CUST-102233,2026-05-01,27.38,Paid,0,0,0
INV-0013396,CUST-102233,2026-06-01,27.63,Paid,0,0,0
INV-0013397,CUST-102233,2026-07-01,26.46,Paid,0,0,0
INV-0013398,CUST-102233,2026-08-01,25.89,Paid,0,0,0
INV-0013399,CUST-102234,2026-03-01,38.94,Paid,0,1,1
INV-0013400,CUST-102234,2026-04-01,36.51,Paid,0,0,0
INV-0013401,CUST-102234,2026-05-01,38.33,Paid,0,0,0
INV-0013402,CUST-102234,2026-06-01,38.57,Paid,0,0,0
INV-0013403,CUST-102234,2026-07-01,35.5,Late,24,0,0
INV-0013404,CUST-102234,2026-08-01,38.93,Paid,0,1,1
INV-0013405,CUST-102235,2026-03-01,37.43,Paid,0,0,0
INV-0013406,CUST-102235,2026-04-01,36.37,Paid,0,0,0
INV-0013407,CUST-102235,2026-05-01,35.87,Paid,0,0,0
INV-0013408,CUST-102235,2026-06-01,35.07,Paid,0,0,0
INV-0013409,CUST-102235,2026-07-01,35.47,Paid,0,0,0
INV-0013410,CUST-102235,2026-08-01,36.79,Paid,0,0,0
INV-0013411,CUST-102236,2026-03-01,91.19,Paid,0,0,0
INV-0013412,CUST-102236,2026-04-01,97.73,Paid,0,0,0
INV-0013413,CUST-102236,2026-05-01,85.83,Paid,0,0,0
INV-0013414,CUST-102236,2026-06-01,95.05,Paid,0,0,0
INV-0013415,CUST-102236,2026-07-01,93.69,Paid,0,0,0
INV-0013416,CUST-102236,2026-08-01,91.83,Paid,0,0,0
INV-0013417,CUST-102237,2026-03-01,69.24,Late,20,1,1
INV-0013418,CUST-102237,2026-04-01,59.12,Paid,0,0,0
INV-0013419,CUST-102237,2026-05-01,58.24,Paid,0,1,0
INV-0013420,CUST-102237,2026-06-01,57.93,Paid,0,1,0
INV-0013421,CUST-102237,2026-07-01,57.95,Paid,0,1,0
INV-0013422,CUST-102237,2026-08-01,59.15,Late,29,0,0
INV-0013423,CUST-102238,2026-03-01,74.35,Paid,0,0,0
INV-0013424,CUST-102238,2026-04-01,76.66,Paid,0,1,0
INV-0013425,CUST-102238,2026-05-01,75.29,Paid,0,0,0
INV-0013426,CUST-102238,2026-06-01,76.19,Paid,0,0,0
INV-0013427,CUST-102238,2026-07-01,77.34,Paid,0,1,1
INV-0013428,CUST-102238,2026-08-01,76.04,Paid,0,0,0
INV-0013429,CUST-102239,2026-03-01,96.75,Paid,0,0,0
INV-0013430,CUST-102239,2026-04-01,80.18,Late,13,1,0
INV-0013431,CUST-102239,2026-05-01,103.19,Paid,0,0,0
INV-0013432,CUST-102239,2026-06-01,79.41,Paid,0,1,0
INV-0013433,CUST-102239,2026-07-01,80.51,Late,3,1,0
INV-0013434,CUST-102239,2026-08-01,84.0,Late,1,1,0
INV-0013435,CUST-102240,2026-03-01,33.32,Paid,0,0,0
INV-0013436,CUST-102240,2026-04-01,32.24,Paid,0,0,0
INV-0013437,CUST-102240,2026-05-01,34.51,Paid,0,0,0
INV-0013438,CUST-102240,2026-06-01,33.16,Paid,0,0,0
INV-0013439,CUST-102240,2026-07-01,32.61,Paid,0,0,0
INV-0013440,CUST-102240,2026-08-01,34.03,Paid,0,0,0
INV-0013441,CUST-102241,2026-03-01,403.06,Late,24,1,0
INV-0013442,CUST-102241,2026-04-01,382.65,Late,12,0,0
INV-0013443,CUST-102241,2026-05-01,437.45,Paid,0,0,0
INV-0013444,CUST-102241,2026-06-01,449.17,Late,17,0,0
INV-0013445,CUST-102241,2026-07-01,401.83,Paid,0,1,0
INV-0013446,CUST-102241,2026-08-01,379.39,Paid,0,0,0
INV-0013447,CUST-102242,2026-03-01,81.97,Paid,0,0,0
INV-0013448,CUST-102242,2026-04-01,82.1,Paid,0,0,0
INV-0013449,CUST-102242,2026-05-01,84.33,Late,26,1,0
INV-0013450,CUST-102242,2026-06-01,80.86,Paid,0,0,0
INV-0013451,CUST-102242,2026-07-01,78.4,Paid,0,0,0
INV-0013452,CUST-102242,2026-08-01,82.57,Paid,0,0,0
INV-0013453,CUST-102243,2026-03-01,31.24,Paid,0,0,0
INV-0013454,CUST-102243,2026-04-01,31.64,Paid,0,0,0
INV-0013455,CUST-102243,2026-05-01,31.36,Paid,0,0,0
INV-0013456,CUST-102243,2026-06-01,30.09,Paid,0,0,0
INV-0013457,CUST-102243,2026-07-01,30.61,Paid,0,0,0
INV-0013458,CUST-102243,2026-08-01,30.73,Paid,0,0,0
INV-0013459,CUST-102244,2026-03-01,169.36,Paid,0,0,0
INV-0013460,CUST-102244,2026-04-01,162.07,Paid,0,0,0
INV-0013461,CUST-102244,2026-05-01,169.07,Paid,0,0,0
INV-0013462,CUST-102244,2026-06-01,171.39,Paid,0,0,0
INV-0013463,CUST-102244,2026-07-01,165.54,Paid,0,0,0
INV-0013464,CUST-102244,2026-08-01,160.58,Paid,0,0,0
INV-0013465,CUST-102245,2026-03-01,62.69,Paid,0,0,0
INV-0013466,CUST-102245,2026-04-01,62.56,Paid,0,0,0
INV-0013467,CUST-102245,2026-05-01,62.27,Paid,0,0,0
INV-0013468,CUST-102245,2026-06-01,60.95,Paid,0,0,0
INV-0013469,CUST-102245,2026-07-01,63.02,Paid,0,0,0
INV-0013470,CUST-102245,2026-08-01,62.83,Paid,0,0,0
INV-0013471,CUST-102246,2026-03-01,150.52,Paid,0,0,0
INV-0013472,CUST-102246,2026-04-01,149.68,Paid,0,0,0
INV-0013473,CUST-102246,2026-05-01,141.19,Paid,0,0,0
INV-0013474,CUST-102246,2026-06-01,146.73,Paid,0,0,0
INV-0013475,CUST-102246,2026-07-01,149.95,Paid,0,0,0
INV-0013476,CUST-102246,2026-08-01,145.32,Paid,0,0,0
INV-0013477,CUST-102247,2026-03-01,77.69,Paid,0,0,0
INV-0013478,CUST-102247,2026-04-01,78.55,Paid,0,0,0
INV-0013479,CUST-102247,2026-05-01,78.09,Paid,0,0,0
INV-0013480,CUST-102247,2026-06-01,77.73,Paid,0,0,0
INV-0013481,CUST-102247,2026-07-01,80.19,Paid,0,0,0
INV-0013482,CUST-102247,2026-08-01,78.97,Paid,0,0,0
INV-0013483,CUST-102248,2026-03-01,127.46,Paid,0,0,0
INV-0013484,CUST-102248,2026-04-01,127.33,Paid,0,0,0
INV-0013485,CUST-102248,2026-05-01,128.23,Paid,0,0,0
INV-0013486,CUST-102248,2026-06-01,120.17,Paid,0,0,0
INV-0013487,CUST-102248,2026-07-01,125.57,Paid,0,0,0
INV-0013488,CUST-102248,2026-08-01,124.83,Paid,0,0,0
INV-0013489,CUST-102249,2026-03-01,174.91,Paid,0,0,0
INV-0013490,CUST-102249,2026-04-01,160.72,Paid,0,0,0
INV-0013491,CUST-102249,2026-05-01,169.49,Paid,0,0,0
INV-0013492,CUST-102249,2026-06-01,169.52,Paid,0,0,0
INV-0013493,CUST-102249,2026-07-01,171.21,Paid,0,0,0
INV-0013494,CUST-102249,2026-08-01,168.86,Paid,0,1,1
INV-0013495,CUST-102250,2026-03-01,152.09,Late,11,0,0
INV-0013496,CUST-102250,2026-04-01,151.55,Paid,0,0,0
INV-0013497,CUST-102250,2026-05-01,156.56,Paid,0,0,0
INV-0013498,CUST-102250,2026-06-01,156.74,Paid,0,0,0
INV-0013499,CUST-102250,2026-07-01,157.91,Paid,0,0,0
INV-0013500,CUST-102250,2026-08-01,155.14,Paid,0,0,0
INV-0013501,CUST-102251,2026-03-01,79.99,Paid,0,0,0
INV-0013502,CUST-102251,2026-04-01,80.58,Paid,0,0,0
INV-0013503,CUST-102251,2026-05-01,78.23,Paid,0,0,0
INV-0013504,CUST-102251,2026-06-01,79.83,Paid,0,0,0
INV-0013505,CUST-102251,2026-07-01,79.41,Paid,0,1,0
INV-0013506,CUST-102251,2026-08-01,79.85,Paid,0,1,1
INV-0013507,CUST-102252,2026-03-01,79.0,Paid,0,0,0
INV-0013508,CUST-102252,2026-04-01,74.79,Paid,0,0,0
INV-0013509,CUST-102252,2026-05-01,79.46,Paid,0,0,0
INV-0013510,CUST-102252,2026-06-01,77.39,Paid,0,0,0
INV-0013511,CUST-102252,2026-07-01,78.15,Paid,0,0,0
INV-0013512,CUST-102252,2026-08-01,78.09,Paid,0,0,0
INV-0013513,CUST-102253,2026-03-01,27.06,Paid,0,0,0
INV-0013514,CUST-102253,2026-04-01,27.75,Paid,0,0,0
INV-0013515,CUST-102253,2026-05-01,26.12,Paid,0,0,0
INV-0013516,CUST-102253,2026-06-01,25.83,Paid,0,0,0
INV-0013517,CUST-102253,2026-07-01,27.09,Late,3,0,0
INV-0013518,CUST-102253,2026-08-01,26.47,Paid,0,0,0
INV-0013519,CUST-102254,2026-03-01,63.02,Paid,0,0,0
INV-0013520,CUST-102254,2026-04-01,59.61,Paid,0,0,0
INV-0013521,CUST-102254,2026-05-01,60.27,Paid,0,0,0
INV-0013522,CUST-102254,2026-06-01,58.99,Paid,0,0,0
INV-0013523,CUST-102254,2026-07-01,61.01,Paid,0,0,0
INV-0013524,CUST-102254,2026-08-01,62.95,Paid,0,0,0
INV-0013525,CUST-102255,2026-03-01,69.76,Paid,0,0,0
INV-0013526,CUST-102255,2026-04-01,70.87,Paid,0,0,0
INV-0013527,CUST-102255,2026-05-01,71.09,Paid,0,0,0
INV-0013528,CUST-102255,2026-06-01,69.33,Paid,0,0,0
INV-0013529,CUST-102255,2026-07-01,68.47,Paid,0,0,0
INV-0013530,CUST-102255,2026-08-01,66.93,Paid,0,0,0
INV-0013531,CUST-102256,2026-03-01,200.32,Paid,0,0,0
INV-0013532,CUST-102256,2026-04-01,205.34,Paid,0,0,0
INV-0013533,CUST-102256,2026-05-01,193.84,Paid,0,0,0
INV-0013534,CUST-102256,2026-06-01,200.74,Late,30,0,0
INV-0013535,CUST-102256,2026-07-01,207.25,Paid,0,0,0
INV-0013536,CUST-102256,2026-08-01,209.92,Paid,0,0,0
INV-0013537,CUST-102257,2026-03-01,147.59,Paid,0,0,0
INV-0013538,CUST-102257,2026-04-01,150.94,Paid,0,0,0
INV-0013539,CUST-102257,2026-05-01,144.41,Paid,0,1,1
INV-0013540,CUST-102257,2026-06-01,150.3,Late,25,0,0
INV-0013541,CUST-102257,2026-07-01,148.1,Paid,0,0,0
INV-0013542,CUST-102257,2026-08-01,149.29,Paid,0,0,0
INV-0013543,CUST-102258,2026-03-01,147.73,Paid,0,0,0
INV-0013544,CUST-102258,2026-04-01,154.05,Paid,0,0,0
INV-0013545,CUST-102258,2026-05-01,153.42,Paid,0,0,0
INV-0013546,CUST-102258,2026-06-01,144.16,Paid,0,0,0
INV-0013547,CUST-102258,2026-07-01,149.37,Paid,0,0,0
INV-0013548,CUST-102258,2026-08-01,155.71,Paid,0,0,0
INV-0013549,CUST-102259,2026-03-01,132.53,Paid,0,0,0
INV-0013550,CUST-102259,2026-04-01,127.67,Paid,0,0,0
INV-0013551,CUST-102259,2026-05-01,130.71,Paid,0,0,0
INV-0013552,CUST-102259,2026-06-01,132.88,Paid,0,0,0
INV-0013553,CUST-102259,2026-07-01,131.01,Paid,0,0,0
INV-0013554,CUST-102259,2026-08-01,134.68,Paid,0,0,0
INV-0013555,CUST-102260,2026-03-01,91.35,Paid,0,0,0
INV-0013556,CUST-102260,2026-04-01,89.4,Paid,0,0,0
INV-0013557,CUST-102260,2026-05-01,89.04,Paid,0,0,0
INV-0013558,CUST-102260,2026-06-01,89.93,Paid,0,0,0
INV-0013559,CUST-102260,2026-07-01,87.84,Paid,0,0,0
INV-0013560,CUST-102260,2026-08-01,88.7,Paid,0,0,0
INV-0013561,CUST-102261,2026-03-01,30.8,Paid,0,0,0
INV-0013562,CUST-102261,2026-04-01,29.64,Paid,0,0,0
INV-0013563,CUST-102261,2026-05-01,29.71,Paid,0,0,0
INV-0013564,CUST-102261,2026-06-01,29.74,Paid,0,1,0
INV-0013565,CUST-102261,2026-07-01,30.18,Paid,0,0,0
INV-0013566,CUST-102261,2026-08-01,30.07,Paid,0,0,0
INV-0013567,CUST-102262,2026-03-01,124.06,Paid,0,0,0
INV-0013568,CUST-102262,2026-04-01,126.77,Paid,0,0,0
INV-0013569,CUST-102262,2026-05-01,122.88,Paid,0,0,0
INV-0013570,CUST-102262,2026-06-01,118.62,Paid,0,0,0
INV-0013571,CUST-102262,2026-07-01,131.06,Paid,0,0,0
INV-0013572,CUST-102262,2026-08-01,127.36,Paid,0,1,0
INV-0013573,CUST-102263,2026-03-01,69.98,Paid,0,0,0
INV-0013574,CUST-102263,2026-04-01,72.23,Paid,0,0,0
INV-0013575,CUST-102263,2026-05-01,73.45,Paid,0,0,0
INV-0013576,CUST-102263,2026-06-01,73.91,Paid,0,0,0
INV-0013577,CUST-102263,2026-07-01,70.17,Paid,0,0,0
INV-0013578,CUST-102263,2026-08-01,72.64,Paid,0,0,0
INV-0013579,CUST-102264,2026-03-01,83.99,Paid,0,0,0
INV-0013580,CUST-102264,2026-04-01,83.02,Paid,0,0,0
INV-0013581,CUST-102264,2026-05-01,86.78,Paid,0,0,0
INV-0013582,CUST-102264,2026-06-01,80.38,Paid,0,0,0
INV-0013583,CUST-102264,2026-07-01,84.35,Paid,0,0,0
INV-0013584,CUST-102264,2026-08-01,84.14,Paid,0,0,0
INV-0013585,CUST-102265,2026-03-01,76.57,Paid,0,1,0
INV-0013586,CUST-102265,2026-04-01,76.33,Late,17,0,0
INV-0013587,CUST-102265,2026-05-01,77.86,Paid,0,1,0
INV-0013588,CUST-102265,2026-06-01,78.18,Paid,0,0,0
INV-0013589,CUST-102265,2026-07-01,85.96,Paid,0,0,0
INV-0013590,CUST-102265,2026-08-01,78.93,Paid,0,0,0
INV-0013591,CUST-102266,2026-03-01,97.41,Paid,0,0,0
INV-0013592,CUST-102266,2026-04-01,95.47,Paid,0,0,0
INV-0013593,CUST-102266,2026-05-01,97.86,Paid,0,0,0
INV-0013594,CUST-102266,2026-06-01,101.04,Late,14,0,0
INV-0013595,CUST-102266,2026-07-01,101.73,Paid,0,0,0
INV-0013596,CUST-102266,2026-08-01,99.32,Paid,0,0,0
INV-0013597,CUST-102267,2026-03-01,35.89,Paid,0,0,0
INV-0013598,CUST-102267,2026-04-01,35.74,Paid,0,0,0
INV-0013599,CUST-102267,2026-05-01,37.38,Paid,0,0,0
INV-0013600,CUST-102267,2026-06-01,36.2,Paid,0,0,0
INV-0013601,CUST-102267,2026-07-01,37.76,Paid,0,0,0
INV-0013602,CUST-102267,2026-08-01,36.33,Paid,0,0,0
INV-0013603,CUST-102268,2026-03-01,41.54,Paid,0,0,0
INV-0013604,CUST-102268,2026-04-01,40.09,Paid,0,0,0
INV-0013605,CUST-102268,2026-05-01,41.51,Paid,0,0,0
INV-0013606,CUST-102268,2026-06-01,42.72,Paid,0,0,0
INV-0013607,CUST-102268,2026-07-01,40.04,Late,29,0,0
INV-0013608,CUST-102268,2026-08-01,41.77,Paid,0,0,0
INV-0013609,CUST-102269,2026-03-01,150.54,Paid,0,0,0
INV-0013610,CUST-102269,2026-04-01,150.17,Paid,0,0,0
INV-0013611,CUST-102269,2026-05-01,153.9,Paid,0,0,0
INV-0013612,CUST-102269,2026-06-01,155.79,Paid,0,0,0
INV-0013613,CUST-102269,2026-07-01,160.37,Paid,0,0,0
INV-0013614,CUST-102269,2026-08-01,155.03,Paid,0,0,0
INV-0013615,CUST-102270,2026-03-01,32.86,Paid,0,0,0
INV-0013616,CUST-102270,2026-04-01,33.65,Paid,0,1,0
INV-0013617,CUST-102270,2026-05-01,34.11,Paid,0,0,0
INV-0013618,CUST-102270,2026-06-01,32.49,Paid,0,0,0
INV-0013619,CUST-102270,2026-07-01,32.66,Paid,0,0,0
INV-0013620,CUST-102270,2026-08-01,33.11,Paid,0,0,0
INV-0013621,CUST-102271,2026-03-01,72.22,Paid,0,0,0
INV-0013622,CUST-102271,2026-04-01,74.13,Paid,0,0,0
INV-0013623,CUST-102271,2026-05-01,72.2,Paid,0,0,0
INV-0013624,CUST-102271,2026-06-01,71.73,Paid,0,0,0
INV-0013625,CUST-102271,2026-07-01,70.52,Paid,0,0,0
INV-0013626,CUST-102271,2026-08-01,72.59,Paid,0,0,0
INV-0013627,CUST-102272,2026-03-01,32.38,Paid,0,0,0
INV-0013628,CUST-102272,2026-04-01,31.27,Paid,0,0,0
INV-0013629,CUST-102272,2026-05-01,31.57,Paid,0,0,0
INV-0013630,CUST-102272,2026-06-01,30.02,Paid,0,0,0
INV-0013631,CUST-102272,2026-07-01,29.78,Paid,0,0,0
INV-0013632,CUST-102272,2026-08-01,29.7,Paid,0,0,0
INV-0013633,CUST-102273,2026-03-01,32.49,Paid,0,0,0
INV-0013634,CUST-102273,2026-04-01,32.17,Paid,0,0,0
INV-0013635,CUST-102273,2026-05-01,33.88,Paid,0,0,0
INV-0013636,CUST-102273,2026-06-01,33.42,Paid,0,0,0
INV-0013637,CUST-102273,2026-07-01,33.3,Paid,0,0,0
INV-0013638,CUST-102273,2026-08-01,33.61,Paid,0,0,0
INV-0013639,CUST-102274,2026-03-01,74.4,Paid,0,0,0
INV-0013640,CUST-102274,2026-04-01,71.69,Paid,0,1,0
INV-0013641,CUST-102274,2026-05-01,72.4,Paid,0,0,0
INV-0013642,CUST-102274,2026-06-01,74.58,Paid,0,0,0
INV-0013643,CUST-102274,2026-07-01,75.5,Paid,0,0,0
INV-0013644,CUST-102274,2026-08-01,72.73,Late,4,0,0
INV-0013645,CUST-102275,2026-03-01,95.93,Paid,0,0,0
INV-0013646,CUST-102275,2026-04-01,94.58,Paid,0,0,0
INV-0013647,CUST-102275,2026-05-01,98.74,Paid,0,0,0
INV-0013648,CUST-102275,2026-06-01,93.35,Paid,0,0,0
INV-0013649,CUST-102275,2026-07-01,98.6,Paid,0,0,0
INV-0013650,CUST-102275,2026-08-01,93.92,Paid,0,0,0
INV-0013651,CUST-102276,2026-03-01,79.07,Paid,0,0,0
INV-0013652,CUST-102276,2026-04-01,80.23,Paid,0,0,0
INV-0013653,CUST-102276,2026-05-01,79.23,Paid,0,0,0
INV-0013654,CUST-102276,2026-06-01,79.27,Paid,0,0,0
INV-0013655,CUST-102276,2026-07-01,82.7,Paid,0,0,0
INV-0013656,CUST-102276,2026-08-01,79.67,Paid,0,0,0
INV-0013657,CUST-102277,2026-03-01,74.12,Paid,0,0,0
INV-0013658,CUST-102277,2026-04-01,69.14,Paid,0,0,0
INV-0013659,CUST-102277,2026-05-01,74.0,Paid,0,0,0
INV-0013660,CUST-102277,2026-06-01,73.85,Paid,0,0,0
INV-0013661,CUST-102277,2026-07-01,75.14,Paid,0,0,0
INV-0013662,CUST-102277,2026-08-01,75.73,Paid,0,0,0
INV-0013663,CUST-102278,2026-03-01,420.43,Paid,0,0,0
INV-0013664,CUST-102278,2026-04-01,407.98,Paid,0,0,0
INV-0013665,CUST-102278,2026-05-01,419.25,Late,30,0,0
INV-0013666,CUST-102278,2026-06-01,407.37,Paid,0,0,0
INV-0013667,CUST-102278,2026-07-01,430.05,Paid,0,0,0
INV-0013668,CUST-102278,2026-08-01,399.28,Paid,0,0,0
INV-0013669,CUST-102279,2026-03-01,79.17,Paid,0,0,0
INV-0013670,CUST-102279,2026-04-01,79.53,Paid,0,0,0
INV-0013671,CUST-102279,2026-05-01,78.29,Late,30,1,1
INV-0013672,CUST-102279,2026-06-01,81.87,Late,2,0,0
INV-0013673,CUST-102279,2026-07-01,79.99,Late,14,0,0
INV-0013674,CUST-102279,2026-08-01,80.04,Paid,0,1,1
INV-0013675,CUST-102280,2026-03-01,178.3,Paid,0,0,0
INV-0013676,CUST-102280,2026-04-01,171.75,Paid,0,0,0
INV-0013677,CUST-102280,2026-05-01,175.22,Paid,0,0,0
INV-0013678,CUST-102280,2026-06-01,182.13,Paid,0,0,0
INV-0013679,CUST-102280,2026-07-01,184.33,Paid,0,0,0
INV-0013680,CUST-102280,2026-08-01,172.78,Paid,0,1,0
INV-0013681,CUST-102281,2026-03-01,112.68,Paid,0,0,0
INV-0013682,CUST-102281,2026-04-01,119.7,Late,20,0,0
INV-0013683,CUST-102281,2026-05-01,125.58,Paid,0,0,0
INV-0013684,CUST-102281,2026-06-01,116.36,Paid,0,0,0
INV-0013685,CUST-102281,2026-07-01,114.42,Paid,0,0,0
INV-0013686,CUST-102281,2026-08-01,119.17,Paid,0,0,0
INV-0013687,CUST-102282,2026-03-01,86.57,Paid,0,0,0
INV-0013688,CUST-102282,2026-04-01,85.87,Late,2,0,0
INV-0013689,CUST-102282,2026-05-01,88.5,Paid,0,0,0
INV-0013690,CUST-102282,2026-06-01,86.82,Paid,0,0,0
INV-0013691,CUST-102282,2026-07-01,84.21,Paid,0,0,0
INV-0013692,CUST-102282,2026-08-01,88.85,Paid,0,0,0
INV-0013693,CUST-102283,2026-03-01,40.29,Paid,0,0,0
INV-0013694,CUST-102283,2026-04-01,38.58,Paid,0,0,0
INV-0013695,CUST-102283,2026-05-01,37.06,Paid,0,0,0
INV-0013696,CUST-102283,2026-06-01,39.99,Late,1,0,0
INV-0013697,CUST-102283,2026-07-01,40.02,Paid,0,0,0
INV-0013698,CUST-102283,2026-08-01,39.36,Paid,0,0,0
INV-0013699,CUST-102284,2026-03-01,84.25,Paid,0,0,0
INV-0013700,CUST-102284,2026-04-01,84.0,Paid,0,0,0
INV-0013701,CUST-102284,2026-05-01,84.21,Paid,0,0,0
INV-0013702,CUST-102284,2026-06-01,86.29,Paid,0,0,0
INV-0013703,CUST-102284,2026-07-01,83.32,Paid,0,0,0
INV-0013704,CUST-102284,2026-08-01,85.85,Paid,0,0,0
INV-0013705,CUST-102285,2026-03-01,82.07,Paid,0,0,0
INV-0013706,CUST-102285,2026-04-01,74.22,Paid,0,0,0
INV-0013707,CUST-102285,2026-05-01,80.23,Paid,0,0,0
INV-0013708,CUST-102285,2026-06-01,76.57,Late,6,0,0
INV-0013709,CUST-102285,2026-07-01,79.79,Late,21,0,0
INV-0013710,CUST-102285,2026-08-01,79.28,Paid,0,0,0
INV-0013711,CUST-102286,2026-03-01,40.79,Paid,0,0,0
INV-0013712,CUST-102286,2026-04-01,41.4,Paid,0,0,0
INV-0013713,CUST-102286,2026-05-01,40.08,Paid,0,0,0
INV-0013714,CUST-102286,2026-06-01,39.65,Paid,0,1,0
INV-0013715,CUST-102286,2026-07-01,40.42,Paid,0,0,0
INV-0013716,CUST-102286,2026-08-01,40.51,Late,16,1,1
INV-0013717,CUST-102287,2026-03-01,474.51,Paid,0,0,0
INV-0013718,CUST-102287,2026-04-01,456.52,Paid,0,0,0
INV-0013719,CUST-102287,2026-05-01,480.62,Paid,0,0,0
INV-0013720,CUST-102287,2026-06-01,456.81,Paid,0,0,0
INV-0013721,CUST-102287,2026-07-01,471.13,Paid,0,0,0
INV-0013722,CUST-102287,2026-08-01,471.17,Paid,0,0,0
INV-0013723,CUST-102288,2026-03-01,77.18,Paid,0,0,0
INV-0013724,CUST-102288,2026-04-01,81.54,Paid,0,0,0
INV-0013725,CUST-102288,2026-05-01,80.99,Paid,0,0,0
INV-0013726,CUST-102288,2026-06-01,80.39,Paid,0,0,0
INV-0013727,CUST-102288,2026-07-01,78.95,Paid,0,0,0
INV-0013728,CUST-102288,2026-08-01,81.41,Paid,0,0,0
INV-0013729,CUST-102289,2026-03-01,151.5,Paid,0,0,0
INV-0013730,CUST-102289,2026-04-01,154.97,Paid,0,0,0
INV-0013731,CUST-102289,2026-05-01,157.57,Paid,0,0,0
INV-0013732,CUST-102289,2026-06-01,155.98,Paid,0,0,0
INV-0013733,CUST-102289,2026-07-01,161.64,Paid,0,0,0
INV-0013734,CUST-102289,2026-08-01,153.55,Paid,0,1,0
INV-0013735,CUST-102290,2026-03-01,37.97,Late,26,0,0
INV-0013736,CUST-102290,2026-04-01,35.8,Paid,0,1,1
INV-0013737,CUST-102290,2026-05-01,36.61,Paid,0,0,0
INV-0013738,CUST-102290,2026-06-01,34.9,Paid,0,0,0
INV-0013739,CUST-102290,2026-07-01,45.11,Late,17,0,0
INV-0013740,CUST-102290,2026-08-01,35.82,Paid,0,0,0
INV-0013741,CUST-102291,2026-03-01,43.33,Late,21,0,0
INV-0013742,CUST-102291,2026-04-01,41.82,Paid,0,0,0
INV-0013743,CUST-102291,2026-05-01,43.99,Late,3,0,0
INV-0013744,CUST-102291,2026-06-01,42.95,Paid,0,0,0
INV-0013745,CUST-102291,2026-07-01,42.8,Paid,0,0,0
INV-0013746,CUST-102291,2026-08-01,41.13,Paid,0,0,0
INV-0013747,CUST-102292,2026-03-01,32.88,Paid,0,0,0
INV-0013748,CUST-102292,2026-04-01,34.25,Paid,0,0,0
INV-0013749,CUST-102292,2026-05-01,32.91,Paid,0,0,0
INV-0013750,CUST-102292,2026-06-01,32.64,Paid,0,0,0
INV-0013751,CUST-102292,2026-07-01,32.18,Paid,0,0,0
INV-0013752,CUST-102292,2026-08-01,32.75,Paid,0,0,0
INV-0013753,CUST-102293,2026-03-01,84.08,Paid,0,0,0
INV-0013754,CUST-102293,2026-04-01,87.3,Paid,0,1,1
INV-0013755,CUST-102293,2026-05-01,86.82,Paid,0,0,0
INV-0013756,CUST-102293,2026-06-01,83.89,Paid,0,0,0
INV-0013757,CUST-102293,2026-07-01,86.95,Late,18,0,0
INV-0013758,CUST-102293,2026-08-01,84.79,Paid,0,0,0
INV-0013759,CUST-102294,2026-03-01,178.04,Late,30,0,0
INV-0013760,CUST-102294,2026-04-01,179.02,Paid,0,0,0
INV-0013761,CUST-102294,2026-05-01,181.59,Paid,0,0,0
INV-0013762,CUST-102294,2026-06-01,184.94,Paid,0,0,0
INV-0013763,CUST-102294,2026-07-01,183.03,Paid,0,0,0
INV-0013764,CUST-102294,2026-08-01,187.27,Paid,0,0,0
INV-0013765,CUST-102295,2026-03-01,165.78,Paid,0,0,0
INV-0013766,CUST-102295,2026-04-01,166.97,Paid,0,0,0
INV-0013767,CUST-102295,2026-05-01,162.75,Paid,0,0,0
INV-0013768,CUST-102295,2026-06-01,167.51,Paid,0,0,0
INV-0013769,CUST-102295,2026-07-01,173.29,Paid,0,0,0
INV-0013770,CUST-102295,2026-08-01,166.25,Paid,0,0,0
INV-0013771,CUST-102296,2026-03-01,186.51,Paid,0,0,0
INV-0013772,CUST-102296,2026-04-01,186.12,Paid,0,0,0
INV-0013773,CUST-102296,2026-05-01,183.89,Paid,0,0,0
INV-0013774,CUST-102296,2026-06-01,186.04,Paid,0,0,0
INV-0013775,CUST-102296,2026-07-01,181.07,Paid,0,0,0
INV-0013776,CUST-102296,2026-08-01,178.41,Paid,0,0,0
INV-0013777,CUST-102297,2026-03-01,38.58,Paid,0,0,0
INV-0013778,CUST-102297,2026-04-01,38.68,Paid,0,0,0
INV-0013779,CUST-102297,2026-05-01,39.5,Paid,0,0,0
INV-0013780,CUST-102297,2026-06-01,38.79,Paid,0,0,0
INV-0013781,CUST-102297,2026-07-01,37.64,Paid,0,0,0
INV-0013782,CUST-102297,2026-08-01,37.23,Paid,0,0,0
INV-0013783,CUST-102298,2026-03-01,147.02,Paid,0,0,0
INV-0013784,CUST-102298,2026-04-01,140.35,Paid,0,0,0
INV-0013785,CUST-102298,2026-05-01,141.58,Paid,0,0,0
INV-0013786,CUST-102298,2026-06-01,140.89,Paid,0,0,0
INV-0013787,CUST-102298,2026-07-01,148.73,Paid,0,0,0
INV-0013788,CUST-102298,2026-08-01,143.63,Paid,0,0,0
INV-0013789,CUST-102299,2026-03-01,37.36,Paid,0,0,0
INV-0013790,CUST-102299,2026-04-01,36.88,Paid,0,0,0
INV-0013791,CUST-102299,2026-05-01,38.54,Paid,0,1,0
INV-0013792,CUST-102299,2026-06-01,36.5,Paid,0,0,0
INV-0013793,CUST-102299,2026-07-01,37.63,Late,15,0,0
INV-0013794,CUST-102299,2026-08-01,36.39,Paid,0,0,0
INV-0013795,CUST-102300,2026-03-01,152.61,Paid,0,0,0
INV-0013796,CUST-102300,2026-04-01,156.38,Paid,0,0,0
INV-0013797,CUST-102300,2026-05-01,161.42,Paid,0,0,0
INV-0013798,CUST-102300,2026-06-01,152.35,Late,10,0,0
INV-0013799,CUST-102300,2026-07-01,160.32,Paid,0,0,0
INV-0013800,CUST-102300,2026-08-01,153.51,Paid,0,0,0
INV-0013801,CUST-102301,2026-03-01,79.61,Paid,0,0,0
INV-0013802,CUST-102301,2026-04-01,84.24,Paid,0,0,0
INV-0013803,CUST-102301,2026-05-01,84.27,Paid,0,0,0
INV-0013804,CUST-102301,2026-06-01,87.76,Late,6,0,0
INV-0013805,CUST-102301,2026-07-01,82.63,Paid,0,0,0
INV-0013806,CUST-102301,2026-08-01,83.96,Paid,0,0,0
INV-0013807,CUST-102302,2026-03-01,78.18,Paid,0,0,0
INV-0013808,CUST-102302,2026-04-01,77.15,Late,29,0,0
INV-0013809,CUST-102302,2026-05-01,75.42,Late,22,0,0
INV-0013810,CUST-102302,2026-06-01,77.69,Paid,0,0,0
INV-0013811,CUST-102302,2026-07-01,78.98,Paid,0,0,0
INV-0013812,CUST-102302,2026-08-01,76.88,Paid,0,0,0
INV-0013813,CUST-102303,2026-03-01,148.76,Paid,0,0,0
INV-0013814,CUST-102303,2026-04-01,154.8,Paid,0,0,0
INV-0013815,CUST-102303,2026-05-01,149.05,Paid,0,0,0
INV-0013816,CUST-102303,2026-06-01,148.69,Late,25,0,0
INV-0013817,CUST-102303,2026-07-01,150.03,Paid,0,0,0
INV-0013818,CUST-102303,2026-08-01,148.14,Paid,0,0,0
INV-0013819,CUST-102304,2026-03-01,86.99,Paid,0,0,0
INV-0013820,CUST-102304,2026-04-01,110.27,Late,4,1,1
INV-0013821,CUST-102304,2026-05-01,92.12,Paid,0,1,0
INV-0013822,CUST-102304,2026-06-01,86.32,Late,13,0,0
INV-0013823,CUST-102304,2026-07-01,86.76,Paid,0,0,0
INV-0013824,CUST-102304,2026-08-01,90.93,Paid,0,0,0
INV-0013825,CUST-102305,2026-03-01,102.46,Paid,0,0,0
INV-0013826,CUST-102305,2026-04-01,101.76,Paid,0,0,0
INV-0013827,CUST-102305,2026-05-01,100.0,Paid,0,0,0
INV-0013828,CUST-102305,2026-06-01,98.7,Late,26,0,0
INV-0013829,CUST-102305,2026-07-01,100.92,Paid,0,0,0
INV-0013830,CUST-102305,2026-08-01,100.87,Paid,0,0,0
INV-0013831,CUST-102306,2026-03-01,123.45,Paid,0,0,0
INV-0013832,CUST-102306,2026-04-01,123.88,Late,8,0,0
INV-0013833,CUST-102306,2026-05-01,122.21,Paid,0,0,0
INV-0013834,CUST-102306,2026-06-01,122.73,Paid,0,0,0
INV-0013835,CUST-102306,2026-07-01,120.28,Paid,0,1,0
INV-0013836,CUST-102306,2026-08-01,121.85,Paid,0,0,0
INV-0013837,CUST-102307,2026-03-01,83.29,Late,10,1,1
INV-0013838,CUST-102307,2026-04-01,81.9,Late,12,1,1
INV-0013839,CUST-102307,2026-05-01,84.51,Paid,0,0,0
INV-0013840,CUST-102307,2026-06-01,83.32,Paid,0,1,0
INV-0013841,CUST-102307,2026-07-01,111.17,Late,10,0,0
INV-0013842,CUST-102307,2026-08-01,86.67,Paid,0,0,0
INV-0013843,CUST-102308,2026-03-01,73.85,Paid,0,0,0
INV-0013844,CUST-102308,2026-04-01,72.63,Paid,0,0,0
INV-0013845,CUST-102308,2026-05-01,73.46,Paid,0,0,0
INV-0013846,CUST-102308,2026-06-01,71.9,Paid,0,0,0
INV-0013847,CUST-102308,2026-07-01,73.47,Paid,0,0,0
INV-0013848,CUST-102308,2026-08-01,69.61,Late,29,0,0
INV-0013849,CUST-102309,2026-03-01,386.87,Paid,0,0,0
INV-0013850,CUST-102309,2026-04-01,375.44,Paid,0,0,0
INV-0013851,CUST-102309,2026-05-01,372.35,Paid,0,0,0
INV-0013852,CUST-102309,2026-06-01,383.61,Paid,0,0,0
INV-0013853,CUST-102309,2026-07-01,383.82,Paid,0,0,0
INV-0013854,CUST-102309,2026-08-01,382.45,Paid,0,0,0
INV-0013855,CUST-102310,2026-03-01,85.64,Paid,0,0,0
INV-0013856,CUST-102310,2026-04-01,82.18,Paid,0,0,0
INV-0013857,CUST-102310,2026-05-01,85.35,Paid,0,0,0
INV-0013858,CUST-102310,2026-06-01,79.36,Paid,0,0,0
INV-0013859,CUST-102310,2026-07-01,88.55,Paid,0,0,0
INV-0013860,CUST-102310,2026-08-01,81.51,Late,25,0,0
INV-0013861,CUST-102311,2026-03-01,74.61,Paid,0,0,0
INV-0013862,CUST-102311,2026-04-01,72.17,Paid,0,1,0
INV-0013863,CUST-102311,2026-05-01,74.3,Paid,0,0,0
INV-0013864,CUST-102311,2026-06-01,74.47,Late,30,0,0
INV-0013865,CUST-102311,2026-07-01,73.57,Paid,0,0,0
INV-0013866,CUST-102311,2026-08-01,76.03,Paid,0,0,0
INV-0013867,CUST-102312,2026-03-01,24.7,Paid,0,0,0
INV-0013868,CUST-102312,2026-04-01,26.66,Paid,0,1,0
INV-0013869,CUST-102312,2026-05-01,26.58,Paid,0,0,0
INV-0013870,CUST-102312,2026-06-01,27.13,Paid,0,0,0
INV-0013871,CUST-102312,2026-07-01,27.02,Paid,0,0,0
INV-0013872,CUST-102312,2026-08-01,25.77,Paid,0,0,0
INV-0013873,CUST-102313,2026-03-01,79.2,Paid,0,0,0
INV-0013874,CUST-102313,2026-04-01,75.52,Paid,0,0,0
INV-0013875,CUST-102313,2026-05-01,78.71,Paid,0,0,0
INV-0013876,CUST-102313,2026-06-01,76.67,Paid,0,0,0
INV-0013877,CUST-102313,2026-07-01,74.85,Paid,0,0,0
INV-0013878,CUST-102313,2026-08-01,75.78,Paid,0,0,0
INV-0013879,CUST-102314,2026-03-01,71.86,Paid,0,0,0
INV-0013880,CUST-102314,2026-04-01,71.98,Paid,0,0,0
INV-0013881,CUST-102314,2026-05-01,70.75,Paid,0,0,0
INV-0013882,CUST-102314,2026-06-01,67.38,Paid,0,0,0
INV-0013883,CUST-102314,2026-07-01,74.46,Paid,0,0,0
INV-0013884,CUST-102314,2026-08-01,69.94,Paid,0,0,0
INV-0013885,CUST-102315,2026-03-01,47.14,Paid,0,1,0
INV-0013886,CUST-102315,2026-04-01,46.25,Paid,0,0,0
INV-0013887,CUST-102315,2026-05-01,33.87,Late,8,1,1
INV-0013888,CUST-102315,2026-06-01,35.27,Paid,0,0,0
INV-0013889,CUST-102315,2026-07-01,34.42,Paid,0,0,0
INV-0013890,CUST-102315,2026-08-01,37.91,Paid,0,0,0
INV-0013891,CUST-102316,2026-03-01,523.98,Paid,0,0,0
INV-0013892,CUST-102316,2026-04-01,523.19,Paid,0,0,0
INV-0013893,CUST-102316,2026-05-01,516.46,Paid,0,0,0
INV-0013894,CUST-102316,2026-06-01,526.35,Paid,0,0,0
INV-0013895,CUST-102316,2026-07-01,516.87,Paid,0,0,0
INV-0013896,CUST-102316,2026-08-01,537.15,Paid,0,0,0
INV-0013897,CUST-102317,2026-03-01,74.61,Paid,0,0,0
INV-0013898,CUST-102317,2026-04-01,78.93,Paid,0,0,0
INV-0013899,CUST-102317,2026-05-01,77.31,Paid,0,1,0
INV-0013900,CUST-102317,2026-06-01,75.21,Paid,0,0,0
INV-0013901,CUST-102317,2026-07-01,75.72,Paid,0,0,0
INV-0013902,CUST-102317,2026-08-01,75.6,Paid,0,0,0
INV-0013903,CUST-102318,2026-03-01,150.3,Paid,0,0,0
INV-0013904,CUST-102318,2026-04-01,154.53,Paid,0,0,0
INV-0013905,CUST-102318,2026-05-01,151.24,Paid,0,0,0
INV-0013906,CUST-102318,2026-06-01,151.09,Late,14,0,0
INV-0013907,CUST-102318,2026-07-01,151.56,Paid,0,0,0
INV-0013908,CUST-102318,2026-08-01,152.39,Paid,0,0,0
INV-0013909,CUST-102319,2026-03-01,64.26,Paid,0,0,0
INV-0013910,CUST-102319,2026-04-01,61.64,Paid,0,0,0
INV-0013911,CUST-102319,2026-05-01,63.13,Paid,0,0,0
INV-0013912,CUST-102319,2026-06-01,66.08,Paid,0,0,0
INV-0013913,CUST-102319,2026-07-01,63.14,Paid,0,0,0
INV-0013914,CUST-102319,2026-08-01,62.71,Paid,0,0,0
INV-0013915,CUST-102320,2026-03-01,36.36,Late,11,0,0
INV-0013916,CUST-102320,2026-04-01,34.99,Paid,0,0,0
INV-0013917,CUST-102320,2026-05-01,34.35,Paid,0,0,0
INV-0013918,CUST-102320,2026-06-01,35.07,Paid,0,0,0
INV-0013919,CUST-102320,2026-07-01,36.89,Paid,0,0,0
INV-0013920,CUST-102320,2026-08-01,33.67,Paid,0,0,0
INV-0013921,CUST-102321,2026-03-01,56.63,Paid,0,0,0
INV-0013922,CUST-102321,2026-04-01,59.49,Paid,0,0,0
INV-0013923,CUST-102321,2026-05-01,60.41,Paid,0,0,0
INV-0013924,CUST-102321,2026-06-01,58.87,Paid,0,1,1
INV-0013925,CUST-102321,2026-07-01,57.42,Late,24,0,0
INV-0013926,CUST-102321,2026-08-01,60.66,Paid,0,0,0
INV-0013927,CUST-102322,2026-03-01,150.36,Late,14,1,0
INV-0013928,CUST-102322,2026-04-01,148.64,Paid,0,1,0
INV-0013929,CUST-102322,2026-05-01,202.2,Paid,0,0,0
INV-0013930,CUST-102322,2026-06-01,154.91,Paid,0,1,0
INV-0013931,CUST-102322,2026-07-01,158.76,Paid,0,1,0
INV-0013932,CUST-102322,2026-08-01,157.32,Paid,0,1,0
INV-0013933,CUST-102323,2026-03-01,164.65,Paid,0,0,0
INV-0013934,CUST-102323,2026-04-01,164.84,Paid,0,0,0
INV-0013935,CUST-102323,2026-05-01,162.12,Paid,0,0,0
INV-0013936,CUST-102323,2026-06-01,166.36,Paid,0,0,0
INV-0013937,CUST-102323,2026-07-01,164.66,Paid,0,0,0
INV-0013938,CUST-102323,2026-08-01,162.69,Paid,0,0,0
INV-0013939,CUST-102324,2026-03-01,36.89,Paid,0,0,0
INV-0013940,CUST-102324,2026-04-01,37.49,Paid,0,0,0
INV-0013941,CUST-102324,2026-05-01,35.87,Paid,0,0,0
INV-0013942,CUST-102324,2026-06-01,38.18,Paid,0,0,0
INV-0013943,CUST-102324,2026-07-01,37.98,Paid,0,0,0
INV-0013944,CUST-102324,2026-08-01,38.47,Paid,0,0,0
INV-0013945,CUST-102325,2026-03-01,69.4,Paid,0,0,0
INV-0013946,CUST-102325,2026-04-01,68.54,Paid,0,0,0
INV-0013947,CUST-102325,2026-05-01,66.39,Paid,0,0,0
INV-0013948,CUST-102325,2026-06-01,69.13,Paid,0,0,0
INV-0013949,CUST-102325,2026-07-01,70.69,Paid,0,0,0
INV-0013950,CUST-102325,2026-08-01,69.67,Paid,0,0,0
INV-0013951,CUST-102326,2026-03-01,397.05,Late,33,0,0
INV-0013952,CUST-102326,2026-04-01,390.95,Paid,0,0,0
INV-0013953,CUST-102326,2026-05-01,390.04,Paid,0,0,0
INV-0013954,CUST-102326,2026-06-01,407.87,Paid,0,0,0
INV-0013955,CUST-102326,2026-07-01,398.72,Paid,0,0,0
INV-0013956,CUST-102326,2026-08-01,396.2,Paid,0,0,0
INV-0013957,CUST-102327,2026-03-01,31.61,Paid,0,0,0
INV-0013958,CUST-102327,2026-04-01,38.46,Paid,0,0,0
INV-0013959,CUST-102327,2026-05-01,30.5,Late,30,0,0
INV-0013960,CUST-102327,2026-06-01,30.89,Late,19,0,0
INV-0013961,CUST-102327,2026-07-01,31.02,Paid,0,1,0
INV-0013962,CUST-102327,2026-08-01,30.67,Paid,0,1,1
INV-0013963,CUST-102328,2026-03-01,91.5,Paid,0,0,0
INV-0013964,CUST-102328,2026-04-01,93.43,Paid,0,0,0
INV-0013965,CUST-102328,2026-05-01,91.66,Paid,0,0,0
INV-0013966,CUST-102328,2026-06-01,92.11,Paid,0,0,0
INV-0013967,CUST-102328,2026-07-01,95.24,Paid,0,0,0
INV-0013968,CUST-102328,2026-08-01,95.55,Paid,0,0,0
INV-0013969,CUST-102329,2026-03-01,422.35,Paid,0,0,0
INV-0013970,CUST-102329,2026-04-01,425.67,Paid,0,0,0
INV-0013971,CUST-102329,2026-05-01,439.18,Paid,0,1,0
INV-0013972,CUST-102329,2026-06-01,428.74,Paid,0,0,0
INV-0013973,CUST-102329,2026-07-01,436.98,Paid,0,0,0
INV-0013974,CUST-102329,2026-08-01,416.74,Late,9,0,0
INV-0013975,CUST-102330,2026-03-01,88.05,Paid,0,0,0
INV-0013976,CUST-102330,2026-04-01,89.46,Paid,0,0,0
INV-0013977,CUST-102330,2026-05-01,90.1,Paid,0,0,0
INV-0013978,CUST-102330,2026-06-01,89.12,Paid,0,0,0
INV-0013979,CUST-102330,2026-07-01,87.95,Paid,0,0,0
INV-0013980,CUST-102330,2026-08-01,89.26,Paid,0,0,0
INV-0013981,CUST-102331,2026-03-01,173.27,Paid,0,0,0
INV-0013982,CUST-102331,2026-04-01,176.91,Paid,0,0,0
INV-0013983,CUST-102331,2026-05-01,174.92,Paid,0,0,0
INV-0013984,CUST-102331,2026-06-01,182.65,Paid,0,0,0
INV-0013985,CUST-102331,2026-07-01,182.08,Paid,0,0,0
INV-0013986,CUST-102331,2026-08-01,174.3,Paid,0,0,0
INV-0013987,CUST-102332,2026-03-01,103.88,Paid,0,0,0
INV-0013988,CUST-102332,2026-04-01,98.23,Paid,0,0,0
INV-0013989,CUST-102332,2026-05-01,96.48,Paid,0,0,0
INV-0013990,CUST-102332,2026-06-01,95.34,Paid,0,0,0
INV-0013991,CUST-102332,2026-07-01,101.12,Paid,0,0,0
INV-0013992,CUST-102332,2026-08-01,101.0,Paid,0,0,0
INV-0013993,CUST-102333,2026-03-01,106.13,Paid,0,0,0
INV-0013994,CUST-102333,2026-04-01,88.82,Late,10,1,0
INV-0013995,CUST-102333,2026-05-01,86.56,Late,11,0,0
INV-0013996,CUST-102333,2026-06-01,83.95,Late,6,0,0
INV-0013997,CUST-102333,2026-07-01,86.95,Late,27,0,0
INV-0013998,CUST-102333,2026-08-01,100.29,Paid,0,0,0
INV-0013999,CUST-102334,2026-03-01,38.47,Paid,0,0,0
INV-0014000,CUST-102334,2026-04-01,37.62,Paid,0,0,0
INV-0014001,CUST-102334,2026-05-01,36.5,Paid,0,0,0
INV-0014002,CUST-102334,2026-06-01,39.14,Paid,0,0,0
INV-0014003,CUST-102334,2026-07-01,38.42,Paid,0,0,0
INV-0014004,CUST-102334,2026-08-01,37.11,Paid,0,0,0
INV-0014005,CUST-102335,2026-03-01,451.2,Paid,0,0,0
INV-0014006,CUST-102335,2026-04-01,441.48,Paid,0,0,0
INV-0014007,CUST-102335,2026-05-01,457.71,Paid,0,0,0
INV-0014008,CUST-102335,2026-06-01,441.6,Paid,0,0,0
INV-0014009,CUST-102335,2026-07-01,445.07,Paid,0,0,0
INV-0014010,CUST-102335,2026-08-01,442.48,Paid,0,0,0
INV-0014011,CUST-102336,2026-03-01,96.34,Paid,0,0,0
INV-0014012,CUST-102336,2026-04-01,95.36,Paid,0,0,0
INV-0014013,CUST-102336,2026-05-01,95.16,Paid,0,0,0
INV-0014014,CUST-102336,2026-06-01,99.78,Late,16,0,0
INV-0014015,CUST-102336,2026-07-01,91.83,Paid,0,0,0
INV-0014016,CUST-102336,2026-08-01,96.54,Paid,0,0,0
INV-0014017,CUST-102337,2026-03-01,401.06,Paid,0,1,0
INV-0014018,CUST-102337,2026-04-01,512.28,Late,21,0,0
INV-0014019,CUST-102337,2026-05-01,400.23,Late,17,0,0
INV-0014020,CUST-102337,2026-06-01,406.83,Paid,0,1,0
INV-0014021,CUST-102337,2026-07-01,419.68,Paid,0,0,0
INV-0014022,CUST-102337,2026-08-01,402.57,Late,19,0,0
INV-0014023,CUST-102338,2026-03-01,151.75,Paid,0,0,0
INV-0014024,CUST-102338,2026-04-01,155.67,Paid,0,0,0
INV-0014025,CUST-102338,2026-05-01,154.6,Paid,0,0,0
INV-0014026,CUST-102338,2026-06-01,148.19,Paid,0,0,0
INV-0014027,CUST-102338,2026-07-01,151.15,Paid,0,0,0
INV-0014028,CUST-102338,2026-08-01,152.93,Paid,0,0,0
INV-0014029,CUST-102339,2026-03-01,80.57,Late,12,0,0
INV-0014030,CUST-102339,2026-04-01,74.35,Paid,0,0,0
INV-0014031,CUST-102339,2026-05-01,81.99,Paid,0,0,0
INV-0014032,CUST-102339,2026-06-01,85.87,Late,26,1,0
INV-0014033,CUST-102339,2026-07-01,73.31,Paid,0,0,0
INV-0014034,CUST-102339,2026-08-01,68.84,Late,25,0,0
INV-0014035,CUST-102340,2026-03-01,173.66,Paid,0,0,0
INV-0014036,CUST-102340,2026-04-01,161.62,Paid,0,0,0
INV-0014037,CUST-102340,2026-05-01,168.41,Paid,0,0,0
INV-0014038,CUST-102340,2026-06-01,165.69,Paid,0,0,0
INV-0014039,CUST-102340,2026-07-01,169.47,Paid,0,0,0
INV-0014040,CUST-102340,2026-08-01,165.22,Paid,0,0,0
INV-0014041,CUST-102341,2026-03-01,74.72,Paid,0,0,0
INV-0014042,CUST-102341,2026-04-01,75.05,Paid,0,0,0
INV-0014043,CUST-102341,2026-05-01,73.85,Paid,0,0,0
INV-0014044,CUST-102341,2026-06-01,71.59,Late,2,0,0
INV-0014045,CUST-102341,2026-07-01,72.83,Late,13,0,0
INV-0014046,CUST-102341,2026-08-01,74.12,Late,34,0,0
INV-0014047,CUST-102342,2026-03-01,156.52,Paid,0,0,0
INV-0014048,CUST-102342,2026-04-01,157.69,Paid,0,0,0
INV-0014049,CUST-102342,2026-05-01,158.48,Paid,0,0,0
INV-0014050,CUST-102342,2026-06-01,152.15,Late,4,0,0
INV-0014051,CUST-102342,2026-07-01,155.06,Paid,0,1,1
INV-0014052,CUST-102342,2026-08-01,152.12,Paid,0,0,0
INV-0014053,CUST-102343,2026-03-01,76.56,Paid,0,0,0
INV-0014054,CUST-102343,2026-04-01,76.68,Paid,0,0,0
INV-0014055,CUST-102343,2026-05-01,78.68,Paid,0,0,0
INV-0014056,CUST-102343,2026-06-01,72.79,Paid,0,0,0
INV-0014057,CUST-102343,2026-07-01,79.25,Paid,0,0,0
INV-0014058,CUST-102343,2026-08-01,74.32,Paid,0,0,0
INV-0014059,CUST-102344,2026-03-01,32.43,Paid,0,0,0
INV-0014060,CUST-102344,2026-04-01,30.86,Paid,0,0,0
INV-0014061,CUST-102344,2026-05-01,31.54,Paid,0,0,0
INV-0014062,CUST-102344,2026-06-01,31.69,Paid,0,0,0
INV-0014063,CUST-102344,2026-07-01,30.34,Paid,0,0,0
INV-0014064,CUST-102344,2026-08-01,31.89,Paid,0,0,0
INV-0014065,CUST-102345,2026-03-01,31.16,Paid,0,0,0
INV-0014066,CUST-102345,2026-04-01,31.4,Paid,0,0,0
INV-0014067,CUST-102345,2026-05-01,33.42,Paid,0,0,0
INV-0014068,CUST-102345,2026-06-01,34.06,Paid,0,0,0
INV-0014069,CUST-102345,2026-07-01,33.93,Paid,0,0,0
INV-0014070,CUST-102345,2026-08-01,32.82,Paid,0,0,0
INV-0014071,CUST-102346,2026-03-01,21.95,Paid,0,0,0
INV-0014072,CUST-102346,2026-04-01,21.74,Late,12,0,0
INV-0014073,CUST-102346,2026-05-01,20.44,Paid,0,0,0
INV-0014074,CUST-102346,2026-06-01,21.43,Paid,0,0,0
INV-0014075,CUST-102346,2026-07-01,21.47,Paid,0,0,0
INV-0014076,CUST-102346,2026-08-01,22.39,Paid,0,0,0
INV-0014077,CUST-102347,2026-03-01,185.79,Paid,0,0,0
INV-0014078,CUST-102347,2026-04-01,176.31,Paid,0,0,0
INV-0014079,CUST-102347,2026-05-01,185.9,Paid,0,0,0
INV-0014080,CUST-102347,2026-06-01,187.65,Paid,0,0,0
INV-0014081,CUST-102347,2026-07-01,182.07,Paid,0,0,0
INV-0014082,CUST-102347,2026-08-01,176.92,Paid,0,0,0
INV-0014083,CUST-102348,2026-03-01,137.44,Paid,0,0,0
INV-0014084,CUST-102348,2026-04-01,134.69,Paid,0,0,0
INV-0014085,CUST-102348,2026-05-01,137.99,Paid,0,0,0
INV-0014086,CUST-102348,2026-06-01,138.34,Paid,0,0,0
INV-0014087,CUST-102348,2026-07-01,140.79,Late,30,1,1
INV-0014088,CUST-102348,2026-08-01,134.99,Paid,0,0,0
INV-0014089,CUST-102349,2026-03-01,41.23,Paid,0,0,0
INV-0014090,CUST-102349,2026-04-01,39.25,Late,26,0,0
INV-0014091,CUST-102349,2026-05-01,42.94,Paid,0,0,0
INV-0014092,CUST-102349,2026-06-01,38.74,Paid,0,0,0
INV-0014093,CUST-102349,2026-07-01,40.45,Paid,0,0,0
INV-0014094,CUST-102349,2026-08-01,39.93,Paid,0,0,0
INV-0014095,CUST-102350,2026-03-01,85.44,Paid,0,0,0
INV-0014096,CUST-102350,2026-04-01,86.06,Paid,0,0,0
INV-0014097,CUST-102350,2026-05-01,85.91,Paid,0,0,0
INV-0014098,CUST-102350,2026-06-01,85.97,Paid,0,0,0
INV-0014099,CUST-102350,2026-07-01,89.9,Paid,0,0,0
INV-0014100,CUST-102350,2026-08-01,88.72,Paid,0,0,0
INV-0014101,CUST-102351,2026-03-01,469.86,Paid,0,0,0
INV-0014102,CUST-102351,2026-04-01,441.75,Paid,0,0,0
INV-0014103,CUST-102351,2026-05-01,454.44,Paid,0,0,0
INV-0014104,CUST-102351,2026-06-01,457.15,Paid,0,0,0
INV-0014105,CUST-102351,2026-07-01,449.23,Paid,0,0,0
INV-0014106,CUST-102351,2026-08-01,456.09,Paid,0,0,0
INV-0014107,CUST-102352,2026-03-01,194.12,Paid,0,0,0
INV-0014108,CUST-102352,2026-04-01,194.95,Paid,0,0,0
INV-0014109,CUST-102352,2026-05-01,196.55,Paid,0,0,0
INV-0014110,CUST-102352,2026-06-01,201.45,Paid,0,0,0
INV-0014111,CUST-102352,2026-07-01,197.69,Paid,0,0,0
INV-0014112,CUST-102352,2026-08-01,205.78,Paid,0,0,0
INV-0014113,CUST-102353,2026-03-01,438.34,Paid,0,0,0
INV-0014114,CUST-102353,2026-04-01,435.99,Paid,0,0,0
INV-0014115,CUST-102353,2026-05-01,435.05,Paid,0,0,0
INV-0014116,CUST-102353,2026-06-01,415.71,Paid,0,1,1
INV-0014117,CUST-102353,2026-07-01,436.32,Late,8,0,0
INV-0014118,CUST-102353,2026-08-01,416.28,Paid,0,0,0
INV-0014119,CUST-102354,2026-03-01,80.66,Late,31,0,0
INV-0014120,CUST-102354,2026-04-01,78.42,Paid,0,1,1
INV-0014121,CUST-102354,2026-05-01,81.01,Paid,0,0,0
INV-0014122,CUST-102354,2026-06-01,103.32,Late,2,0,0
INV-0014123,CUST-102354,2026-07-01,81.21,Late,31,0,0
INV-0014124,CUST-102354,2026-08-01,76.95,Paid,0,0,0
INV-0014125,CUST-102355,2026-03-01,32.71,Paid,0,0,0
INV-0014126,CUST-102355,2026-04-01,33.9,Paid,0,0,0
INV-0014127,CUST-102355,2026-05-01,31.53,Late,31,0,0
INV-0014128,CUST-102355,2026-06-01,34.95,Paid,0,0,0
INV-0014129,CUST-102355,2026-07-01,33.16,Paid,0,0,0
INV-0014130,CUST-102355,2026-08-01,31.24,Paid,0,0,0
INV-0014131,CUST-102356,2026-03-01,35.77,Paid,0,0,0
INV-0014132,CUST-102356,2026-04-01,36.14,Paid,0,0,0
INV-0014133,CUST-102356,2026-05-01,36.13,Paid,0,0,0
INV-0014134,CUST-102356,2026-06-01,33.45,Paid,0,0,0
INV-0014135,CUST-102356,2026-07-01,35.22,Paid,0,0,0
INV-0014136,CUST-102356,2026-08-01,35.56,Paid,0,0,0
INV-0014137,CUST-102357,2026-03-01,349.43,Late,21,0,0
INV-0014138,CUST-102357,2026-04-01,347.43,Paid,0,0,0
INV-0014139,CUST-102357,2026-05-01,358.27,Paid,0,1,0
INV-0014140,CUST-102357,2026-06-01,346.26,Paid,0,0,0
INV-0014141,CUST-102357,2026-07-01,354.17,Paid,0,0,0
INV-0014142,CUST-102357,2026-08-01,353.77,Paid,0,0,0
INV-0014143,CUST-102358,2026-03-01,66.37,Paid,0,0,0
INV-0014144,CUST-102358,2026-04-01,67.0,Paid,0,0,0
INV-0014145,CUST-102358,2026-05-01,66.66,Paid,0,0,0
INV-0014146,CUST-102358,2026-06-01,67.64,Paid,0,0,0
INV-0014147,CUST-102358,2026-07-01,67.56,Paid,0,0,0
INV-0014148,CUST-102358,2026-08-01,64.56,Paid,0,0,0
INV-0014149,CUST-102359,2026-03-01,41.54,Paid,0,0,0
INV-0014150,CUST-102359,2026-04-01,52.69,Paid,0,0,0
INV-0014151,CUST-102359,2026-05-01,42.86,Late,1,0,0
INV-0014152,CUST-102359,2026-06-01,41.49,Late,24,0,0
INV-0014153,CUST-102359,2026-07-01,41.91,Paid,0,1,0
INV-0014154,CUST-102359,2026-08-01,40.28,Late,9,0,0
INV-0014155,CUST-102360,2026-03-01,156.1,Paid,0,0,0
INV-0014156,CUST-102360,2026-04-01,164.58,Paid,0,0,0
INV-0014157,CUST-102360,2026-05-01,158.06,Paid,0,0,0
INV-0014158,CUST-102360,2026-06-01,164.79,Paid,0,0,0
INV-0014159,CUST-102360,2026-07-01,152.39,Paid,0,0,0
INV-0014160,CUST-102360,2026-08-01,161.6,Paid,0,0,0
INV-0014161,CUST-102361,2026-03-01,148.14,Paid,0,0,0
INV-0014162,CUST-102361,2026-04-01,155.11,Paid,0,0,0
INV-0014163,CUST-102361,2026-05-01,151.17,Paid,0,1,1
INV-0014164,CUST-102361,2026-06-01,159.63,Paid,0,0,0
INV-0014165,CUST-102361,2026-07-01,200.57,Late,30,0,0
INV-0014166,CUST-102361,2026-08-01,147.79,Late,30,1,1
INV-0014167,CUST-102362,2026-03-01,88.62,Paid,0,0,0
INV-0014168,CUST-102362,2026-04-01,86.64,Paid,0,0,0
INV-0014169,CUST-102362,2026-05-01,90.0,Paid,0,0,0
INV-0014170,CUST-102362,2026-06-01,86.37,Paid,0,0,0
INV-0014171,CUST-102362,2026-07-01,89.18,Paid,0,0,0
INV-0014172,CUST-102362,2026-08-01,87.08,Paid,0,0,0
INV-0014173,CUST-102363,2026-03-01,87.95,Paid,0,0,0
INV-0014174,CUST-102363,2026-04-01,82.76,Late,19,0,0
INV-0014175,CUST-102363,2026-05-01,88.14,Paid,0,0,0
INV-0014176,CUST-102363,2026-06-01,88.63,Paid,0,1,0
INV-0014177,CUST-102363,2026-07-01,87.89,Paid,0,0,0
INV-0014178,CUST-102363,2026-08-01,89.43,Paid,0,0,0
INV-0014179,CUST-102364,2026-03-01,392.43,Paid,0,0,0
INV-0014180,CUST-102364,2026-04-01,390.68,Paid,0,0,0
INV-0014181,CUST-102364,2026-05-01,403.3,Paid,0,0,0
INV-0014182,CUST-102364,2026-06-01,410.44,Paid,0,0,0
INV-0014183,CUST-102364,2026-07-01,393.59,Paid,0,0,0
INV-0014184,CUST-102364,2026-08-01,402.62,Paid,0,0,0
INV-0014185,CUST-102365,2026-03-01,160.51,Late,11,0,0
INV-0014186,CUST-102365,2026-04-01,166.41,Paid,0,1,1
INV-0014187,CUST-102365,2026-05-01,159.92,Paid,0,0,0
INV-0014188,CUST-102365,2026-06-01,166.88,Paid,0,0,0
INV-0014189,CUST-102365,2026-07-01,163.37,Paid,0,0,0
INV-0014190,CUST-102365,2026-08-01,164.97,Paid,0,0,0
INV-0014191,CUST-102366,2026-03-01,32.16,Paid,0,1,0
INV-0014192,CUST-102366,2026-04-01,34.88,Late,29,0,0
INV-0014193,CUST-102366,2026-05-01,33.1,Paid,0,0,0
INV-0014194,CUST-102366,2026-06-01,33.98,Paid,0,0,0
INV-0014195,CUST-102366,2026-07-01,35.76,Paid,0,0,0
INV-0014196,CUST-102366,2026-08-01,35.38,Paid,0,0,0
INV-0014197,CUST-102367,2026-03-01,84.54,Paid,0,0,0
INV-0014198,CUST-102367,2026-04-01,80.82,Paid,0,0,0
INV-0014199,CUST-102367,2026-05-01,79.52,Paid,0,0,0
INV-0014200,CUST-102367,2026-06-01,83.51,Paid,0,0,0
INV-0014201,CUST-102367,2026-07-01,83.05,Late,31,0,0
INV-0014202,CUST-102367,2026-08-01,83.35,Paid,0,0,0
INV-0014203,CUST-102368,2026-03-01,93.65,Paid,0,0,0
INV-0014204,CUST-102368,2026-04-01,90.17,Paid,0,0,0
INV-0014205,CUST-102368,2026-05-01,92.91,Paid,0,0,0
INV-0014206,CUST-102368,2026-06-01,94.22,Paid,0,0,0
INV-0014207,CUST-102368,2026-07-01,92.34,Paid,0,0,0
INV-0014208,CUST-102368,2026-08-01,93.27,Paid,0,0,0
INV-0014209,CUST-102369,2026-03-01,393.76,Paid,0,0,0
INV-0014210,CUST-102369,2026-04-01,399.5,Late,6,0,0
INV-0014211,CUST-102369,2026-05-01,384.46,Paid,0,0,0
INV-0014212,CUST-102369,2026-06-01,412.78,Paid,0,0,0
INV-0014213,CUST-102369,2026-07-01,421.16,Paid,0,0,0
INV-0014214,CUST-102369,2026-08-01,414.07,Paid,0,0,0
INV-0014215,CUST-102370,2026-03-01,83.39,Late,14,0,0
INV-0014216,CUST-102370,2026-04-01,79.12,Paid,0,0,0
INV-0014217,CUST-102370,2026-05-01,80.3,Paid,0,0,0
INV-0014218,CUST-102370,2026-06-01,104.27,Paid,0,0,0
INV-0014219,CUST-102370,2026-07-01,83.22,Paid,0,0,0
INV-0014220,CUST-102370,2026-08-01,80.01,Late,32,0,0
INV-0014221,CUST-102371,2026-03-01,381.41,Paid,0,0,0
INV-0014222,CUST-102371,2026-04-01,359.63,Paid,0,0,0
INV-0014223,CUST-102371,2026-05-01,382.84,Paid,0,0,0
INV-0014224,CUST-102371,2026-06-01,367.11,Paid,0,0,0
INV-0014225,CUST-102371,2026-07-01,377.27,Paid,0,0,0
INV-0014226,CUST-102371,2026-08-01,380.9,Paid,0,0,0
INV-0014227,CUST-102372,2026-03-01,76.26,Paid,0,0,0
INV-0014228,CUST-102372,2026-04-01,78.48,Paid,0,0,0
INV-0014229,CUST-102372,2026-05-01,73.25,Paid,0,0,0
INV-0014230,CUST-102372,2026-06-01,78.06,Paid,0,0,0
INV-0014231,CUST-102372,2026-07-01,79.66,Paid,0,0,0
INV-0014232,CUST-102372,2026-08-01,79.62,Paid,0,0,0
INV-0014233,CUST-102373,2026-03-01,47.04,Late,13,1,1
INV-0014234,CUST-102373,2026-04-01,33.79,Late,6,0,0
INV-0014235,CUST-102373,2026-05-01,35.72,Late,23,1,0
INV-0014236,CUST-102373,2026-06-01,34.38,Late,2,0,0
INV-0014237,CUST-102373,2026-07-01,34.14,Late,2,0,0
INV-0014238,CUST-102373,2026-08-01,43.31,Late,5,0,0
INV-0014239,CUST-102374,2026-03-01,161.05,Paid,0,0,0
INV-0014240,CUST-102374,2026-04-01,163.84,Paid,0,0,0
INV-0014241,CUST-102374,2026-05-01,161.74,Late,8,0,0
INV-0014242,CUST-102374,2026-06-01,174.0,Paid,0,0,0
INV-0014243,CUST-102374,2026-07-01,164.98,Paid,0,0,0
INV-0014244,CUST-102374,2026-08-01,156.5,Paid,0,0,0
INV-0014245,CUST-102375,2026-03-01,363.22,Paid,0,0,0
INV-0014246,CUST-102375,2026-04-01,365.76,Paid,0,0,0
INV-0014247,CUST-102375,2026-05-01,378.8,Paid,0,0,0
INV-0014248,CUST-102375,2026-06-01,371.19,Paid,0,0,0
INV-0014249,CUST-102375,2026-07-01,367.79,Paid,0,0,0
INV-0014250,CUST-102375,2026-08-01,364.31,Paid,0,0,0
INV-0014251,CUST-102376,2026-03-01,42.52,Paid,0,0,0
INV-0014252,CUST-102376,2026-04-01,41.06,Paid,0,0,0
INV-0014253,CUST-102376,2026-05-01,39.99,Paid,0,1,0
INV-0014254,CUST-102376,2026-06-01,41.61,Paid,0,0,0
INV-0014255,CUST-102376,2026-07-01,40.98,Paid,0,0,0
INV-0014256,CUST-102376,2026-08-01,43.1,Paid,0,0,0
INV-0014257,CUST-102377,2026-03-01,165.44,Paid,0,0,0
INV-0014258,CUST-102377,2026-04-01,156.71,Paid,0,0,0
INV-0014259,CUST-102377,2026-05-01,159.29,Paid,0,0,0
INV-0014260,CUST-102377,2026-06-01,161.95,Paid,0,0,0
INV-0014261,CUST-102377,2026-07-01,163.25,Paid,0,0,0
INV-0014262,CUST-102377,2026-08-01,155.94,Paid,0,0,0
INV-0014263,CUST-102378,2026-03-01,198.95,Paid,0,0,0
INV-0014264,CUST-102378,2026-04-01,200.65,Late,16,0,0
INV-0014265,CUST-102378,2026-05-01,199.08,Paid,0,0,0
INV-0014266,CUST-102378,2026-06-01,206.78,Paid,0,0,0
INV-0014267,CUST-102378,2026-07-01,203.4,Late,32,0,0
INV-0014268,CUST-102378,2026-08-01,198.87,Paid,0,0,0
INV-0014269,CUST-102379,2026-03-01,34.2,Paid,0,0,0
INV-0014270,CUST-102379,2026-04-01,33.9,Paid,0,0,0
INV-0014271,CUST-102379,2026-05-01,34.26,Paid,0,0,0
INV-0014272,CUST-102379,2026-06-01,33.65,Paid,0,0,0
INV-0014273,CUST-102379,2026-07-01,33.99,Paid,0,0,0
INV-0014274,CUST-102379,2026-08-01,33.36,Paid,0,0,0
INV-0014275,CUST-102380,2026-03-01,75.37,Paid,0,0,0
INV-0014276,CUST-102380,2026-04-01,78.09,Paid,0,0,0
INV-0014277,CUST-102380,2026-05-01,79.3,Paid,0,0,0
INV-0014278,CUST-102380,2026-06-01,80.64,Paid,0,0,0
INV-0014279,CUST-102380,2026-07-01,79.95,Paid,0,0,0
INV-0014280,CUST-102380,2026-08-01,77.71,Paid,0,0,0
INV-0014281,CUST-102381,2026-03-01,171.77,Paid,0,0,0
INV-0014282,CUST-102381,2026-04-01,171.48,Paid,0,0,0
INV-0014283,CUST-102381,2026-05-01,170.43,Paid,0,0,0
INV-0014284,CUST-102381,2026-06-01,180.74,Paid,0,0,0
INV-0014285,CUST-102381,2026-07-01,175.28,Paid,0,0,0
INV-0014286,CUST-102381,2026-08-01,176.21,Paid,0,0,0
INV-0014287,CUST-102382,2026-03-01,87.64,Paid,0,0,0
INV-0014288,CUST-102382,2026-04-01,84.25,Paid,0,0,0
INV-0014289,CUST-102382,2026-05-01,83.54,Paid,0,0,0
INV-0014290,CUST-102382,2026-06-01,87.68,Late,14,0,0
INV-0014291,CUST-102382,2026-07-01,84.6,Paid,0,0,0
INV-0014292,CUST-102382,2026-08-01,81.65,Late,26,0,0
INV-0014293,CUST-102383,2026-03-01,85.43,Paid,0,0,0
INV-0014294,CUST-102383,2026-04-01,83.97,Paid,0,0,0
INV-0014295,CUST-102383,2026-05-01,85.05,Paid,0,0,0
INV-0014296,CUST-102383,2026-06-01,85.86,Paid,0,0,0
INV-0014297,CUST-102383,2026-07-01,89.18,Paid,0,0,0
INV-0014298,CUST-102383,2026-08-01,87.67,Paid,0,0,0
INV-0014299,CUST-102384,2026-03-01,158.04,Paid,0,0,0
INV-0014300,CUST-102384,2026-04-01,155.52,Paid,0,0,0
INV-0014301,CUST-102384,2026-05-01,159.93,Paid,0,0,0
INV-0014302,CUST-102384,2026-06-01,154.96,Paid,0,0,0
INV-0014303,CUST-102384,2026-07-01,162.18,Paid,0,0,0
INV-0014304,CUST-102384,2026-08-01,158.07,Paid,0,0,0
INV-0014305,CUST-102385,2026-03-01,87.65,Paid,0,0,0
INV-0014306,CUST-102385,2026-04-01,85.43,Paid,0,0,0
INV-0014307,CUST-102385,2026-05-01,85.23,Paid,0,0,0
INV-0014308,CUST-102385,2026-06-01,87.36,Paid,0,0,0
INV-0014309,CUST-102385,2026-07-01,83.37,Paid,0,0,0
INV-0014310,CUST-102385,2026-08-01,84.6,Paid,0,0,0
INV-0014311,CUST-102386,2026-03-01,185.46,Paid,0,0,0
INV-0014312,CUST-102386,2026-04-01,194.02,Paid,0,0,0
INV-0014313,CUST-102386,2026-05-01,183.15,Paid,0,0,0
INV-0014314,CUST-102386,2026-06-01,195.71,Paid,0,0,0
INV-0014315,CUST-102386,2026-07-01,189.74,Paid,0,0,0
INV-0014316,CUST-102386,2026-08-01,186.52,Late,19,0,0
INV-0014317,CUST-102387,2026-03-01,75.46,Paid,0,0,0
INV-0014318,CUST-102387,2026-04-01,76.75,Paid,0,0,0
INV-0014319,CUST-102387,2026-05-01,75.18,Paid,0,0,0
INV-0014320,CUST-102387,2026-06-01,75.94,Paid,0,0,0
INV-0014321,CUST-102387,2026-07-01,70.55,Paid,0,0,0
INV-0014322,CUST-102387,2026-08-01,71.61,Paid,0,0,0
INV-0014323,CUST-102388,2026-03-01,66.59,Paid,0,0,0
INV-0014324,CUST-102388,2026-04-01,71.4,Paid,0,0,0
INV-0014325,CUST-102388,2026-05-01,70.87,Paid,0,0,0
INV-0014326,CUST-102388,2026-06-01,70.27,Paid,0,0,0
INV-0014327,CUST-102388,2026-07-01,68.18,Paid,0,0,0
INV-0014328,CUST-102388,2026-08-01,66.76,Paid,0,0,0
INV-0014329,CUST-102389,2026-03-01,150.37,Paid,0,0,0
INV-0014330,CUST-102389,2026-04-01,152.83,Paid,0,0,0
INV-0014331,CUST-102389,2026-05-01,147.73,Paid,0,0,0
INV-0014332,CUST-102389,2026-06-01,139.73,Paid,0,0,0
INV-0014333,CUST-102389,2026-07-01,150.76,Paid,0,0,0
INV-0014334,CUST-102389,2026-08-01,146.08,Paid,0,0,0
INV-0014335,CUST-102390,2026-03-01,199.76,Paid,0,0,0
INV-0014336,CUST-102390,2026-04-01,189.4,Late,27,0,0
INV-0014337,CUST-102390,2026-05-01,191.11,Paid,0,0,0
INV-0014338,CUST-102390,2026-06-01,192.43,Late,2,0,0
INV-0014339,CUST-102390,2026-07-01,191.15,Paid,0,0,0
INV-0014340,CUST-102390,2026-08-01,193.19,Paid,0,0,0
INV-0014341,CUST-102391,2026-03-01,36.15,Paid,0,0,0
INV-0014342,CUST-102391,2026-04-01,35.25,Paid,0,0,0
INV-0014343,CUST-102391,2026-05-01,36.74,Paid,0,0,0
INV-0014344,CUST-102391,2026-06-01,34.4,Paid,0,0,0
INV-0014345,CUST-102391,2026-07-01,34.8,Paid,0,0,0
INV-0014346,CUST-102391,2026-08-01,34.89,Paid,0,0,0
INV-0014347,CUST-102392,2026-03-01,532.89,Paid,0,0,0
INV-0014348,CUST-102392,2026-04-01,403.01,Paid,0,0,0
INV-0014349,CUST-102392,2026-05-01,414.43,Late,8,1,0
INV-0014350,CUST-102392,2026-06-01,404.7,Late,22,0,0
INV-0014351,CUST-102392,2026-07-01,400.52,Late,8,0,0
INV-0014352,CUST-102392,2026-08-01,395.81,Late,20,0,0
INV-0014353,CUST-102393,2026-03-01,30.43,Paid,0,0,0
INV-0014354,CUST-102393,2026-04-01,30.15,Paid,0,0,0
INV-0014355,CUST-102393,2026-05-01,28.07,Paid,0,0,0
INV-0014356,CUST-102393,2026-06-01,29.76,Paid,0,0,0
INV-0014357,CUST-102393,2026-07-01,29.98,Paid,0,0,0
INV-0014358,CUST-102393,2026-08-01,30.55,Paid,0,0,0
INV-0014359,CUST-102394,2026-03-01,34.78,Paid,0,0,0
INV-0014360,CUST-102394,2026-04-01,36.17,Paid,0,0,0
INV-0014361,CUST-102394,2026-05-01,36.58,Paid,0,0,0
INV-0014362,CUST-102394,2026-06-01,35.01,Paid,0,0,0
INV-0014363,CUST-102394,2026-07-01,35.54,Paid,0,0,0
INV-0014364,CUST-102394,2026-08-01,36.05,Paid,0,0,0
INV-0014365,CUST-102395,2026-03-01,175.55,Paid,0,0,0
INV-0014366,CUST-102395,2026-04-01,185.72,Paid,0,0,0
INV-0014367,CUST-102395,2026-05-01,180.39,Paid,0,0,0
INV-0014368,CUST-102395,2026-06-01,178.44,Paid,0,0,0
INV-0014369,CUST-102395,2026-07-01,181.43,Paid,0,0,0
INV-0014370,CUST-102395,2026-08-01,186.34,Late,6,0,0
INV-0014371,CUST-102396,2026-03-01,155.65,Paid,0,0,0
INV-0014372,CUST-102396,2026-04-01,156.38,Paid,0,0,0
INV-0014373,CUST-102396,2026-05-01,147.15,Paid,0,0,0
INV-0014374,CUST-102396,2026-06-01,152.48,Paid,0,0,0
INV-0014375,CUST-102396,2026-07-01,162.58,Paid,0,0,0
INV-0014376,CUST-102396,2026-08-01,153.03,Paid,0,0,0
INV-0014377,CUST-102397,2026-03-01,417.34,Paid,0,0,0
INV-0014378,CUST-102397,2026-04-01,438.53,Paid,0,0,0
INV-0014379,CUST-102397,2026-05-01,422.59,Paid,0,0,0
INV-0014380,CUST-102397,2026-06-01,425.67,Paid,0,0,0
INV-0014381,CUST-102397,2026-07-01,440.61,Late,18,0,0
INV-0014382,CUST-102397,2026-08-01,434.68,Paid,0,0,0
INV-0014383,CUST-102398,2026-03-01,128.95,Paid,0,0,0
INV-0014384,CUST-102398,2026-04-01,135.01,Paid,0,0,0
INV-0014385,CUST-102398,2026-05-01,130.83,Paid,0,0,0
INV-0014386,CUST-102398,2026-06-01,134.59,Paid,0,0,0
INV-0014387,CUST-102398,2026-07-01,127.4,Paid,0,0,0
INV-0014388,CUST-102398,2026-08-01,127.19,Late,24,0,0
INV-0014389,CUST-102399,2026-03-01,98.22,Paid,0,0,0
INV-0014390,CUST-102399,2026-04-01,95.17,Paid,0,0,0
INV-0014391,CUST-102399,2026-05-01,94.08,Late,20,0,0
INV-0014392,CUST-102399,2026-06-01,96.73,Paid,0,0,0
INV-0014393,CUST-102399,2026-07-01,92.84,Paid,0,0,0
INV-0014394,CUST-102399,2026-08-01,94.53,Late,2,0,0
INV-0014395,CUST-102400,2026-03-01,114.12,Paid,0,0,0
INV-0014396,CUST-102400,2026-04-01,86.72,Paid,0,1,0
INV-0014397,CUST-102400,2026-05-01,118.36,Paid,0,1,0
INV-0014398,CUST-102400,2026-06-01,117.39,Paid,0,0,0
INV-0014399,CUST-102400,2026-07-01,88.02,Paid,0,0,0
INV-0014400,CUST-102400,2026-08-01,92.8,Late,2,1,0
INV-0014401,CUST-102401,2026-03-01,57.03,Paid,0,0,0
INV-0014402,CUST-102401,2026-04-01,54.64,Paid,0,0,0
INV-0014403,CUST-102401,2026-05-01,57.44,Late,31,1,0
INV-0014404,CUST-102401,2026-06-01,58.52,Paid,0,1,0
INV-0014405,CUST-102401,2026-07-01,56.63,Paid,0,1,0
INV-0014406,CUST-102401,2026-08-01,69.4,Paid,0,1,0
INV-0014407,CUST-102402,2026-03-01,74.0,Paid,0,0,0
INV-0014408,CUST-102402,2026-04-01,76.0,Paid,0,0,0
INV-0014409,CUST-102402,2026-05-01,73.13,Paid,0,0,0
INV-0014410,CUST-102402,2026-06-01,73.62,Paid,0,0,0
INV-0014411,CUST-102402,2026-07-01,74.09,Paid,0,0,0
INV-0014412,CUST-102402,2026-08-01,79.58,Paid,0,0,0
INV-0014413,CUST-102403,2026-03-01,98.29,Paid,0,0,0
INV-0014414,CUST-102403,2026-04-01,99.34,Paid,0,0,0
INV-0014415,CUST-102403,2026-05-01,98.84,Paid,0,0,0
INV-0014416,CUST-102403,2026-06-01,95.25,Paid,0,0,0
INV-0014417,CUST-102403,2026-07-01,94.93,Paid,0,0,0
INV-0014418,CUST-102403,2026-08-01,98.98,Paid,0,0,0
INV-0014419,CUST-102404,2026-03-01,480.9,Paid,0,1,0
INV-0014420,CUST-102404,2026-04-01,416.11,Paid,0,1,0
INV-0014421,CUST-102404,2026-05-01,419.84,Late,1,0,0
INV-0014422,CUST-102404,2026-06-01,434.68,Paid,0,0,0
INV-0014423,CUST-102404,2026-07-01,508.47,Late,23,1,1
INV-0014424,CUST-102404,2026-08-01,422.67,Paid,0,0,0
INV-0014425,CUST-102405,2026-03-01,374.89,Paid,0,0,0
INV-0014426,CUST-102405,2026-04-01,398.98,Paid,0,0,0
INV-0014427,CUST-102405,2026-05-01,374.19,Paid,0,0,0
INV-0014428,CUST-102405,2026-06-01,370.86,Late,14,0,0
INV-0014429,CUST-102405,2026-07-01,380.32,Paid,0,0,0
INV-0014430,CUST-102405,2026-08-01,382.44,Late,28,0,0
INV-0014431,CUST-102406,2026-03-01,453.34,Paid,0,0,0
INV-0014432,CUST-102406,2026-04-01,471.45,Paid,0,1,0
INV-0014433,CUST-102406,2026-05-01,545.83,Late,6,0,0
INV-0014434,CUST-102406,2026-06-01,458.11,Late,28,0,0
INV-0014435,CUST-102406,2026-07-01,482.71,Paid,0,0,0
INV-0014436,CUST-102406,2026-08-01,472.24,Late,1,0,0
INV-0014437,CUST-102407,2026-03-01,38.39,Paid,0,0,0
INV-0014438,CUST-102407,2026-04-01,38.26,Paid,0,0,0
INV-0014439,CUST-102407,2026-05-01,39.34,Paid,0,0,0
INV-0014440,CUST-102407,2026-06-01,39.47,Paid,0,0,0
INV-0014441,CUST-102407,2026-07-01,37.57,Paid,0,0,0
INV-0014442,CUST-102407,2026-08-01,37.4,Paid,0,0,0
INV-0014443,CUST-102408,2026-03-01,73.25,Paid,0,0,0
INV-0014444,CUST-102408,2026-04-01,77.94,Paid,0,0,0
INV-0014445,CUST-102408,2026-05-01,70.33,Paid,0,0,0
INV-0014446,CUST-102408,2026-06-01,76.92,Paid,0,0,0
INV-0014447,CUST-102408,2026-07-01,76.9,Paid,0,0,0
INV-0014448,CUST-102408,2026-08-01,74.87,Paid,0,0,0
INV-0014449,CUST-102409,2026-03-01,35.2,Paid,0,0,0
INV-0014450,CUST-102409,2026-04-01,34.07,Paid,0,0,0
INV-0014451,CUST-102409,2026-05-01,34.55,Paid,0,0,0
INV-0014452,CUST-102409,2026-06-01,34.93,Paid,0,0,0
INV-0014453,CUST-102409,2026-07-01,34.76,Paid,0,0,0
INV-0014454,CUST-102409,2026-08-01,34.23,Paid,0,0,0
INV-0014455,CUST-102410,2026-03-01,69.73,Paid,0,0,0
INV-0014456,CUST-102410,2026-04-01,69.98,Paid,0,0,0
INV-0014457,CUST-102410,2026-05-01,65.83,Paid,0,0,0
INV-0014458,CUST-102410,2026-06-01,68.38,Late,14,0,0
INV-0014459,CUST-102410,2026-07-01,66.38,Late,23,0,0
INV-0014460,CUST-102410,2026-08-01,66.15,Paid,0,0,0
INV-0014461,CUST-102411,2026-03-01,73.17,Paid,0,0,0
INV-0014462,CUST-102411,2026-04-01,77.81,Paid,0,0,0
INV-0014463,CUST-102411,2026-05-01,79.12,Paid,0,0,0
INV-0014464,CUST-102411,2026-06-01,77.46,Paid,0,0,0
INV-0014465,CUST-102411,2026-07-01,76.77,Paid,0,0,0
INV-0014466,CUST-102411,2026-08-01,76.63,Paid,0,0,0
INV-0014467,CUST-102412,2026-03-01,31.29,Paid,0,0,0
INV-0014468,CUST-102412,2026-04-01,30.82,Paid,0,0,0
INV-0014469,CUST-102412,2026-05-01,30.85,Paid,0,0,0
INV-0014470,CUST-102412,2026-06-01,30.95,Paid,0,0,0
INV-0014471,CUST-102412,2026-07-01,31.71,Paid,0,0,0
INV-0014472,CUST-102412,2026-08-01,30.24,Paid,0,0,0
INV-0014473,CUST-102413,2026-03-01,155.84,Paid,0,0,0
INV-0014474,CUST-102413,2026-04-01,147.85,Paid,0,0,0
INV-0014475,CUST-102413,2026-05-01,157.97,Paid,0,0,0
INV-0014476,CUST-102413,2026-06-01,149.15,Paid,0,0,0
INV-0014477,CUST-102413,2026-07-01,152.79,Paid,0,0,0
INV-0014478,CUST-102413,2026-08-01,156.22,Paid,0,0,0
INV-0014479,CUST-102414,2026-03-01,83.28,Paid,0,0,0
INV-0014480,CUST-102414,2026-04-01,82.93,Paid,0,0,0
INV-0014481,CUST-102414,2026-05-01,85.86,Paid,0,0,0
INV-0014482,CUST-102414,2026-06-01,88.14,Paid,0,0,0
INV-0014483,CUST-102414,2026-07-01,88.14,Late,2,0,0
INV-0014484,CUST-102414,2026-08-01,84.29,Paid,0,0,0
INV-0014485,CUST-102415,2026-03-01,74.91,Paid,0,0,0
INV-0014486,CUST-102415,2026-04-01,78.92,Paid,0,0,0
INV-0014487,CUST-102415,2026-05-01,78.1,Paid,0,0,0
INV-0014488,CUST-102415,2026-06-01,78.21,Paid,0,0,0
INV-0014489,CUST-102415,2026-07-01,74.65,Late,31,0,0
INV-0014490,CUST-102415,2026-08-01,74.06,Paid,0,0,0
INV-0014491,CUST-102416,2026-03-01,95.81,Paid,0,0,0
INV-0014492,CUST-102416,2026-04-01,94.36,Paid,0,0,0
INV-0014493,CUST-102416,2026-05-01,99.31,Paid,0,0,0
INV-0014494,CUST-102416,2026-06-01,98.29,Paid,0,0,0
INV-0014495,CUST-102416,2026-07-01,97.46,Paid,0,1,0
INV-0014496,CUST-102416,2026-08-01,94.11,Paid,0,0,0
INV-0014497,CUST-102417,2026-03-01,165.18,Paid,0,0,0
INV-0014498,CUST-102417,2026-04-01,162.96,Late,28,0,0
INV-0014499,CUST-102417,2026-05-01,157.87,Paid,0,0,0
INV-0014500,CUST-102417,2026-06-01,162.41,Paid,0,0,0
INV-0014501,CUST-102417,2026-07-01,161.1,Paid,0,0,0
INV-0014502,CUST-102417,2026-08-01,165.0,Paid,0,1,1
INV-0014503,CUST-102418,2026-03-01,77.42,Paid,0,1,1
INV-0014504,CUST-102418,2026-04-01,75.05,Paid,0,0,0
INV-0014505,CUST-102418,2026-05-01,76.17,Paid,0,0,0
INV-0014506,CUST-102418,2026-06-01,79.26,Paid,0,0,0
INV-0014507,CUST-102418,2026-07-01,74.75,Paid,0,0,0
INV-0014508,CUST-102418,2026-08-01,75.05,Late,16,0,0
INV-0014509,CUST-102419,2026-03-01,140.91,Late,32,0,0
INV-0014510,CUST-102419,2026-04-01,133.01,Paid,0,0,0
INV-0014511,CUST-102419,2026-05-01,141.6,Paid,0,0,0
INV-0014512,CUST-102419,2026-06-01,136.89,Paid,0,0,0
INV-0014513,CUST-102419,2026-07-01,143.76,Paid,0,0,0
INV-0014514,CUST-102419,2026-08-01,134.08,Paid,0,0,0
INV-0014515,CUST-102420,2026-03-01,34.57,Paid,0,0,0
INV-0014516,CUST-102420,2026-04-01,42.01,Paid,0,0,0
INV-0014517,CUST-102420,2026-05-01,35.88,Paid,0,0,0
INV-0014518,CUST-102420,2026-06-01,35.94,Late,19,0,0
INV-0014519,CUST-102420,2026-07-01,36.38,Late,23,1,0
INV-0014520,CUST-102420,2026-08-01,45.74,Late,15,1,0
INV-0014521,CUST-102421,2026-03-01,84.44,Late,7,0,0
INV-0014522,CUST-102421,2026-04-01,75.97,Paid,0,0,0
INV-0014523,CUST-102421,2026-05-01,91.42,Late,21,0,0
INV-0014524,CUST-102421,2026-06-01,95.67,Paid,0,1,0
INV-0014525,CUST-102421,2026-07-01,92.86,Paid,0,0,0
INV-0014526,CUST-102421,2026-08-01,72.07,Paid,0,0,0
INV-0014527,CUST-102422,2026-03-01,95.72,Paid,0,0,0
INV-0014528,CUST-102422,2026-04-01,92.63,Paid,0,0,0
INV-0014529,CUST-102422,2026-05-01,91.52,Paid,0,0,0
INV-0014530,CUST-102422,2026-06-01,95.28,Paid,0,0,0
INV-0014531,CUST-102422,2026-07-01,90.4,Paid,0,0,0
INV-0014532,CUST-102422,2026-08-01,92.75,Paid,0,0,0
INV-0014533,CUST-102423,2026-03-01,29.31,Paid,0,0,0
INV-0014534,CUST-102423,2026-04-01,29.84,Paid,0,0,0
INV-0014535,CUST-102423,2026-05-01,29.81,Paid,0,0,0
INV-0014536,CUST-102423,2026-06-01,31.25,Paid,0,0,0
INV-0014537,CUST-102423,2026-07-01,31.58,Paid,0,0,0
INV-0014538,CUST-102423,2026-08-01,29.6,Paid,0,0,0
INV-0014539,CUST-102424,2026-03-01,145.33,Paid,0,0,0
INV-0014540,CUST-102424,2026-04-01,148.58,Paid,0,0,0
INV-0014541,CUST-102424,2026-05-01,134.33,Paid,0,0,0
INV-0014542,CUST-102424,2026-06-01,144.26,Paid,0,0,0
INV-0014543,CUST-102424,2026-07-01,147.3,Paid,0,0,0
INV-0014544,CUST-102424,2026-08-01,141.98,Paid,0,0,0
INV-0014545,CUST-102425,2026-03-01,84.37,Paid,0,0,0
INV-0014546,CUST-102425,2026-04-01,85.84,Paid,0,0,0
INV-0014547,CUST-102425,2026-05-01,86.28,Paid,0,0,0
INV-0014548,CUST-102425,2026-06-01,80.64,Paid,0,0,0
INV-0014549,CUST-102425,2026-07-01,88.2,Paid,0,0,0
INV-0014550,CUST-102425,2026-08-01,83.94,Paid,0,0,0
INV-0014551,CUST-102426,2026-03-01,392.95,Paid,0,0,0
INV-0014552,CUST-102426,2026-04-01,399.92,Paid,0,0,0
INV-0014553,CUST-102426,2026-05-01,382.21,Paid,0,0,0
INV-0014554,CUST-102426,2026-06-01,398.87,Paid,0,0,0
INV-0014555,CUST-102426,2026-07-01,388.19,Paid,0,0,0
INV-0014556,CUST-102426,2026-08-01,398.24,Paid,0,0,0
INV-0014557,CUST-102427,2026-03-01,71.58,Paid,0,0,0
INV-0014558,CUST-102427,2026-04-01,70.19,Paid,0,0,0
INV-0014559,CUST-102427,2026-05-01,76.93,Paid,0,0,0
INV-0014560,CUST-102427,2026-06-01,72.69,Paid,0,0,0
INV-0014561,CUST-102427,2026-07-01,75.24,Paid,0,0,0
INV-0014562,CUST-102427,2026-08-01,71.2,Paid,0,0,0
INV-0014563,CUST-102428,2026-03-01,38.03,Paid,0,0,0
INV-0014564,CUST-102428,2026-04-01,37.67,Paid,0,0,0
INV-0014565,CUST-102428,2026-05-01,35.97,Paid,0,0,0
INV-0014566,CUST-102428,2026-06-01,36.83,Paid,0,0,0
INV-0014567,CUST-102428,2026-07-01,36.55,Paid,0,0,0
INV-0014568,CUST-102428,2026-08-01,37.66,Paid,0,0,0
INV-0014569,CUST-102429,2026-03-01,120.8,Paid,0,0,0
INV-0014570,CUST-102429,2026-04-01,119.39,Paid,0,0,0
INV-0014571,CUST-102429,2026-05-01,119.4,Paid,0,0,0
INV-0014572,CUST-102429,2026-06-01,127.01,Paid,0,0,0
INV-0014573,CUST-102429,2026-07-01,122.37,Paid,0,0,0
INV-0014574,CUST-102429,2026-08-01,127.59,Paid,0,0,0
INV-0014575,CUST-102430,2026-03-01,167.8,Paid,0,0,0
INV-0014576,CUST-102430,2026-04-01,171.16,Paid,0,0,0
INV-0014577,CUST-102430,2026-05-01,174.45,Paid,0,0,0
INV-0014578,CUST-102430,2026-06-01,174.97,Paid,0,0,0
INV-0014579,CUST-102430,2026-07-01,173.87,Paid,0,0,0
INV-0014580,CUST-102430,2026-08-01,167.65,Paid,0,0,0
INV-0014581,CUST-102431,2026-03-01,30.04,Late,19,1,0
INV-0014582,CUST-102431,2026-04-01,31.99,Late,22,0,0
INV-0014583,CUST-102431,2026-05-01,30.62,Late,17,1,1
INV-0014584,CUST-102431,2026-06-01,31.8,Late,26,0,0
INV-0014585,CUST-102431,2026-07-01,30.45,Paid,0,0,0
INV-0014586,CUST-102431,2026-08-01,31.08,Paid,0,1,0
INV-0014587,CUST-102432,2026-03-01,33.74,Paid,0,0,0
INV-0014588,CUST-102432,2026-04-01,33.03,Paid,0,0,0
INV-0014589,CUST-102432,2026-05-01,32.72,Paid,0,0,0
INV-0014590,CUST-102432,2026-06-01,34.23,Paid,0,0,0
INV-0014591,CUST-102432,2026-07-01,34.61,Paid,0,0,0
INV-0014592,CUST-102432,2026-08-01,34.1,Paid,0,0,0
INV-0014593,CUST-102433,2026-03-01,59.77,Late,5,0,0
INV-0014594,CUST-102433,2026-04-01,63.53,Paid,0,0,0
INV-0014595,CUST-102433,2026-05-01,64.83,Paid,0,0,0
INV-0014596,CUST-102433,2026-06-01,66.3,Paid,0,0,0
INV-0014597,CUST-102433,2026-07-01,63.95,Paid,0,0,0
INV-0014598,CUST-102433,2026-08-01,63.19,Paid,0,0,0
INV-0014599,CUST-102434,2026-03-01,77.37,Paid,0,0,0
INV-0014600,CUST-102434,2026-04-01,79.57,Paid,0,0,0
INV-0014601,CUST-102434,2026-05-01,77.96,Paid,0,0,0
INV-0014602,CUST-102434,2026-06-01,79.38,Late,11,0,0
INV-0014603,CUST-102434,2026-07-01,77.2,Paid,0,0,0
INV-0014604,CUST-102434,2026-08-01,79.31,Paid,0,0,0
INV-0014605,CUST-102435,2026-03-01,36.44,Paid,0,0,0
INV-0014606,CUST-102435,2026-04-01,36.9,Paid,0,0,0
INV-0014607,CUST-102435,2026-05-01,35.49,Paid,0,0,0
INV-0014608,CUST-102435,2026-06-01,36.69,Paid,0,0,0
INV-0014609,CUST-102435,2026-07-01,36.6,Paid,0,0,0
INV-0014610,CUST-102435,2026-08-01,36.9,Paid,0,0,0
INV-0014611,CUST-102436,2026-03-01,160.29,Paid,0,0,0
INV-0014612,CUST-102436,2026-04-01,171.79,Paid,0,0,0
INV-0014613,CUST-102436,2026-05-01,159.4,Paid,0,0,0
INV-0014614,CUST-102436,2026-06-01,166.34,Paid,0,0,0
INV-0014615,CUST-102436,2026-07-01,166.6,Paid,0,0,0
INV-0014616,CUST-102436,2026-08-01,166.71,Paid,0,0,0
INV-0014617,CUST-102437,2026-03-01,37.56,Paid,0,0,0
INV-0014618,CUST-102437,2026-04-01,36.24,Paid,0,0,0
INV-0014619,CUST-102437,2026-05-01,37.9,Paid,0,0,0
INV-0014620,CUST-102437,2026-06-01,37.43,Paid,0,0,0
INV-0014621,CUST-102437,2026-07-01,38.9,Paid,0,0,0
INV-0014622,CUST-102437,2026-08-01,37.15,Paid,0,0,0
INV-0014623,CUST-102438,2026-03-01,66.09,Paid,0,0,0
INV-0014624,CUST-102438,2026-04-01,68.31,Paid,0,0,0
INV-0014625,CUST-102438,2026-05-01,70.93,Paid,0,1,0
INV-0014626,CUST-102438,2026-06-01,68.27,Paid,0,0,0
INV-0014627,CUST-102438,2026-07-01,69.01,Paid,0,0,0
INV-0014628,CUST-102438,2026-08-01,71.97,Paid,0,0,0
INV-0014629,CUST-102439,2026-03-01,39.55,Paid,0,0,0
INV-0014630,CUST-102439,2026-04-01,36.73,Paid,0,0,0
INV-0014631,CUST-102439,2026-05-01,37.05,Paid,0,0,0
INV-0014632,CUST-102439,2026-06-01,36.41,Paid,0,0,0
INV-0014633,CUST-102439,2026-07-01,37.56,Paid,0,0,0
INV-0014634,CUST-102439,2026-08-01,36.26,Paid,0,0,0
INV-0014635,CUST-102440,2026-03-01,159.72,Paid,0,0,0
INV-0014636,CUST-102440,2026-04-01,153.88,Paid,0,0,0
INV-0014637,CUST-102440,2026-05-01,158.98,Paid,0,0,0
INV-0014638,CUST-102440,2026-06-01,164.67,Paid,0,0,0
INV-0014639,CUST-102440,2026-07-01,151.36,Paid,0,0,0
INV-0014640,CUST-102440,2026-08-01,151.4,Paid,0,0,0
INV-0014641,CUST-102441,2026-03-01,37.89,Paid,0,1,0
INV-0014642,CUST-102441,2026-04-01,37.77,Paid,0,0,0
INV-0014643,CUST-102441,2026-05-01,37.31,Paid,0,0,0
INV-0014644,CUST-102441,2026-06-01,40.03,Paid,0,1,0
INV-0014645,CUST-102441,2026-07-01,38.53,Late,4,0,0
INV-0014646,CUST-102441,2026-08-01,36.34,Paid,0,0,0
INV-0014647,CUST-102442,2026-03-01,145.8,Paid,0,0,0
INV-0014648,CUST-102442,2026-04-01,148.73,Paid,0,0,0
INV-0014649,CUST-102442,2026-05-01,146.51,Paid,0,0,0
INV-0014650,CUST-102442,2026-06-01,153.32,Paid,0,0,0
INV-0014651,CUST-102442,2026-07-01,142.17,Paid,0,0,0
INV-0014652,CUST-102442,2026-08-01,149.0,Paid,0,0,0
INV-0014653,CUST-102443,2026-03-01,33.46,Paid,0,0,0
INV-0014654,CUST-102443,2026-04-01,34.06,Paid,0,0,0
INV-0014655,CUST-102443,2026-05-01,35.22,Paid,0,0,0
INV-0014656,CUST-102443,2026-06-01,36.77,Paid,0,0,0
INV-0014657,CUST-102443,2026-07-01,35.0,Paid,0,0,0
INV-0014658,CUST-102443,2026-08-01,34.7,Paid,0,0,0
INV-0014659,CUST-102444,2026-03-01,73.8,Paid,0,0,0
INV-0014660,CUST-102444,2026-04-01,75.59,Paid,0,0,0
INV-0014661,CUST-102444,2026-05-01,72.89,Paid,0,0,0
INV-0014662,CUST-102444,2026-06-01,71.68,Paid,0,0,0
INV-0014663,CUST-102444,2026-07-01,73.89,Paid,0,0,0
INV-0014664,CUST-102444,2026-08-01,71.16,Paid,0,0,0
INV-0014665,CUST-102445,2026-03-01,39.6,Late,3,0,0
INV-0014666,CUST-102445,2026-04-01,40.87,Paid,0,0,0
INV-0014667,CUST-102445,2026-05-01,44.63,Late,27,0,0
INV-0014668,CUST-102445,2026-06-01,39.8,Paid,0,1,0
INV-0014669,CUST-102445,2026-07-01,39.64,Paid,0,0,0
INV-0014670,CUST-102445,2026-08-01,37.86,Late,29,0,0
INV-0014671,CUST-102446,2026-03-01,30.02,Late,23,0,0
INV-0014672,CUST-102446,2026-04-01,29.95,Paid,0,0,0
INV-0014673,CUST-102446,2026-05-01,30.71,Paid,0,0,0
INV-0014674,CUST-102446,2026-06-01,28.89,Paid,0,1,0
INV-0014675,CUST-102446,2026-07-01,29.84,Paid,0,0,0
INV-0014676,CUST-102446,2026-08-01,31.45,Late,10,0,0
INV-0014677,CUST-102447,2026-03-01,90.43,Paid,0,0,0
INV-0014678,CUST-102447,2026-04-01,94.93,Paid,0,1,0
INV-0014679,CUST-102447,2026-05-01,91.15,Paid,0,1,0
INV-0014680,CUST-102447,2026-06-01,92.36,Paid,0,0,0
INV-0014681,CUST-102447,2026-07-01,91.57,Paid,0,0,0
INV-0014682,CUST-102447,2026-08-01,94.58,Paid,0,0,0
INV-0014683,CUST-102448,2026-03-01,155.22,Late,26,0,0
INV-0014684,CUST-102448,2026-04-01,154.62,Paid,0,0,0
INV-0014685,CUST-102448,2026-05-01,160.75,Paid,0,1,0
INV-0014686,CUST-102448,2026-06-01,165.76,Paid,0,0,0
INV-0014687,CUST-102448,2026-07-01,162.94,Paid,0,0,0
INV-0014688,CUST-102448,2026-08-01,156.73,Paid,0,0,0
INV-0014689,CUST-102449,2026-03-01,86.73,Paid,0,0,0
INV-0014690,CUST-102449,2026-04-01,86.85,Paid,0,0,0
INV-0014691,CUST-102449,2026-05-01,88.43,Paid,0,0,0
INV-0014692,CUST-102449,2026-06-01,82.37,Paid,0,0,0
INV-0014693,CUST-102449,2026-07-01,85.69,Paid,0,0,0
INV-0014694,CUST-102449,2026-08-01,82.27,Paid,0,0,0
INV-0014695,CUST-102450,2026-03-01,37.93,Paid,0,0,0
INV-0014696,CUST-102450,2026-04-01,35.43,Paid,0,0,0
INV-0014697,CUST-102450,2026-05-01,36.99,Paid,0,0,0
INV-0014698,CUST-102450,2026-06-01,36.29,Paid,0,0,0
INV-0014699,CUST-102450,2026-07-01,37.7,Paid,0,0,0
INV-0014700,CUST-102450,2026-08-01,37.45,Paid,0,0,0
INV-0014701,CUST-102451,2026-03-01,39.19,Paid,0,0,0
INV-0014702,CUST-102451,2026-04-01,38.26,Paid,0,0,0
INV-0014703,CUST-102451,2026-05-01,36.32,Paid,0,0,0
INV-0014704,CUST-102451,2026-06-01,38.15,Paid,0,0,0
INV-0014705,CUST-102451,2026-07-01,38.86,Paid,0,0,0
INV-0014706,CUST-102451,2026-08-01,38.63,Paid,0,0,0
INV-0014707,CUST-102452,2026-03-01,83.2,Paid,0,0,0
INV-0014708,CUST-102452,2026-04-01,87.63,Paid,0,0,0
INV-0014709,CUST-102452,2026-05-01,85.74,Paid,0,0,0
INV-0014710,CUST-102452,2026-06-01,86.52,Paid,0,0,0
INV-0014711,CUST-102452,2026-07-01,86.43,Paid,0,0,0
INV-0014712,CUST-102452,2026-08-01,85.17,Paid,0,0,0
INV-0014713,CUST-102453,2026-03-01,39.0,Late,26,0,0
INV-0014714,CUST-102453,2026-04-01,36.68,Paid,0,0,0
INV-0014715,CUST-102453,2026-05-01,39.7,Paid,0,0,0
INV-0014716,CUST-102453,2026-06-01,39.32,Paid,0,0,0
INV-0014717,CUST-102453,2026-07-01,40.05,Paid,0,0,0
INV-0014718,CUST-102453,2026-08-01,39.16,Late,5,0,0
INV-0014719,CUST-102454,2026-03-01,95.0,Late,27,0,0
INV-0014720,CUST-102454,2026-04-01,87.94,Paid,0,0,0
INV-0014721,CUST-102454,2026-05-01,118.87,Paid,0,0,0
INV-0014722,CUST-102454,2026-06-01,111.23,Paid,0,1,0
INV-0014723,CUST-102454,2026-07-01,114.94,Paid,0,1,0
INV-0014724,CUST-102454,2026-08-01,96.03,Paid,0,1,0
INV-0014725,CUST-102455,2026-03-01,349.65,Paid,0,0,0
INV-0014726,CUST-102455,2026-04-01,339.48,Paid,0,0,0
INV-0014727,CUST-102455,2026-05-01,340.01,Paid,0,0,0
INV-0014728,CUST-102455,2026-06-01,342.35,Paid,0,0,0
INV-0014729,CUST-102455,2026-07-01,337.98,Paid,0,0,0
INV-0014730,CUST-102455,2026-08-01,322.1,Paid,0,0,0
INV-0014731,CUST-102456,2026-03-01,188.73,Late,31,0,0
INV-0014732,CUST-102456,2026-04-01,194.05,Paid,0,0,0
INV-0014733,CUST-102456,2026-05-01,189.35,Paid,0,0,0
INV-0014734,CUST-102456,2026-06-01,186.14,Paid,0,0,0
INV-0014735,CUST-102456,2026-07-01,189.75,Paid,0,0,0
INV-0014736,CUST-102456,2026-08-01,205.12,Late,34,1,0
INV-0014737,CUST-102457,2026-03-01,329.46,Paid,0,0,0
INV-0014738,CUST-102457,2026-04-01,329.01,Paid,0,0,0
INV-0014739,CUST-102457,2026-05-01,329.27,Paid,0,1,0
INV-0014740,CUST-102457,2026-06-01,341.17,Paid,0,0,0
INV-0014741,CUST-102457,2026-07-01,351.88,Paid,0,0,0
INV-0014742,CUST-102457,2026-08-01,338.57,Paid,0,0,0
INV-0014743,CUST-102458,2026-03-01,145.54,Paid,0,0,0
INV-0014744,CUST-102458,2026-04-01,141.6,Paid,0,0,0
INV-0014745,CUST-102458,2026-05-01,139.01,Paid,0,0,0
INV-0014746,CUST-102458,2026-06-01,145.25,Paid,0,0,0
INV-0014747,CUST-102458,2026-07-01,146.76,Paid,0,0,0
INV-0014748,CUST-102458,2026-08-01,147.83,Paid,0,0,0
INV-0014749,CUST-102459,2026-03-01,70.28,Paid,0,0,0
INV-0014750,CUST-102459,2026-04-01,76.2,Paid,0,0,0
INV-0014751,CUST-102459,2026-05-01,73.58,Paid,0,0,0
INV-0014752,CUST-102459,2026-06-01,71.01,Paid,0,0,0
INV-0014753,CUST-102459,2026-07-01,74.38,Paid,0,0,0
INV-0014754,CUST-102459,2026-08-01,74.83,Paid,0,0,0
INV-0014755,CUST-102460,2026-03-01,33.13,Paid,0,0,0
INV-0014756,CUST-102460,2026-04-01,33.7,Paid,0,0,0
INV-0014757,CUST-102460,2026-05-01,33.3,Paid,0,0,0
INV-0014758,CUST-102460,2026-06-01,34.83,Paid,0,0,0
INV-0014759,CUST-102460,2026-07-01,33.58,Paid,0,0,0
INV-0014760,CUST-102460,2026-08-01,33.83,Paid,0,0,0
INV-0014761,CUST-102461,2026-03-01,29.99,Paid,0,0,0
INV-0014762,CUST-102461,2026-04-01,31.14,Paid,0,0,0
INV-0014763,CUST-102461,2026-05-01,31.23,Late,7,0,0
INV-0014764,CUST-102461,2026-06-01,30.72,Paid,0,0,0
INV-0014765,CUST-102461,2026-07-01,30.33,Paid,0,0,0
INV-0014766,CUST-102461,2026-08-01,31.46,Paid,0,0,0
INV-0014767,CUST-102462,2026-03-01,78.47,Paid,0,0,0
INV-0014768,CUST-102462,2026-04-01,82.34,Late,26,0,0
INV-0014769,CUST-102462,2026-05-01,79.12,Paid,0,1,1
INV-0014770,CUST-102462,2026-06-01,79.92,Paid,0,0,0
INV-0014771,CUST-102462,2026-07-01,76.61,Paid,0,0,0
INV-0014772,CUST-102462,2026-08-01,79.32,Paid,0,0,0
INV-0014773,CUST-102463,2026-03-01,40.88,Paid,0,0,0
INV-0014774,CUST-102463,2026-04-01,34.54,Paid,0,0,0
INV-0014775,CUST-102463,2026-05-01,36.36,Paid,0,0,0
INV-0014776,CUST-102463,2026-06-01,34.3,Paid,0,0,0
INV-0014777,CUST-102463,2026-07-01,34.88,Paid,0,1,0
INV-0014778,CUST-102463,2026-08-01,43.93,Paid,0,0,0
INV-0014779,CUST-102464,2026-03-01,76.29,Paid,0,0,0
INV-0014780,CUST-102464,2026-04-01,70.82,Paid,0,0,0
INV-0014781,CUST-102464,2026-05-01,74.24,Paid,0,0,0
INV-0014782,CUST-102464,2026-06-01,77.7,Paid,0,0,0
INV-0014783,CUST-102464,2026-07-01,67.83,Paid,0,0,0
INV-0014784,CUST-102464,2026-08-01,72.58,Paid,0,0,0
INV-0014785,CUST-102465,2026-03-01,40.26,Paid,0,0,0
INV-0014786,CUST-102465,2026-04-01,39.48,Paid,0,0,0
INV-0014787,CUST-102465,2026-05-01,38.8,Paid,0,0,0
INV-0014788,CUST-102465,2026-06-01,40.12,Paid,0,0,0
INV-0014789,CUST-102465,2026-07-01,39.65,Paid,0,1,1
INV-0014790,CUST-102465,2026-08-01,42.48,Paid,0,0,0
INV-0014791,CUST-102466,2026-03-01,86.23,Paid,0,0,0
INV-0014792,CUST-102466,2026-04-01,85.0,Paid,0,0,0
INV-0014793,CUST-102466,2026-05-01,84.21,Paid,0,0,0
INV-0014794,CUST-102466,2026-06-01,83.62,Paid,0,0,0
INV-0014795,CUST-102466,2026-07-01,85.09,Paid,0,1,0
INV-0014796,CUST-102466,2026-08-01,88.48,Paid,0,0,0
INV-0014797,CUST-102467,2026-03-01,33.17,Late,2,1,1
INV-0014798,CUST-102467,2026-04-01,41.64,Late,6,1,0
INV-0014799,CUST-102467,2026-05-01,33.11,Late,11,0,0
INV-0014800,CUST-102467,2026-06-01,33.79,Paid,0,1,0
INV-0014801,CUST-102467,2026-07-01,32.76,Paid,0,0,0
INV-0014802,CUST-102467,2026-08-01,32.89,Late,29,1,0
INV-0014803,CUST-102468,2026-03-01,33.78,Paid,0,0,0
INV-0014804,CUST-102468,2026-04-01,33.0,Paid,0,0,0
INV-0014805,CUST-102468,2026-05-01,32.78,Paid,0,0,0
INV-0014806,CUST-102468,2026-06-01,34.46,Paid,0,0,0
INV-0014807,CUST-102468,2026-07-01,34.08,Paid,0,0,0
INV-0014808,CUST-102468,2026-08-01,33.41,Paid,0,0,0
INV-0014809,CUST-102469,2026-03-01,305.28,Paid,0,0,0
INV-0014810,CUST-102469,2026-04-01,314.92,Paid,0,0,0
INV-0014811,CUST-102469,2026-05-01,315.89,Paid,0,0,0
INV-0014812,CUST-102469,2026-06-01,306.17,Paid,0,0,0
INV-0014813,CUST-102469,2026-07-01,307.91,Paid,0,0,0
INV-0014814,CUST-102469,2026-08-01,305.64,Paid,0,0,0
INV-0014815,CUST-102470,2026-03-01,195.36,Paid,0,0,0
INV-0014816,CUST-102470,2026-04-01,193.15,Paid,0,0,0
INV-0014817,CUST-102470,2026-05-01,200.1,Paid,0,0,0
INV-0014818,CUST-102470,2026-06-01,191.03,Paid,0,0,0
INV-0014819,CUST-102470,2026-07-01,190.78,Paid,0,0,0
INV-0014820,CUST-102470,2026-08-01,179.92,Paid,0,0,0
INV-0014821,CUST-102471,2026-03-01,39.79,Paid,0,0,0
INV-0014822,CUST-102471,2026-04-01,37.09,Paid,0,0,0
INV-0014823,CUST-102471,2026-05-01,37.62,Paid,0,0,0
INV-0014824,CUST-102471,2026-06-01,37.74,Paid,0,0,0
INV-0014825,CUST-102471,2026-07-01,38.25,Late,2,1,0
INV-0014826,CUST-102471,2026-08-01,37.6,Paid,0,0,0
INV-0014827,CUST-102472,2026-03-01,31.64,Paid,0,0,0
INV-0014828,CUST-102472,2026-04-01,32.77,Paid,0,0,0
INV-0014829,CUST-102472,2026-05-01,33.66,Late,21,0,0
INV-0014830,CUST-102472,2026-06-01,32.07,Paid,0,0,0
INV-0014831,CUST-102472,2026-07-01,31.21,Paid,0,0,0
INV-0014832,CUST-102472,2026-08-01,32.89,Paid,0,0,0
INV-0014833,CUST-102473,2026-03-01,34.3,Paid,0,0,0
INV-0014834,CUST-102473,2026-04-01,36.05,Paid,0,0,0
INV-0014835,CUST-102473,2026-05-01,36.11,Paid,0,0,0
INV-0014836,CUST-102473,2026-06-01,35.94,Paid,0,0,0
INV-0014837,CUST-102473,2026-07-01,35.72,Paid,0,0,0
INV-0014838,CUST-102473,2026-08-01,36.37,Paid,0,0,0
INV-0014839,CUST-102474,2026-03-01,37.64,Paid,0,0,0
INV-0014840,CUST-102474,2026-04-01,39.53,Paid,0,0,0
INV-0014841,CUST-102474,2026-05-01,37.74,Paid,0,0,0
INV-0014842,CUST-102474,2026-06-01,38.49,Paid,0,0,0
INV-0014843,CUST-102474,2026-07-01,38.55,Paid,0,0,0
INV-0014844,CUST-102474,2026-08-01,37.46,Paid,0,0,0
INV-0014845,CUST-102475,2026-03-01,85.22,Paid,0,0,0
INV-0014846,CUST-102475,2026-04-01,82.93,Paid,0,1,1
INV-0014847,CUST-102475,2026-05-01,81.69,Paid,0,0,0
INV-0014848,CUST-102475,2026-06-01,81.96,Paid,0,0,0
INV-0014849,CUST-102475,2026-07-01,82.33,Paid,0,0,0
INV-0014850,CUST-102475,2026-08-01,83.07,Paid,0,0,0
INV-0014851,CUST-102476,2026-03-01,441.21,Late,24,1,0
INV-0014852,CUST-102476,2026-04-01,446.21,Paid,0,0,0
INV-0014853,CUST-102476,2026-05-01,448.44,Paid,0,0,0
INV-0014854,CUST-102476,2026-06-01,449.35,Paid,0,0,0
INV-0014855,CUST-102476,2026-07-01,424.33,Paid,0,0,0
INV-0014856,CUST-102476,2026-08-01,443.02,Paid,0,0,0
INV-0014857,CUST-102477,2026-03-01,467.12,Late,2,0,0
INV-0014858,CUST-102477,2026-04-01,497.62,Paid,0,0,0
INV-0014859,CUST-102477,2026-05-01,491.97,Paid,0,0,0
INV-0014860,CUST-102477,2026-06-01,482.16,Paid,0,0,0
INV-0014861,CUST-102477,2026-07-01,482.51,Paid,0,0,0
INV-0014862,CUST-102477,2026-08-01,486.26,Paid,0,0,0
INV-0014863,CUST-102478,2026-03-01,73.52,Paid,0,0,0
INV-0014864,CUST-102478,2026-04-01,81.36,Paid,0,0,0
INV-0014865,CUST-102478,2026-05-01,68.68,Paid,0,1,0
INV-0014866,CUST-102478,2026-06-01,84.06,Paid,0,1,0
INV-0014867,CUST-102478,2026-07-01,90.19,Late,21,0,0
INV-0014868,CUST-102478,2026-08-01,71.35,Paid,0,0,0
INV-0014869,CUST-102479,2026-03-01,31.95,Paid,0,0,0
INV-0014870,CUST-102479,2026-04-01,32.57,Paid,0,0,0
INV-0014871,CUST-102479,2026-05-01,32.76,Paid,0,0,0
INV-0014872,CUST-102479,2026-06-01,31.53,Paid,0,0,0
INV-0014873,CUST-102479,2026-07-01,32.24,Paid,0,0,0
INV-0014874,CUST-102479,2026-08-01,32.85,Paid,0,0,0
INV-0014875,CUST-102480,2026-03-01,445.15,Paid,0,0,0
INV-0014876,CUST-102480,2026-04-01,448.9,Paid,0,0,0
INV-0014877,CUST-102480,2026-05-01,450.56,Paid,0,0,0
INV-0014878,CUST-102480,2026-06-01,434.77,Paid,0,0,0
INV-0014879,CUST-102480,2026-07-01,433.93,Paid,0,0,0
INV-0014880,CUST-102480,2026-08-01,442.64,Paid,0,0,0
INV-0014881,CUST-102481,2026-03-01,153.32,Paid,0,0,0
INV-0014882,CUST-102481,2026-04-01,156.89,Paid,0,0,0
INV-0014883,CUST-102481,2026-05-01,155.04,Paid,0,0,0
INV-0014884,CUST-102481,2026-06-01,151.01,Paid,0,0,0
INV-0014885,CUST-102481,2026-07-01,153.12,Paid,0,0,0
INV-0014886,CUST-102481,2026-08-01,155.19,Paid,0,0,0
INV-0014887,CUST-102482,2026-03-01,33.77,Paid,0,0,0
INV-0014888,CUST-102482,2026-04-01,33.99,Paid,0,0,0
INV-0014889,CUST-102482,2026-05-01,31.78,Paid,0,0,0
INV-0014890,CUST-102482,2026-06-01,33.66,Paid,0,0,0
INV-0014891,CUST-102482,2026-07-01,32.84,Paid,0,0,0
INV-0014892,CUST-102482,2026-08-01,32.67,Paid,0,0,0
INV-0014893,CUST-102483,2026-03-01,80.42,Paid,0,0,0
INV-0014894,CUST-102483,2026-04-01,79.51,Paid,0,0,0
INV-0014895,CUST-102483,2026-05-01,77.58,Paid,0,0,0
INV-0014896,CUST-102483,2026-06-01,76.11,Paid,0,0,0
INV-0014897,CUST-102483,2026-07-01,78.21,Paid,0,0,0
INV-0014898,CUST-102483,2026-08-01,75.12,Paid,0,0,0
INV-0014899,CUST-102484,2026-03-01,161.9,Paid,0,0,0
INV-0014900,CUST-102484,2026-04-01,162.97,Paid,0,0,0
INV-0014901,CUST-102484,2026-05-01,157.89,Paid,0,0,0
INV-0014902,CUST-102484,2026-06-01,156.36,Paid,0,0,0
INV-0014903,CUST-102484,2026-07-01,161.44,Paid,0,0,0
INV-0014904,CUST-102484,2026-08-01,155.2,Paid,0,0,0
INV-0014905,CUST-102485,2026-03-01,123.89,Paid,0,0,0
INV-0014906,CUST-102485,2026-04-01,120.32,Paid,0,0,0
INV-0014907,CUST-102485,2026-05-01,119.88,Paid,0,0,0
INV-0014908,CUST-102485,2026-06-01,123.91,Paid,0,0,0
INV-0014909,CUST-102485,2026-07-01,122.6,Paid,0,0,0
INV-0014910,CUST-102485,2026-08-01,124.77,Paid,0,0,0
INV-0014911,CUST-102486,2026-03-01,156.6,Paid,0,0,0
INV-0014912,CUST-102486,2026-04-01,151.84,Paid,0,1,1
INV-0014913,CUST-102486,2026-05-01,155.98,Paid,0,0,0
INV-0014914,CUST-102486,2026-06-01,192.56,Paid,0,1,1
INV-0014915,CUST-102486,2026-07-01,159.91,Late,16,1,0
INV-0014916,CUST-102486,2026-08-01,160.99,Paid,0,0,0
INV-0014917,CUST-102487,2026-03-01,64.41,Paid,0,0,0
INV-0014918,CUST-102487,2026-04-01,60.66,Paid,0,0,0
INV-0014919,CUST-102487,2026-05-01,63.26,Paid,0,0,0
INV-0014920,CUST-102487,2026-06-01,59.92,Paid,0,0,0
INV-0014921,CUST-102487,2026-07-01,61.39,Paid,0,0,0
INV-0014922,CUST-102487,2026-08-01,62.43,Paid,0,0,0
INV-0014923,CUST-102488,2026-03-01,30.56,Paid,0,0,0
INV-0014924,CUST-102488,2026-04-01,31.57,Paid,0,0,0
INV-0014925,CUST-102488,2026-05-01,30.21,Paid,0,0,0
INV-0014926,CUST-102488,2026-06-01,31.27,Paid,0,0,0
INV-0014927,CUST-102488,2026-07-01,30.96,Paid,0,0,0
INV-0014928,CUST-102488,2026-08-01,30.0,Paid,0,0,0
INV-0014929,CUST-102489,2026-03-01,29.09,Paid,0,0,0
INV-0014930,CUST-102489,2026-04-01,30.94,Paid,0,0,0
INV-0014931,CUST-102489,2026-05-01,30.08,Late,14,0,0
INV-0014932,CUST-102489,2026-06-01,30.72,Paid,0,0,0
INV-0014933,CUST-102489,2026-07-01,29.55,Paid,0,0,0
INV-0014934,CUST-102489,2026-08-01,30.38,Paid,0,0,0
INV-0014935,CUST-102490,2026-03-01,401.73,Paid,0,0,0
INV-0014936,CUST-102490,2026-04-01,411.81,Paid,0,0,0
INV-0014937,CUST-102490,2026-05-01,413.39,Paid,0,0,0
INV-0014938,CUST-102490,2026-06-01,392.38,Paid,0,0,0
INV-0014939,CUST-102490,2026-07-01,404.91,Paid,0,0,0
INV-0014940,CUST-102490,2026-08-01,403.48,Paid,0,0,0
INV-0014941,CUST-102491,2026-03-01,31.14,Paid,0,0,0
INV-0014942,CUST-102491,2026-04-01,31.06,Paid,0,0,0
INV-0014943,CUST-102491,2026-05-01,30.63,Paid,0,0,0
INV-0014944,CUST-102491,2026-06-01,29.81,Paid,0,0,0
INV-0014945,CUST-102491,2026-07-01,30.67,Paid,0,0,0
INV-0014946,CUST-102491,2026-08-01,30.15,Paid,0,0,0
INV-0014947,CUST-102492,2026-03-01,80.49,Paid,0,0,0
INV-0014948,CUST-102492,2026-04-01,78.1,Paid,0,0,0
INV-0014949,CUST-102492,2026-05-01,79.53,Paid,0,0,0
INV-0014950,CUST-102492,2026-06-01,78.23,Late,26,0,0
INV-0014951,CUST-102492,2026-07-01,77.77,Paid,0,0,0
INV-0014952,CUST-102492,2026-08-01,74.76,Paid,0,0,0
INV-0014953,CUST-102493,2026-03-01,76.57,Paid,0,0,0
INV-0014954,CUST-102493,2026-04-01,75.08,Paid,0,0,0
INV-0014955,CUST-102493,2026-05-01,74.05,Paid,0,0,0
INV-0014956,CUST-102493,2026-06-01,75.34,Paid,0,1,0
INV-0014957,CUST-102493,2026-07-01,71.17,Late,3,0,0
INV-0014958,CUST-102493,2026-08-01,74.02,Paid,0,0,0
INV-0014959,CUST-102494,2026-03-01,102.79,Paid,0,0,0
INV-0014960,CUST-102494,2026-04-01,104.51,Paid,0,0,0
INV-0014961,CUST-102494,2026-05-01,105.85,Paid,0,0,0
INV-0014962,CUST-102494,2026-06-01,104.33,Paid,0,0,0
INV-0014963,CUST-102494,2026-07-01,106.32,Paid,0,0,0
INV-0014964,CUST-102494,2026-08-01,104.51,Paid,0,0,0
INV-0014965,CUST-102495,2026-03-01,162.41,Paid,0,0,0
INV-0014966,CUST-102495,2026-04-01,166.26,Paid,0,0,0
INV-0014967,CUST-102495,2026-05-01,171.32,Paid,0,0,0
INV-0014968,CUST-102495,2026-06-01,174.48,Paid,0,0,0
INV-0014969,CUST-102495,2026-07-01,165.08,Paid,0,0,0
INV-0014970,CUST-102495,2026-08-01,168.13,Paid,0,0,0
INV-0014971,CUST-102496,2026-03-01,444.17,Paid,0,1,1
INV-0014972,CUST-102496,2026-04-01,433.15,Paid,0,0,0
INV-0014973,CUST-102496,2026-05-01,439.04,Paid,0,0,0
INV-0014974,CUST-102496,2026-06-01,442.06,Paid,0,0,0
INV-0014975,CUST-102496,2026-07-01,452.04,Paid,0,0,0
INV-0014976,CUST-102496,2026-08-01,452.68,Paid,0,0,0
INV-0014977,CUST-102497,2026-03-01,31.71,Paid,0,0,0
INV-0014978,CUST-102497,2026-04-01,30.84,Paid,0,0,0
INV-0014979,CUST-102497,2026-05-01,33.11,Paid,0,0,0
INV-0014980,CUST-102497,2026-06-01,31.07,Paid,0,0,0
INV-0014981,CUST-102497,2026-07-01,30.53,Paid,0,0,0
INV-0014982,CUST-102497,2026-08-01,32.68,Paid,0,0,0
INV-0014983,CUST-102498,2026-03-01,429.82,Paid,0,0,0
INV-0014984,CUST-102498,2026-04-01,419.9,Paid,0,0,0
INV-0014985,CUST-102498,2026-05-01,436.74,Paid,0,0,0
INV-0014986,CUST-102498,2026-06-01,416.21,Paid,0,0,0
INV-0014987,CUST-102498,2026-07-01,423.94,Late,23,0,0
INV-0014988,CUST-102498,2026-08-01,420.22,Paid,0,0,0
INV-0014989,CUST-102499,2026-03-01,71.09,Paid,0,0,0
INV-0014990,CUST-102499,2026-04-01,69.03,Paid,0,0,0
INV-0014991,CUST-102499,2026-05-01,72.26,Paid,0,0,0
INV-0014992,CUST-102499,2026-06-01,72.7,Paid,0,0,0
INV-0014993,CUST-102499,2026-07-01,73.4,Paid,0,0,0
INV-0014994,CUST-102499,2026-08-01,72.12,Paid,0,0,0
INV-0014995,CUST-102500,2026-03-01,38.23,Paid,0,0,0
INV-0014996,CUST-102500,2026-04-01,38.16,Paid,0,0,0
INV-0014997,CUST-102500,2026-05-01,38.84,Paid,0,0,0
INV-0014998,CUST-102500,2026-06-01,36.54,Paid,0,0,0
INV-0014999,CUST-102500,2026-07-01,37.19,Paid,0,0,0
INV-0015000,CUST-102500,2026-08-01,38.79,Paid,0,0,0
INV-0015001,CUST-102501,2026-03-01,194.83,Paid,0,0,0
INV-0015002,CUST-102501,2026-04-01,192.63,Paid,0,0,0
INV-0015003,CUST-102501,2026-05-01,198.6,Paid,0,0,0
INV-0015004,CUST-102501,2026-06-01,184.34,Paid,0,0,0
INV-0015005,CUST-102501,2026-07-01,187.46,Paid,0,0,0
INV-0015006,CUST-102501,2026-08-01,195.19,Paid,0,0,0
INV-0015007,CUST-102502,2026-03-01,474.92,Paid,0,0,0
INV-0015008,CUST-102502,2026-04-01,452.77,Paid,0,0,0
INV-0015009,CUST-102502,2026-05-01,473.55,Paid,0,0,0
INV-0015010,CUST-102502,2026-06-01,456.07,Paid,0,0,0
INV-0015011,CUST-102502,2026-07-01,446.26,Paid,0,0,0
INV-0015012,CUST-102502,2026-08-01,459.95,Paid,0,0,0
INV-0015013,CUST-102503,2026-03-01,31.55,Paid,0,0,0
INV-0015014,CUST-102503,2026-04-01,31.95,Paid,0,0,0
INV-0015015,CUST-102503,2026-05-01,31.17,Paid,0,0,0
INV-0015016,CUST-102503,2026-06-01,31.29,Late,2,0,0
INV-0015017,CUST-102503,2026-07-01,32.47,Paid,0,0,0
INV-0015018,CUST-102503,2026-08-01,31.69,Paid,0,0,0
INV-0015019,CUST-102504,2026-03-01,36.71,Paid,0,0,0
INV-0015020,CUST-102504,2026-04-01,35.6,Paid,0,0,0
INV-0015021,CUST-102504,2026-05-01,36.12,Paid,0,0,0
INV-0015022,CUST-102504,2026-06-01,37.52,Paid,0,0,0
INV-0015023,CUST-102504,2026-07-01,37.79,Paid,0,0,0
INV-0015024,CUST-102504,2026-08-01,37.18,Paid,0,0,0
INV-0015025,CUST-102505,2026-03-01,32.32,Paid,0,0,0
INV-0015026,CUST-102505,2026-04-01,33.13,Paid,0,0,0
INV-0015027,CUST-102505,2026-05-01,32.45,Paid,0,1,0
INV-0015028,CUST-102505,2026-06-01,32.07,Paid,0,0,0
INV-0015029,CUST-102505,2026-07-01,32.14,Paid,0,0,0
INV-0015030,CUST-102505,2026-08-01,32.76,Paid,0,0,0
INV-0015031,CUST-102506,2026-03-01,73.31,Paid,0,0,0
INV-0015032,CUST-102506,2026-04-01,72.38,Paid,0,0,0
INV-0015033,CUST-102506,2026-05-01,73.74,Paid,0,0,0
INV-0015034,CUST-102506,2026-06-01,75.4,Paid,0,0,0
INV-0015035,CUST-102506,2026-07-01,71.24,Paid,0,0,0
INV-0015036,CUST-102506,2026-08-01,74.44,Paid,0,0,0
INV-0015037,CUST-102507,2026-03-01,83.73,Paid,0,0,0
INV-0015038,CUST-102507,2026-04-01,81.14,Paid,0,0,0
INV-0015039,CUST-102507,2026-05-01,82.74,Paid,0,1,0
INV-0015040,CUST-102507,2026-06-01,86.48,Paid,0,0,0
INV-0015041,CUST-102507,2026-07-01,85.88,Late,19,0,0
INV-0015042,CUST-102507,2026-08-01,85.33,Paid,0,0,0
INV-0015043,CUST-102508,2026-03-01,39.34,Paid,0,0,0
INV-0015044,CUST-102508,2026-04-01,39.74,Paid,0,0,0
INV-0015045,CUST-102508,2026-05-01,39.2,Paid,0,0,0
INV-0015046,CUST-102508,2026-06-01,39.55,Paid,0,0,0
INV-0015047,CUST-102508,2026-07-01,40.4,Paid,0,0,0
INV-0015048,CUST-102508,2026-08-01,38.86,Paid,0,0,0
INV-0015049,CUST-102509,2026-03-01,178.86,Paid,0,1,1
INV-0015050,CUST-102509,2026-04-01,186.81,Paid,0,0,0
INV-0015051,CUST-102509,2026-05-01,183.98,Paid,0,0,0
INV-0015052,CUST-102509,2026-06-01,184.67,Paid,0,0,0
INV-0015053,CUST-102509,2026-07-01,190.76,Paid,0,0,0
INV-0015054,CUST-102509,2026-08-01,178.07,Late,23,0,0
INV-0015055,CUST-102510,2026-03-01,457.61,Paid,0,0,0
INV-0015056,CUST-102510,2026-04-01,431.03,Paid,0,1,0
INV-0015057,CUST-102510,2026-05-01,452.12,Paid,0,0,0
INV-0015058,CUST-102510,2026-06-01,466.1,Paid,0,0,0
INV-0015059,CUST-102510,2026-07-01,456.8,Paid,0,0,0
INV-0015060,CUST-102510,2026-08-01,437.07,Paid,0,0,0
INV-0015061,CUST-102511,2026-03-01,54.49,Paid,0,0,0
INV-0015062,CUST-102511,2026-04-01,56.32,Paid,0,0,0
INV-0015063,CUST-102511,2026-05-01,58.0,Paid,0,0,0
INV-0015064,CUST-102511,2026-06-01,56.18,Paid,0,0,0
INV-0015065,CUST-102511,2026-07-01,56.97,Paid,0,0,0
INV-0015066,CUST-102511,2026-08-01,54.16,Paid,0,0,0
INV-0015067,CUST-102512,2026-03-01,144.02,Paid,0,0,0
INV-0015068,CUST-102512,2026-04-01,134.39,Paid,0,0,0
INV-0015069,CUST-102512,2026-05-01,142.67,Paid,0,0,0
INV-0015070,CUST-102512,2026-06-01,148.62,Paid,0,0,0
INV-0015071,CUST-102512,2026-07-01,142.7,Paid,0,0,0
INV-0015072,CUST-102512,2026-08-01,142.2,Paid,0,0,0
INV-0015073,CUST-102513,2026-03-01,71.22,Paid,0,0,0
INV-0015074,CUST-102513,2026-04-01,73.91,Paid,0,0,0
INV-0015075,CUST-102513,2026-05-01,71.34,Paid,0,0,0
INV-0015076,CUST-102513,2026-06-01,71.81,Paid,0,0,0
INV-0015077,CUST-102513,2026-07-01,70.9,Paid,0,0,0
INV-0015078,CUST-102513,2026-08-01,71.8,Paid,0,0,0
INV-0015079,CUST-102514,2026-03-01,37.64,Paid,0,1,0
INV-0015080,CUST-102514,2026-04-01,36.7,Paid,0,0,0
INV-0015081,CUST-102514,2026-05-01,37.16,Paid,0,0,0
INV-0015082,CUST-102514,2026-06-01,37.83,Late,28,0,0
INV-0015083,CUST-102514,2026-07-01,37.85,Paid,0,0,0
INV-0015084,CUST-102514,2026-08-01,36.29,Paid,0,0,0
INV-0015085,CUST-102515,2026-03-01,93.82,Paid,0,1,1
INV-0015086,CUST-102515,2026-04-01,77.26,Paid,0,1,0
INV-0015087,CUST-102515,2026-05-01,77.32,Late,13,1,1
INV-0015088,CUST-102515,2026-06-01,73.15,Paid,0,0,0
INV-0015089,CUST-102515,2026-07-01,77.72,Paid,0,0,0
INV-0015090,CUST-102515,2026-08-01,80.37,Paid,0,0,0
INV-0015091,CUST-102516,2026-03-01,116.47,Paid,0,1,0
INV-0015092,CUST-102516,2026-04-01,108.92,Late,4,0,0
INV-0015093,CUST-102516,2026-05-01,95.51,Late,5,0,0
INV-0015094,CUST-102516,2026-06-01,97.91,Late,2,0,0
INV-0015095,CUST-102516,2026-07-01,90.44,Paid,0,0,0
INV-0015096,CUST-102516,2026-08-01,121.45,Late,21,1,0
INV-0015097,CUST-102517,2026-03-01,32.37,Paid,0,0,0
INV-0015098,CUST-102517,2026-04-01,35.14,Paid,0,0,0
INV-0015099,CUST-102517,2026-05-01,34.93,Paid,0,1,0
INV-0015100,CUST-102517,2026-06-01,34.51,Late,7,0,0
INV-0015101,CUST-102517,2026-07-01,33.76,Paid,0,0,0
INV-0015102,CUST-102517,2026-08-01,33.08,Paid,0,0,0
INV-0015103,CUST-102518,2026-03-01,177.75,Paid,0,0,0
INV-0015104,CUST-102518,2026-04-01,173.39,Paid,0,0,0
INV-0015105,CUST-102518,2026-05-01,170.72,Paid,0,0,0
INV-0015106,CUST-102518,2026-06-01,173.9,Paid,0,0,0
INV-0015107,CUST-102518,2026-07-01,171.69,Late,9,0,0
INV-0015108,CUST-102518,2026-08-01,175.85,Paid,0,0,0
INV-0015109,CUST-102519,2026-03-01,86.02,Paid,0,0,0
INV-0015110,CUST-102519,2026-04-01,84.05,Paid,0,0,0
INV-0015111,CUST-102519,2026-05-01,101.61,Late,10,0,0
INV-0015112,CUST-102519,2026-06-01,83.05,Late,27,0,0
INV-0015113,CUST-102519,2026-07-01,83.14,Paid,0,0,0
INV-0015114,CUST-102519,2026-08-01,86.4,Late,25,0,0
INV-0015115,CUST-102520,2026-03-01,79.29,Paid,0,0,0
INV-0015116,CUST-102520,2026-04-01,77.85,Paid,0,0,0
INV-0015117,CUST-102520,2026-05-01,77.6,Paid,0,0,0
INV-0015118,CUST-102520,2026-06-01,84.0,Paid,0,0,0
INV-0015119,CUST-102520,2026-07-01,80.86,Paid,0,0,0
INV-0015120,CUST-102520,2026-08-01,81.01,Paid,0,1,1
INV-0015121,CUST-102521,2026-03-01,77.5,Late,2,0,0
INV-0015122,CUST-102521,2026-04-01,83.03,Paid,0,0,0
INV-0015123,CUST-102521,2026-05-01,79.18,Paid,0,0,0
INV-0015124,CUST-102521,2026-06-01,78.17,Paid,0,0,0
INV-0015125,CUST-102521,2026-07-01,75.37,Paid,0,0,0
INV-0015126,CUST-102521,2026-08-01,80.05,Paid,0,0,0
INV-0015127,CUST-102522,2026-03-01,38.2,Paid,0,0,0
INV-0015128,CUST-102522,2026-04-01,38.93,Paid,0,0,0
INV-0015129,CUST-102522,2026-05-01,38.06,Paid,0,0,0
INV-0015130,CUST-102522,2026-06-01,38.21,Paid,0,0,0
INV-0015131,CUST-102522,2026-07-01,36.0,Paid,0,0,0
INV-0015132,CUST-102522,2026-08-01,39.66,Paid,0,0,0
INV-0015133,CUST-102523,2026-03-01,416.45,Paid,0,1,1
INV-0015134,CUST-102523,2026-04-01,423.53,Paid,0,0,0
INV-0015135,CUST-102523,2026-05-01,428.39,Paid,0,0,0
INV-0015136,CUST-102523,2026-06-01,441.57,Paid,0,0,0
INV-0015137,CUST-102523,2026-07-01,412.12,Paid,0,0,0
INV-0015138,CUST-102523,2026-08-01,420.64,Paid,0,0,0
INV-0015139,CUST-102524,2026-03-01,268.55,Paid,0,0,0
INV-0015140,CUST-102524,2026-04-01,277.42,Paid,0,0,0
INV-0015141,CUST-102524,2026-05-01,268.77,Paid,0,0,0
INV-0015142,CUST-102524,2026-06-01,257.48,Paid,0,0,0
INV-0015143,CUST-102524,2026-07-01,263.23,Paid,0,0,0
INV-0015144,CUST-102524,2026-08-01,265.83,Paid,0,0,0
INV-0015145,CUST-102525,2026-03-01,74.41,Paid,0,0,0
INV-0015146,CUST-102525,2026-04-01,73.62,Paid,0,0,0
INV-0015147,CUST-102525,2026-05-01,74.36,Paid,0,0,0
INV-0015148,CUST-102525,2026-06-01,73.17,Late,28,0,0
INV-0015149,CUST-102525,2026-07-01,76.23,Paid,0,0,0
INV-0015150,CUST-102525,2026-08-01,71.01,Paid,0,0,0
INV-0015151,CUST-102526,2026-03-01,142.5,Paid,0,1,0
INV-0015152,CUST-102526,2026-04-01,203.41,Late,2,0,0
INV-0015153,CUST-102526,2026-05-01,153.96,Paid,0,0,0
INV-0015154,CUST-102526,2026-06-01,154.91,Paid,0,1,0
INV-0015155,CUST-102526,2026-07-01,150.61,Paid,0,0,0
INV-0015156,CUST-102526,2026-08-01,155.24,Late,6,0,0
INV-0015157,CUST-102527,2026-03-01,51.99,Paid,0,0,0
INV-0015158,CUST-102527,2026-04-01,53.7,Paid,0,0,0
INV-0015159,CUST-102527,2026-05-01,50.73,Paid,0,0,0
INV-0015160,CUST-102527,2026-06-01,43.84,Paid,0,0,0
INV-0015161,CUST-102527,2026-07-01,41.4,Paid,0,0,0
INV-0015162,CUST-102527,2026-08-01,41.94,Late,25,1,0
INV-0015163,CUST-102528,2026-03-01,84.4,Paid,0,0,0
INV-0015164,CUST-102528,2026-04-01,84.98,Paid,0,1,1
INV-0015165,CUST-102528,2026-05-01,81.21,Paid,0,0,0
INV-0015166,CUST-102528,2026-06-01,86.9,Paid,0,0,0
INV-0015167,CUST-102528,2026-07-01,86.08,Late,11,0,0
INV-0015168,CUST-102528,2026-08-01,85.3,Paid,0,0,0
INV-0015169,CUST-102529,2026-03-01,403.04,Paid,0,0,0
INV-0015170,CUST-102529,2026-04-01,422.57,Late,33,0,0
INV-0015171,CUST-102529,2026-05-01,420.24,Paid,0,0,0
INV-0015172,CUST-102529,2026-06-01,412.84,Paid,0,0,0
INV-0015173,CUST-102529,2026-07-01,407.99,Paid,0,0,0
INV-0015174,CUST-102529,2026-08-01,421.35,Paid,0,0,0
INV-0015175,CUST-102530,2026-03-01,85.84,Paid,0,0,0
INV-0015176,CUST-102530,2026-04-01,83.33,Paid,0,0,0
INV-0015177,CUST-102530,2026-05-01,84.86,Paid,0,0,0
INV-0015178,CUST-102530,2026-06-01,85.42,Paid,0,0,0
INV-0015179,CUST-102530,2026-07-01,82.88,Paid,0,0,0
INV-0015180,CUST-102530,2026-08-01,82.53,Paid,0,1,1
INV-0015181,CUST-102531,2026-03-01,74.84,Paid,0,0,0
INV-0015182,CUST-102531,2026-04-01,71.77,Late,16,0,0
INV-0015183,CUST-102531,2026-05-01,74.75,Paid,0,0,0
INV-0015184,CUST-102531,2026-06-01,67.62,Paid,0,1,0
INV-0015185,CUST-102531,2026-07-01,72.66,Paid,0,0,0
INV-0015186,CUST-102531,2026-08-01,72.35,Paid,0,0,0
INV-0015187,CUST-102532,2026-03-01,174.82,Paid,0,0,0
INV-0015188,CUST-102532,2026-04-01,166.5,Paid,0,0,0
INV-0015189,CUST-102532,2026-05-01,182.1,Paid,0,0,0
INV-0015190,CUST-102532,2026-06-01,174.54,Paid,0,0,0
INV-0015191,CUST-102532,2026-07-01,185.03,Paid,0,0,0
INV-0015192,CUST-102532,2026-08-01,171.94,Paid,0,0,0
INV-0015193,CUST-102533,2026-03-01,36.16,Paid,0,0,0
INV-0015194,CUST-102533,2026-04-01,39.07,Paid,0,0,0
INV-0015195,CUST-102533,2026-05-01,36.44,Paid,0,0,0
INV-0015196,CUST-102533,2026-06-01,35.7,Paid,0,0,0
INV-0015197,CUST-102533,2026-07-01,37.83,Paid,0,0,0
INV-0015198,CUST-102533,2026-08-01,37.2,Paid,0,0,0
INV-0015199,CUST-102534,2026-03-01,80.24,Paid,0,0,0
INV-0015200,CUST-102534,2026-04-01,79.67,Late,18,0,0
INV-0015201,CUST-102534,2026-05-01,81.49,Paid,0,0,0
INV-0015202,CUST-102534,2026-06-01,80.11,Paid,0,0,0
INV-0015203,CUST-102534,2026-07-01,81.88,Paid,0,0,0
INV-0015204,CUST-102534,2026-08-01,80.92,Paid,0,0,0
INV-0015205,CUST-102535,2026-03-01,80.51,Paid,0,0,0
INV-0015206,CUST-102535,2026-04-01,81.41,Paid,0,0,0
INV-0015207,CUST-102535,2026-05-01,78.87,Paid,0,0,0
INV-0015208,CUST-102535,2026-06-01,83.17,Paid,0,0,0
INV-0015209,CUST-102535,2026-07-01,80.11,Paid,0,0,0
INV-0015210,CUST-102535,2026-08-01,79.26,Paid,0,0,0
INV-0015211,CUST-102536,2026-03-01,73.52,Paid,0,0,0
INV-0015212,CUST-102536,2026-04-01,74.24,Paid,0,0,0
INV-0015213,CUST-102536,2026-05-01,72.75,Paid,0,0,0
INV-0015214,CUST-102536,2026-06-01,72.75,Paid,0,0,0
INV-0015215,CUST-102536,2026-07-01,72.21,Paid,0,0,0
INV-0015216,CUST-102536,2026-08-01,73.35,Paid,0,0,0
INV-0015217,CUST-102537,2026-03-01,70.96,Paid,0,0,0
INV-0015218,CUST-102537,2026-04-01,71.5,Paid,0,0,0
INV-0015219,CUST-102537,2026-05-01,70.57,Paid,0,0,0
INV-0015220,CUST-102537,2026-06-01,70.83,Paid,0,0,0
INV-0015221,CUST-102537,2026-07-01,68.34,Paid,0,0,0
INV-0015222,CUST-102537,2026-08-01,68.28,Paid,0,0,0
INV-0015223,CUST-102538,2026-03-01,33.03,Late,27,0,0
INV-0015224,CUST-102538,2026-04-01,26.69,Paid,0,1,1
INV-0015225,CUST-102538,2026-05-01,27.04,Paid,0,0,0
INV-0015226,CUST-102538,2026-06-01,27.36,Late,2,0,0
INV-0015227,CUST-102538,2026-07-01,27.96,Paid,0,0,0
INV-0015228,CUST-102538,2026-08-01,31.56,Paid,0,0,0
INV-0015229,CUST-102539,2026-03-01,161.64,Paid,0,1,1
INV-0015230,CUST-102539,2026-04-01,158.51,Paid,0,0,0
INV-0015231,CUST-102539,2026-05-01,155.67,Paid,0,0,0
INV-0015232,CUST-102539,2026-06-01,153.48,Paid,0,0,0
INV-0015233,CUST-102539,2026-07-01,160.03,Paid,0,0,0
INV-0015234,CUST-102539,2026-08-01,159.27,Paid,0,1,1
INV-0015235,CUST-102540,2026-03-01,158.22,Paid,0,0,0
INV-0015236,CUST-102540,2026-04-01,160.64,Paid,0,1,0
INV-0015237,CUST-102540,2026-05-01,158.59,Paid,0,0,0
INV-0015238,CUST-102540,2026-06-01,153.18,Paid,0,0,0
INV-0015239,CUST-102540,2026-07-01,154.98,Paid,0,0,0
INV-0015240,CUST-102540,2026-08-01,148.39,Paid,0,0,0
INV-0015241,CUST-102541,2026-03-01,29.49,Paid,0,0,0
INV-0015242,CUST-102541,2026-04-01,30.38,Paid,0,0,0
INV-0015243,CUST-102541,2026-05-01,30.78,Paid,0,0,0
INV-0015244,CUST-102541,2026-06-01,29.45,Paid,0,0,0
INV-0015245,CUST-102541,2026-07-01,30.3,Late,11,0,0
INV-0015246,CUST-102541,2026-08-01,30.35,Paid,0,0,0
INV-0015247,CUST-102542,2026-03-01,171.84,Late,4,0,0
INV-0015248,CUST-102542,2026-04-01,185.55,Late,21,0,0
INV-0015249,CUST-102542,2026-05-01,168.91,Paid,0,0,0
INV-0015250,CUST-102542,2026-06-01,176.43,Paid,0,0,0
INV-0015251,CUST-102542,2026-07-01,209.1,Paid,0,0,0
INV-0015252,CUST-102542,2026-08-01,174.47,Paid,0,0,0
INV-0015253,CUST-102543,2026-03-01,171.31,Paid,0,0,0
INV-0015254,CUST-102543,2026-04-01,164.42,Paid,0,0,0
INV-0015255,CUST-102543,2026-05-01,171.88,Paid,0,0,0
INV-0015256,CUST-102543,2026-06-01,166.33,Paid,0,0,0
INV-0015257,CUST-102543,2026-07-01,165.35,Paid,0,0,0
INV-0015258,CUST-102543,2026-08-01,158.51,Paid,0,0,0
INV-0015259,CUST-102544,2026-03-01,33.97,Paid,0,0,0
INV-0015260,CUST-102544,2026-04-01,35.25,Paid,0,0,0
INV-0015261,CUST-102544,2026-05-01,34.93,Paid,0,0,0
INV-0015262,CUST-102544,2026-06-01,34.14,Late,21,0,0
INV-0015263,CUST-102544,2026-07-01,35.27,Paid,0,0,0
INV-0015264,CUST-102544,2026-08-01,35.64,Paid,0,0,0
INV-0015265,CUST-102545,2026-03-01,160.68,Paid,0,0,0
INV-0015266,CUST-102545,2026-04-01,158.06,Paid,0,0,0
INV-0015267,CUST-102545,2026-05-01,150.51,Paid,0,0,0
INV-0015268,CUST-102545,2026-06-01,156.21,Paid,0,0,0
INV-0015269,CUST-102545,2026-07-01,157.28,Paid,0,0,0
INV-0015270,CUST-102545,2026-08-01,155.22,Paid,0,0,0
INV-0015271,CUST-102546,2026-03-01,58.08,Paid,0,0,0
INV-0015272,CUST-102546,2026-04-01,58.27,Paid,0,0,0
INV-0015273,CUST-102546,2026-05-01,57.81,Paid,0,0,0
INV-0015274,CUST-102546,2026-06-01,57.9,Paid,0,0,0
INV-0015275,CUST-102546,2026-07-01,59.48,Paid,0,0,0
INV-0015276,CUST-102546,2026-08-01,58.36,Paid,0,0,0
INV-0015277,CUST-102547,2026-03-01,149.15,Paid,0,0,0
INV-0015278,CUST-102547,2026-04-01,147.51,Paid,0,0,0
INV-0015279,CUST-102547,2026-05-01,150.84,Paid,0,0,0
INV-0015280,CUST-102547,2026-06-01,151.36,Paid,0,0,0
INV-0015281,CUST-102547,2026-07-01,149.15,Paid,0,0,0
INV-0015282,CUST-102547,2026-08-01,155.28,Paid,0,0,0
INV-0015283,CUST-102548,2026-03-01,165.85,Paid,0,0,0
INV-0015284,CUST-102548,2026-04-01,166.36,Paid,0,0,0
INV-0015285,CUST-102548,2026-05-01,182.1,Paid,0,0,0
INV-0015286,CUST-102548,2026-06-01,172.16,Paid,0,0,0
INV-0015287,CUST-102548,2026-07-01,177.29,Paid,0,0,0
INV-0015288,CUST-102548,2026-08-01,182.99,Paid,0,0,0
INV-0015289,CUST-102549,2026-03-01,143.98,Paid,0,0,0
INV-0015290,CUST-102549,2026-04-01,143.97,Paid,0,0,0
INV-0015291,CUST-102549,2026-05-01,139.48,Paid,0,0,0
INV-0015292,CUST-102549,2026-06-01,148.24,Paid,0,0,0
INV-0015293,CUST-102549,2026-07-01,143.81,Paid,0,0,0
INV-0015294,CUST-102549,2026-08-01,141.24,Paid,0,0,0
INV-0015295,CUST-102550,2026-03-01,82.03,Paid,0,0,0
INV-0015296,CUST-102550,2026-04-01,84.32,Paid,0,0,0
INV-0015297,CUST-102550,2026-05-01,85.72,Paid,0,0,0
INV-0015298,CUST-102550,2026-06-01,83.41,Paid,0,0,0
INV-0015299,CUST-102550,2026-07-01,85.06,Paid,0,0,0
INV-0015300,CUST-102550,2026-08-01,82.78,Paid,0,0,0
INV-0015301,CUST-102551,2026-03-01,73.32,Paid,0,0,0
INV-0015302,CUST-102551,2026-04-01,71.32,Paid,0,0,0
INV-0015303,CUST-102551,2026-05-01,69.24,Late,4,0,0
INV-0015304,CUST-102551,2026-06-01,70.41,Paid,0,0,0
INV-0015305,CUST-102551,2026-07-01,69.74,Paid,0,0,0
INV-0015306,CUST-102551,2026-08-01,69.97,Paid,0,0,0
INV-0015307,CUST-102552,2026-03-01,37.66,Paid,0,0,0
INV-0015308,CUST-102552,2026-04-01,37.91,Paid,0,0,0
INV-0015309,CUST-102552,2026-05-01,38.99,Paid,0,0,0
INV-0015310,CUST-102552,2026-06-01,39.2,Paid,0,0,0
INV-0015311,CUST-102552,2026-07-01,36.7,Paid,0,0,0
INV-0015312,CUST-102552,2026-08-01,38.41,Paid,0,1,0
INV-0015313,CUST-102553,2026-03-01,95.85,Paid,0,0,0
INV-0015314,CUST-102553,2026-04-01,92.49,Paid,0,0,0
INV-0015315,CUST-102553,2026-05-01,91.04,Late,15,0,0
INV-0015316,CUST-102553,2026-06-01,90.45,Paid,0,0,0
INV-0015317,CUST-102553,2026-07-01,89.06,Paid,0,0,0
INV-0015318,CUST-102553,2026-08-01,92.88,Paid,0,0,0
INV-0015319,CUST-102554,2026-03-01,381.76,Paid,0,0,0
INV-0015320,CUST-102554,2026-04-01,374.47,Late,9,0,0
INV-0015321,CUST-102554,2026-05-01,371.82,Paid,0,0,0
INV-0015322,CUST-102554,2026-06-01,365.61,Paid,0,0,0
INV-0015323,CUST-102554,2026-07-01,378.06,Paid,0,0,0
INV-0015324,CUST-102554,2026-08-01,369.84,Paid,0,0,0
INV-0015325,CUST-102555,2026-03-01,26.37,Paid,0,0,0
INV-0015326,CUST-102555,2026-04-01,26.99,Paid,0,0,0
INV-0015327,CUST-102555,2026-05-01,26.39,Paid,0,0,0
INV-0015328,CUST-102555,2026-06-01,27.02,Paid,0,0,0
INV-0015329,CUST-102555,2026-07-01,26.74,Paid,0,0,0
INV-0015330,CUST-102555,2026-08-01,27.0,Paid,0,0,0
INV-0015331,CUST-102556,2026-03-01,363.8,Paid,0,0,0
INV-0015332,CUST-102556,2026-04-01,363.65,Paid,0,0,0
INV-0015333,CUST-102556,2026-05-01,342.69,Paid,0,0,0
INV-0015334,CUST-102556,2026-06-01,360.54,Paid,0,0,0
INV-0015335,CUST-102556,2026-07-01,356.04,Paid,0,0,0
INV-0015336,CUST-102556,2026-08-01,334.84,Paid,0,0,0
INV-0015337,CUST-102557,2026-03-01,160.19,Paid,0,0,0
INV-0015338,CUST-102557,2026-04-01,148.21,Paid,0,0,0
INV-0015339,CUST-102557,2026-05-01,162.22,Paid,0,0,0
INV-0015340,CUST-102557,2026-06-01,157.15,Paid,0,0,0
INV-0015341,CUST-102557,2026-07-01,157.94,Late,3,0,0
INV-0015342,CUST-102557,2026-08-01,151.07,Paid,0,0,0
INV-0015343,CUST-102558,2026-03-01,86.69,Paid,0,0,0
INV-0015344,CUST-102558,2026-04-01,85.85,Paid,0,0,0
INV-0015345,CUST-102558,2026-05-01,84.57,Paid,0,0,0
INV-0015346,CUST-102558,2026-06-01,78.37,Paid,0,0,0
INV-0015347,CUST-102558,2026-07-01,79.42,Paid,0,1,0
INV-0015348,CUST-102558,2026-08-01,81.6,Paid,0,0,0
INV-0015349,CUST-102559,2026-03-01,38.32,Paid,0,0,0
INV-0015350,CUST-102559,2026-04-01,36.53,Paid,0,0,0
INV-0015351,CUST-102559,2026-05-01,38.39,Paid,0,0,0
INV-0015352,CUST-102559,2026-06-01,38.99,Paid,0,0,0
INV-0015353,CUST-102559,2026-07-01,39.06,Paid,0,0,0
INV-0015354,CUST-102559,2026-08-01,38.95,Paid,0,0,0
INV-0015355,CUST-102560,2026-03-01,94.35,Paid,0,0,0
INV-0015356,CUST-102560,2026-04-01,96.96,Paid,0,0,0
INV-0015357,CUST-102560,2026-05-01,95.87,Paid,0,0,0
INV-0015358,CUST-102560,2026-06-01,97.52,Paid,0,0,0
INV-0015359,CUST-102560,2026-07-01,99.19,Paid,0,0,0
INV-0015360,CUST-102560,2026-08-01,98.53,Paid,0,0,0
INV-0015361,CUST-102561,2026-03-01,38.61,Paid,0,0,0
INV-0015362,CUST-102561,2026-04-01,37.0,Paid,0,0,0
INV-0015363,CUST-102561,2026-05-01,37.31,Paid,0,0,0
INV-0015364,CUST-102561,2026-06-01,37.1,Paid,0,0,0
INV-0015365,CUST-102561,2026-07-01,36.2,Paid,0,0,0
INV-0015366,CUST-102561,2026-08-01,36.77,Paid,0,0,0
INV-0015367,CUST-102562,2026-03-01,169.21,Paid,0,0,0
INV-0015368,CUST-102562,2026-04-01,168.66,Paid,0,0,0
INV-0015369,CUST-102562,2026-05-01,166.22,Paid,0,0,0
INV-0015370,CUST-102562,2026-06-01,169.61,Paid,0,0,0
INV-0015371,CUST-102562,2026-07-01,161.84,Paid,0,0,0
INV-0015372,CUST-102562,2026-08-01,167.1,Paid,0,0,0
INV-0015373,CUST-102563,2026-03-01,90.58,Paid,0,0,0
INV-0015374,CUST-102563,2026-04-01,94.05,Paid,0,0,0
INV-0015375,CUST-102563,2026-05-01,91.57,Paid,0,0,0
INV-0015376,CUST-102563,2026-06-01,87.48,Paid,0,0,0
INV-0015377,CUST-102563,2026-07-01,94.92,Paid,0,0,0
INV-0015378,CUST-102563,2026-08-01,92.65,Paid,0,0,0
INV-0015379,CUST-102564,2026-03-01,37.03,Paid,0,0,0
INV-0015380,CUST-102564,2026-04-01,36.4,Paid,0,0,0
INV-0015381,CUST-102564,2026-05-01,36.68,Paid,0,0,0
INV-0015382,CUST-102564,2026-06-01,36.34,Paid,0,0,0
INV-0015383,CUST-102564,2026-07-01,36.47,Paid,0,0,0
INV-0015384,CUST-102564,2026-08-01,35.82,Paid,0,0,0
INV-0015385,CUST-102565,2026-03-01,65.05,Paid,0,0,0
INV-0015386,CUST-102565,2026-04-01,64.45,Paid,0,0,0
INV-0015387,CUST-102565,2026-05-01,62.27,Paid,0,0,0
INV-0015388,CUST-102565,2026-06-01,66.0,Paid,0,0,0
INV-0015389,CUST-102565,2026-07-01,62.91,Paid,0,0,0
INV-0015390,CUST-102565,2026-08-01,64.14,Paid,0,0,0
INV-0015391,CUST-102566,2026-03-01,27.36,Paid,0,1,0
INV-0015392,CUST-102566,2026-04-01,28.54,Paid,0,0,0
INV-0015393,CUST-102566,2026-05-01,27.27,Late,10,0,0
INV-0015394,CUST-102566,2026-06-01,27.1,Paid,0,0,0
INV-0015395,CUST-102566,2026-07-01,28.4,Paid,0,0,0
INV-0015396,CUST-102566,2026-08-01,27.31,Paid,0,0,0
INV-0015397,CUST-102567,2026-03-01,29.86,Paid,0,0,0
INV-0015398,CUST-102567,2026-04-01,29.94,Paid,0,0,0
INV-0015399,CUST-102567,2026-05-01,31.86,Paid,0,0,0
INV-0015400,CUST-102567,2026-06-01,30.85,Paid,0,0,0
INV-0015401,CUST-102567,2026-07-01,31.14,Paid,0,0,0
INV-0015402,CUST-102567,2026-08-01,30.58,Paid,0,0,0
INV-0015403,CUST-102568,2026-03-01,87.71,Paid,0,0,0
INV-0015404,CUST-102568,2026-04-01,88.63,Late,17,0,0
INV-0015405,CUST-102568,2026-05-01,89.91,Paid,0,0,0
INV-0015406,CUST-102568,2026-06-01,85.16,Paid,0,0,0
INV-0015407,CUST-102568,2026-07-01,86.76,Paid,0,0,0
INV-0015408,CUST-102568,2026-08-01,84.73,Paid,0,0,0
INV-0015409,CUST-102569,2026-03-01,70.12,Paid,0,0,0
INV-0015410,CUST-102569,2026-04-01,68.88,Paid,0,0,0
INV-0015411,CUST-102569,2026-05-01,70.15,Paid,0,0,0
INV-0015412,CUST-102569,2026-06-01,68.72,Paid,0,0,0
INV-0015413,CUST-102569,2026-07-01,69.92,Paid,0,0,0
INV-0015414,CUST-102569,2026-08-01,68.95,Paid,0,0,0
INV-0015415,CUST-102570,2026-03-01,159.8,Paid,0,0,0
INV-0015416,CUST-102570,2026-04-01,163.63,Late,17,0,0
INV-0015417,CUST-102570,2026-05-01,159.34,Paid,0,0,0
INV-0015418,CUST-102570,2026-06-01,153.16,Paid,0,0,0
INV-0015419,CUST-102570,2026-07-01,154.31,Paid,0,0,0
INV-0015420,CUST-102570,2026-08-01,168.5,Paid,0,0,0
INV-0015421,CUST-102571,2026-03-01,86.18,Paid,0,0,0
INV-0015422,CUST-102571,2026-04-01,84.07,Paid,0,0,0
INV-0015423,CUST-102571,2026-05-01,85.89,Paid,0,0,0
INV-0015424,CUST-102571,2026-06-01,84.13,Paid,0,0,0
INV-0015425,CUST-102571,2026-07-01,83.45,Paid,0,0,0
INV-0015426,CUST-102571,2026-08-01,84.78,Paid,0,0,0
INV-0015427,CUST-102572,2026-03-01,81.82,Paid,0,0,0
INV-0015428,CUST-102572,2026-04-01,81.82,Paid,0,0,0
INV-0015429,CUST-102572,2026-05-01,83.42,Paid,0,0,0
INV-0015430,CUST-102572,2026-06-01,85.97,Paid,0,0,0
INV-0015431,CUST-102572,2026-07-01,80.03,Paid,0,0,0
INV-0015432,CUST-102572,2026-08-01,80.25,Paid,0,0,0
INV-0015433,CUST-102573,2026-03-01,76.82,Paid,0,1,0
INV-0015434,CUST-102573,2026-04-01,75.99,Paid,0,0,0
INV-0015435,CUST-102573,2026-05-01,88.44,Late,27,0,0
INV-0015436,CUST-102573,2026-06-01,90.44,Late,14,0,0
INV-0015437,CUST-102573,2026-07-01,73.12,Late,16,0,0
INV-0015438,CUST-102573,2026-08-01,90.03,Paid,0,0,0
INV-0015439,CUST-102574,2026-03-01,204.65,Paid,0,1,0
INV-0015440,CUST-102574,2026-04-01,160.15,Late,14,1,1
INV-0015441,CUST-102574,2026-05-01,222.71,Late,11,0,0
INV-0015442,CUST-102574,2026-06-01,160.53,Paid,0,0,0
INV-0015443,CUST-102574,2026-07-01,159.91,Paid,0,1,1
INV-0015444,CUST-102574,2026-08-01,165.21,Paid,0,1,0
INV-0015445,CUST-102575,2026-03-01,160.67,Paid,0,0,0
INV-0015446,CUST-102575,2026-04-01,162.43,Late,2,0,0
INV-0015447,CUST-102575,2026-05-01,155.99,Paid,0,0,0
INV-0015448,CUST-102575,2026-06-01,155.57,Paid,0,0,0
INV-0015449,CUST-102575,2026-07-01,152.97,Paid,0,0,0
INV-0015450,CUST-102575,2026-08-01,161.12,Paid,0,0,0
INV-0015451,CUST-102576,2026-03-01,80.34,Paid,0,0,0
INV-0015452,CUST-102576,2026-04-01,78.54,Late,25,0,0
INV-0015453,CUST-102576,2026-05-01,81.91,Paid,0,0,0
INV-0015454,CUST-102576,2026-06-01,77.99,Paid,0,0,0
INV-0015455,CUST-102576,2026-07-01,75.09,Paid,0,0,0
INV-0015456,CUST-102576,2026-08-01,80.2,Paid,0,0,0
INV-0015457,CUST-102577,2026-03-01,44.35,Paid,0,0,0
INV-0015458,CUST-102577,2026-04-01,33.52,Paid,0,1,0
INV-0015459,CUST-102577,2026-05-01,34.03,Late,23,0,0
INV-0015460,CUST-102577,2026-06-01,34.92,Late,32,0,0
INV-0015461,CUST-102577,2026-07-01,31.52,Paid,0,0,0
INV-0015462,CUST-102577,2026-08-01,33.46,Paid,0,0,0
INV-0015463,CUST-102578,2026-03-01,102.86,Paid,0,1,1
INV-0015464,CUST-102578,2026-04-01,79.36,Paid,0,1,0
INV-0015465,CUST-102578,2026-05-01,78.85,Paid,0,0,0
INV-0015466,CUST-102578,2026-06-01,78.72,Late,32,0,0
INV-0015467,CUST-102578,2026-07-01,79.63,Paid,0,0,0
INV-0015468,CUST-102578,2026-08-01,81.34,Late,6,0,0
INV-0015469,CUST-102579,2026-03-01,77.47,Paid,0,1,1
INV-0015470,CUST-102579,2026-04-01,77.64,Paid,0,0,0
INV-0015471,CUST-102579,2026-05-01,74.51,Paid,0,0,0
INV-0015472,CUST-102579,2026-06-01,76.68,Paid,0,1,0
INV-0015473,CUST-102579,2026-07-01,77.21,Late,31,0,0
INV-0015474,CUST-102579,2026-08-01,80.67,Late,12,0,0
INV-0015475,CUST-102580,2026-03-01,79.0,Late,18,1,1
INV-0015476,CUST-102580,2026-04-01,78.06,Paid,0,1,1
INV-0015477,CUST-102580,2026-05-01,77.43,Late,13,0,0
INV-0015478,CUST-102580,2026-06-01,103.71,Late,23,1,1
INV-0015479,CUST-102580,2026-07-01,83.96,Paid,0,0,0
INV-0015480,CUST-102580,2026-08-01,97.66,Paid,0,0,0
INV-0015481,CUST-102581,2026-03-01,153.42,Paid,0,0,0
INV-0015482,CUST-102581,2026-04-01,145.11,Paid,0,0,0
INV-0015483,CUST-102581,2026-05-01,153.27,Paid,0,0,0
INV-0015484,CUST-102581,2026-06-01,145.71,Paid,0,0,0
INV-0015485,CUST-102581,2026-07-01,150.43,Paid,0,0,0
INV-0015486,CUST-102581,2026-08-01,145.1,Paid,0,0,0
INV-0015487,CUST-102582,2026-03-01,44.91,Paid,0,0,0
INV-0015488,CUST-102582,2026-04-01,42.76,Paid,0,0,0
INV-0015489,CUST-102582,2026-05-01,46.07,Paid,0,0,0
INV-0015490,CUST-102582,2026-06-01,42.91,Paid,0,0,0
INV-0015491,CUST-102582,2026-07-01,44.96,Paid,0,0,0
INV-0015492,CUST-102582,2026-08-01,45.48,Paid,0,0,0
INV-0015493,CUST-102583,2026-03-01,202.1,Paid,0,0,0
INV-0015494,CUST-102583,2026-04-01,185.46,Paid,0,0,0
INV-0015495,CUST-102583,2026-05-01,201.53,Paid,0,0,0
INV-0015496,CUST-102583,2026-06-01,189.84,Paid,0,0,0
INV-0015497,CUST-102583,2026-07-01,206.3,Paid,0,0,0
INV-0015498,CUST-102583,2026-08-01,196.71,Paid,0,0,0
INV-0015499,CUST-102584,2026-03-01,192.68,Paid,0,0,0
INV-0015500,CUST-102584,2026-04-01,192.89,Paid,0,0,0
INV-0015501,CUST-102584,2026-05-01,197.29,Paid,0,0,0
INV-0015502,CUST-102584,2026-06-01,199.17,Paid,0,1,0
INV-0015503,CUST-102584,2026-07-01,192.05,Paid,0,0,0
INV-0015504,CUST-102584,2026-08-01,190.82,Paid,0,0,0
INV-0015505,CUST-102585,2026-03-01,62.73,Paid,0,0,0
INV-0015506,CUST-102585,2026-04-01,64.47,Paid,0,0,0
INV-0015507,CUST-102585,2026-05-01,63.92,Paid,0,0,0
INV-0015508,CUST-102585,2026-06-01,64.33,Paid,0,0,0
INV-0015509,CUST-102585,2026-07-01,65.77,Paid,0,0,0
INV-0015510,CUST-102585,2026-08-01,63.07,Paid,0,0,0
INV-0015511,CUST-102586,2026-03-01,77.83,Paid,0,0,0
INV-0015512,CUST-102586,2026-04-01,84.26,Paid,0,0,0
INV-0015513,CUST-102586,2026-05-01,78.74,Paid,0,0,0
INV-0015514,CUST-102586,2026-06-01,78.29,Late,29,0,0
INV-0015515,CUST-102586,2026-07-01,80.0,Paid,0,0,0
INV-0015516,CUST-102586,2026-08-01,75.45,Paid,0,0,0
INV-0015517,CUST-102587,2026-03-01,134.63,Paid,0,0,0
INV-0015518,CUST-102587,2026-04-01,124.38,Paid,0,0,0
INV-0015519,CUST-102587,2026-05-01,131.56,Paid,0,0,0
INV-0015520,CUST-102587,2026-06-01,129.77,Paid,0,1,0
INV-0015521,CUST-102587,2026-07-01,130.75,Paid,0,0,0
INV-0015522,CUST-102587,2026-08-01,130.78,Paid,0,0,0
INV-0015523,CUST-102588,2026-03-01,73.8,Paid,0,0,0
INV-0015524,CUST-102588,2026-04-01,71.41,Paid,0,0,0
INV-0015525,CUST-102588,2026-05-01,75.36,Paid,0,0,0
INV-0015526,CUST-102588,2026-06-01,70.97,Paid,0,0,0
INV-0015527,CUST-102588,2026-07-01,72.62,Paid,0,0,0
INV-0015528,CUST-102588,2026-08-01,74.9,Paid,0,0,0
INV-0015529,CUST-102589,2026-03-01,80.14,Paid,0,0,0
INV-0015530,CUST-102589,2026-04-01,74.94,Paid,0,0,0
INV-0015531,CUST-102589,2026-05-01,79.5,Paid,0,0,0
INV-0015532,CUST-102589,2026-06-01,80.28,Paid,0,0,0
INV-0015533,CUST-102589,2026-07-01,80.5,Paid,0,0,0
INV-0015534,CUST-102589,2026-08-01,76.94,Paid,0,0,0
INV-0015535,CUST-102590,2026-03-01,97.05,Paid,0,0,0
INV-0015536,CUST-102590,2026-04-01,106.68,Paid,0,1,0
INV-0015537,CUST-102590,2026-05-01,83.24,Late,18,1,0
INV-0015538,CUST-102590,2026-06-01,85.46,Paid,0,0,0
INV-0015539,CUST-102590,2026-07-01,82.01,Paid,0,0,0
INV-0015540,CUST-102590,2026-08-01,99.84,Paid,0,0,0
INV-0015541,CUST-102591,2026-03-01,104.83,Paid,0,1,0
INV-0015542,CUST-102591,2026-04-01,102.45,Paid,0,1,0
INV-0015543,CUST-102591,2026-05-01,108.68,Paid,0,0,0
INV-0015544,CUST-102591,2026-06-01,79.19,Paid,0,1,1
INV-0015545,CUST-102591,2026-07-01,95.44,Late,27,1,0
INV-0015546,CUST-102591,2026-08-01,78.21,Paid,0,0,0
INV-0015547,CUST-102592,2026-03-01,77.08,Paid,0,0,0
INV-0015548,CUST-102592,2026-04-01,77.86,Late,33,0,0
INV-0015549,CUST-102592,2026-05-01,74.89,Paid,0,0,0
INV-0015550,CUST-102592,2026-06-01,76.41,Paid,0,0,0
INV-0015551,CUST-102592,2026-07-01,75.17,Paid,0,0,0
INV-0015552,CUST-102592,2026-08-01,75.97,Paid,0,0,0
INV-0015553,CUST-102593,2026-03-01,197.72,Paid,0,0,0
INV-0015554,CUST-102593,2026-04-01,191.89,Paid,0,0,0
INV-0015555,CUST-102593,2026-05-01,191.5,Paid,0,0,0
INV-0015556,CUST-102593,2026-06-01,191.32,Paid,0,0,0
INV-0015557,CUST-102593,2026-07-01,191.93,Paid,0,0,0
INV-0015558,CUST-102593,2026-08-01,197.06,Paid,0,0,0
INV-0015559,CUST-102594,2026-03-01,29.59,Paid,0,0,0
INV-0015560,CUST-102594,2026-04-01,30.39,Paid,0,0,0
INV-0015561,CUST-102594,2026-05-01,30.36,Paid,0,1,0
INV-0015562,CUST-102594,2026-06-01,30.69,Paid,0,0,0
INV-0015563,CUST-102594,2026-07-01,29.08,Paid,0,0,0
INV-0015564,CUST-102594,2026-08-01,29.87,Paid,0,1,0
INV-0015565,CUST-102595,2026-03-01,85.8,Paid,0,0,0
INV-0015566,CUST-102595,2026-04-01,89.87,Late,30,0,0
INV-0015567,CUST-102595,2026-05-01,88.99,Paid,0,0,0
INV-0015568,CUST-102595,2026-06-01,92.27,Paid,0,0,0
INV-0015569,CUST-102595,2026-07-01,88.79,Paid,0,0,0
INV-0015570,CUST-102595,2026-08-01,91.96,Paid,0,0,0
INV-0015571,CUST-102596,2026-03-01,46.8,Paid,0,0,0
INV-0015572,CUST-102596,2026-04-01,43.13,Paid,0,0,0
INV-0015573,CUST-102596,2026-05-01,44.29,Paid,0,0,0
INV-0015574,CUST-102596,2026-06-01,44.03,Paid,0,0,0
INV-0015575,CUST-102596,2026-07-01,44.18,Paid,0,0,0
INV-0015576,CUST-102596,2026-08-01,45.43,Paid,0,0,0
INV-0015577,CUST-102597,2026-03-01,72.82,Paid,0,0,0
INV-0015578,CUST-102597,2026-04-01,73.9,Paid,0,0,0
INV-0015579,CUST-102597,2026-05-01,71.74,Paid,0,0,0
INV-0015580,CUST-102597,2026-06-01,74.02,Paid,0,0,0
INV-0015581,CUST-102597,2026-07-01,73.21,Paid,0,0,0
INV-0015582,CUST-102597,2026-08-01,74.14,Paid,0,0,0
INV-0015583,CUST-102598,2026-03-01,181.84,Paid,0,0,0
INV-0015584,CUST-102598,2026-04-01,166.78,Paid,0,0,0
INV-0015585,CUST-102598,2026-05-01,182.61,Paid,0,0,0
INV-0015586,CUST-102598,2026-06-01,181.23,Paid,0,0,0
INV-0015587,CUST-102598,2026-07-01,182.52,Paid,0,0,0
INV-0015588,CUST-102598,2026-08-01,187.54,Paid,0,0,0
INV-0015589,CUST-102599,2026-03-01,38.74,Paid,0,0,0
INV-0015590,CUST-102599,2026-04-01,39.95,Paid,0,0,0
INV-0015591,CUST-102599,2026-05-01,39.83,Paid,0,0,0
INV-0015592,CUST-102599,2026-06-01,37.51,Paid,0,0,0
INV-0015593,CUST-102599,2026-07-01,38.55,Paid,0,0,0
INV-0015594,CUST-102599,2026-08-01,39.42,Paid,0,0,0
INV-0015595,CUST-102600,2026-03-01,79.31,Paid,0,0,0
INV-0015596,CUST-102600,2026-04-01,78.42,Late,25,0,0
INV-0015597,CUST-102600,2026-05-01,80.41,Paid,0,0,0
INV-0015598,CUST-102600,2026-06-01,78.6,Late,10,1,0
INV-0015599,CUST-102600,2026-07-01,78.82,Late,22,0,0
INV-0015600,CUST-102600,2026-08-01,78.67,Paid,0,0,0
INV-0015601,CUST-102601,2026-03-01,83.63,Paid,0,0,0
INV-0015602,CUST-102601,2026-04-01,91.87,Paid,0,0,0
INV-0015603,CUST-102601,2026-05-01,85.61,Paid,0,0,0
INV-0015604,CUST-102601,2026-06-01,90.18,Paid,0,0,0
INV-0015605,CUST-102601,2026-07-01,84.99,Paid,0,0,0
INV-0015606,CUST-102601,2026-08-01,85.94,Paid,0,0,0
INV-0015607,CUST-102602,2026-03-01,140.3,Paid,0,0,0
INV-0015608,CUST-102602,2026-04-01,139.95,Paid,0,1,0
INV-0015609,CUST-102602,2026-05-01,134.47,Paid,0,1,0
INV-0015610,CUST-102602,2026-06-01,159.71,Late,4,1,0
INV-0015611,CUST-102602,2026-07-01,144.57,Paid,0,0,0
INV-0015612,CUST-102602,2026-08-01,137.99,Late,22,1,1
INV-0015613,CUST-102603,2026-03-01,157.6,Paid,0,0,0
INV-0015614,CUST-102603,2026-04-01,155.76,Paid,0,0,0
INV-0015615,CUST-102603,2026-05-01,165.79,Paid,0,0,0
INV-0015616,CUST-102603,2026-06-01,162.17,Paid,0,0,0
INV-0015617,CUST-102603,2026-07-01,154.67,Paid,0,0,0
INV-0015618,CUST-102603,2026-08-01,162.24,Paid,0,0,0
INV-0015619,CUST-102604,2026-03-01,36.1,Late,21,0,0
INV-0015620,CUST-102604,2026-04-01,36.06,Paid,0,0,0
INV-0015621,CUST-102604,2026-05-01,36.36,Paid,0,0,0
INV-0015622,CUST-102604,2026-06-01,35.31,Paid,0,0,0
INV-0015623,CUST-102604,2026-07-01,35.42,Paid,0,0,0
INV-0015624,CUST-102604,2026-08-01,34.65,Paid,0,0,0
INV-0015625,CUST-102605,2026-03-01,32.15,Paid,0,0,0
INV-0015626,CUST-102605,2026-04-01,31.46,Paid,0,0,0
INV-0015627,CUST-102605,2026-05-01,29.77,Paid,0,0,0
INV-0015628,CUST-102605,2026-06-01,30.99,Paid,0,0,0
INV-0015629,CUST-102605,2026-07-01,31.04,Paid,0,0,0
INV-0015630,CUST-102605,2026-08-01,30.18,Paid,0,0,0
INV-0015631,CUST-102606,2026-03-01,86.92,Paid,0,0,0
INV-0015632,CUST-102606,2026-04-01,79.84,Paid,0,0,0
INV-0015633,CUST-102606,2026-05-01,83.74,Paid,0,0,0
INV-0015634,CUST-102606,2026-06-01,82.54,Paid,0,0,0
INV-0015635,CUST-102606,2026-07-01,81.48,Paid,0,0,0
INV-0015636,CUST-102606,2026-08-01,87.74,Paid,0,0,0
INV-0015637,CUST-102607,2026-03-01,84.46,Paid,0,0,0
INV-0015638,CUST-102607,2026-04-01,88.21,Paid,0,0,0
INV-0015639,CUST-102607,2026-05-01,85.71,Paid,0,0,0
INV-0015640,CUST-102607,2026-06-01,88.78,Paid,0,0,0
INV-0015641,CUST-102607,2026-07-01,85.23,Paid,0,0,0
INV-0015642,CUST-102607,2026-08-01,88.47,Paid,0,0,0
INV-0015643,CUST-102608,2026-03-01,38.77,Late,34,0,0
INV-0015644,CUST-102608,2026-04-01,34.71,Paid,0,0,0
INV-0015645,CUST-102608,2026-05-01,37.94,Late,28,0,0
INV-0015646,CUST-102608,2026-06-01,44.04,Late,21,0,0
INV-0015647,CUST-102608,2026-07-01,40.02,Paid,0,0,0
INV-0015648,CUST-102608,2026-08-01,44.78,Late,5,1,0
INV-0015649,CUST-102609,2026-03-01,436.17,Paid,0,0,0
INV-0015650,CUST-102609,2026-04-01,446.79,Paid,0,0,0
INV-0015651,CUST-102609,2026-05-01,415.51,Paid,0,0,0
INV-0015652,CUST-102609,2026-06-01,416.35,Paid,0,0,0
INV-0015653,CUST-102609,2026-07-01,428.64,Paid,0,0,0
INV-0015654,CUST-102609,2026-08-01,449.74,Paid,0,0,0
INV-0015655,CUST-102610,2026-03-01,35.54,Paid,0,0,0
INV-0015656,CUST-102610,2026-04-01,36.47,Paid,0,0,0
INV-0015657,CUST-102610,2026-05-01,35.23,Late,21,0,0
INV-0015658,CUST-102610,2026-06-01,38.45,Paid,0,0,0
INV-0015659,CUST-102610,2026-07-01,36.34,Paid,0,0,0
INV-0015660,CUST-102610,2026-08-01,36.34,Paid,0,0,0
INV-0015661,CUST-102611,2026-03-01,95.51,Paid,0,0,0
INV-0015662,CUST-102611,2026-04-01,94.93,Paid,0,0,0
INV-0015663,CUST-102611,2026-05-01,93.45,Paid,0,0,0
INV-0015664,CUST-102611,2026-06-01,97.82,Paid,0,0,0
INV-0015665,CUST-102611,2026-07-01,92.45,Paid,0,0,0
INV-0015666,CUST-102611,2026-08-01,94.92,Paid,0,0,0
INV-0015667,CUST-102612,2026-03-01,93.09,Paid,0,0,0
INV-0015668,CUST-102612,2026-04-01,91.85,Paid,0,0,0
INV-0015669,CUST-102612,2026-05-01,88.9,Paid,0,1,0
INV-0015670,CUST-102612,2026-06-01,93.31,Paid,0,0,0
INV-0015671,CUST-102612,2026-07-01,89.31,Paid,0,0,0
INV-0015672,CUST-102612,2026-08-01,87.36,Paid,0,0,0
INV-0015673,CUST-102613,2026-03-01,163.78,Paid,0,0,0
INV-0015674,CUST-102613,2026-04-01,173.35,Paid,0,0,0
INV-0015675,CUST-102613,2026-05-01,169.02,Paid,0,0,0
INV-0015676,CUST-102613,2026-06-01,161.51,Paid,0,0,0
INV-0015677,CUST-102613,2026-07-01,168.21,Paid,0,0,0
INV-0015678,CUST-102613,2026-08-01,162.6,Paid,0,0,0
INV-0015679,CUST-102614,2026-03-01,411.28,Paid,0,0,0
INV-0015680,CUST-102614,2026-04-01,408.92,Paid,0,0,0
INV-0015681,CUST-102614,2026-05-01,411.63,Paid,0,0,0
INV-0015682,CUST-102614,2026-06-01,417.14,Paid,0,0,0
INV-0015683,CUST-102614,2026-07-01,419.47,Paid,0,0,0
INV-0015684,CUST-102614,2026-08-01,405.97,Paid,0,0,0
INV-0015685,CUST-102615,2026-03-01,46.0,Paid,0,1,0
INV-0015686,CUST-102615,2026-04-01,45.61,Paid,0,0,0
INV-0015687,CUST-102615,2026-05-01,46.74,Paid,0,0,0
INV-0015688,CUST-102615,2026-06-01,46.37,Paid,0,0,0
INV-0015689,CUST-102615,2026-07-01,47.55,Paid,0,0,0
INV-0015690,CUST-102615,2026-08-01,44.03,Paid,0,0,0
INV-0015691,CUST-102616,2026-03-01,71.2,Paid,0,0,0
INV-0015692,CUST-102616,2026-04-01,75.46,Paid,0,0,0
INV-0015693,CUST-102616,2026-05-01,75.18,Paid,0,0,0
INV-0015694,CUST-102616,2026-06-01,76.08,Paid,0,0,0
INV-0015695,CUST-102616,2026-07-01,75.05,Paid,0,0,0
INV-0015696,CUST-102616,2026-08-01,74.76,Paid,0,0,0
INV-0015697,CUST-102617,2026-03-01,40.33,Paid,0,0,0
INV-0015698,CUST-102617,2026-04-01,38.82,Paid,0,0,0
INV-0015699,CUST-102617,2026-05-01,39.67,Paid,0,0,0
INV-0015700,CUST-102617,2026-06-01,38.93,Paid,0,0,0
INV-0015701,CUST-102617,2026-07-01,40.85,Paid,0,0,0
INV-0015702,CUST-102617,2026-08-01,40.17,Late,27,0,0
INV-0015703,CUST-102618,2026-03-01,92.23,Paid,0,0,0
INV-0015704,CUST-102618,2026-04-01,85.29,Late,31,0,0
INV-0015705,CUST-102618,2026-05-01,91.19,Paid,0,0,0
INV-0015706,CUST-102618,2026-06-01,88.14,Paid,0,0,0
INV-0015707,CUST-102618,2026-07-01,90.35,Paid,0,0,0
INV-0015708,CUST-102618,2026-08-01,88.16,Paid,0,0,0
INV-0015709,CUST-102619,2026-03-01,141.39,Paid,0,1,0
INV-0015710,CUST-102619,2026-04-01,140.15,Paid,0,0,0
INV-0015711,CUST-102619,2026-05-01,141.45,Paid,0,0,0
INV-0015712,CUST-102619,2026-06-01,136.62,Paid,0,0,0
INV-0015713,CUST-102619,2026-07-01,132.14,Paid,0,0,0
INV-0015714,CUST-102619,2026-08-01,138.05,Paid,0,0,0
INV-0015715,CUST-102620,2026-03-01,26.07,Paid,0,0,0
INV-0015716,CUST-102620,2026-04-01,24.67,Paid,0,0,0
INV-0015717,CUST-102620,2026-05-01,26.28,Paid,0,0,0
INV-0015718,CUST-102620,2026-06-01,26.76,Paid,0,0,0
INV-0015719,CUST-102620,2026-07-01,25.69,Paid,0,0,0
INV-0015720,CUST-102620,2026-08-01,26.25,Paid,0,0,0
INV-0015721,CUST-102621,2026-03-01,170.97,Paid,0,0,0
INV-0015722,CUST-102621,2026-04-01,160.86,Paid,0,0,0
INV-0015723,CUST-102621,2026-05-01,166.61,Paid,0,0,0
INV-0015724,CUST-102621,2026-06-01,159.79,Paid,0,0,0
INV-0015725,CUST-102621,2026-07-01,168.21,Paid,0,0,0
INV-0015726,CUST-102621,2026-08-01,164.38,Paid,0,0,0
INV-0015727,CUST-102622,2026-03-01,105.49,Paid,0,0,0
INV-0015728,CUST-102622,2026-04-01,111.16,Paid,0,0,0
INV-0015729,CUST-102622,2026-05-01,105.95,Paid,0,0,0
INV-0015730,CUST-102622,2026-06-01,105.1,Paid,0,0,0
INV-0015731,CUST-102622,2026-07-01,107.86,Paid,0,0,0
INV-0015732,CUST-102622,2026-08-01,106.07,Paid,0,0,0
INV-0015733,CUST-102623,2026-03-01,71.15,Paid,0,0,0
INV-0015734,CUST-102623,2026-04-01,73.9,Paid,0,0,0
INV-0015735,CUST-102623,2026-05-01,70.37,Paid,0,0,0
INV-0015736,CUST-102623,2026-06-01,68.03,Paid,0,0,0
INV-0015737,CUST-102623,2026-07-01,70.19,Paid,0,0,0
INV-0015738,CUST-102623,2026-08-01,72.69,Paid,0,0,0
INV-0015739,CUST-102624,2026-03-01,125.78,Paid,0,0,0
INV-0015740,CUST-102624,2026-04-01,130.11,Paid,0,0,0
INV-0015741,CUST-102624,2026-05-01,122.09,Paid,0,0,0
INV-0015742,CUST-102624,2026-06-01,132.07,Paid,0,0,0
INV-0015743,CUST-102624,2026-07-01,124.29,Paid,0,0,0
INV-0015744,CUST-102624,2026-08-01,127.31,Paid,0,0,0
INV-0015745,CUST-102625,2026-03-01,35.65,Paid,0,0,0
INV-0015746,CUST-102625,2026-04-01,36.57,Paid,0,0,0
INV-0015747,CUST-102625,2026-05-01,36.35,Paid,0,0,0
INV-0015748,CUST-102625,2026-06-01,35.13,Paid,0,0,0
INV-0015749,CUST-102625,2026-07-01,35.44,Paid,0,0,0
INV-0015750,CUST-102625,2026-08-01,36.38,Paid,0,0,0
INV-0015751,CUST-102626,2026-03-01,35.57,Paid,0,0,0
INV-0015752,CUST-102626,2026-04-01,36.34,Paid,0,0,0
INV-0015753,CUST-102626,2026-05-01,36.34,Paid,0,0,0
INV-0015754,CUST-102626,2026-06-01,37.14,Paid,0,0,0
INV-0015755,CUST-102626,2026-07-01,34.24,Paid,0,0,0
INV-0015756,CUST-102626,2026-08-01,36.83,Paid,0,0,0
INV-0015757,CUST-102627,2026-03-01,36.04,Paid,0,0,0
INV-0015758,CUST-102627,2026-04-01,35.0,Late,2,0,0
INV-0015759,CUST-102627,2026-05-01,36.08,Paid,0,0,0
INV-0015760,CUST-102627,2026-06-01,35.58,Paid,0,0,0
INV-0015761,CUST-102627,2026-07-01,34.75,Paid,0,0,0
INV-0015762,CUST-102627,2026-08-01,36.56,Paid,0,0,0
INV-0015763,CUST-102628,2026-03-01,146.89,Paid,0,0,0
INV-0015764,CUST-102628,2026-04-01,151.33,Paid,0,0,0
INV-0015765,CUST-102628,2026-05-01,140.03,Paid,0,0,0
INV-0015766,CUST-102628,2026-06-01,146.02,Paid,0,0,0
INV-0015767,CUST-102628,2026-07-01,140.19,Paid,0,0,0
INV-0015768,CUST-102628,2026-08-01,147.84,Paid,0,0,0
INV-0015769,CUST-102629,2026-03-01,213.21,Paid,0,0,0
INV-0015770,CUST-102629,2026-04-01,167.62,Late,25,1,0
INV-0015771,CUST-102629,2026-05-01,162.01,Late,29,0,0
INV-0015772,CUST-102629,2026-06-01,186.2,Paid,0,0,0
INV-0015773,CUST-102629,2026-07-01,157.42,Late,4,1,0
INV-0015774,CUST-102629,2026-08-01,156.85,Paid,0,1,0
INV-0015775,CUST-102630,2026-03-01,71.49,Paid,0,0,0
INV-0015776,CUST-102630,2026-04-01,74.13,Late,29,0,0
INV-0015777,CUST-102630,2026-05-01,73.53,Paid,0,0,0
INV-0015778,CUST-102630,2026-06-01,74.22,Paid,0,0,0
INV-0015779,CUST-102630,2026-07-01,80.59,Paid,0,0,0
INV-0015780,CUST-102630,2026-08-01,72.74,Paid,0,0,0
INV-0015781,CUST-102631,2026-03-01,71.29,Paid,0,0,0
INV-0015782,CUST-102631,2026-04-01,71.08,Paid,0,0,0
INV-0015783,CUST-102631,2026-05-01,71.84,Paid,0,0,0
INV-0015784,CUST-102631,2026-06-01,71.35,Paid,0,0,0
INV-0015785,CUST-102631,2026-07-01,71.26,Paid,0,0,0
INV-0015786,CUST-102631,2026-08-01,69.42,Late,5,1,0
INV-0015787,CUST-102632,2026-03-01,167.66,Paid,0,0,0
INV-0015788,CUST-102632,2026-04-01,170.73,Paid,0,0,0
INV-0015789,CUST-102632,2026-05-01,172.77,Paid,0,0,0
INV-0015790,CUST-102632,2026-06-01,168.75,Paid,0,0,0
INV-0015791,CUST-102632,2026-07-01,175.46,Paid,0,0,0
INV-0015792,CUST-102632,2026-08-01,167.1,Paid,0,0,0
INV-0015793,CUST-102633,2026-03-01,37.48,Paid,0,0,0
INV-0015794,CUST-102633,2026-04-01,37.91,Paid,0,0,0
INV-0015795,CUST-102633,2026-05-01,39.37,Paid,0,0,0
INV-0015796,CUST-102633,2026-06-01,37.42,Paid,0,0,0
INV-0015797,CUST-102633,2026-07-01,37.57,Paid,0,0,0
INV-0015798,CUST-102633,2026-08-01,38.82,Paid,0,0,0
INV-0015799,CUST-102634,2026-03-01,32.25,Paid,0,0,0
INV-0015800,CUST-102634,2026-04-01,33.76,Paid,0,0,0
INV-0015801,CUST-102634,2026-05-01,31.86,Paid,0,1,0
INV-0015802,CUST-102634,2026-06-01,31.85,Paid,0,0,0
INV-0015803,CUST-102634,2026-07-01,31.33,Paid,0,0,0
INV-0015804,CUST-102634,2026-08-01,33.36,Paid,0,0,0
INV-0015805,CUST-102635,2026-03-01,38.15,Paid,0,0,0
INV-0015806,CUST-102635,2026-04-01,38.46,Paid,0,0,0
INV-0015807,CUST-102635,2026-05-01,40.98,Paid,0,1,0
INV-0015808,CUST-102635,2026-06-01,34.48,Paid,0,0,0
INV-0015809,CUST-102635,2026-07-01,32.94,Paid,0,1,1
INV-0015810,CUST-102635,2026-08-01,43.34,Paid,0,0,0
INV-0015811,CUST-102636,2026-03-01,124.94,Late,19,1,0
INV-0015812,CUST-102636,2026-04-01,103.07,Paid,0,1,1
INV-0015813,CUST-102636,2026-05-01,103.13,Paid,0,0,0
INV-0015814,CUST-102636,2026-06-01,102.95,Paid,0,0,0
INV-0015815,CUST-102636,2026-07-01,101.22,Paid,0,0,0
INV-0015816,CUST-102636,2026-08-01,102.93,Paid,0,0,0
INV-0015817,CUST-102637,2026-03-01,37.28,Late,16,0,0
INV-0015818,CUST-102637,2026-04-01,37.08,Paid,0,0,0
INV-0015819,CUST-102637,2026-05-01,36.63,Paid,0,0,0
INV-0015820,CUST-102637,2026-06-01,35.94,Paid,0,0,0
INV-0015821,CUST-102637,2026-07-01,35.12,Paid,0,0,0
INV-0015822,CUST-102637,2026-08-01,36.46,Paid,0,0,0
INV-0015823,CUST-102638,2026-03-01,76.68,Paid,0,0,0
INV-0015824,CUST-102638,2026-04-01,77.6,Paid,0,0,0
INV-0015825,CUST-102638,2026-05-01,78.19,Paid,0,0,0
INV-0015826,CUST-102638,2026-06-01,78.33,Paid,0,0,0
INV-0015827,CUST-102638,2026-07-01,74.04,Paid,0,0,0
INV-0015828,CUST-102638,2026-08-01,78.5,Paid,0,0,0
INV-0015829,CUST-102639,2026-03-01,81.4,Late,8,0,0
INV-0015830,CUST-102639,2026-04-01,80.27,Late,15,1,0
INV-0015831,CUST-102639,2026-05-01,101.3,Paid,0,0,0
INV-0015832,CUST-102639,2026-06-01,80.18,Late,11,0,0
INV-0015833,CUST-102639,2026-07-01,76.7,Paid,0,0,0
INV-0015834,CUST-102639,2026-08-01,80.1,Paid,0,0,0
INV-0015835,CUST-102640,2026-03-01,406.18,Paid,0,0,0
INV-0015836,CUST-102640,2026-04-01,408.27,Paid,0,0,0
INV-0015837,CUST-102640,2026-05-01,395.33,Paid,0,0,0
INV-0015838,CUST-102640,2026-06-01,390.16,Paid,0,0,0
INV-0015839,CUST-102640,2026-07-01,413.11,Paid,0,0,0
INV-0015840,CUST-102640,2026-08-01,374.5,Paid,0,0,0
INV-0015841,CUST-102641,2026-03-01,40.69,Paid,0,0,0
INV-0015842,CUST-102641,2026-04-01,43.0,Late,29,0,0
INV-0015843,CUST-102641,2026-05-01,40.07,Paid,0,0,0
INV-0015844,CUST-102641,2026-06-01,40.86,Paid,0,0,0
INV-0015845,CUST-102641,2026-07-01,41.06,Paid,0,0,0
INV-0015846,CUST-102641,2026-08-01,42.07,Paid,0,0,0
INV-0015847,CUST-102642,2026-03-01,74.45,Paid,0,0,0
INV-0015848,CUST-102642,2026-04-01,74.85,Paid,0,0,0
INV-0015849,CUST-102642,2026-05-01,72.19,Paid,0,0,0
INV-0015850,CUST-102642,2026-06-01,70.04,Paid,0,0,0
INV-0015851,CUST-102642,2026-07-01,75.59,Paid,0,0,0
INV-0015852,CUST-102642,2026-08-01,72.33,Paid,0,1,1
INV-0015853,CUST-102643,2026-03-01,155.02,Paid,0,0,0
INV-0015854,CUST-102643,2026-04-01,157.69,Late,21,1,0
INV-0015855,CUST-102643,2026-05-01,163.25,Late,21,1,1
INV-0015856,CUST-102643,2026-06-01,198.04,Paid,0,1,0
INV-0015857,CUST-102643,2026-07-01,155.33,Paid,0,1,0
INV-0015858,CUST-102643,2026-08-01,154.66,Late,20,0,0
INV-0015859,CUST-102644,2026-03-01,99.5,Paid,0,1,0
INV-0015860,CUST-102644,2026-04-01,83.48,Paid,0,1,0
INV-0015861,CUST-102644,2026-05-01,78.04,Late,12,0,0
INV-0015862,CUST-102644,2026-06-01,77.19,Paid,0,0,0
INV-0015863,CUST-102644,2026-07-01,79.23,Paid,0,0,0
INV-0015864,CUST-102644,2026-08-01,81.05,Late,18,1,0
INV-0015865,CUST-102645,2026-03-01,31.81,Paid,0,0,0
INV-0015866,CUST-102645,2026-04-01,33.49,Paid,0,0,0
INV-0015867,CUST-102645,2026-05-01,32.33,Paid,0,0,0
INV-0015868,CUST-102645,2026-06-01,32.14,Paid,0,0,0
INV-0015869,CUST-102645,2026-07-01,33.23,Paid,0,0,0
INV-0015870,CUST-102645,2026-08-01,32.31,Paid,0,0,0
INV-0015871,CUST-102646,2026-03-01,96.53,Paid,0,0,0
INV-0015872,CUST-102646,2026-04-01,95.35,Late,5,0,0
INV-0015873,CUST-102646,2026-05-01,94.84,Paid,0,0,0
INV-0015874,CUST-102646,2026-06-01,98.96,Paid,0,0,0
INV-0015875,CUST-102646,2026-07-01,91.75,Late,7,0,0
INV-0015876,CUST-102646,2026-08-01,91.25,Paid,0,0,0
INV-0015877,CUST-102647,2026-03-01,156.64,Late,12,0,0
INV-0015878,CUST-102647,2026-04-01,155.54,Paid,0,0,0
INV-0015879,CUST-102647,2026-05-01,151.66,Paid,0,1,0
INV-0015880,CUST-102647,2026-06-01,155.2,Paid,0,1,0
INV-0015881,CUST-102647,2026-07-01,158.7,Late,14,1,0
INV-0015882,CUST-102647,2026-08-01,151.82,Paid,0,0,0
INV-0015883,CUST-102648,2026-03-01,171.68,Paid,0,0,0
INV-0015884,CUST-102648,2026-04-01,156.82,Paid,0,0,0
INV-0015885,CUST-102648,2026-05-01,164.68,Late,2,0,0
INV-0015886,CUST-102648,2026-06-01,161.46,Paid,0,0,0
INV-0015887,CUST-102648,2026-07-01,150.22,Late,17,0,0
INV-0015888,CUST-102648,2026-08-01,157.07,Late,31,0,0
INV-0015889,CUST-102649,2026-03-01,77.68,Paid,0,0,0
INV-0015890,CUST-102649,2026-04-01,79.43,Paid,0,0,0
INV-0015891,CUST-102649,2026-05-01,80.66,Paid,0,0,0
INV-0015892,CUST-102649,2026-06-01,81.19,Paid,0,0,0
INV-0015893,CUST-102649,2026-07-01,79.91,Paid,0,0,0
INV-0015894,CUST-102649,2026-08-01,81.62,Paid,0,0,0
INV-0015895,CUST-102650,2026-03-01,69.16,Paid,0,0,0
INV-0015896,CUST-102650,2026-04-01,66.67,Paid,0,0,0
INV-0015897,CUST-102650,2026-05-01,67.44,Paid,0,0,0
INV-0015898,CUST-102650,2026-06-01,69.08,Paid,0,0,0
INV-0015899,CUST-102650,2026-07-01,69.55,Paid,0,0,0
INV-0015900,CUST-102650,2026-08-01,65.18,Paid,0,0,0
INV-0015901,CUST-102651,2026-03-01,40.57,Paid,0,0,0
INV-0015902,CUST-102651,2026-04-01,38.79,Paid,0,0,0
INV-0015903,CUST-102651,2026-05-01,40.2,Paid,0,0,0
INV-0015904,CUST-102651,2026-06-01,38.1,Paid,0,0,0
INV-0015905,CUST-102651,2026-07-01,39.77,Paid,0,0,0
INV-0015906,CUST-102651,2026-08-01,39.71,Paid,0,0,0
INV-0015907,CUST-102652,2026-03-01,76.73,Paid,0,0,0
INV-0015908,CUST-102652,2026-04-01,75.91,Paid,0,0,0
INV-0015909,CUST-102652,2026-05-01,73.93,Paid,0,0,0
INV-0015910,CUST-102652,2026-06-01,77.47,Paid,0,0,0
INV-0015911,CUST-102652,2026-07-01,75.39,Paid,0,0,0
INV-0015912,CUST-102652,2026-08-01,77.68,Late,33,0,0
INV-0015913,CUST-102653,2026-03-01,66.28,Paid,0,0,0
INV-0015914,CUST-102653,2026-04-01,67.27,Paid,0,0,0
INV-0015915,CUST-102653,2026-05-01,67.17,Late,16,0,0
INV-0015916,CUST-102653,2026-06-01,67.17,Paid,0,0,0
INV-0015917,CUST-102653,2026-07-01,68.94,Paid,0,0,0
INV-0015918,CUST-102653,2026-08-01,65.37,Paid,0,0,0
INV-0015919,CUST-102654,2026-03-01,102.66,Late,32,1,0
INV-0015920,CUST-102654,2026-04-01,105.35,Paid,0,0,0
INV-0015921,CUST-102654,2026-05-01,78.58,Late,9,0,0
INV-0015922,CUST-102654,2026-06-01,105.11,Paid,0,0,0
INV-0015923,CUST-102654,2026-07-01,79.24,Late,30,0,0
INV-0015924,CUST-102654,2026-08-01,80.86,Paid,0,1,1
INV-0015925,CUST-102655,2026-03-01,85.48,Paid,0,0,0
INV-0015926,CUST-102655,2026-04-01,84.22,Paid,0,0,0
INV-0015927,CUST-102655,2026-05-01,90.7,Paid,0,0,0
INV-0015928,CUST-102655,2026-06-01,85.24,Late,28,0,0
INV-0015929,CUST-102655,2026-07-01,88.84,Paid,0,0,0
INV-0015930,CUST-102655,2026-08-01,89.5,Paid,0,0,0
INV-0015931,CUST-102656,2026-03-01,77.93,Paid,0,0,0
INV-0015932,CUST-102656,2026-04-01,81.35,Paid,0,0,0
INV-0015933,CUST-102656,2026-05-01,84.75,Paid,0,0,0
INV-0015934,CUST-102656,2026-06-01,77.02,Paid,0,0,0
INV-0015935,CUST-102656,2026-07-01,78.63,Paid,0,0,0
INV-0015936,CUST-102656,2026-08-01,82.29,Paid,0,0,0
INV-0015937,CUST-102657,2026-03-01,137.2,Paid,0,0,0
INV-0015938,CUST-102657,2026-04-01,134.82,Paid,0,0,0
INV-0015939,CUST-102657,2026-05-01,136.35,Paid,0,0,0
INV-0015940,CUST-102657,2026-06-01,128.97,Paid,0,0,0
INV-0015941,CUST-102657,2026-07-01,137.31,Paid,0,0,0
INV-0015942,CUST-102657,2026-08-01,137.84,Late,29,0,0
INV-0015943,CUST-102658,2026-03-01,89.69,Paid,0,0,0
INV-0015944,CUST-102658,2026-04-01,87.0,Late,19,0,0
INV-0015945,CUST-102658,2026-05-01,88.66,Paid,0,0,0
INV-0015946,CUST-102658,2026-06-01,90.49,Paid,0,0,0
INV-0015947,CUST-102658,2026-07-01,89.74,Late,1,0,0
INV-0015948,CUST-102658,2026-08-01,87.87,Paid,0,0,0
INV-0015949,CUST-102659,2026-03-01,139.31,Paid,0,0,0
INV-0015950,CUST-102659,2026-04-01,138.01,Paid,0,0,0
INV-0015951,CUST-102659,2026-05-01,138.76,Paid,0,0,0
INV-0015952,CUST-102659,2026-06-01,145.5,Paid,0,0,0
INV-0015953,CUST-102659,2026-07-01,138.16,Paid,0,0,0
INV-0015954,CUST-102659,2026-08-01,151.23,Paid,0,0,0
INV-0015955,CUST-102660,2026-03-01,83.37,Late,2,1,1
INV-0015956,CUST-102660,2026-04-01,78.11,Late,27,0,0
INV-0015957,CUST-102660,2026-05-01,81.13,Paid,0,0,0
INV-0015958,CUST-102660,2026-06-01,79.82,Paid,0,0,0
INV-0015959,CUST-102660,2026-07-01,84.82,Late,4,1,0
INV-0015960,CUST-102660,2026-08-01,98.91,Late,3,1,0
INV-0015961,CUST-102661,2026-03-01,36.31,Paid,0,0,0
INV-0015962,CUST-102661,2026-04-01,35.65,Paid,0,1,1
INV-0015963,CUST-102661,2026-05-01,34.77,Late,8,1,0
INV-0015964,CUST-102661,2026-06-01,35.27,Paid,0,1,1
INV-0015965,CUST-102661,2026-07-01,34.91,Late,20,0,0
INV-0015966,CUST-102661,2026-08-01,34.58,Late,15,1,0
INV-0015967,CUST-102662,2026-03-01,87.38,Paid,0,0,0
INV-0015968,CUST-102662,2026-04-01,87.43,Paid,0,0,0
INV-0015969,CUST-102662,2026-05-01,85.83,Paid,0,0,0
INV-0015970,CUST-102662,2026-06-01,84.49,Late,10,0,0
INV-0015971,CUST-102662,2026-07-01,88.29,Paid,0,0,0
INV-0015972,CUST-102662,2026-08-01,86.5,Paid,0,0,0
INV-0015973,CUST-102663,2026-03-01,160.74,Paid,0,0,0
INV-0015974,CUST-102663,2026-04-01,156.57,Paid,0,0,0
INV-0015975,CUST-102663,2026-05-01,152.54,Paid,0,0,0
INV-0015976,CUST-102663,2026-06-01,158.17,Paid,0,0,0
INV-0015977,CUST-102663,2026-07-01,163.16,Paid,0,0,0
INV-0015978,CUST-102663,2026-08-01,156.37,Late,32,0,0
INV-0015979,CUST-102664,2026-03-01,165.81,Paid,0,0,0
INV-0015980,CUST-102664,2026-04-01,169.14,Paid,0,0,0
INV-0015981,CUST-102664,2026-05-01,170.88,Paid,0,0,0
INV-0015982,CUST-102664,2026-06-01,170.25,Paid,0,0,0
INV-0015983,CUST-102664,2026-07-01,165.2,Paid,0,0,0
INV-0015984,CUST-102664,2026-08-01,167.96,Paid,0,0,0
INV-0015985,CUST-102665,2026-03-01,34.37,Paid,0,0,0
INV-0015986,CUST-102665,2026-04-01,33.84,Paid,0,0,0
INV-0015987,CUST-102665,2026-05-01,32.45,Paid,0,0,0
INV-0015988,CUST-102665,2026-06-01,32.37,Paid,0,0,0
INV-0015989,CUST-102665,2026-07-01,32.74,Paid,0,0,0
INV-0015990,CUST-102665,2026-08-01,33.6,Paid,0,0,0
INV-0015991,CUST-102666,2026-03-01,33.93,Paid,0,0,0
INV-0015992,CUST-102666,2026-04-01,31.83,Paid,0,0,0
INV-0015993,CUST-102666,2026-05-01,35.64,Paid,0,0,0
INV-0015994,CUST-102666,2026-06-01,35.29,Paid,0,0,0
INV-0015995,CUST-102666,2026-07-01,33.13,Paid,0,0,0
INV-0015996,CUST-102666,2026-08-01,33.18,Paid,0,0,0
INV-0015997,CUST-102667,2026-03-01,37.59,Paid,0,1,1
INV-0015998,CUST-102667,2026-04-01,32.34,Paid,0,0,0
INV-0015999,CUST-102667,2026-05-01,31.69,Paid,0,1,0
INV-0016000,CUST-102667,2026-06-01,33.96,Late,3,0,0
INV-0016001,CUST-102667,2026-07-01,32.73,Paid,0,0,0
INV-0016002,CUST-102667,2026-08-01,42.91,Paid,0,0,0
INV-0016003,CUST-102668,2026-03-01,72.72,Paid,0,0,0
INV-0016004,CUST-102668,2026-04-01,73.1,Paid,0,0,0
INV-0016005,CUST-102668,2026-05-01,73.7,Paid,0,0,0
INV-0016006,CUST-102668,2026-06-01,70.15,Paid,0,0,0
INV-0016007,CUST-102668,2026-07-01,74.13,Paid,0,0,0
INV-0016008,CUST-102668,2026-08-01,75.14,Paid,0,1,0
INV-0016009,CUST-102669,2026-03-01,171.23,Paid,0,1,0
INV-0016010,CUST-102669,2026-04-01,168.04,Late,8,0,0
INV-0016011,CUST-102669,2026-05-01,173.86,Paid,0,0,0
INV-0016012,CUST-102669,2026-06-01,169.51,Paid,0,0,0
INV-0016013,CUST-102669,2026-07-01,171.25,Late,16,0,0
INV-0016014,CUST-102669,2026-08-01,167.33,Paid,0,0,0
INV-0016015,CUST-102670,2026-03-01,140.01,Paid,0,0,0
INV-0016016,CUST-102670,2026-04-01,154.46,Paid,0,0,0
INV-0016017,CUST-102670,2026-05-01,150.67,Paid,0,0,0
INV-0016018,CUST-102670,2026-06-01,149.54,Paid,0,0,0
INV-0016019,CUST-102670,2026-07-01,150.71,Paid,0,0,0
INV-0016020,CUST-102670,2026-08-01,145.91,Paid,0,0,0
INV-0016021,CUST-102671,2026-03-01,166.42,Paid,0,0,0
INV-0016022,CUST-102671,2026-04-01,175.48,Paid,0,0,0
INV-0016023,CUST-102671,2026-05-01,164.97,Paid,0,0,0
INV-0016024,CUST-102671,2026-06-01,170.61,Late,24,1,0
INV-0016025,CUST-102671,2026-07-01,169.58,Late,16,0,0
INV-0016026,CUST-102671,2026-08-01,164.3,Paid,0,0,0
INV-0016027,CUST-102672,2026-03-01,33.14,Paid,0,0,0
INV-0016028,CUST-102672,2026-04-01,31.36,Paid,0,0,0
INV-0016029,CUST-102672,2026-05-01,31.52,Paid,0,0,0
INV-0016030,CUST-102672,2026-06-01,31.4,Paid,0,0,0
INV-0016031,CUST-102672,2026-07-01,31.5,Paid,0,0,0
INV-0016032,CUST-102672,2026-08-01,33.0,Paid,0,0,0
INV-0016033,CUST-102673,2026-03-01,177.21,Paid,0,0,0
INV-0016034,CUST-102673,2026-04-01,163.46,Paid,0,0,0
INV-0016035,CUST-102673,2026-05-01,174.34,Paid,0,0,0
INV-0016036,CUST-102673,2026-06-01,170.32,Paid,0,0,0
INV-0016037,CUST-102673,2026-07-01,174.54,Late,3,1,0
INV-0016038,CUST-102673,2026-08-01,177.67,Paid,0,0,0
INV-0016039,CUST-102674,2026-03-01,145.89,Paid,0,0,0
INV-0016040,CUST-102674,2026-04-01,139.34,Paid,0,0,0
INV-0016041,CUST-102674,2026-05-01,143.94,Paid,0,0,0
INV-0016042,CUST-102674,2026-06-01,145.06,Paid,0,0,0
INV-0016043,CUST-102674,2026-07-01,138.94,Paid,0,0,0
INV-0016044,CUST-102674,2026-08-01,143.98,Paid,0,0,0
INV-0016045,CUST-102675,2026-03-01,33.69,Paid,0,0,0
INV-0016046,CUST-102675,2026-04-01,31.25,Paid,0,0,0
INV-0016047,CUST-102675,2026-05-01,32.82,Paid,0,0,0
INV-0016048,CUST-102675,2026-06-01,34.48,Paid,0,0,0
INV-0016049,CUST-102675,2026-07-01,32.52,Paid,0,0,0
INV-0016050,CUST-102675,2026-08-01,32.46,Paid,0,0,0
INV-0016051,CUST-102676,2026-03-01,32.08,Paid,0,0,0
INV-0016052,CUST-102676,2026-04-01,32.02,Paid,0,0,0
INV-0016053,CUST-102676,2026-05-01,31.58,Paid,0,0,0
INV-0016054,CUST-102676,2026-06-01,30.94,Paid,0,0,0
INV-0016055,CUST-102676,2026-07-01,31.74,Paid,0,0,0
INV-0016056,CUST-102676,2026-08-01,31.46,Paid,0,0,0
INV-0016057,CUST-102677,2026-03-01,156.42,Paid,0,0,0
INV-0016058,CUST-102677,2026-04-01,152.08,Paid,0,0,0
INV-0016059,CUST-102677,2026-05-01,154.82,Paid,0,0,0
INV-0016060,CUST-102677,2026-06-01,143.78,Paid,0,0,0
INV-0016061,CUST-102677,2026-07-01,154.67,Paid,0,0,0
INV-0016062,CUST-102677,2026-08-01,152.83,Late,22,0,0
INV-0016063,CUST-102678,2026-03-01,35.27,Paid,0,0,0
INV-0016064,CUST-102678,2026-04-01,34.04,Paid,0,0,0
INV-0016065,CUST-102678,2026-05-01,34.94,Paid,0,0,0
INV-0016066,CUST-102678,2026-06-01,34.52,Paid,0,0,0
INV-0016067,CUST-102678,2026-07-01,33.27,Paid,0,0,0
INV-0016068,CUST-102678,2026-08-01,34.05,Paid,0,0,0
INV-0016069,CUST-102679,2026-03-01,37.83,Paid,0,0,0
INV-0016070,CUST-102679,2026-04-01,41.22,Paid,0,0,0
INV-0016071,CUST-102679,2026-05-01,40.84,Paid,0,0,0
INV-0016072,CUST-102679,2026-06-01,40.9,Paid,0,0,0
INV-0016073,CUST-102679,2026-07-01,41.02,Paid,0,0,0
INV-0016074,CUST-102679,2026-08-01,40.86,Paid,0,0,0
INV-0016075,CUST-102680,2026-03-01,72.21,Paid,0,0,0
INV-0016076,CUST-102680,2026-04-01,73.56,Paid,0,0,0
INV-0016077,CUST-102680,2026-05-01,73.5,Paid,0,0,0
INV-0016078,CUST-102680,2026-06-01,73.71,Paid,0,0,0
INV-0016079,CUST-102680,2026-07-01,73.07,Paid,0,0,0
INV-0016080,CUST-102680,2026-08-01,74.21,Paid,0,0,0
INV-0016081,CUST-102681,2026-03-01,40.92,Paid,0,0,0
INV-0016082,CUST-102681,2026-04-01,41.78,Paid,0,0,0
INV-0016083,CUST-102681,2026-05-01,39.85,Paid,0,0,0
INV-0016084,CUST-102681,2026-06-01,39.78,Paid,0,0,0
INV-0016085,CUST-102681,2026-07-01,41.66,Paid,0,0,0
INV-0016086,CUST-102681,2026-08-01,40.53,Paid,0,0,0
INV-0016087,CUST-102682,2026-03-01,29.94,Paid,0,0,0
INV-0016088,CUST-102682,2026-04-01,30.88,Paid,0,0,0
INV-0016089,CUST-102682,2026-05-01,31.05,Paid,0,0,0
INV-0016090,CUST-102682,2026-06-01,30.14,Paid,0,0,0
INV-0016091,CUST-102682,2026-07-01,31.63,Paid,0,0,0
INV-0016092,CUST-102682,2026-08-01,31.55,Paid,0,0,0
INV-0016093,CUST-102683,2026-03-01,161.56,Paid,0,0,0
INV-0016094,CUST-102683,2026-04-01,159.33,Paid,0,0,0
INV-0016095,CUST-102683,2026-05-01,172.26,Paid,0,0,0
INV-0016096,CUST-102683,2026-06-01,170.9,Paid,0,0,0
INV-0016097,CUST-102683,2026-07-01,158.15,Paid,0,0,0
INV-0016098,CUST-102683,2026-08-01,166.47,Paid,0,0,0
INV-0016099,CUST-102684,2026-03-01,87.44,Paid,0,0,0
INV-0016100,CUST-102684,2026-04-01,85.5,Paid,0,0,0
INV-0016101,CUST-102684,2026-05-01,89.03,Late,31,0,0
INV-0016102,CUST-102684,2026-06-01,89.37,Paid,0,0,0
INV-0016103,CUST-102684,2026-07-01,83.9,Late,25,0,0
INV-0016104,CUST-102684,2026-08-01,83.11,Paid,0,1,0
INV-0016105,CUST-102685,2026-03-01,41.04,Paid,0,1,0
INV-0016106,CUST-102685,2026-04-01,38.97,Paid,0,0,0
INV-0016107,CUST-102685,2026-05-01,40.95,Paid,0,0,0
INV-0016108,CUST-102685,2026-06-01,40.38,Paid,0,1,1
INV-0016109,CUST-102685,2026-07-01,45.26,Paid,0,1,0
INV-0016110,CUST-102685,2026-08-01,39.86,Paid,0,1,0
INV-0016111,CUST-102686,2026-03-01,79.53,Paid,0,0,0
INV-0016112,CUST-102686,2026-04-01,81.86,Paid,0,0,0
INV-0016113,CUST-102686,2026-05-01,82.49,Paid,0,0,0
INV-0016114,CUST-102686,2026-06-01,81.67,Paid,0,0,0
INV-0016115,CUST-102686,2026-07-01,75.24,Paid,0,0,0
INV-0016116,CUST-102686,2026-08-01,81.58,Paid,0,0,0
INV-0016117,CUST-102687,2026-03-01,164.62,Paid,0,0,0
INV-0016118,CUST-102687,2026-04-01,161.93,Paid,0,0,0
INV-0016119,CUST-102687,2026-05-01,166.18,Paid,0,0,0
INV-0016120,CUST-102687,2026-06-01,156.27,Paid,0,0,0
INV-0016121,CUST-102687,2026-07-01,163.49,Paid,0,0,0
INV-0016122,CUST-102687,2026-08-01,165.35,Paid,0,0,0
INV-0016123,CUST-102688,2026-03-01,152.69,Late,23,1,1
INV-0016124,CUST-102688,2026-04-01,148.81,Paid,0,0,0
INV-0016125,CUST-102688,2026-05-01,151.31,Paid,0,1,0
INV-0016126,CUST-102688,2026-06-01,150.8,Paid,0,0,0
INV-0016127,CUST-102688,2026-07-01,147.49,Late,32,0,0
INV-0016128,CUST-102688,2026-08-01,153.57,Paid,0,0,0
INV-0016129,CUST-102689,2026-03-01,168.17,Paid,0,0,0
INV-0016130,CUST-102689,2026-04-01,176.89,Paid,0,0,0
INV-0016131,CUST-102689,2026-05-01,167.53,Paid,0,0,0
INV-0016132,CUST-102689,2026-06-01,163.29,Paid,0,0,0
INV-0016133,CUST-102689,2026-07-01,166.66,Paid,0,0,0
INV-0016134,CUST-102689,2026-08-01,175.41,Paid,0,0,0
INV-0016135,CUST-102690,2026-03-01,33.58,Late,29,0,0
INV-0016136,CUST-102690,2026-04-01,34.18,Paid,0,0,0
INV-0016137,CUST-102690,2026-05-01,41.29,Paid,0,1,1
INV-0016138,CUST-102690,2026-06-01,34.98,Paid,0,1,1
INV-0016139,CUST-102690,2026-07-01,33.71,Late,14,0,0
INV-0016140,CUST-102690,2026-08-01,39.53,Late,29,0,0
INV-0016141,CUST-102691,2026-03-01,73.77,Paid,0,0,0
INV-0016142,CUST-102691,2026-04-01,78.4,Paid,0,0,0
INV-0016143,CUST-102691,2026-05-01,78.58,Paid,0,0,0
INV-0016144,CUST-102691,2026-06-01,75.22,Paid,0,0,0
INV-0016145,CUST-102691,2026-07-01,76.47,Paid,0,0,0
INV-0016146,CUST-102691,2026-08-01,77.38,Paid,0,0,0
INV-0016147,CUST-102692,2026-03-01,37.01,Paid,0,0,0
INV-0016148,CUST-102692,2026-04-01,34.99,Paid,0,0,0
INV-0016149,CUST-102692,2026-05-01,36.38,Paid,0,0,0
INV-0016150,CUST-102692,2026-06-01,35.32,Paid,0,0,0
INV-0016151,CUST-102692,2026-07-01,35.13,Paid,0,0,0
INV-0016152,CUST-102692,2026-08-01,35.25,Paid,0,0,0
INV-0016153,CUST-102693,2026-03-01,167.8,Paid,0,0,0
INV-0016154,CUST-102693,2026-04-01,164.85,Paid,0,0,0
INV-0016155,CUST-102693,2026-05-01,171.25,Paid,0,1,0
INV-0016156,CUST-102693,2026-06-01,175.31,Paid,0,0,0
INV-0016157,CUST-102693,2026-07-01,170.79,Paid,0,0,0
INV-0016158,CUST-102693,2026-08-01,168.32,Paid,0,0,0
INV-0016159,CUST-102694,2026-03-01,34.97,Paid,0,0,0
INV-0016160,CUST-102694,2026-04-01,34.62,Paid,0,0,0
INV-0016161,CUST-102694,2026-05-01,42.94,Paid,0,0,0
INV-0016162,CUST-102694,2026-06-01,35.49,Paid,0,0,0
INV-0016163,CUST-102694,2026-07-01,35.48,Paid,0,0,0
INV-0016164,CUST-102694,2026-08-01,34.04,Paid,0,1,1
INV-0016165,CUST-102695,2026-03-01,91.88,Late,29,0,0
INV-0016166,CUST-102695,2026-04-01,126.75,Paid,0,0,0
INV-0016167,CUST-102695,2026-05-01,93.19,Late,33,0,0
INV-0016168,CUST-102695,2026-06-01,91.51,Paid,0,1,0
INV-0016169,CUST-102695,2026-07-01,103.78,Paid,0,0,0
INV-0016170,CUST-102695,2026-08-01,94.4,Late,6,0,0
INV-0016171,CUST-102696,2026-03-01,160.03,Paid,0,1,0
INV-0016172,CUST-102696,2026-04-01,162.34,Paid,0,0,0
INV-0016173,CUST-102696,2026-05-01,162.48,Paid,0,0,0
INV-0016174,CUST-102696,2026-06-01,168.16,Paid,0,0,0
INV-0016175,CUST-102696,2026-07-01,166.93,Paid,0,0,0
INV-0016176,CUST-102696,2026-08-01,163.45,Paid,0,0,0
INV-0016177,CUST-102697,2026-03-01,78.65,Paid,0,0,0
INV-0016178,CUST-102697,2026-04-01,78.42,Paid,0,0,0
INV-0016179,CUST-102697,2026-05-01,77.68,Late,4,0,0
INV-0016180,CUST-102697,2026-06-01,79.87,Paid,0,0,0
INV-0016181,CUST-102697,2026-07-01,76.09,Paid,0,0,0
INV-0016182,CUST-102697,2026-08-01,77.28,Paid,0,0,0
INV-0016183,CUST-102698,2026-03-01,94.26,Paid,0,0,0
INV-0016184,CUST-102698,2026-04-01,88.83,Paid,0,0,0
INV-0016185,CUST-102698,2026-05-01,90.05,Late,2,0,0
INV-0016186,CUST-102698,2026-06-01,95.86,Paid,0,0,0
INV-0016187,CUST-102698,2026-07-01,97.09,Paid,0,0,0
INV-0016188,CUST-102698,2026-08-01,93.29,Paid,0,0,0
INV-0016189,CUST-102699,2026-03-01,31.8,Paid,0,0,0
INV-0016190,CUST-102699,2026-04-01,32.1,Paid,0,0,0
INV-0016191,CUST-102699,2026-05-01,32.87,Late,31,0,0
INV-0016192,CUST-102699,2026-06-01,31.99,Paid,0,0,0
INV-0016193,CUST-102699,2026-07-01,31.94,Paid,0,0,0
INV-0016194,CUST-102699,2026-08-01,31.24,Paid,0,1,0
INV-0016195,CUST-102700,2026-03-01,38.17,Paid,0,0,0
INV-0016196,CUST-102700,2026-04-01,38.88,Paid,0,0,0
INV-0016197,CUST-102700,2026-05-01,39.98,Paid,0,0,0
INV-0016198,CUST-102700,2026-06-01,39.53,Paid,0,0,0
INV-0016199,CUST-102700,2026-07-01,39.04,Paid,0,0,0
INV-0016200,CUST-102700,2026-08-01,40.2,Paid,0,0,0
INV-0016201,CUST-102701,2026-03-01,36.62,Paid,0,0,0
INV-0016202,CUST-102701,2026-04-01,36.02,Paid,0,0,0
INV-0016203,CUST-102701,2026-05-01,34.9,Paid,0,0,0
INV-0016204,CUST-102701,2026-06-01,35.19,Paid,0,0,0
INV-0016205,CUST-102701,2026-07-01,35.35,Paid,0,0,0
INV-0016206,CUST-102701,2026-08-01,36.05,Paid,0,0,0
INV-0016207,CUST-102702,2026-03-01,88.09,Paid,0,0,0
INV-0016208,CUST-102702,2026-04-01,90.17,Paid,0,0,0
INV-0016209,CUST-102702,2026-05-01,86.06,Paid,0,0,0
INV-0016210,CUST-102702,2026-06-01,87.0,Paid,0,0,0
INV-0016211,CUST-102702,2026-07-01,88.52,Paid,0,0,0
INV-0016212,CUST-102702,2026-08-01,87.83,Paid,0,0,0
INV-0016213,CUST-102703,2026-03-01,32.75,Paid,0,0,0
INV-0016214,CUST-102703,2026-04-01,32.87,Late,27,0,0
INV-0016215,CUST-102703,2026-05-01,32.18,Paid,0,0,0
INV-0016216,CUST-102703,2026-06-01,32.62,Paid,0,0,0
INV-0016217,CUST-102703,2026-07-01,32.24,Paid,0,1,0
INV-0016218,CUST-102703,2026-08-01,32.66,Paid,0,0,0
INV-0016219,CUST-102704,2026-03-01,152.38,Paid,0,0,0
INV-0016220,CUST-102704,2026-04-01,155.78,Paid,0,0,0
INV-0016221,CUST-102704,2026-05-01,146.08,Paid,0,0,0
INV-0016222,CUST-102704,2026-06-01,155.74,Paid,0,0,0
INV-0016223,CUST-102704,2026-07-01,145.72,Paid,0,0,0
INV-0016224,CUST-102704,2026-08-01,156.04,Paid,0,0,0
INV-0016225,CUST-102705,2026-03-01,37.79,Paid,0,0,0
INV-0016226,CUST-102705,2026-04-01,38.22,Paid,0,0,0
INV-0016227,CUST-102705,2026-05-01,36.2,Paid,0,0,0
INV-0016228,CUST-102705,2026-06-01,37.08,Paid,0,0,0
INV-0016229,CUST-102705,2026-07-01,36.38,Paid,0,0,0
INV-0016230,CUST-102705,2026-08-01,36.2,Paid,0,0,0
INV-0016231,CUST-102706,2026-03-01,151.43,Paid,0,0,0
INV-0016232,CUST-102706,2026-04-01,145.5,Late,25,0,0
INV-0016233,CUST-102706,2026-05-01,189.83,Paid,0,0,0
INV-0016234,CUST-102706,2026-06-01,148.11,Paid,0,1,0
INV-0016235,CUST-102706,2026-07-01,152.15,Paid,0,0,0
INV-0016236,CUST-102706,2026-08-01,142.6,Paid,0,0,0
INV-0016237,CUST-102707,2026-03-01,72.93,Paid,0,0,0
INV-0016238,CUST-102707,2026-04-01,70.47,Paid,0,0,0
INV-0016239,CUST-102707,2026-05-01,71.99,Paid,0,0,0
INV-0016240,CUST-102707,2026-06-01,74.69,Late,30,0,0
INV-0016241,CUST-102707,2026-07-01,73.86,Late,26,0,0
INV-0016242,CUST-102707,2026-08-01,76.39,Late,15,1,1
INV-0016243,CUST-102708,2026-03-01,34.51,Paid,0,0,0
INV-0016244,CUST-102708,2026-04-01,35.9,Late,20,0,0
INV-0016245,CUST-102708,2026-05-01,35.78,Paid,0,0,0
INV-0016246,CUST-102708,2026-06-01,35.41,Paid,0,1,1
INV-0016247,CUST-102708,2026-07-01,35.71,Paid,0,0,0
INV-0016248,CUST-102708,2026-08-01,38.34,Paid,0,0,0
INV-0016249,CUST-102709,2026-03-01,97.03,Paid,0,0,0
INV-0016250,CUST-102709,2026-04-01,96.63,Paid,0,0,0
INV-0016251,CUST-102709,2026-05-01,96.41,Late,1,0,0
INV-0016252,CUST-102709,2026-06-01,93.0,Paid,0,0,0
INV-0016253,CUST-102709,2026-07-01,96.19,Paid,0,0,0
INV-0016254,CUST-102709,2026-08-01,99.25,Paid,0,1,0
INV-0016255,CUST-102710,2026-03-01,85.39,Paid,0,0,0
INV-0016256,CUST-102710,2026-04-01,91.23,Paid,0,0,0
INV-0016257,CUST-102710,2026-05-01,91.95,Paid,0,0,0
INV-0016258,CUST-102710,2026-06-01,90.11,Paid,0,0,0
INV-0016259,CUST-102710,2026-07-01,88.2,Paid,0,1,1
INV-0016260,CUST-102710,2026-08-01,86.48,Late,15,0,0
INV-0016261,CUST-102711,2026-03-01,131.83,Paid,0,0,0
INV-0016262,CUST-102711,2026-04-01,139.75,Paid,0,0,0
INV-0016263,CUST-102711,2026-05-01,139.42,Paid,0,0,0
INV-0016264,CUST-102711,2026-06-01,142.36,Paid,0,0,0
INV-0016265,CUST-102711,2026-07-01,144.75,Paid,0,0,0
INV-0016266,CUST-102711,2026-08-01,142.1,Paid,0,0,0
INV-0016267,CUST-102712,2026-03-01,35.96,Paid,0,0,0
INV-0016268,CUST-102712,2026-04-01,37.33,Paid,0,0,0
INV-0016269,CUST-102712,2026-05-01,36.6,Late,16,0,0
INV-0016270,CUST-102712,2026-06-01,34.66,Late,4,0,0
INV-0016271,CUST-102712,2026-07-01,37.89,Paid,0,0,0
INV-0016272,CUST-102712,2026-08-01,38.17,Paid,0,1,0
INV-0016273,CUST-102713,2026-03-01,63.36,Paid,0,0,0
INV-0016274,CUST-102713,2026-04-01,63.01,Paid,0,0,0
INV-0016275,CUST-102713,2026-05-01,65.16,Paid,0,0,0
INV-0016276,CUST-102713,2026-06-01,63.24,Paid,0,0,0
INV-0016277,CUST-102713,2026-07-01,62.37,Paid,0,0,0
INV-0016278,CUST-102713,2026-08-01,60.98,Paid,0,0,0
INV-0016279,CUST-102714,2026-03-01,367.55,Paid,0,0,0
INV-0016280,CUST-102714,2026-04-01,354.8,Paid,0,0,0
INV-0016281,CUST-102714,2026-05-01,363.96,Paid,0,0,0
INV-0016282,CUST-102714,2026-06-01,357.16,Paid,0,0,0
INV-0016283,CUST-102714,2026-07-01,357.01,Paid,0,0,0
INV-0016284,CUST-102714,2026-08-01,350.25,Paid,0,0,0
INV-0016285,CUST-102715,2026-03-01,397.56,Paid,0,0,0
INV-0016286,CUST-102715,2026-04-01,389.48,Paid,0,0,0
INV-0016287,CUST-102715,2026-05-01,398.23,Paid,0,0,0
INV-0016288,CUST-102715,2026-06-01,402.32,Paid,0,0,0
INV-0016289,CUST-102715,2026-07-01,393.64,Paid,0,1,0
INV-0016290,CUST-102715,2026-08-01,403.43,Paid,0,1,1
INV-0016291,CUST-102716,2026-03-01,33.39,Paid,0,0,0
INV-0016292,CUST-102716,2026-04-01,34.16,Paid,0,0,0
INV-0016293,CUST-102716,2026-05-01,33.42,Paid,0,0,0
INV-0016294,CUST-102716,2026-06-01,34.56,Paid,0,0,0
INV-0016295,CUST-102716,2026-07-01,33.81,Paid,0,0,0
INV-0016296,CUST-102716,2026-08-01,32.96,Paid,0,0,0
INV-0016297,CUST-102717,2026-03-01,34.96,Paid,0,0,0
INV-0016298,CUST-102717,2026-04-01,34.32,Paid,0,0,0
INV-0016299,CUST-102717,2026-05-01,37.47,Late,17,1,1
INV-0016300,CUST-102717,2026-06-01,38.08,Paid,0,0,0
INV-0016301,CUST-102717,2026-07-01,32.69,Paid,0,0,0
INV-0016302,CUST-102717,2026-08-01,39.12,Paid,0,0,0
INV-0016303,CUST-102718,2026-03-01,33.65,Late,25,0,0
INV-0016304,CUST-102718,2026-04-01,34.37,Paid,0,0,0
INV-0016305,CUST-102718,2026-05-01,34.32,Paid,0,0,0
INV-0016306,CUST-102718,2026-06-01,32.93,Paid,0,0,0
INV-0016307,CUST-102718,2026-07-01,34.35,Paid,0,0,0
INV-0016308,CUST-102718,2026-08-01,34.78,Late,15,0,0
INV-0016309,CUST-102719,2026-03-01,146.43,Paid,0,0,0
INV-0016310,CUST-102719,2026-04-01,157.53,Paid,0,0,0
INV-0016311,CUST-102719,2026-05-01,157.05,Paid,0,0,0
INV-0016312,CUST-102719,2026-06-01,152.19,Paid,0,0,0
INV-0016313,CUST-102719,2026-07-01,150.12,Paid,0,0,0
INV-0016314,CUST-102719,2026-08-01,151.43,Paid,0,0,0
INV-0016315,CUST-102720,2026-03-01,169.3,Late,13,0,0
INV-0016316,CUST-102720,2026-04-01,171.03,Paid,0,1,0
INV-0016317,CUST-102720,2026-05-01,161.82,Paid,0,0,0
INV-0016318,CUST-102720,2026-06-01,172.92,Paid,0,0,0
INV-0016319,CUST-102720,2026-07-01,210.69,Paid,0,1,1
INV-0016320,CUST-102720,2026-08-01,173.68,Paid,0,0,0
INV-0016321,CUST-102721,2026-03-01,33.81,Late,3,0,0
INV-0016322,CUST-102721,2026-04-01,33.86,Paid,0,0,0
INV-0016323,CUST-102721,2026-05-01,35.55,Paid,0,1,0
INV-0016324,CUST-102721,2026-06-01,35.85,Paid,0,0,0
INV-0016325,CUST-102721,2026-07-01,33.23,Paid,0,0,0
INV-0016326,CUST-102721,2026-08-01,43.13,Paid,0,0,0
INV-0016327,CUST-102722,2026-03-01,37.78,Paid,0,0,0
INV-0016328,CUST-102722,2026-04-01,38.38,Paid,0,0,0
INV-0016329,CUST-102722,2026-05-01,38.77,Paid,0,0,0
INV-0016330,CUST-102722,2026-06-01,38.24,Paid,0,0,0
INV-0016331,CUST-102722,2026-07-01,36.11,Paid,0,0,0
INV-0016332,CUST-102722,2026-08-01,37.5,Paid,0,0,0
INV-0016333,CUST-102723,2026-03-01,166.28,Paid,0,0,0
INV-0016334,CUST-102723,2026-04-01,156.08,Paid,0,0,0
INV-0016335,CUST-102723,2026-05-01,160.52,Paid,0,0,0
INV-0016336,CUST-102723,2026-06-01,157.64,Paid,0,0,0
INV-0016337,CUST-102723,2026-07-01,166.92,Late,24,0,0
INV-0016338,CUST-102723,2026-08-01,160.04,Late,28,0,0
INV-0016339,CUST-102724,2026-03-01,49.41,Paid,0,1,0
INV-0016340,CUST-102724,2026-04-01,38.4,Paid,0,0,0
INV-0016341,CUST-102724,2026-05-01,40.41,Late,12,0,0
INV-0016342,CUST-102724,2026-06-01,49.24,Late,12,1,1
INV-0016343,CUST-102724,2026-07-01,46.38,Late,19,0,0
INV-0016344,CUST-102724,2026-08-01,45.52,Paid,0,0,0
INV-0016345,CUST-102725,2026-03-01,135.19,Late,34,0,0
INV-0016346,CUST-102725,2026-04-01,144.53,Paid,0,0,0
INV-0016347,CUST-102725,2026-05-01,144.56,Paid,0,0,0
INV-0016348,CUST-102725,2026-06-01,136.33,Paid,0,0,0
INV-0016349,CUST-102725,2026-07-01,140.18,Paid,0,0,0
INV-0016350,CUST-102725,2026-08-01,137.05,Paid,0,0,0
INV-0016351,CUST-102726,2026-03-01,37.89,Paid,0,0,0
INV-0016352,CUST-102726,2026-04-01,38.87,Paid,0,0,0
INV-0016353,CUST-102726,2026-05-01,38.49,Paid,0,0,0
INV-0016354,CUST-102726,2026-06-01,38.07,Late,25,0,0
INV-0016355,CUST-102726,2026-07-01,38.74,Paid,0,1,0
INV-0016356,CUST-102726,2026-08-01,38.45,Paid,0,0,0
INV-0016357,CUST-102727,2026-03-01,82.38,Paid,0,0,0
INV-0016358,CUST-102727,2026-04-01,82.56,Paid,0,0,0
INV-0016359,CUST-102727,2026-05-01,81.8,Paid,0,0,0
INV-0016360,CUST-102727,2026-06-01,85.42,Paid,0,0,0
INV-0016361,CUST-102727,2026-07-01,85.61,Paid,0,0,0
INV-0016362,CUST-102727,2026-08-01,87.23,Late,7,1,1
INV-0016363,CUST-102728,2026-03-01,185.6,Paid,0,1,0
INV-0016364,CUST-102728,2026-04-01,177.19,Paid,0,0,0
INV-0016365,CUST-102728,2026-05-01,188.01,Paid,0,0,0
INV-0016366,CUST-102728,2026-06-01,182.5,Paid,0,0,0
INV-0016367,CUST-102728,2026-07-01,185.79,Paid,0,1,1
INV-0016368,CUST-102728,2026-08-01,187.2,Late,23,0,0
INV-0016369,CUST-102729,2026-03-01,468.26,Paid,0,0,0
INV-0016370,CUST-102729,2026-04-01,478.65,Paid,0,0,0
INV-0016371,CUST-102729,2026-05-01,461.56,Paid,0,0,0
INV-0016372,CUST-102729,2026-06-01,446.3,Paid,0,0,0
INV-0016373,CUST-102729,2026-07-01,452.48,Paid,0,0,0
INV-0016374,CUST-102729,2026-08-01,445.34,Paid,0,0,0
INV-0016375,CUST-102730,2026-03-01,75.42,Paid,0,0,0
INV-0016376,CUST-102730,2026-04-01,76.03,Paid,0,0,0
INV-0016377,CUST-102730,2026-05-01,73.1,Paid,0,1,0
INV-0016378,CUST-102730,2026-06-01,74.88,Paid,0,0,0
INV-0016379,CUST-102730,2026-07-01,73.28,Paid,0,0,0
INV-0016380,CUST-102730,2026-08-01,78.16,Paid,0,0,0
INV-0016381,CUST-102731,2026-03-01,80.01,Paid,0,1,0
INV-0016382,CUST-102731,2026-04-01,83.61,Paid,0,0,0
INV-0016383,CUST-102731,2026-05-01,76.45,Paid,0,0,0
INV-0016384,CUST-102731,2026-06-01,78.68,Paid,0,0,0
INV-0016385,CUST-102731,2026-07-01,80.74,Paid,0,0,0
INV-0016386,CUST-102731,2026-08-01,77.97,Paid,0,0,0
INV-0016387,CUST-102732,2026-03-01,137.41,Paid,0,0,0
INV-0016388,CUST-102732,2026-04-01,140.18,Paid,0,0,0
INV-0016389,CUST-102732,2026-05-01,132.48,Paid,0,0,0
INV-0016390,CUST-102732,2026-06-01,143.37,Paid,0,1,0
INV-0016391,CUST-102732,2026-07-01,147.13,Late,32,0,0
INV-0016392,CUST-102732,2026-08-01,191.75,Paid,0,0,0
INV-0016393,CUST-102733,2026-03-01,107.86,Paid,0,0,0
INV-0016394,CUST-102733,2026-04-01,81.55,Paid,0,0,0
INV-0016395,CUST-102733,2026-05-01,76.88,Paid,0,0,0
INV-0016396,CUST-102733,2026-06-01,81.72,Paid,0,0,0
INV-0016397,CUST-102733,2026-07-01,80.32,Paid,0,0,0
INV-0016398,CUST-102733,2026-08-01,79.03,Late,3,0,0
INV-0016399,CUST-102734,2026-03-01,369.21,Paid,0,0,0
INV-0016400,CUST-102734,2026-04-01,382.62,Paid,0,0,0
INV-0016401,CUST-102734,2026-05-01,379.44,Late,14,0,0
INV-0016402,CUST-102734,2026-06-01,385.55,Paid,0,0,0
INV-0016403,CUST-102734,2026-07-01,398.41,Paid,0,0,0
INV-0016404,CUST-102734,2026-08-01,392.17,Paid,0,0,0
INV-0016405,CUST-102735,2026-03-01,34.63,Paid,0,0,0
INV-0016406,CUST-102735,2026-04-01,33.89,Late,28,1,0
INV-0016407,CUST-102735,2026-05-01,33.67,Paid,0,0,0
INV-0016408,CUST-102735,2026-06-01,33.8,Paid,0,0,0
INV-0016409,CUST-102735,2026-07-01,34.73,Paid,0,0,0
INV-0016410,CUST-102735,2026-08-01,34.52,Paid,0,0,0
INV-0016411,CUST-102736,2026-03-01,103.45,Late,8,1,0
INV-0016412,CUST-102736,2026-04-01,80.54,Paid,0,0,0
INV-0016413,CUST-102736,2026-05-01,80.03,Late,22,0,0
INV-0016414,CUST-102736,2026-06-01,96.2,Late,4,0,0
INV-0016415,CUST-102736,2026-07-01,104.55,Paid,0,0,0
INV-0016416,CUST-102736,2026-08-01,81.17,Paid,0,0,0
INV-0016417,CUST-102737,2026-03-01,76.47,Paid,0,0,0
INV-0016418,CUST-102737,2026-04-01,76.8,Paid,0,0,0
INV-0016419,CUST-102737,2026-05-01,76.33,Paid,0,0,0
INV-0016420,CUST-102737,2026-06-01,74.86,Paid,0,0,0
INV-0016421,CUST-102737,2026-07-01,76.44,Paid,0,0,0
INV-0016422,CUST-102737,2026-08-01,73.82,Paid,0,0,0
INV-0016423,CUST-102738,2026-03-01,35.74,Paid,0,0,0
INV-0016424,CUST-102738,2026-04-01,35.25,Paid,0,0,0
INV-0016425,CUST-102738,2026-05-01,36.6,Paid,0,0,0
INV-0016426,CUST-102738,2026-06-01,34.9,Paid,0,0,0
INV-0016427,CUST-102738,2026-07-01,36.25,Paid,0,0,0
INV-0016428,CUST-102738,2026-08-01,35.38,Paid,0,0,0
INV-0016429,CUST-102739,2026-03-01,154.11,Paid,0,0,0
INV-0016430,CUST-102739,2026-04-01,155.03,Paid,0,0,0
INV-0016431,CUST-102739,2026-05-01,154.55,Paid,0,0,0
INV-0016432,CUST-102739,2026-06-01,154.44,Paid,0,0,0
INV-0016433,CUST-102739,2026-07-01,152.55,Paid,0,0,0
INV-0016434,CUST-102739,2026-08-01,156.49,Late,10,0,0
INV-0016435,CUST-102740,2026-03-01,33.05,Paid,0,0,0
INV-0016436,CUST-102740,2026-04-01,31.31,Paid,0,0,0
INV-0016437,CUST-102740,2026-05-01,31.72,Paid,0,0,0
INV-0016438,CUST-102740,2026-06-01,31.51,Paid,0,0,0
INV-0016439,CUST-102740,2026-07-01,31.82,Paid,0,0,0
INV-0016440,CUST-102740,2026-08-01,32.69,Paid,0,0,0
INV-0016441,CUST-102741,2026-03-01,35.81,Paid,0,0,0
INV-0016442,CUST-102741,2026-04-01,37.16,Paid,0,0,0
INV-0016443,CUST-102741,2026-05-01,37.78,Paid,0,0,0
INV-0016444,CUST-102741,2026-06-01,37.32,Paid,0,0,0
INV-0016445,CUST-102741,2026-07-01,35.93,Paid,0,0,0
INV-0016446,CUST-102741,2026-08-01,37.08,Paid,0,1,0
INV-0016447,CUST-102742,2026-03-01,29.8,Paid,0,0,0
INV-0016448,CUST-102742,2026-04-01,30.34,Paid,0,0,0
INV-0016449,CUST-102742,2026-05-01,30.61,Paid,0,0,0
INV-0016450,CUST-102742,2026-06-01,31.17,Paid,0,0,0
INV-0016451,CUST-102742,2026-07-01,32.03,Paid,0,0,0
INV-0016452,CUST-102742,2026-08-01,32.09,Paid,0,0,0
INV-0016453,CUST-102743,2026-03-01,170.53,Paid,0,0,0
INV-0016454,CUST-102743,2026-04-01,207.54,Late,12,0,0
INV-0016455,CUST-102743,2026-05-01,190.08,Late,1,0,0
INV-0016456,CUST-102743,2026-06-01,195.39,Paid,0,1,0
INV-0016457,CUST-102743,2026-07-01,168.36,Paid,0,1,0
INV-0016458,CUST-102743,2026-08-01,163.95,Paid,0,1,1
INV-0016459,CUST-102744,2026-03-01,37.94,Late,5,1,1
INV-0016460,CUST-102744,2026-04-01,38.55,Paid,0,0,0
INV-0016461,CUST-102744,2026-05-01,39.25,Paid,0,0,0
INV-0016462,CUST-102744,2026-06-01,49.57,Late,8,1,0
INV-0016463,CUST-102744,2026-07-01,40.45,Late,29,0,0
INV-0016464,CUST-102744,2026-08-01,40.83,Paid,0,1,1
INV-0016465,CUST-102745,2026-03-01,138.7,Paid,0,0,0
INV-0016466,CUST-102745,2026-04-01,138.62,Paid,0,0,0
INV-0016467,CUST-102745,2026-05-01,136.76,Paid,0,0,0
INV-0016468,CUST-102745,2026-06-01,132.1,Paid,0,0,0
INV-0016469,CUST-102745,2026-07-01,136.41,Paid,0,0,0
INV-0016470,CUST-102745,2026-08-01,134.45,Paid,0,0,0
INV-0016471,CUST-102746,2026-03-01,152.11,Paid,0,0,0
INV-0016472,CUST-102746,2026-04-01,160.35,Late,7,1,0
INV-0016473,CUST-102746,2026-05-01,187.59,Late,24,0,0
INV-0016474,CUST-102746,2026-06-01,183.17,Paid,0,0,0
INV-0016475,CUST-102746,2026-07-01,154.87,Paid,0,0,0
INV-0016476,CUST-102746,2026-08-01,154.18,Late,4,0,0
INV-0016477,CUST-102747,2026-03-01,417.97,Paid,0,0,0
INV-0016478,CUST-102747,2026-04-01,415.1,Paid,0,0,0
INV-0016479,CUST-102747,2026-05-01,386.93,Paid,0,0,0
INV-0016480,CUST-102747,2026-06-01,394.66,Paid,0,0,0
INV-0016481,CUST-102747,2026-07-01,415.9,Paid,0,0,0
INV-0016482,CUST-102747,2026-08-01,413.91,Paid,0,0,0
INV-0016483,CUST-102748,2026-03-01,71.09,Paid,0,0,0
INV-0016484,CUST-102748,2026-04-01,68.91,Paid,0,0,0
INV-0016485,CUST-102748,2026-05-01,71.82,Paid,0,0,0
INV-0016486,CUST-102748,2026-06-01,69.62,Paid,0,0,0
INV-0016487,CUST-102748,2026-07-01,71.39,Paid,0,1,0
INV-0016488,CUST-102748,2026-08-01,70.67,Paid,0,1,1
INV-0016489,CUST-102749,2026-03-01,111.69,Paid,0,0,0
INV-0016490,CUST-102749,2026-04-01,110.5,Paid,0,0,0
INV-0016491,CUST-102749,2026-05-01,104.95,Paid,0,0,0
INV-0016492,CUST-102749,2026-06-01,111.08,Paid,0,0,0
INV-0016493,CUST-102749,2026-07-01,107.57,Paid,0,0,0
INV-0016494,CUST-102749,2026-08-01,108.46,Paid,0,0,0
INV-0016495,CUST-102750,2026-03-01,180.16,Paid,0,0,0
INV-0016496,CUST-102750,2026-04-01,179.28,Paid,0,0,0
INV-0016497,CUST-102750,2026-05-01,178.77,Paid,0,0,0
INV-0016498,CUST-102750,2026-06-01,179.08,Late,4,1,0
INV-0016499,CUST-102750,2026-07-01,171.78,Late,18,0,0
INV-0016500,CUST-102750,2026-08-01,180.22,Late,5,0,0
INV-0016501,CUST-102751,2026-03-01,417.6,Late,18,0,0
INV-0016502,CUST-102751,2026-04-01,431.95,Paid,0,0,0
INV-0016503,CUST-102751,2026-05-01,416.65,Paid,0,0,0
INV-0016504,CUST-102751,2026-06-01,391.92,Paid,0,0,0
INV-0016505,CUST-102751,2026-07-01,402.98,Paid,0,0,0
INV-0016506,CUST-102751,2026-08-01,412.03,Paid,0,0,0
INV-0016507,CUST-102752,2026-03-01,85.13,Paid,0,0,0
INV-0016508,CUST-102752,2026-04-01,86.36,Paid,0,0,0
INV-0016509,CUST-102752,2026-05-01,85.27,Paid,0,0,0
INV-0016510,CUST-102752,2026-06-01,86.83,Paid,0,0,0
INV-0016511,CUST-102752,2026-07-01,85.53,Paid,0,0,0
INV-0016512,CUST-102752,2026-08-01,83.18,Paid,0,0,0
INV-0016513,CUST-102753,2026-03-01,83.19,Paid,0,0,0
INV-0016514,CUST-102753,2026-04-01,84.79,Paid,0,0,0
INV-0016515,CUST-102753,2026-05-01,84.89,Paid,0,0,0
INV-0016516,CUST-102753,2026-06-01,86.37,Paid,0,0,0
INV-0016517,CUST-102753,2026-07-01,83.47,Paid,0,0,0
INV-0016518,CUST-102753,2026-08-01,85.89,Paid,0,0,0
INV-0016519,CUST-102754,2026-03-01,181.84,Paid,0,0,0
INV-0016520,CUST-102754,2026-04-01,182.09,Paid,0,0,0
INV-0016521,CUST-102754,2026-05-01,185.27,Paid,0,0,0
INV-0016522,CUST-102754,2026-06-01,189.78,Paid,0,0,0
INV-0016523,CUST-102754,2026-07-01,170.61,Paid,0,0,0
INV-0016524,CUST-102754,2026-08-01,182.57,Paid,0,0,0
INV-0016525,CUST-102755,2026-03-01,176.81,Paid,0,0,0
INV-0016526,CUST-102755,2026-04-01,180.46,Paid,0,0,0
INV-0016527,CUST-102755,2026-05-01,182.97,Paid,0,0,0
INV-0016528,CUST-102755,2026-06-01,182.99,Paid,0,0,0
INV-0016529,CUST-102755,2026-07-01,173.33,Paid,0,0,0
INV-0016530,CUST-102755,2026-08-01,169.49,Paid,0,0,0
INV-0016531,CUST-102756,2026-03-01,86.04,Paid,0,0,0
INV-0016532,CUST-102756,2026-04-01,88.45,Paid,0,0,0
INV-0016533,CUST-102756,2026-05-01,83.3,Paid,0,0,0
INV-0016534,CUST-102756,2026-06-01,83.52,Paid,0,0,0
INV-0016535,CUST-102756,2026-07-01,88.16,Paid,0,0,0
INV-0016536,CUST-102756,2026-08-01,86.58,Late,31,0,0
INV-0016537,CUST-102757,2026-03-01,82.05,Paid,0,0,0
INV-0016538,CUST-102757,2026-04-01,107.43,Paid,0,0,0
INV-0016539,CUST-102757,2026-05-01,80.91,Late,22,0,0
INV-0016540,CUST-102757,2026-06-01,104.18,Late,30,0,0
INV-0016541,CUST-102757,2026-07-01,81.24,Late,8,1,0
INV-0016542,CUST-102757,2026-08-01,82.37,Paid,0,0,0
INV-0016543,CUST-102758,2026-03-01,70.0,Paid,0,1,0
INV-0016544,CUST-102758,2026-04-01,81.49,Paid,0,0,0
INV-0016545,CUST-102758,2026-05-01,76.58,Paid,0,0,0
INV-0016546,CUST-102758,2026-06-01,68.19,Late,7,0,0
INV-0016547,CUST-102758,2026-07-01,82.47,Paid,0,1,1
INV-0016548,CUST-102758,2026-08-01,67.23,Late,17,0,0
INV-0016549,CUST-102759,2026-03-01,86.17,Late,7,0,0
INV-0016550,CUST-102759,2026-04-01,72.23,Paid,0,0,0
INV-0016551,CUST-102759,2026-05-01,85.67,Late,14,0,0
INV-0016552,CUST-102759,2026-06-01,74.05,Paid,0,1,0
INV-0016553,CUST-102759,2026-07-01,75.63,Late,28,1,0
INV-0016554,CUST-102759,2026-08-01,74.18,Paid,0,0,0
INV-0016555,CUST-102760,2026-03-01,77.39,Paid,0,0,0
INV-0016556,CUST-102760,2026-04-01,78.13,Paid,0,0,0
INV-0016557,CUST-102760,2026-05-01,78.67,Paid,0,0,0
INV-0016558,CUST-102760,2026-06-01,79.35,Paid,0,0,0
INV-0016559,CUST-102760,2026-07-01,79.25,Paid,0,0,0
INV-0016560,CUST-102760,2026-08-01,78.14,Paid,0,0,0
INV-0016561,CUST-102761,2026-03-01,87.6,Paid,0,0,0
INV-0016562,CUST-102761,2026-04-01,84.88,Paid,0,0,0
INV-0016563,CUST-102761,2026-05-01,86.3,Paid,0,0,0
INV-0016564,CUST-102761,2026-06-01,82.77,Paid,0,0,0
INV-0016565,CUST-102761,2026-07-01,86.68,Paid,0,0,0
INV-0016566,CUST-102761,2026-08-01,87.85,Paid,0,0,0
INV-0016567,CUST-102762,2026-03-01,33.52,Paid,0,0,0
INV-0016568,CUST-102762,2026-04-01,36.07,Paid,0,0,0
INV-0016569,CUST-102762,2026-05-01,34.55,Paid,0,0,0
INV-0016570,CUST-102762,2026-06-01,35.06,Paid,0,0,0
INV-0016571,CUST-102762,2026-07-01,34.31,Paid,0,0,0
INV-0016572,CUST-102762,2026-08-01,32.45,Paid,0,0,0
INV-0016573,CUST-102763,2026-03-01,413.85,Paid,0,0,0
INV-0016574,CUST-102763,2026-04-01,384.05,Paid,0,0,0
INV-0016575,CUST-102763,2026-05-01,401.4,Paid,0,0,0
INV-0016576,CUST-102763,2026-06-01,407.67,Paid,0,0,0
INV-0016577,CUST-102763,2026-07-01,414.66,Paid,0,0,0
INV-0016578,CUST-102763,2026-08-01,418.31,Paid,0,0,0
INV-0016579,CUST-102764,2026-03-01,37.67,Paid,0,0,0
INV-0016580,CUST-102764,2026-04-01,35.9,Paid,0,0,0
INV-0016581,CUST-102764,2026-05-01,37.27,Paid,0,0,0
INV-0016582,CUST-102764,2026-06-01,38.24,Paid,0,0,0
INV-0016583,CUST-102764,2026-07-01,36.41,Paid,0,0,0
INV-0016584,CUST-102764,2026-08-01,38.24,Paid,0,0,0
INV-0016585,CUST-102765,2026-03-01,174.97,Paid,0,0,0
INV-0016586,CUST-102765,2026-04-01,172.8,Paid,0,0,0
INV-0016587,CUST-102765,2026-05-01,175.92,Late,30,0,0
INV-0016588,CUST-102765,2026-06-01,170.18,Paid,0,0,0
INV-0016589,CUST-102765,2026-07-01,174.51,Paid,0,0,0
INV-0016590,CUST-102765,2026-08-01,170.7,Paid,0,0,0
INV-0016591,CUST-102766,2026-03-01,158.04,Paid,0,0,0
INV-0016592,CUST-102766,2026-04-01,163.17,Paid,0,0,0
INV-0016593,CUST-102766,2026-05-01,160.83,Paid,0,0,0
INV-0016594,CUST-102766,2026-06-01,162.94,Paid,0,0,0
INV-0016595,CUST-102766,2026-07-01,166.27,Paid,0,0,0
INV-0016596,CUST-102766,2026-08-01,160.26,Paid,0,0,0
INV-0016597,CUST-102767,2026-03-01,34.76,Paid,0,0,0
INV-0016598,CUST-102767,2026-04-01,34.02,Paid,0,0,0
INV-0016599,CUST-102767,2026-05-01,34.34,Paid,0,0,0
INV-0016600,CUST-102767,2026-06-01,35.02,Paid,0,0,0
INV-0016601,CUST-102767,2026-07-01,36.75,Paid,0,0,0
INV-0016602,CUST-102767,2026-08-01,33.44,Paid,0,0,0
INV-0016603,CUST-102768,2026-03-01,138.67,Late,26,0,0
INV-0016604,CUST-102768,2026-04-01,142.8,Paid,0,0,0
INV-0016605,CUST-102768,2026-05-01,167.28,Paid,0,0,0
INV-0016606,CUST-102768,2026-06-01,146.73,Paid,0,0,0
INV-0016607,CUST-102768,2026-07-01,143.41,Late,4,1,0
INV-0016608,CUST-102768,2026-08-01,173.67,Paid,0,0,0
INV-0016609,CUST-102769,2026-03-01,176.31,Paid,0,0,0
INV-0016610,CUST-102769,2026-04-01,168.63,Paid,0,0,0
INV-0016611,CUST-102769,2026-05-01,175.96,Paid,0,0,0
INV-0016612,CUST-102769,2026-06-01,176.65,Paid,0,0,0
INV-0016613,CUST-102769,2026-07-01,177.06,Paid,0,0,0
INV-0016614,CUST-102769,2026-08-01,164.99,Paid,0,0,0
INV-0016615,CUST-102770,2026-03-01,34.86,Paid,0,0,0
INV-0016616,CUST-102770,2026-04-01,35.52,Paid,0,0,0
INV-0016617,CUST-102770,2026-05-01,35.84,Paid,0,0,0
INV-0016618,CUST-102770,2026-06-01,36.44,Paid,0,0,0
INV-0016619,CUST-102770,2026-07-01,35.22,Paid,0,0,0
INV-0016620,CUST-102770,2026-08-01,35.54,Paid,0,0,0
INV-0016621,CUST-102771,2026-03-01,528.79,Late,19,0,0
INV-0016622,CUST-102771,2026-04-01,434.53,Paid,0,1,0
INV-0016623,CUST-102771,2026-05-01,435.36,Late,11,1,0
INV-0016624,CUST-102771,2026-06-01,439.97,Paid,0,0,0
INV-0016625,CUST-102771,2026-07-01,500.88,Paid,0,0,0
INV-0016626,CUST-102771,2026-08-01,516.34,Paid,0,0,0
INV-0016627,CUST-102772,2026-03-01,41.53,Paid,0,0,0
INV-0016628,CUST-102772,2026-04-01,39.71,Paid,0,0,0
INV-0016629,CUST-102772,2026-05-01,41.45,Paid,0,0,0
INV-0016630,CUST-102772,2026-06-01,40.72,Paid,0,0,0
INV-0016631,CUST-102772,2026-07-01,40.15,Paid,0,0,0
INV-0016632,CUST-102772,2026-08-01,41.39,Paid,0,0,0
INV-0016633,CUST-102773,2026-03-01,91.07,Late,32,1,0
INV-0016634,CUST-102773,2026-04-01,89.1,Paid,0,0,0
INV-0016635,CUST-102773,2026-05-01,98.55,Late,20,1,1
INV-0016636,CUST-102773,2026-06-01,94.04,Paid,0,1,0
INV-0016637,CUST-102773,2026-07-01,107.15,Late,30,1,0
INV-0016638,CUST-102773,2026-08-01,90.44,Late,7,0,0
INV-0016639,CUST-102774,2026-03-01,85.23,Paid,0,0,0
INV-0016640,CUST-102774,2026-04-01,72.01,Paid,0,1,1
INV-0016641,CUST-102774,2026-05-01,68.79,Paid,0,0,0
INV-0016642,CUST-102774,2026-06-01,64.98,Paid,0,0,0
INV-0016643,CUST-102774,2026-07-01,69.39,Paid,0,1,1
INV-0016644,CUST-102774,2026-08-01,69.39,Late,33,1,1
INV-0016645,CUST-102775,2026-03-01,152.1,Late,33,0,0
INV-0016646,CUST-102775,2026-04-01,161.89,Paid,0,0,0
INV-0016647,CUST-102775,2026-05-01,158.94,Paid,0,0,0
INV-0016648,CUST-102775,2026-06-01,152.99,Late,3,0,0
INV-0016649,CUST-102775,2026-07-01,160.66,Paid,0,0,0
INV-0016650,CUST-102775,2026-08-01,163.25,Paid,0,0,0
INV-0016651,CUST-102776,2026-03-01,181.64,Paid,0,0,0
INV-0016652,CUST-102776,2026-04-01,184.65,Paid,0,0,0
INV-0016653,CUST-102776,2026-05-01,176.32,Paid,0,0,0
INV-0016654,CUST-102776,2026-06-01,191.16,Paid,0,0,0
INV-0016655,CUST-102776,2026-07-01,177.22,Paid,0,0,0
INV-0016656,CUST-102776,2026-08-01,176.3,Paid,0,0,0
INV-0016657,CUST-102777,2026-03-01,56.46,Paid,0,0,0
INV-0016658,CUST-102777,2026-04-01,53.89,Paid,0,0,0
INV-0016659,CUST-102777,2026-05-01,57.53,Late,13,0,0
INV-0016660,CUST-102777,2026-06-01,56.27,Paid,0,0,0
INV-0016661,CUST-102777,2026-07-01,55.56,Paid,0,0,0
INV-0016662,CUST-102777,2026-08-01,56.98,Paid,0,0,0
INV-0016663,CUST-102778,2026-03-01,80.24,Paid,0,0,0
INV-0016664,CUST-102778,2026-04-01,78.65,Paid,0,0,0
INV-0016665,CUST-102778,2026-05-01,79.25,Paid,0,0,0
INV-0016666,CUST-102778,2026-06-01,81.19,Paid,0,0,0
INV-0016667,CUST-102778,2026-07-01,78.61,Paid,0,0,0
INV-0016668,CUST-102778,2026-08-01,78.47,Paid,0,0,0
INV-0016669,CUST-102779,2026-03-01,85.43,Paid,0,0,0
INV-0016670,CUST-102779,2026-04-01,82.05,Paid,0,0,0
INV-0016671,CUST-102779,2026-05-01,81.55,Paid,0,0,0
INV-0016672,CUST-102779,2026-06-01,82.73,Paid,0,0,0
INV-0016673,CUST-102779,2026-07-01,81.76,Paid,0,0,0
INV-0016674,CUST-102779,2026-08-01,81.44,Paid,0,0,0
INV-0016675,CUST-102780,2026-03-01,172.37,Paid,0,0,0
INV-0016676,CUST-102780,2026-04-01,157.95,Paid,0,0,0
INV-0016677,CUST-102780,2026-05-01,165.16,Paid,0,0,0
INV-0016678,CUST-102780,2026-06-01,162.66,Paid,0,0,0
INV-0016679,CUST-102780,2026-07-01,167.4,Paid,0,0,0
INV-0016680,CUST-102780,2026-08-01,169.83,Paid,0,0,0
INV-0016681,CUST-102781,2026-03-01,67.05,Paid,0,0,0
INV-0016682,CUST-102781,2026-04-01,64.17,Paid,0,0,0
INV-0016683,CUST-102781,2026-05-01,67.53,Paid,0,0,0
INV-0016684,CUST-102781,2026-06-01,67.3,Paid,0,1,1
INV-0016685,CUST-102781,2026-07-01,65.45,Paid,0,0,0
INV-0016686,CUST-102781,2026-08-01,70.6,Paid,0,0,0
INV-0016687,CUST-102782,2026-03-01,35.09,Paid,0,0,0
INV-0016688,CUST-102782,2026-04-01,34.76,Paid,0,1,1
INV-0016689,CUST-102782,2026-05-01,34.38,Paid,0,0,0
INV-0016690,CUST-102782,2026-06-01,35.56,Paid,0,1,1
INV-0016691,CUST-102782,2026-07-01,34.66,Paid,0,1,0
INV-0016692,CUST-102782,2026-08-01,33.69,Late,30,0,0
INV-0016693,CUST-102783,2026-03-01,40.19,Paid,0,0,0
INV-0016694,CUST-102783,2026-04-01,52.45,Late,16,0,0
INV-0016695,CUST-102783,2026-05-01,52.89,Paid,0,0,0
INV-0016696,CUST-102783,2026-06-01,40.45,Late,17,0,0
INV-0016697,CUST-102783,2026-07-01,38.75,Paid,0,1,1
INV-0016698,CUST-102783,2026-08-01,37.55,Paid,0,1,0
INV-0016699,CUST-102784,2026-03-01,150.54,Paid,0,1,0
INV-0016700,CUST-102784,2026-04-01,184.63,Late,26,0,0
INV-0016701,CUST-102784,2026-05-01,152.13,Late,7,0,0
INV-0016702,CUST-102784,2026-06-01,153.84,Late,6,0,0
INV-0016703,CUST-102784,2026-07-01,155.3,Late,31,0,0
INV-0016704,CUST-102784,2026-08-01,182.91,Paid,0,0,0
INV-0016705,CUST-102785,2026-03-01,64.31,Paid,0,0,0
INV-0016706,CUST-102785,2026-04-01,66.11,Paid,0,0,0
INV-0016707,CUST-102785,2026-05-01,66.59,Paid,0,0,0
INV-0016708,CUST-102785,2026-06-01,62.33,Late,7,0,0
INV-0016709,CUST-102785,2026-07-01,68.05,Late,8,0,0
INV-0016710,CUST-102785,2026-08-01,64.31,Paid,0,0,0
INV-0016711,CUST-102786,2026-03-01,35.96,Paid,0,0,0
INV-0016712,CUST-102786,2026-04-01,35.12,Paid,0,0,0
INV-0016713,CUST-102786,2026-05-01,34.81,Paid,0,0,0
INV-0016714,CUST-102786,2026-06-01,35.11,Paid,0,1,0
INV-0016715,CUST-102786,2026-07-01,38.35,Paid,0,0,0
INV-0016716,CUST-102786,2026-08-01,37.69,Paid,0,0,0
INV-0016717,CUST-102787,2026-03-01,86.79,Paid,0,0,0
INV-0016718,CUST-102787,2026-04-01,91.24,Paid,0,0,0
INV-0016719,CUST-102787,2026-05-01,88.11,Paid,0,0,0
INV-0016720,CUST-102787,2026-06-01,93.63,Paid,0,0,0
INV-0016721,CUST-102787,2026-07-01,89.41,Paid,0,0,0
INV-0016722,CUST-102787,2026-08-01,90.87,Paid,0,0,0
INV-0016723,CUST-102788,2026-03-01,101.45,Paid,0,0,0
INV-0016724,CUST-102788,2026-04-01,96.73,Paid,0,0,0
INV-0016725,CUST-102788,2026-05-01,97.28,Paid,0,0,0
INV-0016726,CUST-102788,2026-06-01,95.58,Paid,0,0,0
INV-0016727,CUST-102788,2026-07-01,95.38,Paid,0,0,0
INV-0016728,CUST-102788,2026-08-01,101.1,Paid,0,0,0
INV-0016729,CUST-102789,2026-03-01,189.8,Paid,0,0,0
INV-0016730,CUST-102789,2026-04-01,189.87,Paid,0,0,0
INV-0016731,CUST-102789,2026-05-01,173.38,Paid,0,1,0
INV-0016732,CUST-102789,2026-06-01,177.64,Paid,0,0,0
INV-0016733,CUST-102789,2026-07-01,186.46,Paid,0,0,0
INV-0016734,CUST-102789,2026-08-01,190.36,Paid,0,0,0
INV-0016735,CUST-102790,2026-03-01,87.09,Paid,0,0,0
INV-0016736,CUST-102790,2026-04-01,86.78,Paid,0,0,0
INV-0016737,CUST-102790,2026-05-01,88.4,Paid,0,0,0
INV-0016738,CUST-102790,2026-06-01,89.97,Paid,0,1,0
INV-0016739,CUST-102790,2026-07-01,89.34,Late,16,0,0
INV-0016740,CUST-102790,2026-08-01,87.68,Paid,0,0,0
INV-0016741,CUST-102791,2026-03-01,84.54,Paid,0,0,0
INV-0016742,CUST-102791,2026-04-01,84.04,Paid,0,0,0
INV-0016743,CUST-102791,2026-05-01,80.76,Paid,0,0,0
INV-0016744,CUST-102791,2026-06-01,78.51,Paid,0,1,1
INV-0016745,CUST-102791,2026-07-01,85.6,Paid,0,0,0
INV-0016746,CUST-102791,2026-08-01,80.29,Late,27,0,0
INV-0016747,CUST-102792,2026-03-01,148.14,Paid,0,0,0
INV-0016748,CUST-102792,2026-04-01,147.44,Paid,0,0,0
INV-0016749,CUST-102792,2026-05-01,155.05,Paid,0,0,0
INV-0016750,CUST-102792,2026-06-01,146.44,Paid,0,0,0
INV-0016751,CUST-102792,2026-07-01,153.91,Paid,0,0,0
INV-0016752,CUST-102792,2026-08-01,149.78,Paid,0,0,0
INV-0016753,CUST-102793,2026-03-01,133.17,Paid,0,0,0
INV-0016754,CUST-102793,2026-04-01,130.75,Paid,0,0,0
INV-0016755,CUST-102793,2026-05-01,129.34,Paid,0,0,0
INV-0016756,CUST-102793,2026-06-01,132.15,Paid,0,0,0
INV-0016757,CUST-102793,2026-07-01,133.97,Paid,0,0,0
INV-0016758,CUST-102793,2026-08-01,128.48,Paid,0,0,0
INV-0016759,CUST-102794,2026-03-01,141.62,Paid,0,0,0
INV-0016760,CUST-102794,2026-04-01,138.66,Paid,0,0,0
INV-0016761,CUST-102794,2026-05-01,139.54,Paid,0,0,0
INV-0016762,CUST-102794,2026-06-01,141.73,Paid,0,1,0
INV-0016763,CUST-102794,2026-07-01,145.56,Late,19,0,0
INV-0016764,CUST-102794,2026-08-01,136.19,Paid,0,0,0
INV-0016765,CUST-102795,2026-03-01,75.95,Paid,0,0,0
INV-0016766,CUST-102795,2026-04-01,78.04,Paid,0,0,0
INV-0016767,CUST-102795,2026-05-01,73.48,Paid,0,0,0
INV-0016768,CUST-102795,2026-06-01,79.4,Paid,0,0,0
INV-0016769,CUST-102795,2026-07-01,75.38,Paid,0,0,0
INV-0016770,CUST-102795,2026-08-01,76.28,Paid,0,0,0
INV-0016771,CUST-102796,2026-03-01,424.18,Paid,0,0,0
INV-0016772,CUST-102796,2026-04-01,424.65,Paid,0,0,0
INV-0016773,CUST-102796,2026-05-01,433.61,Paid,0,0,0
INV-0016774,CUST-102796,2026-06-01,432.04,Paid,0,0,0
INV-0016775,CUST-102796,2026-07-01,428.01,Paid,0,0,0
INV-0016776,CUST-102796,2026-08-01,429.94,Paid,0,0,0
INV-0016777,CUST-102797,2026-03-01,37.72,Paid,0,0,0
INV-0016778,CUST-102797,2026-04-01,40.25,Paid,0,0,0
INV-0016779,CUST-102797,2026-05-01,37.73,Paid,0,0,0
INV-0016780,CUST-102797,2026-06-01,38.91,Paid,0,0,0
INV-0016781,CUST-102797,2026-07-01,38.94,Paid,0,0,0
INV-0016782,CUST-102797,2026-08-01,40.06,Paid,0,0,0
INV-0016783,CUST-102798,2026-03-01,155.45,Paid,0,0,0
INV-0016784,CUST-102798,2026-04-01,154.28,Paid,0,0,0
INV-0016785,CUST-102798,2026-05-01,154.38,Paid,0,0,0
INV-0016786,CUST-102798,2026-06-01,151.27,Paid,0,0,0
INV-0016787,CUST-102798,2026-07-01,154.69,Late,22,0,0
INV-0016788,CUST-102798,2026-08-01,152.39,Paid,0,0,0
INV-0016789,CUST-102799,2026-03-01,78.09,Paid,0,0,0
INV-0016790,CUST-102799,2026-04-01,78.18,Paid,0,0,0
INV-0016791,CUST-102799,2026-05-01,76.92,Paid,0,0,0
INV-0016792,CUST-102799,2026-06-01,77.02,Paid,0,0,0
INV-0016793,CUST-102799,2026-07-01,75.82,Paid,0,0,0
INV-0016794,CUST-102799,2026-08-01,71.66,Paid,0,0,0
INV-0016795,CUST-102800,2026-03-01,162.85,Paid,0,0,0
INV-0016796,CUST-102800,2026-04-01,166.06,Paid,0,0,0
INV-0016797,CUST-102800,2026-05-01,166.78,Late,32,0,0
INV-0016798,CUST-102800,2026-06-01,163.3,Paid,0,0,0
INV-0016799,CUST-102800,2026-07-01,158.44,Late,15,0,0
INV-0016800,CUST-102800,2026-08-01,167.88,Paid,0,1,1
INV-0016801,CUST-102801,2026-03-01,102.81,Paid,0,0,0
INV-0016802,CUST-102801,2026-04-01,99.63,Paid,0,0,0
INV-0016803,CUST-102801,2026-05-01,104.34,Paid,0,0,0
INV-0016804,CUST-102801,2026-06-01,108.5,Paid,0,0,0
INV-0016805,CUST-102801,2026-07-01,103.79,Paid,0,0,0
INV-0016806,CUST-102801,2026-08-01,103.17,Paid,0,0,0
INV-0016807,CUST-102802,2026-03-01,70.7,Paid,0,0,0
INV-0016808,CUST-102802,2026-04-01,74.35,Paid,0,1,0
INV-0016809,CUST-102802,2026-05-01,93.44,Paid,0,0,0
INV-0016810,CUST-102802,2026-06-01,70.39,Paid,0,0,0
INV-0016811,CUST-102802,2026-07-01,73.34,Paid,0,0,0
INV-0016812,CUST-102802,2026-08-01,96.96,Late,17,0,0
INV-0016813,CUST-102803,2026-03-01,72.6,Paid,0,0,0
INV-0016814,CUST-102803,2026-04-01,74.52,Paid,0,0,0
INV-0016815,CUST-102803,2026-05-01,71.83,Paid,0,1,1
INV-0016816,CUST-102803,2026-06-01,74.37,Paid,0,0,0
INV-0016817,CUST-102803,2026-07-01,72.67,Paid,0,0,0
INV-0016818,CUST-102803,2026-08-01,73.13,Paid,0,0,0
INV-0016819,CUST-102804,2026-03-01,152.31,Paid,0,0,0
INV-0016820,CUST-102804,2026-04-01,159.04,Paid,0,0,0
INV-0016821,CUST-102804,2026-05-01,156.04,Paid,0,0,0
INV-0016822,CUST-102804,2026-06-01,152.36,Paid,0,0,0
INV-0016823,CUST-102804,2026-07-01,162.61,Paid,0,0,0
INV-0016824,CUST-102804,2026-08-01,164.01,Paid,0,0,0
INV-0016825,CUST-102805,2026-03-01,79.31,Paid,0,0,0
INV-0016826,CUST-102805,2026-04-01,78.65,Paid,0,0,0
INV-0016827,CUST-102805,2026-05-01,79.65,Paid,0,0,0
INV-0016828,CUST-102805,2026-06-01,77.1,Paid,0,0,0
INV-0016829,CUST-102805,2026-07-01,76.8,Paid,0,0,0
INV-0016830,CUST-102805,2026-08-01,81.96,Paid,0,0,0
INV-0016831,CUST-102806,2026-03-01,154.52,Paid,0,1,0
INV-0016832,CUST-102806,2026-04-01,142.48,Paid,0,0,0
INV-0016833,CUST-102806,2026-05-01,147.96,Paid,0,0,0
INV-0016834,CUST-102806,2026-06-01,150.7,Paid,0,0,0
INV-0016835,CUST-102806,2026-07-01,151.48,Paid,0,1,1
INV-0016836,CUST-102806,2026-08-01,150.35,Paid,0,0,0
INV-0016837,CUST-102807,2026-03-01,31.88,Paid,0,0,0
INV-0016838,CUST-102807,2026-04-01,31.31,Paid,0,0,0
INV-0016839,CUST-102807,2026-05-01,31.5,Paid,0,0,0
INV-0016840,CUST-102807,2026-06-01,30.98,Paid,0,0,0
INV-0016841,CUST-102807,2026-07-01,30.83,Paid,0,0,0
INV-0016842,CUST-102807,2026-08-01,31.12,Paid,0,0,0
INV-0016843,CUST-102808,2026-03-01,74.16,Paid,0,0,0
INV-0016844,CUST-102808,2026-04-01,73.37,Paid,0,0,0
INV-0016845,CUST-102808,2026-05-01,73.68,Paid,0,0,0
INV-0016846,CUST-102808,2026-06-01,71.29,Paid,0,0,0
INV-0016847,CUST-102808,2026-07-01,72.69,Paid,0,0,0
INV-0016848,CUST-102808,2026-08-01,72.19,Paid,0,0,0
INV-0016849,CUST-102809,2026-03-01,152.17,Paid,0,0,0
INV-0016850,CUST-102809,2026-04-01,172.87,Paid,0,0,0
INV-0016851,CUST-102809,2026-05-01,148.49,Paid,0,1,1
INV-0016852,CUST-102809,2026-06-01,150.5,Paid,0,0,0
INV-0016853,CUST-102809,2026-07-01,149.34,Paid,0,0,0
INV-0016854,CUST-102809,2026-08-01,186.87,Late,33,0,0
INV-0016855,CUST-102810,2026-03-01,38.89,Late,24,1,0
INV-0016856,CUST-102810,2026-04-01,50.32,Paid,0,0,0
INV-0016857,CUST-102810,2026-05-01,37.88,Late,32,1,1
INV-0016858,CUST-102810,2026-06-01,37.37,Paid,0,0,0
INV-0016859,CUST-102810,2026-07-01,45.3,Late,6,1,1
INV-0016860,CUST-102810,2026-08-01,37.77,Late,20,0,0
INV-0016861,CUST-102811,2026-03-01,198.26,Paid,0,0,0
INV-0016862,CUST-102811,2026-04-01,188.79,Paid,0,0,0
INV-0016863,CUST-102811,2026-05-01,196.13,Paid,0,0,0
INV-0016864,CUST-102811,2026-06-01,203.02,Paid,0,0,0
INV-0016865,CUST-102811,2026-07-01,203.34,Paid,0,1,0
INV-0016866,CUST-102811,2026-08-01,195.39,Paid,0,0,0
INV-0016867,CUST-102812,2026-03-01,93.56,Paid,0,0,0
INV-0016868,CUST-102812,2026-04-01,92.85,Paid,0,0,0
INV-0016869,CUST-102812,2026-05-01,93.55,Paid,0,0,0
INV-0016870,CUST-102812,2026-06-01,87.91,Paid,0,0,0
INV-0016871,CUST-102812,2026-07-01,90.13,Paid,0,0,0
INV-0016872,CUST-102812,2026-08-01,92.97,Paid,0,0,0
INV-0016873,CUST-102813,2026-03-01,164.42,Paid,0,0,0
INV-0016874,CUST-102813,2026-04-01,158.57,Paid,0,0,0
INV-0016875,CUST-102813,2026-05-01,170.5,Paid,0,0,0
INV-0016876,CUST-102813,2026-06-01,159.75,Paid,0,0,0
INV-0016877,CUST-102813,2026-07-01,163.37,Paid,0,0,0
INV-0016878,CUST-102813,2026-08-01,160.63,Paid,0,0,0
INV-0016879,CUST-102814,2026-03-01,36.54,Paid,0,1,0
INV-0016880,CUST-102814,2026-04-01,49.34,Late,28,1,0
INV-0016881,CUST-102814,2026-05-01,44.28,Paid,0,0,0
INV-0016882,CUST-102814,2026-06-01,37.93,Paid,0,0,0
INV-0016883,CUST-102814,2026-07-01,36.54,Late,24,0,0
INV-0016884,CUST-102814,2026-08-01,38.82,Late,13,0,0
INV-0016885,CUST-102815,2026-03-01,43.82,Paid,0,0,0
INV-0016886,CUST-102815,2026-04-01,42.18,Paid,0,0,0
INV-0016887,CUST-102815,2026-05-01,43.37,Paid,0,1,0
INV-0016888,CUST-102815,2026-06-01,41.52,Paid,0,0,0
INV-0016889,CUST-102815,2026-07-01,42.55,Paid,0,0,0
INV-0016890,CUST-102815,2026-08-01,43.23,Paid,0,0,0
INV-0016891,CUST-102816,2026-03-01,138.81,Paid,0,0,0
INV-0016892,CUST-102816,2026-04-01,136.57,Paid,0,0,0
INV-0016893,CUST-102816,2026-05-01,141.26,Paid,0,0,0
INV-0016894,CUST-102816,2026-06-01,139.22,Late,2,0,0
INV-0016895,CUST-102816,2026-07-01,138.79,Paid,0,0,0
INV-0016896,CUST-102816,2026-08-01,133.47,Paid,0,0,0
INV-0016897,CUST-102817,2026-03-01,76.43,Paid,0,0,0
INV-0016898,CUST-102817,2026-04-01,76.13,Paid,0,0,0
INV-0016899,CUST-102817,2026-05-01,76.74,Paid,0,0,0
INV-0016900,CUST-102817,2026-06-01,76.12,Paid,0,0,0
INV-0016901,CUST-102817,2026-07-01,76.67,Paid,0,0,0
INV-0016902,CUST-102817,2026-08-01,76.62,Paid,0,0,0
INV-0016903,CUST-102818,2026-03-01,29.6,Paid,0,0,0
INV-0016904,CUST-102818,2026-04-01,28.51,Paid,0,0,0
INV-0016905,CUST-102818,2026-05-01,30.09,Late,29,0,0
INV-0016906,CUST-102818,2026-06-01,29.01,Paid,0,0,0
INV-0016907,CUST-102818,2026-07-01,29.25,Late,1,0,0
INV-0016908,CUST-102818,2026-08-01,30.05,Paid,0,0,0
INV-0016909,CUST-102819,2026-03-01,72.03,Paid,0,0,0
INV-0016910,CUST-102819,2026-04-01,76.27,Paid,0,0,0
INV-0016911,CUST-102819,2026-05-01,67.67,Paid,0,0,0
INV-0016912,CUST-102819,2026-06-01,72.32,Paid,0,0,0
INV-0016913,CUST-102819,2026-07-01,73.32,Paid,0,0,0
INV-0016914,CUST-102819,2026-08-01,74.34,Paid,0,0,0
INV-0016915,CUST-102820,2026-03-01,172.76,Paid,0,0,0
INV-0016916,CUST-102820,2026-04-01,173.1,Paid,0,0,0
INV-0016917,CUST-102820,2026-05-01,169.35,Paid,0,0,0
INV-0016918,CUST-102820,2026-06-01,180.09,Paid,0,0,0
INV-0016919,CUST-102820,2026-07-01,178.41,Late,12,0,0
INV-0016920,CUST-102820,2026-08-01,183.77,Paid,0,0,0
INV-0016921,CUST-102821,2026-03-01,87.67,Paid,0,0,0
INV-0016922,CUST-102821,2026-04-01,85.63,Paid,0,0,0
INV-0016923,CUST-102821,2026-05-01,84.94,Paid,0,0,0
INV-0016924,CUST-102821,2026-06-01,83.68,Paid,0,1,1
INV-0016925,CUST-102821,2026-07-01,88.06,Paid,0,0,0
INV-0016926,CUST-102821,2026-08-01,85.43,Late,14,0,0
INV-0016927,CUST-102822,2026-03-01,39.32,Late,16,0,0
INV-0016928,CUST-102822,2026-04-01,39.02,Paid,0,0,0
INV-0016929,CUST-102822,2026-05-01,39.3,Paid,0,0,0
INV-0016930,CUST-102822,2026-06-01,39.63,Paid,0,0,0
INV-0016931,CUST-102822,2026-07-01,38.55,Paid,0,0,0
INV-0016932,CUST-102822,2026-08-01,39.81,Late,22,1,0
INV-0016933,CUST-102823,2026-03-01,39.53,Paid,0,0,0
INV-0016934,CUST-102823,2026-04-01,41.34,Paid,0,0,0
INV-0016935,CUST-102823,2026-05-01,41.38,Paid,0,0,0
INV-0016936,CUST-102823,2026-06-01,39.73,Paid,0,0,0
INV-0016937,CUST-102823,2026-07-01,40.96,Paid,0,0,0
INV-0016938,CUST-102823,2026-08-01,39.78,Paid,0,0,0
INV-0016939,CUST-102824,2026-03-01,73.63,Paid,0,0,0
INV-0016940,CUST-102824,2026-04-01,74.9,Paid,0,0,0
INV-0016941,CUST-102824,2026-05-01,75.94,Paid,0,0,0
INV-0016942,CUST-102824,2026-06-01,79.14,Paid,0,0,0
INV-0016943,CUST-102824,2026-07-01,75.65,Paid,0,1,0
INV-0016944,CUST-102824,2026-08-01,77.24,Paid,0,0,0
INV-0016945,CUST-102825,2026-03-01,147.98,Paid,0,0,0
INV-0016946,CUST-102825,2026-04-01,143.5,Paid,0,0,0
INV-0016947,CUST-102825,2026-05-01,154.11,Paid,0,0,0
INV-0016948,CUST-102825,2026-06-01,150.89,Paid,0,0,0
INV-0016949,CUST-102825,2026-07-01,151.9,Paid,0,0,0
INV-0016950,CUST-102825,2026-08-01,151.56,Paid,0,0,0
INV-0016951,CUST-102826,2026-03-01,135.47,Paid,0,0,0
INV-0016952,CUST-102826,2026-04-01,132.75,Paid,0,0,0
INV-0016953,CUST-102826,2026-05-01,133.38,Paid,0,0,0
INV-0016954,CUST-102826,2026-06-01,131.73,Paid,0,0,0
INV-0016955,CUST-102826,2026-07-01,132.85,Paid,0,0,0
INV-0016956,CUST-102826,2026-08-01,133.16,Paid,0,0,0
INV-0016957,CUST-102827,2026-03-01,35.13,Paid,0,0,0
INV-0016958,CUST-102827,2026-04-01,35.27,Late,15,0,0
INV-0016959,CUST-102827,2026-05-01,36.94,Late,30,0,0
INV-0016960,CUST-102827,2026-06-01,36.74,Paid,0,0,0
INV-0016961,CUST-102827,2026-07-01,36.97,Paid,0,0,0
INV-0016962,CUST-102827,2026-08-01,34.54,Paid,0,1,1
INV-0016963,CUST-102828,2026-03-01,34.71,Paid,0,0,0
INV-0016964,CUST-102828,2026-04-01,35.21,Paid,0,0,0
INV-0016965,CUST-102828,2026-05-01,35.75,Paid,0,0,0
INV-0016966,CUST-102828,2026-06-01,35.44,Paid,0,0,0
INV-0016967,CUST-102828,2026-07-01,34.09,Paid,0,0,0
INV-0016968,CUST-102828,2026-08-01,33.89,Paid,0,0,0
INV-0016969,CUST-102829,2026-03-01,148.55,Paid,0,0,0
INV-0016970,CUST-102829,2026-04-01,154.26,Paid,0,0,0
INV-0016971,CUST-102829,2026-05-01,144.64,Paid,0,0,0
INV-0016972,CUST-102829,2026-06-01,152.87,Paid,0,0,0
INV-0016973,CUST-102829,2026-07-01,150.03,Paid,0,0,0
INV-0016974,CUST-102829,2026-08-01,147.9,Paid,0,0,0
INV-0016975,CUST-102830,2026-03-01,35.12,Paid,0,0,0
INV-0016976,CUST-102830,2026-04-01,34.81,Paid,0,0,0
INV-0016977,CUST-102830,2026-05-01,36.29,Paid,0,0,0
INV-0016978,CUST-102830,2026-06-01,35.68,Paid,0,0,0
INV-0016979,CUST-102830,2026-07-01,35.79,Paid,0,0,0
INV-0016980,CUST-102830,2026-08-01,33.21,Paid,0,0,0
INV-0016981,CUST-102831,2026-03-01,132.09,Paid,0,0,0
INV-0016982,CUST-102831,2026-04-01,138.44,Paid,0,0,0
INV-0016983,CUST-102831,2026-05-01,126.21,Paid,0,0,0
INV-0016984,CUST-102831,2026-06-01,126.39,Paid,0,0,0
INV-0016985,CUST-102831,2026-07-01,128.47,Paid,0,0,0
INV-0016986,CUST-102831,2026-08-01,127.09,Paid,0,0,0
INV-0016987,CUST-102832,2026-03-01,378.42,Paid,0,0,0
INV-0016988,CUST-102832,2026-04-01,394.05,Paid,0,0,0
INV-0016989,CUST-102832,2026-05-01,393.56,Paid,0,0,0
INV-0016990,CUST-102832,2026-06-01,385.35,Late,4,0,0
INV-0016991,CUST-102832,2026-07-01,384.33,Paid,0,0,0
INV-0016992,CUST-102832,2026-08-01,382.5,Paid,0,0,0
INV-0016993,CUST-102833,2026-03-01,75.33,Paid,0,0,0
INV-0016994,CUST-102833,2026-04-01,75.56,Paid,0,0,0
INV-0016995,CUST-102833,2026-05-01,70.78,Paid,0,0,0
INV-0016996,CUST-102833,2026-06-01,71.23,Paid,0,0,0
INV-0016997,CUST-102833,2026-07-01,70.36,Paid,0,0,0
INV-0016998,CUST-102833,2026-08-01,66.81,Paid,0,0,0
INV-0016999,CUST-102834,2026-03-01,168.03,Paid,0,0,0
INV-0017000,CUST-102834,2026-04-01,178.04,Paid,0,0,0
INV-0017001,CUST-102834,2026-05-01,171.14,Paid,0,0,0
INV-0017002,CUST-102834,2026-06-01,175.16,Paid,0,0,0
INV-0017003,CUST-102834,2026-07-01,170.65,Paid,0,0,0
INV-0017004,CUST-102834,2026-08-01,167.5,Paid,0,0,0
INV-0017005,CUST-102835,2026-03-01,76.67,Paid,0,0,0
INV-0017006,CUST-102835,2026-04-01,77.55,Paid,0,0,0
INV-0017007,CUST-102835,2026-05-01,76.69,Paid,0,0,0
INV-0017008,CUST-102835,2026-06-01,77.65,Paid,0,0,0
INV-0017009,CUST-102835,2026-07-01,79.44,Paid,0,0,0
INV-0017010,CUST-102835,2026-08-01,77.02,Paid,0,0,0
INV-0017011,CUST-102836,2026-03-01,73.92,Paid,0,0,0
INV-0017012,CUST-102836,2026-04-01,75.32,Paid,0,0,0
INV-0017013,CUST-102836,2026-05-01,73.41,Paid,0,1,0
INV-0017014,CUST-102836,2026-06-01,73.54,Paid,0,0,0
INV-0017015,CUST-102836,2026-07-01,69.94,Paid,0,0,0
INV-0017016,CUST-102836,2026-08-01,71.98,Paid,0,0,0
INV-0017017,CUST-102837,2026-03-01,185.03,Paid,0,0,0
INV-0017018,CUST-102837,2026-04-01,179.31,Paid,0,0,0
INV-0017019,CUST-102837,2026-05-01,187.39,Paid,0,1,0
INV-0017020,CUST-102837,2026-06-01,188.28,Paid,0,0,0
INV-0017021,CUST-102837,2026-07-01,188.84,Paid,0,0,0
INV-0017022,CUST-102837,2026-08-01,183.96,Paid,0,0,0
INV-0017023,CUST-102838,2026-03-01,28.89,Paid,0,0,0
INV-0017024,CUST-102838,2026-04-01,29.69,Paid,0,0,0
INV-0017025,CUST-102838,2026-05-01,28.74,Paid,0,0,0
INV-0017026,CUST-102838,2026-06-01,28.55,Paid,0,0,0
INV-0017027,CUST-102838,2026-07-01,29.84,Paid,0,0,0
INV-0017028,CUST-102838,2026-08-01,29.07,Paid,0,1,1
INV-0017029,CUST-102839,2026-03-01,38.5,Paid,0,0,0
INV-0017030,CUST-102839,2026-04-01,37.43,Paid,0,0,0
INV-0017031,CUST-102839,2026-05-01,37.89,Paid,0,0,0
INV-0017032,CUST-102839,2026-06-01,37.17,Paid,0,0,0
INV-0017033,CUST-102839,2026-07-01,38.19,Paid,0,0,0
INV-0017034,CUST-102839,2026-08-01,36.38,Paid,0,0,0
INV-0017035,CUST-102840,2026-03-01,42.62,Late,8,0,0
INV-0017036,CUST-102840,2026-04-01,49.67,Paid,0,0,0
INV-0017037,CUST-102840,2026-05-01,45.54,Paid,0,1,1
INV-0017038,CUST-102840,2026-06-01,58.0,Paid,0,0,0
INV-0017039,CUST-102840,2026-07-01,42.69,Late,20,0,0
INV-0017040,CUST-102840,2026-08-01,43.29,Late,9,0,0
INV-0017041,CUST-102841,2026-03-01,32.31,Paid,0,0,0
INV-0017042,CUST-102841,2026-04-01,30.69,Paid,0,0,0
INV-0017043,CUST-102841,2026-05-01,32.24,Paid,0,0,0
INV-0017044,CUST-102841,2026-06-01,31.16,Paid,0,0,0
INV-0017045,CUST-102841,2026-07-01,31.61,Paid,0,0,0
INV-0017046,CUST-102841,2026-08-01,31.46,Paid,0,1,0
INV-0017047,CUST-102842,2026-03-01,42.81,Paid,0,0,0
INV-0017048,CUST-102842,2026-04-01,41.14,Paid,0,0,0
INV-0017049,CUST-102842,2026-05-01,40.14,Paid,0,0,0
INV-0017050,CUST-102842,2026-06-01,41.34,Paid,0,0,0
INV-0017051,CUST-102842,2026-07-01,41.78,Paid,0,0,0
INV-0017052,CUST-102842,2026-08-01,40.95,Paid,0,0,0
INV-0017053,CUST-102843,2026-03-01,96.49,Late,25,0,0
INV-0017054,CUST-102843,2026-04-01,98.29,Paid,0,0,0
INV-0017055,CUST-102843,2026-05-01,95.01,Paid,0,1,1
INV-0017056,CUST-102843,2026-06-01,116.76,Paid,0,0,0
INV-0017057,CUST-102843,2026-07-01,96.42,Late,27,1,0
INV-0017058,CUST-102843,2026-08-01,96.55,Paid,0,1,0
INV-0017059,CUST-102844,2026-03-01,152.87,Paid,0,0,0
INV-0017060,CUST-102844,2026-04-01,160.03,Paid,0,1,1
INV-0017061,CUST-102844,2026-05-01,160.4,Late,8,0,0
INV-0017062,CUST-102844,2026-06-01,144.75,Paid,0,0,0
INV-0017063,CUST-102844,2026-07-01,209.72,Late,22,0,0
INV-0017064,CUST-102844,2026-08-01,154.61,Paid,0,0,0
INV-0017065,CUST-102845,2026-03-01,67.28,Paid,0,0,0
INV-0017066,CUST-102845,2026-04-01,67.89,Late,20,0,0
INV-0017067,CUST-102845,2026-05-01,65.45,Paid,0,0,0
INV-0017068,CUST-102845,2026-06-01,64.52,Paid,0,0,0
INV-0017069,CUST-102845,2026-07-01,65.33,Paid,0,0,0
INV-0017070,CUST-102845,2026-08-01,66.54,Paid,0,0,0
INV-0017071,CUST-102846,2026-03-01,188.61,Paid,0,0,0
INV-0017072,CUST-102846,2026-04-01,179.76,Paid,0,0,0
INV-0017073,CUST-102846,2026-05-01,181.06,Paid,0,0,0
INV-0017074,CUST-102846,2026-06-01,174.8,Paid,0,0,0
INV-0017075,CUST-102846,2026-07-01,184.61,Paid,0,0,0
INV-0017076,CUST-102846,2026-08-01,180.18,Paid,0,1,1
INV-0017077,CUST-102847,2026-03-01,157.91,Paid,0,1,0
INV-0017078,CUST-102847,2026-04-01,161.74,Paid,0,0,0
INV-0017079,CUST-102847,2026-05-01,172.24,Paid,0,0,0
INV-0017080,CUST-102847,2026-06-01,167.12,Paid,0,0,0
INV-0017081,CUST-102847,2026-07-01,158.41,Paid,0,0,0
INV-0017082,CUST-102847,2026-08-01,168.92,Paid,0,1,1
INV-0017083,CUST-102848,2026-03-01,99.0,Paid,0,0,0
INV-0017084,CUST-102848,2026-04-01,94.99,Paid,0,0,0
INV-0017085,CUST-102848,2026-05-01,97.97,Paid,0,0,0
INV-0017086,CUST-102848,2026-06-01,95.28,Paid,0,0,0
INV-0017087,CUST-102848,2026-07-01,97.08,Paid,0,0,0
INV-0017088,CUST-102848,2026-08-01,94.71,Paid,0,0,0
INV-0017089,CUST-102849,2026-03-01,36.74,Paid,0,0,0
INV-0017090,CUST-102849,2026-04-01,34.84,Paid,0,0,0
INV-0017091,CUST-102849,2026-05-01,33.87,Paid,0,0,0
INV-0017092,CUST-102849,2026-06-01,37.19,Paid,0,0,0
INV-0017093,CUST-102849,2026-07-01,35.21,Paid,0,0,0
INV-0017094,CUST-102849,2026-08-01,35.68,Paid,0,0,0
INV-0017095,CUST-102850,2026-03-01,37.89,Paid,0,0,0
INV-0017096,CUST-102850,2026-04-01,39.13,Late,4,1,1
INV-0017097,CUST-102850,2026-05-01,38.27,Late,25,0,0
INV-0017098,CUST-102850,2026-06-01,51.45,Late,30,0,0
INV-0017099,CUST-102850,2026-07-01,42.5,Paid,0,0,0
INV-0017100,CUST-102850,2026-08-01,40.97,Paid,0,0,0
INV-0017101,CUST-102851,2026-03-01,82.59,Paid,0,0,0
INV-0017102,CUST-102851,2026-04-01,83.26,Paid,0,0,0
INV-0017103,CUST-102851,2026-05-01,84.29,Paid,0,0,0
INV-0017104,CUST-102851,2026-06-01,83.36,Paid,0,0,0
INV-0017105,CUST-102851,2026-07-01,85.72,Paid,0,0,0
INV-0017106,CUST-102851,2026-08-01,82.49,Paid,0,0,0
INV-0017107,CUST-102852,2026-03-01,31.22,Paid,0,0,0
INV-0017108,CUST-102852,2026-04-01,30.55,Paid,0,0,0
INV-0017109,CUST-102852,2026-05-01,28.95,Paid,0,0,0
INV-0017110,CUST-102852,2026-06-01,31.08,Paid,0,0,0
INV-0017111,CUST-102852,2026-07-01,29.66,Paid,0,0,0
INV-0017112,CUST-102852,2026-08-01,30.1,Late,17,0,0
INV-0017113,CUST-102853,2026-03-01,184.25,Paid,0,0,0
INV-0017114,CUST-102853,2026-04-01,191.11,Paid,0,0,0
INV-0017115,CUST-102853,2026-05-01,189.54,Paid,0,0,0
INV-0017116,CUST-102853,2026-06-01,189.81,Paid,0,0,0
INV-0017117,CUST-102853,2026-07-01,183.22,Paid,0,0,0
INV-0017118,CUST-102853,2026-08-01,183.86,Late,12,0,0
INV-0017119,CUST-102854,2026-03-01,84.68,Paid,0,0,0
INV-0017120,CUST-102854,2026-04-01,86.15,Paid,0,0,0
INV-0017121,CUST-102854,2026-05-01,83.23,Paid,0,0,0
INV-0017122,CUST-102854,2026-06-01,88.65,Paid,0,0,0
INV-0017123,CUST-102854,2026-07-01,84.8,Paid,0,0,0
INV-0017124,CUST-102854,2026-08-01,82.77,Paid,0,0,0
INV-0017125,CUST-102855,2026-03-01,344.47,Paid,0,0,0
INV-0017126,CUST-102855,2026-04-01,357.33,Paid,0,0,0
INV-0017127,CUST-102855,2026-05-01,341.4,Paid,0,0,0
INV-0017128,CUST-102855,2026-06-01,348.01,Paid,0,0,0
INV-0017129,CUST-102855,2026-07-01,343.06,Paid,0,0,0
INV-0017130,CUST-102855,2026-08-01,348.42,Paid,0,0,0
INV-0017131,CUST-102856,2026-03-01,38.4,Paid,0,0,0
INV-0017132,CUST-102856,2026-04-01,38.9,Paid,0,0,0
INV-0017133,CUST-102856,2026-05-01,38.62,Paid,0,0,0
INV-0017134,CUST-102856,2026-06-01,40.38,Paid,0,0,0
INV-0017135,CUST-102856,2026-07-01,39.81,Paid,0,0,0
INV-0017136,CUST-102856,2026-08-01,38.97,Paid,0,0,0
INV-0017137,CUST-102857,2026-03-01,57.05,Late,10,1,1
INV-0017138,CUST-102857,2026-04-01,59.71,Late,20,0,0
INV-0017139,CUST-102857,2026-05-01,73.36,Paid,0,0,0
INV-0017140,CUST-102857,2026-06-01,70.96,Late,2,0,0
INV-0017141,CUST-102857,2026-07-01,57.16,Paid,0,0,0
INV-0017142,CUST-102857,2026-08-01,58.15,Paid,0,0,0
INV-0017143,CUST-102858,2026-03-01,37.5,Paid,0,0,0
INV-0017144,CUST-102858,2026-04-01,37.38,Paid,0,0,0
INV-0017145,CUST-102858,2026-05-01,38.03,Paid,0,0,0
INV-0017146,CUST-102858,2026-06-01,38.48,Paid,0,0,0
INV-0017147,CUST-102858,2026-07-01,37.94,Paid,0,0,0
INV-0017148,CUST-102858,2026-08-01,38.53,Paid,0,0,0
INV-0017149,CUST-102859,2026-03-01,447.17,Paid,0,0,0
INV-0017150,CUST-102859,2026-04-01,440.62,Paid,0,0,0
INV-0017151,CUST-102859,2026-05-01,451.83,Paid,0,0,0
INV-0017152,CUST-102859,2026-06-01,438.28,Paid,0,1,0
INV-0017153,CUST-102859,2026-07-01,448.7,Paid,0,0,0
INV-0017154,CUST-102859,2026-08-01,456.75,Paid,0,0,0
INV-0017155,CUST-102860,2026-03-01,68.01,Paid,0,0,0
INV-0017156,CUST-102860,2026-04-01,69.26,Paid,0,0,0
INV-0017157,CUST-102860,2026-05-01,73.36,Paid,0,0,0
INV-0017158,CUST-102860,2026-06-01,75.91,Paid,0,0,0
INV-0017159,CUST-102860,2026-07-01,74.8,Paid,0,0,0
INV-0017160,CUST-102860,2026-08-01,72.54,Paid,0,0,0
INV-0017161,CUST-102861,2026-03-01,32.53,Paid,0,0,0
INV-0017162,CUST-102861,2026-04-01,34.34,Paid,0,0,0
INV-0017163,CUST-102861,2026-05-01,33.95,Paid,0,0,0
INV-0017164,CUST-102861,2026-06-01,34.42,Paid,0,0,0
INV-0017165,CUST-102861,2026-07-01,32.52,Paid,0,0,0
INV-0017166,CUST-102861,2026-08-01,32.17,Paid,0,0,0
INV-0017167,CUST-102862,2026-03-01,65.51,Paid,0,1,0
INV-0017168,CUST-102862,2026-04-01,66.74,Paid,0,1,1
INV-0017169,CUST-102862,2026-05-01,68.07,Paid,0,0,0
INV-0017170,CUST-102862,2026-06-01,73.26,Late,2,1,0
INV-0017171,CUST-102862,2026-07-01,66.76,Paid,0,0,0
INV-0017172,CUST-102862,2026-08-01,67.08,Paid,0,1,0
INV-0017173,CUST-102863,2026-03-01,76.64,Paid,0,0,0
INV-0017174,CUST-102863,2026-04-01,74.71,Paid,0,0,0
INV-0017175,CUST-102863,2026-05-01,77.0,Paid,0,0,0
INV-0017176,CUST-102863,2026-06-01,76.62,Paid,0,0,0
INV-0017177,CUST-102863,2026-07-01,75.97,Paid,0,0,0
INV-0017178,CUST-102863,2026-08-01,76.22,Paid,0,0,0
INV-0017179,CUST-102864,2026-03-01,35.41,Paid,0,0,0
INV-0017180,CUST-102864,2026-04-01,35.92,Paid,0,1,0
INV-0017181,CUST-102864,2026-05-01,36.72,Paid,0,0,0
INV-0017182,CUST-102864,2026-06-01,34.85,Paid,0,0,0
INV-0017183,CUST-102864,2026-07-01,34.73,Paid,0,0,0
INV-0017184,CUST-102864,2026-08-01,37.55,Paid,0,0,0
INV-0017185,CUST-102865,2026-03-01,37.33,Paid,0,0,0
INV-0017186,CUST-102865,2026-04-01,37.63,Paid,0,0,0
INV-0017187,CUST-102865,2026-05-01,37.25,Paid,0,0,0
INV-0017188,CUST-102865,2026-06-01,36.33,Paid,0,1,0
INV-0017189,CUST-102865,2026-07-01,39.62,Paid,0,0,0
INV-0017190,CUST-102865,2026-08-01,39.77,Paid,0,0,0
INV-0017191,CUST-102866,2026-03-01,76.63,Paid,0,0,0
INV-0017192,CUST-102866,2026-04-01,74.55,Paid,0,0,0
INV-0017193,CUST-102866,2026-05-01,72.24,Paid,0,0,0
INV-0017194,CUST-102866,2026-06-01,74.94,Paid,0,0,0
INV-0017195,CUST-102866,2026-07-01,77.34,Paid,0,0,0
INV-0017196,CUST-102866,2026-08-01,74.52,Paid,0,0,0
INV-0017197,CUST-102867,2026-03-01,37.37,Paid,0,1,0
INV-0017198,CUST-102867,2026-04-01,35.48,Paid,0,0,0
INV-0017199,CUST-102867,2026-05-01,38.82,Paid,0,0,0
INV-0017200,CUST-102867,2026-06-01,36.03,Paid,0,0,0
INV-0017201,CUST-102867,2026-07-01,37.31,Paid,0,0,0
INV-0017202,CUST-102867,2026-08-01,38.79,Paid,0,0,0
INV-0017203,CUST-102868,2026-03-01,75.6,Paid,0,0,0
INV-0017204,CUST-102868,2026-04-01,74.8,Paid,0,1,0
INV-0017205,CUST-102868,2026-05-01,75.39,Paid,0,0,0
INV-0017206,CUST-102868,2026-06-01,73.52,Paid,0,0,0
INV-0017207,CUST-102868,2026-07-01,71.37,Paid,0,0,0
INV-0017208,CUST-102868,2026-08-01,74.27,Paid,0,0,0
INV-0017209,CUST-102869,2026-03-01,26.23,Paid,0,0,0
INV-0017210,CUST-102869,2026-04-01,25.87,Paid,0,0,0
INV-0017211,CUST-102869,2026-05-01,26.23,Paid,0,0,0
INV-0017212,CUST-102869,2026-06-01,26.7,Paid,0,1,0
INV-0017213,CUST-102869,2026-07-01,25.77,Paid,0,0,0
INV-0017214,CUST-102869,2026-08-01,25.99,Paid,0,0,0
INV-0017215,CUST-102870,2026-03-01,42.47,Paid,0,0,0
INV-0017216,CUST-102870,2026-04-01,38.71,Paid,0,0,0
INV-0017217,CUST-102870,2026-05-01,39.09,Paid,0,0,0
INV-0017218,CUST-102870,2026-06-01,41.12,Late,30,0,0
INV-0017219,CUST-102870,2026-07-01,41.0,Paid,0,0,0
INV-0017220,CUST-102870,2026-08-01,41.65,Paid,0,0,0
INV-0017221,CUST-102871,2026-03-01,28.5,Paid,0,0,0
INV-0017222,CUST-102871,2026-04-01,28.68,Paid,0,0,0
INV-0017223,CUST-102871,2026-05-01,28.72,Paid,0,1,0
INV-0017224,CUST-102871,2026-06-01,28.36,Paid,0,0,0
INV-0017225,CUST-102871,2026-07-01,27.57,Paid,0,0,0
INV-0017226,CUST-102871,2026-08-01,28.14,Paid,0,0,0
INV-0017227,CUST-102872,2026-03-01,37.13,Paid,0,0,0
INV-0017228,CUST-102872,2026-04-01,35.2,Late,28,0,0
INV-0017229,CUST-102872,2026-05-01,35.0,Late,33,0,0
INV-0017230,CUST-102872,2026-06-01,35.03,Paid,0,0,0
INV-0017231,CUST-102872,2026-07-01,34.59,Late,13,1,1
INV-0017232,CUST-102872,2026-08-01,36.19,Paid,0,0,0
INV-0017233,CUST-102873,2026-03-01,160.91,Paid,0,0,0
INV-0017234,CUST-102873,2026-04-01,152.2,Paid,0,0,0
INV-0017235,CUST-102873,2026-05-01,156.11,Paid,0,0,0
INV-0017236,CUST-102873,2026-06-01,150.75,Paid,0,0,0
INV-0017237,CUST-102873,2026-07-01,153.92,Paid,0,0,0
INV-0017238,CUST-102873,2026-08-01,151.37,Paid,0,0,0
INV-0017239,CUST-102874,2026-03-01,29.96,Late,34,1,1
INV-0017240,CUST-102874,2026-04-01,30.54,Paid,0,0,0
INV-0017241,CUST-102874,2026-05-01,29.49,Paid,0,0,0
INV-0017242,CUST-102874,2026-06-01,39.96,Paid,0,1,0
INV-0017243,CUST-102874,2026-07-01,30.39,Paid,0,0,0
INV-0017244,CUST-102874,2026-08-01,31.48,Late,34,0,0
INV-0017245,CUST-102875,2026-03-01,162.87,Paid,0,0,0
INV-0017246,CUST-102875,2026-04-01,155.91,Paid,0,0,0
INV-0017247,CUST-102875,2026-05-01,157.01,Paid,0,0,0
INV-0017248,CUST-102875,2026-06-01,157.63,Paid,0,0,0
INV-0017249,CUST-102875,2026-07-01,156.96,Paid,0,0,0
INV-0017250,CUST-102875,2026-08-01,158.01,Paid,0,0,0
INV-0017251,CUST-102876,2026-03-01,81.39,Paid,0,0,0
INV-0017252,CUST-102876,2026-04-01,83.2,Paid,0,0,0
INV-0017253,CUST-102876,2026-05-01,74.66,Paid,0,0,0
INV-0017254,CUST-102876,2026-06-01,80.56,Paid,0,0,0
INV-0017255,CUST-102876,2026-07-01,78.63,Paid,0,0,0
INV-0017256,CUST-102876,2026-08-01,78.07,Paid,0,0,0
INV-0017257,CUST-102877,2026-03-01,36.39,Paid,0,0,0
INV-0017258,CUST-102877,2026-04-01,36.35,Paid,0,0,0
INV-0017259,CUST-102877,2026-05-01,35.13,Paid,0,0,0
INV-0017260,CUST-102877,2026-06-01,36.39,Paid,0,0,0
INV-0017261,CUST-102877,2026-07-01,36.95,Paid,0,0,0
INV-0017262,CUST-102877,2026-08-01,35.2,Paid,0,0,0
INV-0017263,CUST-102878,2026-03-01,38.03,Paid,0,0,0
INV-0017264,CUST-102878,2026-04-01,37.72,Paid,0,0,0
INV-0017265,CUST-102878,2026-05-01,37.55,Paid,0,0,0
INV-0017266,CUST-102878,2026-06-01,38.16,Paid,0,1,0
INV-0017267,CUST-102878,2026-07-01,36.81,Paid,0,0,0
INV-0017268,CUST-102878,2026-08-01,38.49,Paid,0,0,0
INV-0017269,CUST-102879,2026-03-01,32.58,Late,31,0,0
INV-0017270,CUST-102879,2026-04-01,34.33,Paid,0,0,0
INV-0017271,CUST-102879,2026-05-01,33.7,Paid,0,0,0
INV-0017272,CUST-102879,2026-06-01,33.4,Paid,0,0,0
INV-0017273,CUST-102879,2026-07-01,33.03,Paid,0,0,0
INV-0017274,CUST-102879,2026-08-01,32.56,Paid,0,0,0
INV-0017275,CUST-102880,2026-03-01,74.28,Paid,0,0,0
INV-0017276,CUST-102880,2026-04-01,71.81,Paid,0,0,0
INV-0017277,CUST-102880,2026-05-01,77.05,Late,15,0,0
INV-0017278,CUST-102880,2026-06-01,70.53,Paid,0,0,0
INV-0017279,CUST-102880,2026-07-01,71.09,Paid,0,0,0
INV-0017280,CUST-102880,2026-08-01,74.24,Late,21,0,0
INV-0017281,CUST-102881,2026-03-01,40.45,Paid,0,0,0
INV-0017282,CUST-102881,2026-04-01,39.29,Paid,0,0,0
INV-0017283,CUST-102881,2026-05-01,40.11,Paid,0,0,0
INV-0017284,CUST-102881,2026-06-01,40.65,Paid,0,0,0
INV-0017285,CUST-102881,2026-07-01,39.66,Late,30,0,0
INV-0017286,CUST-102881,2026-08-01,39.88,Paid,0,0,0
INV-0017287,CUST-102882,2026-03-01,157.25,Paid,0,0,0
INV-0017288,CUST-102882,2026-04-01,161.01,Late,4,0,0
INV-0017289,CUST-102882,2026-05-01,158.73,Paid,0,0,0
INV-0017290,CUST-102882,2026-06-01,164.22,Paid,0,0,0
INV-0017291,CUST-102882,2026-07-01,160.39,Paid,0,0,0
INV-0017292,CUST-102882,2026-08-01,161.02,Paid,0,0,0
INV-0017293,CUST-102883,2026-03-01,89.19,Paid,0,0,0
INV-0017294,CUST-102883,2026-04-01,87.41,Paid,0,0,0
INV-0017295,CUST-102883,2026-05-01,89.93,Paid,0,0,0
INV-0017296,CUST-102883,2026-06-01,83.06,Paid,0,0,0
INV-0017297,CUST-102883,2026-07-01,86.37,Paid,0,0,0
INV-0017298,CUST-102883,2026-08-01,88.18,Paid,0,0,0
INV-0017299,CUST-102884,2026-03-01,29.71,Paid,0,0,0
INV-0017300,CUST-102884,2026-04-01,28.51,Paid,0,0,0
INV-0017301,CUST-102884,2026-05-01,28.81,Paid,0,0,0
INV-0017302,CUST-102884,2026-06-01,28.64,Paid,0,0,0
INV-0017303,CUST-102884,2026-07-01,27.67,Paid,0,0,0
INV-0017304,CUST-102884,2026-08-01,28.85,Paid,0,0,0
INV-0017305,CUST-102885,2026-03-01,63.71,Paid,0,1,1
INV-0017306,CUST-102885,2026-04-01,66.76,Paid,0,0,0
INV-0017307,CUST-102885,2026-05-01,66.05,Paid,0,0,0
INV-0017308,CUST-102885,2026-06-01,66.57,Paid,0,0,0
INV-0017309,CUST-102885,2026-07-01,77.67,Paid,0,0,0
INV-0017310,CUST-102885,2026-08-01,63.31,Paid,0,1,1
INV-0017311,CUST-102886,2026-03-01,32.92,Paid,0,0,0
INV-0017312,CUST-102886,2026-04-01,32.37,Paid,0,0,0
INV-0017313,CUST-102886,2026-05-01,31.79,Paid,0,0,0
INV-0017314,CUST-102886,2026-06-01,32.69,Paid,0,0,0
INV-0017315,CUST-102886,2026-07-01,32.53,Paid,0,0,0
INV-0017316,CUST-102886,2026-08-01,30.27,Paid,0,0,0
INV-0017317,CUST-102887,2026-03-01,175.87,Paid,0,0,0
INV-0017318,CUST-102887,2026-04-01,166.17,Paid,0,0,0
INV-0017319,CUST-102887,2026-05-01,156.1,Paid,0,0,0
INV-0017320,CUST-102887,2026-06-01,168.38,Paid,0,0,0
INV-0017321,CUST-102887,2026-07-01,169.96,Paid,0,0,0
INV-0017322,CUST-102887,2026-08-01,167.42,Paid,0,0,0
INV-0017323,CUST-102888,2026-03-01,35.34,Late,1,0,0
INV-0017324,CUST-102888,2026-04-01,36.72,Late,34,1,0
INV-0017325,CUST-102888,2026-05-01,34.38,Paid,0,1,0
INV-0017326,CUST-102888,2026-06-01,34.81,Paid,0,0,0
INV-0017327,CUST-102888,2026-07-01,35.76,Paid,0,0,0
INV-0017328,CUST-102888,2026-08-01,33.84,Paid,0,0,0
INV-0017329,CUST-102889,2026-03-01,29.56,Paid,0,0,0
INV-0017330,CUST-102889,2026-04-01,28.31,Paid,0,0,0
INV-0017331,CUST-102889,2026-05-01,37.69,Paid,0,0,0
INV-0017332,CUST-102889,2026-06-01,28.99,Late,15,0,0
INV-0017333,CUST-102889,2026-07-01,29.22,Late,23,1,0
INV-0017334,CUST-102889,2026-08-01,27.48,Late,19,1,0
INV-0017335,CUST-102890,2026-03-01,367.58,Late,18,0,0
INV-0017336,CUST-102890,2026-04-01,391.49,Paid,0,0,0
INV-0017337,CUST-102890,2026-05-01,389.32,Paid,0,0,0
INV-0017338,CUST-102890,2026-06-01,360.22,Paid,0,0,0
INV-0017339,CUST-102890,2026-07-01,379.69,Paid,0,0,0
INV-0017340,CUST-102890,2026-08-01,387.63,Paid,0,0,0
INV-0017341,CUST-102891,2026-03-01,75.72,Paid,0,0,0
INV-0017342,CUST-102891,2026-04-01,79.68,Paid,0,0,0
INV-0017343,CUST-102891,2026-05-01,75.93,Paid,0,0,0
INV-0017344,CUST-102891,2026-06-01,77.69,Paid,0,0,0
INV-0017345,CUST-102891,2026-07-01,81.55,Paid,0,0,0
INV-0017346,CUST-102891,2026-08-01,80.5,Paid,0,0,0
INV-0017347,CUST-102892,2026-03-01,62.24,Paid,0,0,0
INV-0017348,CUST-102892,2026-04-01,63.83,Paid,0,1,0
INV-0017349,CUST-102892,2026-05-01,65.71,Paid,0,0,0
INV-0017350,CUST-102892,2026-06-01,64.05,Paid,0,0,0
INV-0017351,CUST-102892,2026-07-01,66.42,Paid,0,0,0
INV-0017352,CUST-102892,2026-08-01,63.9,Paid,0,0,0
INV-0017353,CUST-102893,2026-03-01,36.44,Paid,0,0,0
INV-0017354,CUST-102893,2026-04-01,38.15,Paid,0,0,0
INV-0017355,CUST-102893,2026-05-01,36.46,Paid,0,0,0
INV-0017356,CUST-102893,2026-06-01,37.72,Paid,0,0,0
INV-0017357,CUST-102893,2026-07-01,37.51,Late,24,0,0
INV-0017358,CUST-102893,2026-08-01,37.93,Paid,0,0,0
INV-0017359,CUST-102894,2026-03-01,75.95,Paid,0,0,0
INV-0017360,CUST-102894,2026-04-01,73.92,Paid,0,0,0
INV-0017361,CUST-102894,2026-05-01,73.66,Paid,0,0,0
INV-0017362,CUST-102894,2026-06-01,74.93,Paid,0,0,0
INV-0017363,CUST-102894,2026-07-01,73.26,Paid,0,0,0
INV-0017364,CUST-102894,2026-08-01,74.38,Paid,0,0,0
INV-0017365,CUST-102895,2026-03-01,32.1,Paid,0,0,0
INV-0017366,CUST-102895,2026-04-01,31.51,Paid,0,0,0
INV-0017367,CUST-102895,2026-05-01,31.89,Late,8,0,0
INV-0017368,CUST-102895,2026-06-01,32.52,Paid,0,0,0
INV-0017369,CUST-102895,2026-07-01,31.61,Paid,0,0,0
INV-0017370,CUST-102895,2026-08-01,30.5,Paid,0,0,0
INV-0017371,CUST-102896,2026-03-01,88.93,Paid,0,0,0
INV-0017372,CUST-102896,2026-04-01,88.03,Paid,0,0,0
INV-0017373,CUST-102896,2026-05-01,90.91,Paid,0,0,0
INV-0017374,CUST-102896,2026-06-01,86.29,Paid,0,1,0
INV-0017375,CUST-102896,2026-07-01,88.38,Paid,0,0,0
INV-0017376,CUST-102896,2026-08-01,84.55,Paid,0,0,0
INV-0017377,CUST-102897,2026-03-01,38.61,Paid,0,0,0
INV-0017378,CUST-102897,2026-04-01,39.15,Paid,0,0,0
INV-0017379,CUST-102897,2026-05-01,39.55,Paid,0,0,0
INV-0017380,CUST-102897,2026-06-01,39.37,Paid,0,0,0
INV-0017381,CUST-102897,2026-07-01,39.35,Late,17,0,0
INV-0017382,CUST-102897,2026-08-01,37.93,Paid,0,0,0
INV-0017383,CUST-102898,2026-03-01,88.87,Paid,0,0,0
INV-0017384,CUST-102898,2026-04-01,88.99,Paid,0,0,0
INV-0017385,CUST-102898,2026-05-01,88.98,Paid,0,0,0
INV-0017386,CUST-102898,2026-06-01,89.27,Paid,0,0,0
INV-0017387,CUST-102898,2026-07-01,84.05,Paid,0,0,0
INV-0017388,CUST-102898,2026-08-01,85.91,Paid,0,0,0
INV-0017389,CUST-102899,2026-03-01,30.86,Paid,0,0,0
INV-0017390,CUST-102899,2026-04-01,29.84,Paid,0,0,0
INV-0017391,CUST-102899,2026-05-01,30.11,Paid,0,0,0
INV-0017392,CUST-102899,2026-06-01,31.33,Paid,0,0,0
INV-0017393,CUST-102899,2026-07-01,30.45,Paid,0,0,0
INV-0017394,CUST-102899,2026-08-01,31.03,Paid,0,0,0
INV-0017395,CUST-102900,2026-03-01,94.76,Paid,0,0,0
INV-0017396,CUST-102900,2026-04-01,90.36,Paid,0,0,0
INV-0017397,CUST-102900,2026-05-01,92.15,Paid,0,0,0
INV-0017398,CUST-102900,2026-06-01,88.5,Paid,0,0,0
INV-0017399,CUST-102900,2026-07-01,90.85,Paid,0,0,0
INV-0017400,CUST-102900,2026-08-01,87.62,Paid,0,0,0
INV-0017401,CUST-102901,2026-03-01,66.57,Late,23,0,0
INV-0017402,CUST-102901,2026-04-01,69.9,Late,29,1,1
INV-0017403,CUST-102901,2026-05-01,66.09,Paid,0,0,0
INV-0017404,CUST-102901,2026-06-01,67.87,Paid,0,0,0
INV-0017405,CUST-102901,2026-07-01,77.25,Late,14,1,0
INV-0017406,CUST-102901,2026-08-01,70.72,Paid,0,0,0
INV-0017407,CUST-102902,2026-03-01,35.06,Paid,0,0,0
INV-0017408,CUST-102902,2026-04-01,36.28,Paid,0,1,0
INV-0017409,CUST-102902,2026-05-01,35.51,Late,21,0,0
INV-0017410,CUST-102902,2026-06-01,34.19,Paid,0,0,0
INV-0017411,CUST-102902,2026-07-01,36.75,Paid,0,0,0
INV-0017412,CUST-102902,2026-08-01,36.02,Paid,0,0,0
INV-0017413,CUST-102903,2026-03-01,37.3,Paid,0,0,0
INV-0017414,CUST-102903,2026-04-01,37.32,Paid,0,0,0
INV-0017415,CUST-102903,2026-05-01,38.2,Paid,0,0,0
INV-0017416,CUST-102903,2026-06-01,37.38,Paid,0,0,0
INV-0017417,CUST-102903,2026-07-01,36.76,Paid,0,0,0
INV-0017418,CUST-102903,2026-08-01,36.55,Paid,0,0,0
INV-0017419,CUST-102904,2026-03-01,36.52,Paid,0,0,0
INV-0017420,CUST-102904,2026-04-01,38.41,Paid,0,0,0
INV-0017421,CUST-102904,2026-05-01,36.0,Late,6,0,0
INV-0017422,CUST-102904,2026-06-01,36.59,Paid,0,0,0
INV-0017423,CUST-102904,2026-07-01,38.04,Paid,0,0,0
INV-0017424,CUST-102904,2026-08-01,37.24,Paid,0,0,0
INV-0017425,CUST-102905,2026-03-01,79.94,Paid,0,0,0
INV-0017426,CUST-102905,2026-04-01,83.94,Paid,0,0,0
INV-0017427,CUST-102905,2026-05-01,82.21,Paid,0,0,0
INV-0017428,CUST-102905,2026-06-01,77.62,Paid,0,0,0
INV-0017429,CUST-102905,2026-07-01,84.57,Paid,0,0,0
INV-0017430,CUST-102905,2026-08-01,81.61,Paid,0,0,0
INV-0017431,CUST-102906,2026-03-01,102.05,Late,29,1,0
INV-0017432,CUST-102906,2026-04-01,81.51,Paid,0,0,0
INV-0017433,CUST-102906,2026-05-01,80.15,Late,29,0,0
INV-0017434,CUST-102906,2026-06-01,99.33,Paid,0,0,0
INV-0017435,CUST-102906,2026-07-01,104.0,Paid,0,1,1
INV-0017436,CUST-102906,2026-08-01,82.91,Paid,0,0,0
INV-0017437,CUST-102907,2026-03-01,42.12,Paid,0,0,0
INV-0017438,CUST-102907,2026-04-01,42.67,Paid,0,0,0
INV-0017439,CUST-102907,2026-05-01,42.35,Paid,0,0,0
INV-0017440,CUST-102907,2026-06-01,43.81,Paid,0,0,0
INV-0017441,CUST-102907,2026-07-01,42.62,Paid,0,0,0
INV-0017442,CUST-102907,2026-08-01,41.38,Paid,0,0,0
INV-0017443,CUST-102908,2026-03-01,36.11,Paid,0,0,0
INV-0017444,CUST-102908,2026-04-01,34.61,Paid,0,0,0
INV-0017445,CUST-102908,2026-05-01,34.76,Paid,0,0,0
INV-0017446,CUST-102908,2026-06-01,34.58,Paid,0,1,1
INV-0017447,CUST-102908,2026-07-01,36.13,Paid,0,0,0
INV-0017448,CUST-102908,2026-08-01,35.49,Paid,0,0,0
INV-0017449,CUST-102909,2026-03-01,174.54,Paid,0,0,0
INV-0017450,CUST-102909,2026-04-01,186.49,Paid,0,0,0
INV-0017451,CUST-102909,2026-05-01,174.93,Paid,0,0,0
INV-0017452,CUST-102909,2026-06-01,185.86,Paid,0,0,0
INV-0017453,CUST-102909,2026-07-01,191.5,Paid,0,0,0
INV-0017454,CUST-102909,2026-08-01,185.65,Paid,0,0,0
INV-0017455,CUST-102910,2026-03-01,33.27,Paid,0,1,1
INV-0017456,CUST-102910,2026-04-01,32.71,Late,19,1,0
INV-0017457,CUST-102910,2026-05-01,33.65,Late,25,1,0
INV-0017458,CUST-102910,2026-06-01,32.83,Late,20,1,1
INV-0017459,CUST-102910,2026-07-01,32.82,Paid,0,1,1
INV-0017460,CUST-102910,2026-08-01,34.76,Late,4,0,0
INV-0017461,CUST-102911,2026-03-01,70.07,Late,33,1,1
INV-0017462,CUST-102911,2026-04-01,66.77,Late,26,0,0
INV-0017463,CUST-102911,2026-05-01,66.89,Paid,0,1,0
INV-0017464,CUST-102911,2026-06-01,68.02,Paid,0,0,0
INV-0017465,CUST-102911,2026-07-01,65.58,Late,22,0,0
INV-0017466,CUST-102911,2026-08-01,64.6,Paid,0,0,0
INV-0017467,CUST-102912,2026-03-01,86.37,Paid,0,0,0
INV-0017468,CUST-102912,2026-04-01,78.47,Paid,0,0,0
INV-0017469,CUST-102912,2026-05-01,86.59,Paid,0,0,0
INV-0017470,CUST-102912,2026-06-01,80.08,Paid,0,0,0
INV-0017471,CUST-102912,2026-07-01,81.41,Paid,0,0,0
INV-0017472,CUST-102912,2026-08-01,78.94,Paid,0,0,0
INV-0017473,CUST-102913,2026-03-01,87.15,Paid,0,0,0
INV-0017474,CUST-102913,2026-04-01,84.32,Paid,0,0,0
INV-0017475,CUST-102913,2026-05-01,85.52,Paid,0,0,0
INV-0017476,CUST-102913,2026-06-01,85.64,Paid,0,0,0
INV-0017477,CUST-102913,2026-07-01,91.94,Paid,0,0,0
INV-0017478,CUST-102913,2026-08-01,85.48,Paid,0,0,0
INV-0017479,CUST-102914,2026-03-01,72.58,Paid,0,0,0
INV-0017480,CUST-102914,2026-04-01,70.97,Paid,0,0,0
INV-0017481,CUST-102914,2026-05-01,73.43,Paid,0,0,0
INV-0017482,CUST-102914,2026-06-01,70.83,Paid,0,0,0
INV-0017483,CUST-102914,2026-07-01,73.59,Paid,0,0,0
INV-0017484,CUST-102914,2026-08-01,73.19,Paid,0,0,0
INV-0017485,CUST-102915,2026-03-01,68.56,Paid,0,0,0
INV-0017486,CUST-102915,2026-04-01,69.2,Paid,0,0,0
INV-0017487,CUST-102915,2026-05-01,70.06,Paid,0,0,0
INV-0017488,CUST-102915,2026-06-01,70.18,Paid,0,0,0
INV-0017489,CUST-102915,2026-07-01,67.82,Paid,0,0,0
INV-0017490,CUST-102915,2026-08-01,69.14,Paid,0,0,0
INV-0017491,CUST-102916,2026-03-01,86.63,Paid,0,0,0
INV-0017492,CUST-102916,2026-04-01,90.48,Paid,0,0,0
INV-0017493,CUST-102916,2026-05-01,84.77,Paid,0,0,0
INV-0017494,CUST-102916,2026-06-01,91.32,Paid,0,0,0
INV-0017495,CUST-102916,2026-07-01,91.11,Paid,0,0,0
INV-0017496,CUST-102916,2026-08-01,86.01,Paid,0,0,0
INV-0017497,CUST-102917,2026-03-01,97.8,Paid,0,0,0
INV-0017498,CUST-102917,2026-04-01,98.5,Paid,0,0,0
INV-0017499,CUST-102917,2026-05-01,103.14,Paid,0,0,0
INV-0017500,CUST-102917,2026-06-01,96.13,Paid,0,0,0
INV-0017501,CUST-102917,2026-07-01,100.21,Paid,0,0,0
INV-0017502,CUST-102917,2026-08-01,101.08,Paid,0,0,0
INV-0017503,CUST-102918,2026-03-01,80.4,Paid,0,0,0
INV-0017504,CUST-102918,2026-04-01,94.89,Paid,0,0,0
INV-0017505,CUST-102918,2026-05-01,74.32,Paid,0,0,0
INV-0017506,CUST-102918,2026-06-01,75.03,Paid,0,0,0
INV-0017507,CUST-102918,2026-07-01,92.8,Paid,0,0,0
INV-0017508,CUST-102918,2026-08-01,76.07,Paid,0,1,1
INV-0017509,CUST-102919,2026-03-01,33.87,Paid,0,0,0
INV-0017510,CUST-102919,2026-04-01,35.7,Paid,0,0,0
INV-0017511,CUST-102919,2026-05-01,34.63,Paid,0,0,0
INV-0017512,CUST-102919,2026-06-01,35.11,Late,28,0,0
INV-0017513,CUST-102919,2026-07-01,34.63,Paid,0,0,0
INV-0017514,CUST-102919,2026-08-01,36.21,Paid,0,0,0
INV-0017515,CUST-102920,2026-03-01,75.49,Paid,0,0,0
INV-0017516,CUST-102920,2026-04-01,77.11,Paid,0,0,0
INV-0017517,CUST-102920,2026-05-01,77.59,Late,5,0,0
INV-0017518,CUST-102920,2026-06-01,77.1,Paid,0,0,0
INV-0017519,CUST-102920,2026-07-01,77.44,Paid,0,0,0
INV-0017520,CUST-102920,2026-08-01,77.04,Paid,0,0,0
INV-0017521,CUST-102921,2026-03-01,189.54,Paid,0,0,0
INV-0017522,CUST-102921,2026-04-01,198.4,Paid,0,0,0
INV-0017523,CUST-102921,2026-05-01,188.48,Paid,0,0,0
INV-0017524,CUST-102921,2026-06-01,183.97,Paid,0,0,0
INV-0017525,CUST-102921,2026-07-01,192.27,Paid,0,0,0
INV-0017526,CUST-102921,2026-08-01,189.64,Paid,0,0,0
INV-0017527,CUST-102922,2026-03-01,36.38,Paid,0,0,0
INV-0017528,CUST-102922,2026-04-01,35.49,Paid,0,0,0
INV-0017529,CUST-102922,2026-05-01,36.18,Paid,0,0,0
INV-0017530,CUST-102922,2026-06-01,35.34,Late,27,0,0
INV-0017531,CUST-102922,2026-07-01,36.05,Paid,0,0,0
INV-0017532,CUST-102922,2026-08-01,37.2,Paid,0,0,0
INV-0017533,CUST-102923,2026-03-01,154.23,Paid,0,0,0
INV-0017534,CUST-102923,2026-04-01,161.97,Paid,0,0,0
INV-0017535,CUST-102923,2026-05-01,164.38,Paid,0,0,0
INV-0017536,CUST-102923,2026-06-01,153.0,Paid,0,0,0
INV-0017537,CUST-102923,2026-07-01,150.55,Paid,0,0,0
INV-0017538,CUST-102923,2026-08-01,155.89,Paid,0,0,0
INV-0017539,CUST-102924,2026-03-01,75.73,Paid,0,0,0
INV-0017540,CUST-102924,2026-04-01,74.54,Late,14,0,0
INV-0017541,CUST-102924,2026-05-01,75.6,Paid,0,0,0
INV-0017542,CUST-102924,2026-06-01,78.62,Paid,0,0,0
INV-0017543,CUST-102924,2026-07-01,78.77,Paid,0,0,0
INV-0017544,CUST-102924,2026-08-01,77.38,Paid,0,0,0
INV-0017545,CUST-102925,2026-03-01,72.66,Paid,0,0,0
INV-0017546,CUST-102925,2026-04-01,70.23,Paid,0,1,1
INV-0017547,CUST-102925,2026-05-01,68.47,Paid,0,0,0
INV-0017548,CUST-102925,2026-06-01,69.48,Paid,0,0,0
INV-0017549,CUST-102925,2026-07-01,72.8,Paid,0,0,0
INV-0017550,CUST-102925,2026-08-01,65.14,Paid,0,0,0
INV-0017551,CUST-102926,2026-03-01,28.42,Paid,0,0,0
INV-0017552,CUST-102926,2026-04-01,28.77,Paid,0,0,0
INV-0017553,CUST-102926,2026-05-01,28.73,Paid,0,0,0
INV-0017554,CUST-102926,2026-06-01,29.07,Paid,0,0,0
INV-0017555,CUST-102926,2026-07-01,28.69,Paid,0,0,0
INV-0017556,CUST-102926,2026-08-01,28.66,Paid,0,0,0
INV-0017557,CUST-102927,2026-03-01,78.5,Paid,0,1,0
INV-0017558,CUST-102927,2026-04-01,86.59,Paid,0,0,0
INV-0017559,CUST-102927,2026-05-01,74.59,Paid,0,1,1
INV-0017560,CUST-102927,2026-06-01,72.01,Paid,0,0,0
INV-0017561,CUST-102927,2026-07-01,83.6,Paid,0,0,0
INV-0017562,CUST-102927,2026-08-01,82.45,Paid,0,0,0
INV-0017563,CUST-102928,2026-03-01,81.76,Paid,0,0,0
INV-0017564,CUST-102928,2026-04-01,81.11,Paid,0,0,0
INV-0017565,CUST-102928,2026-05-01,80.19,Paid,0,0,0
INV-0017566,CUST-102928,2026-06-01,79.14,Paid,0,0,0
INV-0017567,CUST-102928,2026-07-01,79.81,Paid,0,0,0
INV-0017568,CUST-102928,2026-08-01,87.67,Paid,0,0,0
INV-0017569,CUST-102929,2026-03-01,34.4,Paid,0,0,0
INV-0017570,CUST-102929,2026-04-01,35.37,Paid,0,0,0
INV-0017571,CUST-102929,2026-05-01,34.59,Paid,0,0,0
INV-0017572,CUST-102929,2026-06-01,36.1,Paid,0,0,0
INV-0017573,CUST-102929,2026-07-01,33.76,Paid,0,0,0
INV-0017574,CUST-102929,2026-08-01,33.57,Paid,0,0,0
INV-0017575,CUST-102930,2026-03-01,79.8,Paid,0,0,0
INV-0017576,CUST-102930,2026-04-01,80.93,Paid,0,0,0
INV-0017577,CUST-102930,2026-05-01,78.34,Paid,0,0,0
INV-0017578,CUST-102930,2026-06-01,79.22,Paid,0,0,0
INV-0017579,CUST-102930,2026-07-01,79.34,Paid,0,0,0
INV-0017580,CUST-102930,2026-08-01,78.71,Paid,0,0,0
INV-0017581,CUST-102931,2026-03-01,139.28,Paid,0,0,0
INV-0017582,CUST-102931,2026-04-01,138.66,Paid,0,0,0
INV-0017583,CUST-102931,2026-05-01,133.86,Paid,0,0,0
INV-0017584,CUST-102931,2026-06-01,143.11,Paid,0,0,0
INV-0017585,CUST-102931,2026-07-01,135.42,Paid,0,0,0
INV-0017586,CUST-102931,2026-08-01,140.82,Paid,0,0,0
INV-0017587,CUST-102932,2026-03-01,36.32,Paid,0,0,0
INV-0017588,CUST-102932,2026-04-01,37.11,Paid,0,0,0
INV-0017589,CUST-102932,2026-05-01,37.75,Paid,0,0,0
INV-0017590,CUST-102932,2026-06-01,29.06,Paid,0,0,0
INV-0017591,CUST-102932,2026-07-01,29.23,Paid,0,0,0
INV-0017592,CUST-102932,2026-08-01,35.21,Paid,0,0,0
INV-0017593,CUST-102933,2026-03-01,35.83,Paid,0,0,0
INV-0017594,CUST-102933,2026-04-01,36.24,Paid,0,0,0
INV-0017595,CUST-102933,2026-05-01,35.86,Paid,0,0,0
INV-0017596,CUST-102933,2026-06-01,36.44,Paid,0,0,0
INV-0017597,CUST-102933,2026-07-01,38.1,Paid,0,0,0
INV-0017598,CUST-102933,2026-08-01,36.3,Paid,0,0,0
INV-0017599,CUST-102934,2026-03-01,42.15,Paid,0,0,0
INV-0017600,CUST-102934,2026-04-01,41.4,Paid,0,0,0
INV-0017601,CUST-102934,2026-05-01,41.75,Paid,0,0,0
INV-0017602,CUST-102934,2026-06-01,42.02,Paid,0,0,0
INV-0017603,CUST-102934,2026-07-01,44.0,Paid,0,0,0
INV-0017604,CUST-102934,2026-08-01,43.82,Paid,0,0,0
INV-0017605,CUST-102935,2026-03-01,30.37,Paid,0,0,0
INV-0017606,CUST-102935,2026-04-01,29.15,Paid,0,0,0
INV-0017607,CUST-102935,2026-05-01,31.45,Paid,0,0,0
INV-0017608,CUST-102935,2026-06-01,30.95,Paid,0,0,0
INV-0017609,CUST-102935,2026-07-01,29.65,Paid,0,0,0
INV-0017610,CUST-102935,2026-08-01,29.96,Paid,0,1,0
INV-0017611,CUST-102936,2026-03-01,81.21,Paid,0,0,0
INV-0017612,CUST-102936,2026-04-01,81.71,Paid,0,0,0
INV-0017613,CUST-102936,2026-05-01,77.08,Paid,0,0,0
INV-0017614,CUST-102936,2026-06-01,81.3,Paid,0,0,0
INV-0017615,CUST-102936,2026-07-01,82.71,Paid,0,0,0
INV-0017616,CUST-102936,2026-08-01,78.02,Paid,0,0,0
INV-0017617,CUST-102937,2026-03-01,84.68,Paid,0,0,0
INV-0017618,CUST-102937,2026-04-01,86.73,Paid,0,0,0
INV-0017619,CUST-102937,2026-05-01,86.17,Paid,0,1,0
INV-0017620,CUST-102937,2026-06-01,84.53,Paid,0,0,0
INV-0017621,CUST-102937,2026-07-01,85.18,Paid,0,0,0
INV-0017622,CUST-102937,2026-08-01,84.82,Paid,0,0,0
INV-0017623,CUST-102938,2026-03-01,86.29,Paid,0,0,0
INV-0017624,CUST-102938,2026-04-01,84.85,Paid,0,0,0
INV-0017625,CUST-102938,2026-05-01,89.24,Paid,0,1,0
INV-0017626,CUST-102938,2026-06-01,89.64,Paid,0,0,0
INV-0017627,CUST-102938,2026-07-01,87.23,Paid,0,0,0
INV-0017628,CUST-102938,2026-08-01,85.61,Paid,0,0,0
INV-0017629,CUST-102939,2026-03-01,462.94,Paid,0,0,0
INV-0017630,CUST-102939,2026-04-01,410.88,Paid,0,0,0
INV-0017631,CUST-102939,2026-05-01,415.55,Late,22,0,0
INV-0017632,CUST-102939,2026-06-01,535.5,Late,1,0,0
INV-0017633,CUST-102939,2026-07-01,419.44,Paid,0,1,0
INV-0017634,CUST-102939,2026-08-01,399.28,Paid,0,0,0
INV-0017635,CUST-102940,2026-03-01,41.08,Late,11,0,0
INV-0017636,CUST-102940,2026-04-01,42.11,Paid,0,0,0
INV-0017637,CUST-102940,2026-05-01,41.76,Paid,0,0,0
INV-0017638,CUST-102940,2026-06-01,42.7,Paid,0,0,0
INV-0017639,CUST-102940,2026-07-01,41.22,Paid,0,0,0
INV-0017640,CUST-102940,2026-08-01,41.78,Paid,0,0,0
INV-0017641,CUST-102941,2026-03-01,178.99,Paid,0,0,0
INV-0017642,CUST-102941,2026-04-01,181.2,Late,8,0,0
INV-0017643,CUST-102941,2026-05-01,184.7,Paid,0,0,0
INV-0017644,CUST-102941,2026-06-01,191.31,Paid,0,0,0
INV-0017645,CUST-102941,2026-07-01,190.45,Paid,0,0,0
INV-0017646,CUST-102941,2026-08-01,182.9,Paid,0,0,0
INV-0017647,CUST-102942,2026-03-01,83.29,Paid,0,0,0
INV-0017648,CUST-102942,2026-04-01,78.08,Paid,0,0,0
INV-0017649,CUST-102942,2026-05-01,82.73,Paid,0,0,0
INV-0017650,CUST-102942,2026-06-01,81.44,Paid,0,0,0
INV-0017651,CUST-102942,2026-07-01,78.08,Paid,0,0,0
INV-0017652,CUST-102942,2026-08-01,78.84,Paid,0,0,0
INV-0017653,CUST-102943,2026-03-01,160.04,Paid,0,0,0
INV-0017654,CUST-102943,2026-04-01,155.05,Paid,0,0,0
INV-0017655,CUST-102943,2026-05-01,162.9,Paid,0,0,0
INV-0017656,CUST-102943,2026-06-01,161.25,Paid,0,0,0
INV-0017657,CUST-102943,2026-07-01,163.57,Paid,0,0,0
INV-0017658,CUST-102943,2026-08-01,165.05,Paid,0,0,0
INV-0017659,CUST-102944,2026-03-01,63.54,Late,30,0,0
INV-0017660,CUST-102944,2026-04-01,66.21,Late,14,0,0
INV-0017661,CUST-102944,2026-05-01,70.74,Paid,0,1,0
INV-0017662,CUST-102944,2026-06-01,61.83,Late,30,0,0
INV-0017663,CUST-102944,2026-07-01,63.89,Paid,0,0,0
INV-0017664,CUST-102944,2026-08-01,60.93,Late,26,1,1
INV-0017665,CUST-102945,2026-03-01,341.05,Paid,0,0,0
INV-0017666,CUST-102945,2026-04-01,336.29,Paid,0,0,0
INV-0017667,CUST-102945,2026-05-01,336.4,Paid,0,0,0
INV-0017668,CUST-102945,2026-06-01,348.06,Paid,0,0,0
INV-0017669,CUST-102945,2026-07-01,340.88,Paid,0,0,0
INV-0017670,CUST-102945,2026-08-01,344.01,Paid,0,0,0
INV-0017671,CUST-102946,2026-03-01,46.6,Paid,0,0,0
INV-0017672,CUST-102946,2026-04-01,48.09,Late,14,0,0
INV-0017673,CUST-102946,2026-05-01,48.79,Paid,0,0,0
INV-0017674,CUST-102946,2026-06-01,49.42,Paid,0,0,0
INV-0017675,CUST-102946,2026-07-01,49.62,Paid,0,0,0
INV-0017676,CUST-102946,2026-08-01,48.85,Paid,0,0,0
INV-0017677,CUST-102947,2026-03-01,73.31,Paid,0,0,0
INV-0017678,CUST-102947,2026-04-01,73.38,Paid,0,0,0
INV-0017679,CUST-102947,2026-05-01,72.76,Paid,0,0,0
INV-0017680,CUST-102947,2026-06-01,74.02,Paid,0,0,0
INV-0017681,CUST-102947,2026-07-01,70.12,Paid,0,0,0
INV-0017682,CUST-102947,2026-08-01,69.76,Paid,0,0,0
INV-0017683,CUST-102948,2026-03-01,64.07,Paid,0,0,0
INV-0017684,CUST-102948,2026-04-01,64.29,Paid,0,0,0
INV-0017685,CUST-102948,2026-05-01,64.83,Paid,0,0,0
INV-0017686,CUST-102948,2026-06-01,64.47,Paid,0,0,0
INV-0017687,CUST-102948,2026-07-01,64.87,Paid,0,0,0
INV-0017688,CUST-102948,2026-08-01,64.9,Paid,0,1,1
INV-0017689,CUST-102949,2026-03-01,89.53,Late,32,1,1
INV-0017690,CUST-102949,2026-04-01,91.81,Paid,0,0,0
INV-0017691,CUST-102949,2026-05-01,89.97,Late,1,1,1
INV-0017692,CUST-102949,2026-06-01,91.98,Paid,0,1,0
INV-0017693,CUST-102949,2026-07-01,91.71,Paid,0,0,0
INV-0017694,CUST-102949,2026-08-01,89.88,Paid,0,0,0
INV-0017695,CUST-102950,2026-03-01,28.02,Paid,0,0,0
INV-0017696,CUST-102950,2026-04-01,27.8,Paid,0,0,0
INV-0017697,CUST-102950,2026-05-01,27.86,Paid,0,0,0
INV-0017698,CUST-102950,2026-06-01,29.0,Paid,0,0,0
INV-0017699,CUST-102950,2026-07-01,27.31,Paid,0,0,0
INV-0017700,CUST-102950,2026-08-01,27.5,Paid,0,1,1
INV-0017701,CUST-102951,2026-03-01,188.86,Paid,0,0,0
INV-0017702,CUST-102951,2026-04-01,198.45,Paid,0,0,0
INV-0017703,CUST-102951,2026-05-01,183.85,Paid,0,0,0
INV-0017704,CUST-102951,2026-06-01,182.57,Paid,0,0,0
INV-0017705,CUST-102951,2026-07-01,184.9,Paid,0,0,0
INV-0017706,CUST-102951,2026-08-01,189.64,Late,19,0,0
INV-0017707,CUST-102952,2026-03-01,38.54,Paid,0,0,0
INV-0017708,CUST-102952,2026-04-01,38.38,Paid,0,0,0
INV-0017709,CUST-102952,2026-05-01,37.32,Paid,0,0,0
INV-0017710,CUST-102952,2026-06-01,38.77,Paid,0,0,0
INV-0017711,CUST-102952,2026-07-01,37.96,Paid,0,0,0
INV-0017712,CUST-102952,2026-08-01,37.49,Paid,0,0,0
INV-0017713,CUST-102953,2026-03-01,72.16,Paid,0,0,0
INV-0017714,CUST-102953,2026-04-01,76.09,Paid,0,1,1
INV-0017715,CUST-102953,2026-05-01,78.1,Paid,0,0,0
INV-0017716,CUST-102953,2026-06-01,72.12,Paid,0,0,0
INV-0017717,CUST-102953,2026-07-01,73.99,Paid,0,0,0
INV-0017718,CUST-102953,2026-08-01,74.17,Paid,0,1,0
INV-0017719,CUST-102954,2026-03-01,170.25,Paid,0,0,0
INV-0017720,CUST-102954,2026-04-01,162.71,Paid,0,0,0
INV-0017721,CUST-102954,2026-05-01,168.83,Paid,0,0,0
INV-0017722,CUST-102954,2026-06-01,168.54,Paid,0,0,0
INV-0017723,CUST-102954,2026-07-01,166.36,Late,24,0,0
INV-0017724,CUST-102954,2026-08-01,165.72,Paid,0,0,0
INV-0017725,CUST-102955,2026-03-01,37.48,Paid,0,0,0
INV-0017726,CUST-102955,2026-04-01,40.0,Paid,0,0,0
INV-0017727,CUST-102955,2026-05-01,38.6,Paid,0,0,0
INV-0017728,CUST-102955,2026-06-01,40.03,Late,15,0,0
INV-0017729,CUST-102955,2026-07-01,40.75,Paid,0,0,0
INV-0017730,CUST-102955,2026-08-01,40.17,Paid,0,0,0
INV-0017731,CUST-102956,2026-03-01,70.7,Paid,0,0,0
INV-0017732,CUST-102956,2026-04-01,69.0,Paid,0,0,0
INV-0017733,CUST-102956,2026-05-01,73.19,Paid,0,0,0
INV-0017734,CUST-102956,2026-06-01,71.89,Paid,0,1,0
INV-0017735,CUST-102956,2026-07-01,70.89,Paid,0,0,0
INV-0017736,CUST-102956,2026-08-01,71.0,Paid,0,0,0
INV-0017737,CUST-102957,2026-03-01,144.54,Late,30,1,0
INV-0017738,CUST-102957,2026-04-01,142.81,Late,12,1,1
INV-0017739,CUST-102957,2026-05-01,140.8,Paid,0,0,0
INV-0017740,CUST-102957,2026-06-01,145.39,Paid,0,1,0
INV-0017741,CUST-102957,2026-07-01,145.05,Late,9,0,0
INV-0017742,CUST-102957,2026-08-01,143.15,Late,17,0,0
INV-0017743,CUST-102958,2026-03-01,40.25,Paid,0,1,1
INV-0017744,CUST-102958,2026-04-01,31.81,Paid,0,0,0
INV-0017745,CUST-102958,2026-05-01,37.95,Late,7,1,0
INV-0017746,CUST-102958,2026-06-01,31.72,Paid,0,0,0
INV-0017747,CUST-102958,2026-07-01,30.49,Paid,0,1,1
INV-0017748,CUST-102958,2026-08-01,32.6,Late,3,0,0
INV-0017749,CUST-102959,2026-03-01,124.87,Paid,0,0,0
INV-0017750,CUST-102959,2026-04-01,103.96,Paid,0,0,0
INV-0017751,CUST-102959,2026-05-01,107.12,Paid,0,0,0
INV-0017752,CUST-102959,2026-06-01,101.2,Paid,0,0,0
INV-0017753,CUST-102959,2026-07-01,100.98,Paid,0,0,0
INV-0017754,CUST-102959,2026-08-01,103.22,Late,16,0,0
INV-0017755,CUST-102960,2026-03-01,34.48,Paid,0,0,0
INV-0017756,CUST-102960,2026-04-01,35.6,Paid,0,0,0
INV-0017757,CUST-102960,2026-05-01,33.93,Paid,0,0,0
INV-0017758,CUST-102960,2026-06-01,35.76,Paid,0,0,0
INV-0017759,CUST-102960,2026-07-01,36.2,Paid,0,0,0
INV-0017760,CUST-102960,2026-08-01,34.2,Paid,0,0,0
INV-0017761,CUST-102961,2026-03-01,32.57,Paid,0,0,0
INV-0017762,CUST-102961,2026-04-01,30.76,Paid,0,0,0
INV-0017763,CUST-102961,2026-05-01,32.02,Paid,0,0,0
INV-0017764,CUST-102961,2026-06-01,32.76,Paid,0,0,0
INV-0017765,CUST-102961,2026-07-01,33.66,Paid,0,0,0
INV-0017766,CUST-102961,2026-08-01,32.83,Paid,0,0,0
INV-0017767,CUST-102962,2026-03-01,76.22,Paid,0,0,0
INV-0017768,CUST-102962,2026-04-01,77.94,Paid,0,0,0
INV-0017769,CUST-102962,2026-05-01,77.74,Paid,0,0,0
INV-0017770,CUST-102962,2026-06-01,80.73,Paid,0,0,0
INV-0017771,CUST-102962,2026-07-01,76.95,Paid,0,0,0
INV-0017772,CUST-102962,2026-08-01,80.88,Paid,0,0,0
INV-0017773,CUST-102963,2026-03-01,84.72,Paid,0,0,0
INV-0017774,CUST-102963,2026-04-01,84.69,Paid,0,0,0
INV-0017775,CUST-102963,2026-05-01,86.43,Paid,0,0,0
INV-0017776,CUST-102963,2026-06-01,86.8,Paid,0,0,0
INV-0017777,CUST-102963,2026-07-01,88.71,Paid,0,0,0
INV-0017778,CUST-102963,2026-08-01,85.25,Paid,0,1,0
INV-0017779,CUST-102964,2026-03-01,37.36,Paid,0,0,0
INV-0017780,CUST-102964,2026-04-01,37.34,Paid,0,0,0
INV-0017781,CUST-102964,2026-05-01,38.73,Paid,0,0,0
INV-0017782,CUST-102964,2026-06-01,38.76,Paid,0,0,0
INV-0017783,CUST-102964,2026-07-01,41.5,Paid,0,0,0
INV-0017784,CUST-102964,2026-08-01,37.02,Paid,0,0,0
INV-0017785,CUST-102965,2026-03-01,442.57,Paid,0,0,0
INV-0017786,CUST-102965,2026-04-01,407.9,Paid,0,0,0
INV-0017787,CUST-102965,2026-05-01,444.33,Late,11,0,0
INV-0017788,CUST-102965,2026-06-01,439.62,Paid,0,0,0
INV-0017789,CUST-102965,2026-07-01,458.61,Paid,0,0,0
INV-0017790,CUST-102965,2026-08-01,452.3,Paid,0,0,0
INV-0017791,CUST-102966,2026-03-01,79.53,Paid,0,0,0
INV-0017792,CUST-102966,2026-04-01,83.34,Paid,0,0,0
INV-0017793,CUST-102966,2026-05-01,81.05,Paid,0,0,0
INV-0017794,CUST-102966,2026-06-01,79.79,Paid,0,0,0
INV-0017795,CUST-102966,2026-07-01,79.28,Late,17,0,0
INV-0017796,CUST-102966,2026-08-01,80.02,Paid,0,0,0
INV-0017797,CUST-102967,2026-03-01,32.49,Paid,0,0,0
INV-0017798,CUST-102967,2026-04-01,32.05,Paid,0,0,0
INV-0017799,CUST-102967,2026-05-01,30.23,Paid,0,0,0
INV-0017800,CUST-102967,2026-06-01,31.3,Paid,0,0,0
INV-0017801,CUST-102967,2026-07-01,32.8,Paid,0,0,0
INV-0017802,CUST-102967,2026-08-01,32.69,Paid,0,0,0
INV-0017803,CUST-102968,2026-03-01,30.55,Paid,0,0,0
INV-0017804,CUST-102968,2026-04-01,29.78,Paid,0,0,0
INV-0017805,CUST-102968,2026-05-01,29.86,Paid,0,0,0
INV-0017806,CUST-102968,2026-06-01,28.37,Paid,0,0,0
INV-0017807,CUST-102968,2026-07-01,28.67,Late,23,0,0
INV-0017808,CUST-102968,2026-08-01,30.51,Paid,0,0,0
INV-0017809,CUST-102969,2026-03-01,71.87,Paid,0,0,0
INV-0017810,CUST-102969,2026-04-01,72.72,Paid,0,0,0
INV-0017811,CUST-102969,2026-05-01,74.33,Paid,0,0,0
INV-0017812,CUST-102969,2026-06-01,76.65,Paid,0,0,0
INV-0017813,CUST-102969,2026-07-01,75.96,Paid,0,0,0
INV-0017814,CUST-102969,2026-08-01,73.15,Paid,0,0,0
INV-0017815,CUST-102970,2026-03-01,88.55,Paid,0,1,0
INV-0017816,CUST-102970,2026-04-01,89.96,Paid,0,0,0
INV-0017817,CUST-102970,2026-05-01,92.24,Paid,0,0,0
INV-0017818,CUST-102970,2026-06-01,91.09,Paid,0,0,0
INV-0017819,CUST-102970,2026-07-01,90.91,Paid,0,0,0
INV-0017820,CUST-102970,2026-08-01,90.65,Paid,0,0,0
INV-0017821,CUST-102971,2026-03-01,145.08,Paid,0,0,0
INV-0017822,CUST-102971,2026-04-01,144.29,Paid,0,0,0
INV-0017823,CUST-102971,2026-05-01,142.39,Paid,0,0,0
INV-0017824,CUST-102971,2026-06-01,142.34,Paid,0,0,0
INV-0017825,CUST-102971,2026-07-01,141.53,Paid,0,0,0
INV-0017826,CUST-102971,2026-08-01,141.34,Late,25,0,0
INV-0017827,CUST-102972,2026-03-01,95.52,Paid,0,0,0
INV-0017828,CUST-102972,2026-04-01,95.93,Paid,0,0,0
INV-0017829,CUST-102972,2026-05-01,92.78,Paid,0,0,0
INV-0017830,CUST-102972,2026-06-01,96.27,Paid,0,0,0
INV-0017831,CUST-102972,2026-07-01,96.4,Late,14,0,0
INV-0017832,CUST-102972,2026-08-01,95.04,Paid,0,0,0
INV-0017833,CUST-102973,2026-03-01,32.55,Paid,0,0,0
INV-0017834,CUST-102973,2026-04-01,33.47,Paid,0,1,0
INV-0017835,CUST-102973,2026-05-01,34.01,Paid,0,0,0
INV-0017836,CUST-102973,2026-06-01,34.34,Paid,0,0,0
INV-0017837,CUST-102973,2026-07-01,32.91,Paid,0,0,0
INV-0017838,CUST-102973,2026-08-01,34.34,Paid,0,0,0
INV-0017839,CUST-102974,2026-03-01,33.88,Paid,0,0,0
INV-0017840,CUST-102974,2026-04-01,35.0,Paid,0,0,0
INV-0017841,CUST-102974,2026-05-01,36.17,Paid,0,0,0
INV-0017842,CUST-102974,2026-06-01,33.75,Paid,0,0,0
INV-0017843,CUST-102974,2026-07-01,34.32,Paid,0,0,0
INV-0017844,CUST-102974,2026-08-01,34.6,Paid,0,0,0
INV-0017845,CUST-102975,2026-03-01,161.2,Late,20,0,0
INV-0017846,CUST-102975,2026-04-01,206.86,Paid,0,1,1
INV-0017847,CUST-102975,2026-05-01,164.1,Paid,0,1,1
INV-0017848,CUST-102975,2026-06-01,155.75,Late,11,1,0
INV-0017849,CUST-102975,2026-07-01,164.59,Late,19,0,0
INV-0017850,CUST-102975,2026-08-01,157.11,Paid,0,0,0
INV-0017851,CUST-102976,2026-03-01,350.83,Paid,0,0,0
INV-0017852,CUST-102976,2026-04-01,376.15,Paid,0,0,0
INV-0017853,CUST-102976,2026-05-01,370.71,Paid,0,0,0
INV-0017854,CUST-102976,2026-06-01,376.51,Paid,0,0,0
INV-0017855,CUST-102976,2026-07-01,370.04,Late,9,0,0
INV-0017856,CUST-102976,2026-08-01,374.19,Paid,0,0,0
INV-0017857,CUST-102977,2026-03-01,156.57,Paid,0,0,0
INV-0017858,CUST-102977,2026-04-01,160.35,Late,8,0,0
INV-0017859,CUST-102977,2026-05-01,166.98,Paid,0,0,0
INV-0017860,CUST-102977,2026-06-01,160.11,Paid,0,0,0
INV-0017861,CUST-102977,2026-07-01,164.39,Paid,0,0,0
INV-0017862,CUST-102977,2026-08-01,167.12,Paid,0,1,0
INV-0017863,CUST-102978,2026-03-01,145.37,Paid,0,0,0
INV-0017864,CUST-102978,2026-04-01,144.69,Paid,0,0,0
INV-0017865,CUST-102978,2026-05-01,141.51,Paid,0,0,0
INV-0017866,CUST-102978,2026-06-01,147.07,Paid,0,0,0
INV-0017867,CUST-102978,2026-07-01,139.63,Paid,0,0,0
INV-0017868,CUST-102978,2026-08-01,136.72,Paid,0,0,0
INV-0017869,CUST-102979,2026-03-01,447.51,Paid,0,0,0
INV-0017870,CUST-102979,2026-04-01,455.42,Paid,0,0,0
INV-0017871,CUST-102979,2026-05-01,461.36,Paid,0,0,0
INV-0017872,CUST-102979,2026-06-01,478.57,Paid,0,0,0
INV-0017873,CUST-102979,2026-07-01,452.42,Paid,0,0,0
INV-0017874,CUST-102979,2026-08-01,461.95,Paid,0,0,0
INV-0017875,CUST-102980,2026-03-01,148.11,Paid,0,0,0
INV-0017876,CUST-102980,2026-04-01,200.41,Paid,0,1,0
INV-0017877,CUST-102980,2026-05-01,150.39,Paid,0,0,0
INV-0017878,CUST-102980,2026-06-01,152.56,Paid,0,1,0
INV-0017879,CUST-102980,2026-07-01,154.73,Late,6,1,0
INV-0017880,CUST-102980,2026-08-01,146.62,Late,16,0,0
INV-0017881,CUST-102981,2026-03-01,37.66,Paid,0,0,0
INV-0017882,CUST-102981,2026-04-01,36.96,Paid,0,0,0
INV-0017883,CUST-102981,2026-05-01,39.53,Paid,0,0,0
INV-0017884,CUST-102981,2026-06-01,37.87,Paid,0,0,0
INV-0017885,CUST-102981,2026-07-01,38.27,Paid,0,0,0
INV-0017886,CUST-102981,2026-08-01,38.61,Paid,0,0,0
INV-0017887,CUST-102982,2026-03-01,410.94,Paid,0,0,0
INV-0017888,CUST-102982,2026-04-01,418.41,Paid,0,0,0
INV-0017889,CUST-102982,2026-05-01,405.62,Paid,0,1,0
INV-0017890,CUST-102982,2026-06-01,389.2,Paid,0,0,0
INV-0017891,CUST-102982,2026-07-01,411.8,Paid,0,0,0
INV-0017892,CUST-102982,2026-08-01,420.46,Paid,0,0,0
INV-0017893,CUST-102983,2026-03-01,91.24,Paid,0,0,0
INV-0017894,CUST-102983,2026-04-01,91.96,Paid,0,0,0
INV-0017895,CUST-102983,2026-05-01,90.1,Paid,0,0,0
INV-0017896,CUST-102983,2026-06-01,90.45,Paid,0,0,0
INV-0017897,CUST-102983,2026-07-01,89.12,Paid,0,0,0
INV-0017898,CUST-102983,2026-08-01,86.39,Paid,0,0,0
INV-0017899,CUST-102984,2026-03-01,38.02,Paid,0,0,0
INV-0017900,CUST-102984,2026-04-01,36.68,Paid,0,0,0
INV-0017901,CUST-102984,2026-05-01,37.76,Paid,0,0,0
INV-0017902,CUST-102984,2026-06-01,37.42,Paid,0,0,0
INV-0017903,CUST-102984,2026-07-01,37.8,Paid,0,0,0
INV-0017904,CUST-102984,2026-08-01,35.7,Paid,0,0,0
INV-0017905,CUST-102985,2026-03-01,39.88,Paid,0,0,0
INV-0017906,CUST-102985,2026-04-01,39.29,Paid,0,0,0
INV-0017907,CUST-102985,2026-05-01,40.51,Paid,0,0,0
INV-0017908,CUST-102985,2026-06-01,40.41,Paid,0,0,0
INV-0017909,CUST-102985,2026-07-01,38.96,Paid,0,0,0
INV-0017910,CUST-102985,2026-08-01,39.96,Paid,0,0,0
INV-0017911,CUST-102986,2026-03-01,176.19,Paid,0,0,0
INV-0017912,CUST-102986,2026-04-01,183.29,Paid,0,0,0
INV-0017913,CUST-102986,2026-05-01,173.07,Paid,0,0,0
INV-0017914,CUST-102986,2026-06-01,179.59,Paid,0,0,0
INV-0017915,CUST-102986,2026-07-01,178.04,Paid,0,0,0
INV-0017916,CUST-102986,2026-08-01,173.84,Paid,0,0,0
INV-0017917,CUST-102987,2026-03-01,88.68,Paid,0,0,0
INV-0017918,CUST-102987,2026-04-01,89.23,Paid,0,0,0
INV-0017919,CUST-102987,2026-05-01,90.68,Paid,0,0,0
INV-0017920,CUST-102987,2026-06-01,91.5,Paid,0,0,0
INV-0017921,CUST-102987,2026-07-01,93.83,Late,28,0,0
INV-0017922,CUST-102987,2026-08-01,88.41,Paid,0,0,0
INV-0017923,CUST-102988,2026-03-01,130.66,Paid,0,0,0
INV-0017924,CUST-102988,2026-04-01,129.78,Paid,0,0,0
INV-0017925,CUST-102988,2026-05-01,128.96,Paid,0,0,0
INV-0017926,CUST-102988,2026-06-01,127.4,Paid,0,0,0
INV-0017927,CUST-102988,2026-07-01,126.48,Paid,0,0,0
INV-0017928,CUST-102988,2026-08-01,128.08,Paid,0,0,0
INV-0017929,CUST-102989,2026-03-01,39.29,Paid,0,0,0
INV-0017930,CUST-102989,2026-04-01,39.36,Paid,0,0,0
INV-0017931,CUST-102989,2026-05-01,40.19,Paid,0,0,0
INV-0017932,CUST-102989,2026-06-01,38.16,Paid,0,0,0
INV-0017933,CUST-102989,2026-07-01,38.82,Paid,0,0,0
INV-0017934,CUST-102989,2026-08-01,39.38,Paid,0,0,0
INV-0017935,CUST-102990,2026-03-01,374.84,Paid,0,0,0
INV-0017936,CUST-102990,2026-04-01,341.16,Paid,0,1,0
INV-0017937,CUST-102990,2026-05-01,350.25,Paid,0,0,0
INV-0017938,CUST-102990,2026-06-01,358.07,Paid,0,0,0
INV-0017939,CUST-102990,2026-07-01,360.87,Paid,0,1,1
INV-0017940,CUST-102990,2026-08-01,371.22,Paid,0,1,0
INV-0017941,CUST-102991,2026-03-01,160.31,Paid,0,0,0
INV-0017942,CUST-102991,2026-04-01,146.78,Paid,0,0,0
INV-0017943,CUST-102991,2026-05-01,155.81,Paid,0,0,0
INV-0017944,CUST-102991,2026-06-01,157.53,Paid,0,0,0
INV-0017945,CUST-102991,2026-07-01,155.28,Paid,0,0,0
INV-0017946,CUST-102991,2026-08-01,156.98,Paid,0,0,0
INV-0017947,CUST-102992,2026-03-01,35.75,Paid,0,0,0
INV-0017948,CUST-102992,2026-04-01,33.92,Paid,0,0,0
INV-0017949,CUST-102992,2026-05-01,36.29,Paid,0,0,0
INV-0017950,CUST-102992,2026-06-01,35.8,Paid,0,0,0
INV-0017951,CUST-102992,2026-07-01,37.0,Late,16,0,0
INV-0017952,CUST-102992,2026-08-01,35.53,Paid,0,0,0
INV-0017953,CUST-102993,2026-03-01,386.03,Paid,0,0,0
INV-0017954,CUST-102993,2026-04-01,404.55,Paid,0,0,0
INV-0017955,CUST-102993,2026-05-01,393.93,Paid,0,0,0
INV-0017956,CUST-102993,2026-06-01,405.9,Paid,0,0,0
INV-0017957,CUST-102993,2026-07-01,398.71,Paid,0,0,0
INV-0017958,CUST-102993,2026-08-01,419.88,Paid,0,0,0
INV-0017959,CUST-102994,2026-03-01,161.36,Paid,0,0,0
INV-0017960,CUST-102994,2026-04-01,167.77,Paid,0,0,0
INV-0017961,CUST-102994,2026-05-01,160.63,Late,18,0,0
INV-0017962,CUST-102994,2026-06-01,167.77,Paid,0,0,0
INV-0017963,CUST-102994,2026-07-01,167.41,Paid,0,0,0
INV-0017964,CUST-102994,2026-08-01,169.9,Paid,0,0,0
INV-0017965,CUST-102995,2026-03-01,401.95,Paid,0,0,0
INV-0017966,CUST-102995,2026-04-01,385.84,Paid,0,0,0
INV-0017967,CUST-102995,2026-05-01,383.96,Paid,0,0,0
INV-0017968,CUST-102995,2026-06-01,407.53,Paid,0,0,0
INV-0017969,CUST-102995,2026-07-01,389.47,Paid,0,0,0
INV-0017970,CUST-102995,2026-08-01,399.81,Paid,0,0,0
INV-0017971,CUST-102996,2026-03-01,45.66,Late,7,0,0
INV-0017972,CUST-102996,2026-04-01,52.42,Late,15,0,0
INV-0017973,CUST-102996,2026-05-01,51.54,Late,13,0,0
INV-0017974,CUST-102996,2026-06-01,38.29,Late,31,0,0
INV-0017975,CUST-102996,2026-07-01,41.19,Paid,0,0,0
INV-0017976,CUST-102996,2026-08-01,38.4,Paid,0,0,0
INV-0017977,CUST-102997,2026-03-01,145.63,Paid,0,0,0
INV-0017978,CUST-102997,2026-04-01,142.06,Paid,0,0,0
INV-0017979,CUST-102997,2026-05-01,139.12,Paid,0,0,0
INV-0017980,CUST-102997,2026-06-01,143.76,Paid,0,0,0
INV-0017981,CUST-102997,2026-07-01,143.72,Paid,0,1,1
INV-0017982,CUST-102997,2026-08-01,150.75,Paid,0,0,0
INV-0017983,CUST-102998,2026-03-01,81.4,Paid,0,0,0
INV-0017984,CUST-102998,2026-04-01,80.26,Paid,0,0,0
INV-0017985,CUST-102998,2026-05-01,78.86,Paid,0,0,0
INV-0017986,CUST-102998,2026-06-01,76.41,Paid,0,0,0
INV-0017987,CUST-102998,2026-07-01,77.16,Paid,0,0,0
INV-0017988,CUST-102998,2026-08-01,78.23,Paid,0,0,0
INV-0017989,CUST-102999,2026-03-01,205.81,Paid,0,0,0
INV-0017990,CUST-102999,2026-04-01,209.36,Paid,0,0,0
INV-0017991,CUST-102999,2026-05-01,202.71,Paid,0,0,0
INV-0017992,CUST-102999,2026-06-01,204.66,Paid,0,0,0
INV-0017993,CUST-102999,2026-07-01,199.31,Late,21,0,0
INV-0017994,CUST-102999,2026-08-01,208.75,Paid,0,0,0
INV-0017995,CUST-103000,2026-03-01,32.83,Paid,0,0,0
INV-0017996,CUST-103000,2026-04-01,34.09,Paid,0,0,0
INV-0017997,CUST-103000,2026-05-01,33.98,Paid,0,0,0
INV-0017998,CUST-103000,2026-06-01,32.73,Paid,0,0,0
INV-0017999,CUST-103000,2026-07-01,31.53,Paid,0,0,0
INV-0018000,CUST-103000,2026-08-01,32.05,Paid,0,0,0
