feedback_id,customer_id,feedback_date,csat_score,feedback_text
FB-0000001,CUST-100001,2026-06-28,9.1,The platform has been reliable and support was helpful.
FB-0000002,CUST-100001,2026-06-10,6.6,Everything worked well and the issue was resolved quickly.
FB-0000003,CUST-100001,2026-05-25,7.2,The platform has been reliable and support was helpful.
FB-0000004,CUST-100002,2026-06-17,4.7,I've contacted support multiple times for the same issue.
FB-0000005,CUST-100002,2026-07-07,4.2,I've contacted support multiple times for the same issue.
FB-0000006,CUST-100002,2026-02-17,2.9,The problem is still unresolved and this is becoming frustrating.
FB-0000007,CUST-100003,2026-06-22,9.6,"I was frustrated by the new interface, but overall the product is valuable."
FB-0000008,CUST-100003,2026-07-09,7.5,"The issue was annoying, but the team resolved it quickly."
FB-0000009,CUST-100004,2026-04-09,10.0,Everything worked well and the issue was resolved quickly.
FB-0000010,CUST-100004,2026-06-19,10.0,The platform has been reliable and support was helpful.
FB-0000011,CUST-100004,2026-06-04,8.2,Everything worked well and the issue was resolved quickly.
FB-0000012,CUST-100005,2026-05-22,9.6,The platform has been reliable and support was helpful.
FB-0000013,CUST-100005,2026-07-21,7.9,Everything worked well and the issue was resolved quickly.
FB-0000014,CUST-100005,2026-03-04,7.5,Everything worked well and the issue was resolved quickly.
FB-0000015,CUST-100005,2026-06-23,8.7,The platform has been reliable and support was helpful.
FB-0000016,CUST-100006,2026-06-09,8.3,Everything worked well and the issue was resolved quickly.
FB-0000017,CUST-100006,2026-04-07,8.9,Everything worked well and the issue was resolved quickly.
FB-0000018,CUST-100006,2026-07-13,7.2,The platform has been reliable and support was helpful.
FB-0000019,CUST-100006,2026-02-17,8.0,Everything worked well and the issue was resolved quickly.
FB-0000020,CUST-100007,2026-03-05,4.5,The service problems and billing issues make it difficult to justify continuing.
FB-0000021,CUST-100007,2026-05-27,2.2,We've had too many problems and are seriously considering alternatives.
FB-0000022,CUST-100007,2026-07-05,3.2,The service problems and billing issues make it difficult to justify continuing.
FB-0000023,CUST-100007,2026-05-31,2.0,The service problems and billing issues make it difficult to justify continuing.
FB-0000024,CUST-100008,2026-02-16,6.9,"I was frustrated by the new interface, but overall the product is valuable."
FB-0000025,CUST-100008,2026-05-01,7.5,"I was frustrated by the new interface, but overall the product is valuable."
FB-0000026,CUST-100008,2026-05-20,8.0,"The issue was annoying, but the team resolved it quickly."
FB-0000027,CUST-100008,2026-05-20,9.8,"I was frustrated by the new interface, but overall the product is valuable."
FB-0000028,CUST-100009,2026-02-16,10.0,Everything worked well and the issue was resolved quickly.
FB-0000029,CUST-100009,2026-03-25,9.1,Everything worked well and the issue was resolved quickly.
FB-0000030,CUST-100009,2026-06-14,8.3,The platform has been reliable and support was helpful.
FB-0000031,CUST-100010,2026-07-24,3.2,I've contacted support multiple times for the same issue.
FB-0000032,CUST-100010,2026-03-21,3.2,The problem is still unresolved and this is becoming frustrating.
FB-0000033,CUST-100011,2026-02-08,6.7,Everything worked well and the issue was resolved quickly.
FB-0000034,CUST-100011,2026-05-20,8.9,The platform has been reliable and support was helpful.
FB-0000035,CUST-100011,2026-05-26,8.2,Everything worked well and the issue was resolved quickly.
FB-0000036,CUST-100011,2026-05-01,8.4,The platform has been reliable and support was helpful.
FB-0000037,CUST-100012,2026-07-19,8.8,The platform has been reliable and support was helpful.
FB-0000038,CUST-100012,2026-05-23,8.4,Everything worked well and the issue was resolved quickly.
FB-0000039,CUST-100013,2026-05-22,9.5,The platform has been reliable and support was helpful.
FB-0000040,CUST-100013,2026-04-29,8.4,Everything worked well and the issue was resolved quickly.
FB-0000041,CUST-100013,2026-06-18,9.4,Everything worked well and the issue was resolved quickly.
FB-0000042,CUST-100014,2026-06-17,7.8,The platform has been reliable and support was helpful.
FB-0000043,CUST-100014,2026-02-10,10.0,Everything worked well and the issue was resolved quickly.
FB-0000044,CUST-100014,2026-02-23,6.1,Everything worked well and the issue was resolved quickly.
FB-0000045,CUST-100014,2026-03-27,9.4,Everything worked well and the issue was resolved quickly.
FB-0000046,CUST-100015,2026-05-05,6.0,The platform has been reliable and support was helpful.
FB-0000047,CUST-100015,2026-04-06,9.6,The platform has been reliable and support was helpful.
FB-0000048,CUST-100015,2026-02-07,7.8,The platform has been reliable and support was helpful.
FB-0000049,CUST-100016,2026-03-11,8.7,The platform has been reliable and support was helpful.
FB-0000050,CUST-100016,2026-05-18,7.3,The platform has been reliable and support was helpful.
FB-0000051,CUST-100016,2026-02-19,10.0,Everything worked well and the issue was resolved quickly.
FB-0000052,CUST-100016,2026-02-16,8.4,The platform has been reliable and support was helpful.
FB-0000053,CUST-100017,2026-03-23,7.7,I'm not sure we're getting enough value from the subscription.
FB-0000054,CUST-100017,2026-07-09,6.8,We aren't using the platform as much as before.
FB-0000055,CUST-100017,2026-05-17,8.8,I'm not sure we're getting enough value from the subscription.
FB-0000056,CUST-100018,2026-06-13,8.9,The platform has been reliable and support was helpful.
FB-0000057,CUST-100018,2026-04-23,9.2,The platform has been reliable and support was helpful.
FB-0000058,CUST-100018,2026-05-14,9.1,The platform has been reliable and support was helpful.
FB-0000059,CUST-100019,2026-06-27,3.8,I don't understand the latest invoice.
FB-0000060,CUST-100019,2026-05-13,6.4,There appears to be an unexpected charge on my account.
FB-0000061,CUST-100020,2026-07-18,8.1,The platform has been reliable and support was helpful.
FB-0000062,CUST-100020,2026-04-04,9.2,The platform has been reliable and support was helpful.
FB-0000063,CUST-100020,2026-04-13,9.0,The platform has been reliable and support was helpful.
FB-0000064,CUST-100021,2026-03-28,8.5,Everything worked well and the issue was resolved quickly.
FB-0000065,CUST-100021,2026-05-12,5.7,The platform has been reliable and support was helpful.
FB-0000066,CUST-100022,2026-05-04,4.4,There appears to be an unexpected charge on my account.
FB-0000067,CUST-100022,2026-03-31,6.8,There appears to be an unexpected charge on my account.
FB-0000068,CUST-100022,2026-04-04,4.7,I don't understand the latest invoice.
FB-0000069,CUST-100022,2026-03-18,6.6,There appears to be an unexpected charge on my account.
FB-0000070,CUST-100023,2026-03-21,8.5,We aren't using the platform as much as before.
FB-0000071,CUST-100023,2026-02-08,7.2,I'm not sure we're getting enough value from the subscription.
FB-0000072,CUST-100023,2026-04-14,8.1,We aren't using the platform as much as before.
FB-0000073,CUST-100023,2026-07-03,5.7,I'm not sure we're getting enough value from the subscription.
FB-0000074,CUST-100024,2026-07-23,5.8,I've contacted support multiple times for the same issue.
FB-0000075,CUST-100024,2026-03-10,6.6,I've contacted support multiple times for the same issue.
FB-0000076,CUST-100024,2026-04-17,4.0,The problem is still unresolved and this is becoming frustrating.
FB-0000077,CUST-100025,2026-02-28,8.0,Everything worked well and the issue was resolved quickly.
FB-0000078,CUST-100025,2026-07-16,9.6,Everything worked well and the issue was resolved quickly.
FB-0000079,CUST-100025,2026-03-07,8.7,Everything worked well and the issue was resolved quickly.
FB-0000080,CUST-100025,2026-06-12,9.1,Everything worked well and the issue was resolved quickly.
FB-0000081,CUST-100026,2026-02-25,3.3,The problem is still unresolved and this is becoming frustrating.
FB-0000082,CUST-100026,2026-02-16,4.1,The problem is still unresolved and this is becoming frustrating.
FB-0000083,CUST-100026,2026-07-05,4.8,I've contacted support multiple times for the same issue.
FB-0000084,CUST-100026,2026-05-08,4.8,The problem is still unresolved and this is becoming frustrating.
FB-0000085,CUST-100027,2026-06-05,3.8,The service problems and billing issues make it difficult to justify continuing.
FB-0000086,CUST-100027,2026-07-22,2.7,We've had too many problems and are seriously considering alternatives.
FB-0000087,CUST-100027,2026-03-01,4.0,We've had too many problems and are seriously considering alternatives.
FB-0000088,CUST-100027,2026-03-30,4.6,We've had too many problems and are seriously considering alternatives.
FB-0000089,CUST-100028,2026-04-04,3.2,We're evaluating alternatives and may move away from the platform.
FB-0000090,CUST-100028,2026-05-31,4.1,We're evaluating alternatives and may move away from the platform.
FB-0000091,CUST-100028,2026-03-21,5.1,We are considering cancelling at renewal.
FB-0000092,CUST-100029,2026-05-13,5.2,I'm not sure we're getting enough value from the subscription.
FB-0000093,CUST-100029,2026-07-17,4.7,I'm not sure we're getting enough value from the subscription.
FB-0000094,CUST-100029,2026-06-18,6.6,We aren't using the platform as much as before.
FB-0000095,CUST-100029,2026-04-25,6.2,We aren't using the platform as much as before.
FB-0000096,CUST-100030,2026-04-28,7.5,"I was frustrated by the new interface, but overall the product is valuable."
FB-0000097,CUST-100030,2026-03-13,9.5,"I was frustrated by the new interface, but overall the product is valuable."
FB-0000098,CUST-100031,2026-07-25,4.3,We're evaluating alternatives and may move away from the platform.
FB-0000099,CUST-100031,2026-03-23,5.3,We are considering cancelling at renewal.
FB-0000100,CUST-100031,2026-06-21,3.7,We are considering cancelling at renewal.
FB-0000101,CUST-100032,2026-03-17,5.3,We've had too many problems and are seriously considering alternatives.
FB-0000102,CUST-100032,2026-07-02,3.5,The service problems and billing issues make it difficult to justify continuing.
FB-0000103,CUST-100033,2026-04-15,5.3,The problem is still unresolved and this is becoming frustrating.
FB-0000104,CUST-100033,2026-07-20,3.0,The problem is still unresolved and this is becoming frustrating.
FB-0000105,CUST-100033,2026-04-16,5.1,The problem is still unresolved and this is becoming frustrating.
FB-0000106,CUST-100034,2026-02-05,3.9,I don't understand the latest invoice.
FB-0000107,CUST-100034,2026-05-16,7.2,I don't understand the latest invoice.
FB-0000108,CUST-100035,2026-06-22,8.9,The platform has been reliable and support was helpful.
FB-0000109,CUST-100035,2026-02-24,9.7,The platform has been reliable and support was helpful.
FB-0000110,CUST-100035,2026-06-06,7.1,Everything worked well and the issue was resolved quickly.
FB-0000111,CUST-100036,2026-06-07,9.3,Everything worked well and the issue was resolved quickly.
FB-0000112,CUST-100036,2026-05-25,8.5,The platform has been reliable and support was helpful.
FB-0000113,CUST-100036,2026-04-18,8.8,Everything worked well and the issue was resolved quickly.
FB-0000114,CUST-100037,2026-06-25,6.8,I'm not sure we're getting enough value from the subscription.
FB-0000115,CUST-100037,2026-05-04,8.2,I'm not sure we're getting enough value from the subscription.
FB-0000116,CUST-100037,2026-04-19,6.0,I'm not sure we're getting enough value from the subscription.
FB-0000117,CUST-100038,2026-04-06,7.1,Everything worked well and the issue was resolved quickly.
FB-0000118,CUST-100038,2026-02-18,9.3,Everything worked well and the issue was resolved quickly.
FB-0000119,CUST-100038,2026-02-09,7.9,Everything worked well and the issue was resolved quickly.
FB-0000120,CUST-100038,2026-05-07,9.0,The platform has been reliable and support was helpful.
FB-0000121,CUST-100039,2026-03-26,9.1,The platform has been reliable and support was helpful.
FB-0000122,CUST-100039,2026-07-10,9.3,The platform has been reliable and support was helpful.
FB-0000123,CUST-100039,2026-06-01,10.0,The platform has been reliable and support was helpful.
FB-0000124,CUST-100040,2026-06-30,4.5,Several important features are not working as expected.
FB-0000125,CUST-100040,2026-03-22,6.3,The recent product changes made our workflow harder.
FB-0000126,CUST-100040,2026-02-05,4.2,Several important features are not working as expected.
FB-0000127,CUST-100040,2026-02-22,4.6,Several important features are not working as expected.
FB-0000128,CUST-100041,2026-04-12,6.2,There appears to be an unexpected charge on my account.
FB-0000129,CUST-100041,2026-07-08,4.4,There appears to be an unexpected charge on my account.
FB-0000130,CUST-100041,2026-05-15,6.2,There appears to be an unexpected charge on my account.
FB-0000131,CUST-100042,2026-06-17,8.5,Everything worked well and the issue was resolved quickly.
FB-0000132,CUST-100042,2026-05-21,8.3,The platform has been reliable and support was helpful.
FB-0000133,CUST-100043,2026-05-15,9.0,The platform has been reliable and support was helpful.
FB-0000134,CUST-100043,2026-03-24,8.9,The platform has been reliable and support was helpful.
FB-0000135,CUST-100043,2026-04-09,9.6,The platform has been reliable and support was helpful.
FB-0000136,CUST-100043,2026-06-03,7.5,The platform has been reliable and support was helpful.
FB-0000137,CUST-100044,2026-06-17,7.8,Everything worked well and the issue was resolved quickly.
FB-0000138,CUST-100044,2026-03-26,8.5,The platform has been reliable and support was helpful.
FB-0000139,CUST-100044,2026-06-17,10.0,Everything worked well and the issue was resolved quickly.
FB-0000140,CUST-100045,2026-07-10,8.7,The platform has been reliable and support was helpful.
FB-0000141,CUST-100045,2026-06-20,9.4,Everything worked well and the issue was resolved quickly.
FB-0000142,CUST-100046,2026-06-27,5.0,I've contacted support multiple times for the same issue.
FB-0000143,CUST-100046,2026-02-10,5.0,I've contacted support multiple times for the same issue.
FB-0000144,CUST-100046,2026-02-03,4.7,The problem is still unresolved and this is becoming frustrating.
FB-0000145,CUST-100046,2026-07-15,5.6,I've contacted support multiple times for the same issue.
FB-0000146,CUST-100047,2026-02-27,6.0,I'm not sure we're getting enough value from the subscription.
FB-0000147,CUST-100047,2026-02-07,7.2,We aren't using the platform as much as before.
FB-0000148,CUST-100047,2026-06-18,7.2,We aren't using the platform as much as before.
FB-0000149,CUST-100047,2026-03-20,7.7,We aren't using the platform as much as before.
FB-0000150,CUST-100048,2026-07-24,7.3,We aren't using the platform as much as before.
FB-0000151,CUST-100048,2026-05-02,7.2,I'm not sure we're getting enough value from the subscription.
FB-0000152,CUST-100048,2026-06-26,7.3,We aren't using the platform as much as before.
FB-0000153,CUST-100049,2026-06-16,7.9,Everything worked well and the issue was resolved quickly.
FB-0000154,CUST-100049,2026-05-20,9.5,The platform has been reliable and support was helpful.
FB-0000155,CUST-100049,2026-05-01,8.7,The platform has been reliable and support was helpful.
FB-0000156,CUST-100049,2026-06-08,9.1,Everything worked well and the issue was resolved quickly.
FB-0000157,CUST-100050,2026-04-20,5.5,There appears to be an unexpected charge on my account.
FB-0000158,CUST-100050,2026-04-23,6.9,There appears to be an unexpected charge on my account.
FB-0000159,CUST-100050,2026-05-25,5.8,I don't understand the latest invoice.
FB-0000160,CUST-100050,2026-02-24,5.5,There appears to be an unexpected charge on my account.
FB-0000161,CUST-100051,2026-03-05,7.8,"I was frustrated by the new interface, but overall the product is valuable."
FB-0000162,CUST-100051,2026-05-18,8.6,"The issue was annoying, but the team resolved it quickly."
FB-0000163,CUST-100051,2026-06-19,8.0,"The issue was annoying, but the team resolved it quickly."
FB-0000164,CUST-100052,2026-06-27,10.0,The platform has been reliable and support was helpful.
FB-0000165,CUST-100052,2026-03-05,9.2,Everything worked well and the issue was resolved quickly.
FB-0000166,CUST-100052,2026-05-08,9.8,Everything worked well and the issue was resolved quickly.
FB-0000167,CUST-100053,2026-04-03,8.2,Everything worked well and the issue was resolved quickly.
FB-0000168,CUST-100053,2026-02-12,9.6,The platform has been reliable and support was helpful.
FB-0000169,CUST-100053,2026-07-25,8.8,The platform has been reliable and support was helpful.
FB-0000170,CUST-100053,2026-05-28,8.2,Everything worked well and the issue was resolved quickly.
FB-0000171,CUST-100054,2026-05-27,5.2,I don't understand the latest invoice.
FB-0000172,CUST-100054,2026-07-09,5.1,There appears to be an unexpected charge on my account.
FB-0000173,CUST-100054,2026-03-15,6.4,There appears to be an unexpected charge on my account.
FB-0000174,CUST-100055,2026-02-03,3.3,We've had too many problems and are seriously considering alternatives.
FB-0000175,CUST-100055,2026-04-05,4.3,The service problems and billing issues make it difficult to justify continuing.
FB-0000176,CUST-100055,2026-04-19,4.0,We've had too many problems and are seriously considering alternatives.
FB-0000177,CUST-100055,2026-02-22,4.9,The service problems and billing issues make it difficult to justify continuing.
FB-0000178,CUST-100056,2026-02-08,4.2,I've contacted support multiple times for the same issue.
FB-0000179,CUST-100056,2026-02-20,4.6,The problem is still unresolved and this is becoming frustrating.
FB-0000180,CUST-100056,2026-07-14,5.7,I've contacted support multiple times for the same issue.
FB-0000181,CUST-100057,2026-02-20,4.1,The problem is still unresolved and this is becoming frustrating.
FB-0000182,CUST-100057,2026-06-17,4.4,I've contacted support multiple times for the same issue.
FB-0000183,CUST-100058,2026-07-05,7.2,The platform has been reliable and support was helpful.
FB-0000184,CUST-100058,2026-03-15,8.2,The platform has been reliable and support was helpful.
FB-0000185,CUST-100058,2026-05-27,8.0,The platform has been reliable and support was helpful.
FB-0000186,CUST-100058,2026-05-23,9.8,Everything worked well and the issue was resolved quickly.
FB-0000187,CUST-100059,2026-07-01,7.9,"The issue was annoying, but the team resolved it quickly."
FB-0000188,CUST-100059,2026-04-27,7.7,"I was frustrated by the new interface, but overall the product is valuable."
FB-0000189,CUST-100059,2026-04-30,7.6,"I was frustrated by the new interface, but overall the product is valuable."
FB-0000190,CUST-100060,2026-06-05,8.7,The platform has been reliable and support was helpful.
FB-0000191,CUST-100060,2026-07-23,8.5,Everything worked well and the issue was resolved quickly.
FB-0000192,CUST-100060,2026-03-18,8.9,Everything worked well and the issue was resolved quickly.
FB-0000193,CUST-100060,2026-03-11,10.0,The platform has been reliable and support was helpful.
FB-0000194,CUST-100061,2026-04-15,8.4,Everything worked well and the issue was resolved quickly.
FB-0000195,CUST-100061,2026-02-10,7.5,The platform has been reliable and support was helpful.
FB-0000196,CUST-100061,2026-02-13,8.1,Everything worked well and the issue was resolved quickly.
FB-0000197,CUST-100061,2026-04-21,8.0,Everything worked well and the issue was resolved quickly.
FB-0000198,CUST-100062,2026-04-20,7.2,Everything worked well and the issue was resolved quickly.
FB-0000199,CUST-100062,2026-07-21,7.6,Everything worked well and the issue was resolved quickly.
FB-0000200,CUST-100062,2026-03-11,9.7,The platform has been reliable and support was helpful.
FB-0000201,CUST-100062,2026-05-21,7.9,Everything worked well and the issue was resolved quickly.
FB-0000202,CUST-100063,2026-03-29,3.3,I've contacted support multiple times for the same issue.
FB-0000203,CUST-100063,2026-02-18,4.8,I've contacted support multiple times for the same issue.
FB-0000204,CUST-100063,2026-02-12,6.7,I've contacted support multiple times for the same issue.
FB-0000205,CUST-100064,2026-03-25,6.9,The platform has been reliable and support was helpful.
FB-0000206,CUST-100064,2026-06-21,10.0,The platform has been reliable and support was helpful.
FB-0000207,CUST-100064,2026-07-12,9.1,The platform has been reliable and support was helpful.
FB-0000208,CUST-100064,2026-06-23,9.3,The platform has been reliable and support was helpful.
FB-0000209,CUST-100065,2026-03-09,9.6,Everything worked well and the issue was resolved quickly.
FB-0000210,CUST-100065,2026-05-22,8.0,The platform has been reliable and support was helpful.
FB-0000211,CUST-100065,2026-07-07,10.0,The platform has been reliable and support was helpful.
FB-0000212,CUST-100066,2026-04-04,3.7,The recent product changes made our workflow harder.
FB-0000213,CUST-100066,2026-06-16,6.0,Several important features are not working as expected.
FB-0000214,CUST-100067,2026-07-23,7.8,The platform has been reliable and support was helpful.
FB-0000215,CUST-100067,2026-05-14,9.3,The platform has been reliable and support was helpful.
FB-0000216,CUST-100067,2026-04-11,8.2,Everything worked well and the issue was resolved quickly.
FB-0000217,CUST-100068,2026-03-08,8.5,The platform has been reliable and support was helpful.
FB-0000218,CUST-100068,2026-06-25,8.4,Everything worked well and the issue was resolved quickly.
FB-0000219,CUST-100068,2026-07-24,9.6,The platform has been reliable and support was helpful.
FB-0000220,CUST-100069,2026-02-23,4.9,I've contacted support multiple times for the same issue.
FB-0000221,CUST-100069,2026-04-22,5.1,The problem is still unresolved and this is becoming frustrating.
FB-0000222,CUST-100069,2026-02-15,3.2,I've contacted support multiple times for the same issue.
FB-0000223,CUST-100069,2026-05-26,4.6,I've contacted support multiple times for the same issue.
FB-0000224,CUST-100070,2026-02-09,6.2,"The issue was annoying, but the team resolved it quickly."
FB-0000225,CUST-100070,2026-06-14,8.1,"I was frustrated by the new interface, but overall the product is valuable."
FB-0000226,CUST-100070,2026-05-05,8.3,"I was frustrated by the new interface, but overall the product is valuable."
FB-0000227,CUST-100070,2026-03-01,7.8,"I was frustrated by the new interface, but overall the product is valuable."
FB-0000228,CUST-100071,2026-07-24,8.6,Everything worked well and the issue was resolved quickly.
FB-0000229,CUST-100071,2026-07-13,7.5,The platform has been reliable and support was helpful.
FB-0000230,CUST-100071,2026-07-22,9.5,The platform has been reliable and support was helpful.
FB-0000231,CUST-100072,2026-04-17,5.0,The problem is still unresolved and this is becoming frustrating.
FB-0000232,CUST-100072,2026-04-19,4.8,The problem is still unresolved and this is becoming frustrating.
FB-0000233,CUST-100072,2026-02-06,5.8,The problem is still unresolved and this is becoming frustrating.
FB-0000234,CUST-100073,2026-04-12,8.2,The platform has been reliable and support was helpful.
FB-0000235,CUST-100073,2026-06-26,8.4,The platform has been reliable and support was helpful.
FB-0000236,CUST-100073,2026-05-04,8.1,The platform has been reliable and support was helpful.
FB-0000237,CUST-100073,2026-04-30,9.3,The platform has been reliable and support was helpful.
FB-0000238,CUST-100074,2026-06-01,3.0,We are considering cancelling at renewal.
FB-0000239,CUST-100074,2026-03-29,2.7,We are considering cancelling at renewal.
FB-0000240,CUST-100074,2026-07-02,5.6,We are considering cancelling at renewal.
FB-0000241,CUST-100074,2026-04-24,3.6,We're evaluating alternatives and may move away from the platform.
FB-0000242,CUST-100075,2026-03-03,8.6,Everything worked well and the issue was resolved quickly.
FB-0000243,CUST-100075,2026-06-26,7.9,Everything worked well and the issue was resolved quickly.
FB-0000244,CUST-100075,2026-02-08,9.3,The platform has been reliable and support was helpful.
FB-0000245,CUST-100076,2026-03-07,7.7,The platform has been reliable and support was helpful.
FB-0000246,CUST-100076,2026-05-22,7.7,The platform has been reliable and support was helpful.
FB-0000247,CUST-100077,2026-04-30,4.0,The recent product changes made our workflow harder.
FB-0000248,CUST-100077,2026-03-06,3.8,The recent product changes made our workflow harder.
FB-0000249,CUST-100077,2026-02-16,5.2,The recent product changes made our workflow harder.
FB-0000250,CUST-100077,2026-03-12,5.8,The recent product changes made our workflow harder.
FB-0000251,CUST-100078,2026-07-06,5.9,I've contacted support multiple times for the same issue.
FB-0000252,CUST-100078,2026-05-26,6.4,The problem is still unresolved and this is becoming frustrating.
FB-0000253,CUST-100079,2026-04-01,4.0,I've contacted support multiple times for the same issue.
FB-0000254,CUST-100079,2026-03-27,3.0,I've contacted support multiple times for the same issue.
FB-0000255,CUST-100079,2026-04-23,5.1,I've contacted support multiple times for the same issue.
FB-0000256,CUST-100080,2026-07-25,9.3,The platform has been reliable and support was helpful.
FB-0000257,CUST-100080,2026-07-10,10.0,Everything worked well and the issue was resolved quickly.
FB-0000258,CUST-100080,2026-03-16,7.4,Everything worked well and the issue was resolved quickly.
FB-0000259,CUST-100080,2026-03-05,8.2,Everything worked well and the issue was resolved quickly.
FB-0000260,CUST-100081,2026-03-29,4.6,We've had too many problems and are seriously considering alternatives.
FB-0000261,CUST-100081,2026-07-03,1.3,We've had too many problems and are seriously considering alternatives.
FB-0000262,CUST-100082,2026-03-13,7.5,We aren't using the platform as much as before.
FB-0000263,CUST-100082,2026-06-25,6.6,We aren't using the platform as much as before.
FB-0000264,CUST-100082,2026-03-23,8.2,I'm not sure we're getting enough value from the subscription.
FB-0000265,CUST-100083,2026-04-20,7.2,I'm not sure we're getting enough value from the subscription.
FB-0000266,CUST-100083,2026-03-23,6.6,I'm not sure we're getting enough value from the subscription.
FB-0000267,CUST-100084,2026-03-01,8.4,The platform has been reliable and support was helpful.
FB-0000268,CUST-100084,2026-06-05,8.1,Everything worked well and the issue was resolved quickly.
FB-0000269,CUST-100084,2026-06-01,8.6,Everything worked well and the issue was resolved quickly.
FB-0000270,CUST-100085,2026-02-27,10.0,Everything worked well and the issue was resolved quickly.
FB-0000271,CUST-100085,2026-06-26,8.9,Everything worked well and the issue was resolved quickly.
FB-0000272,CUST-100086,2026-06-28,9.8,The platform has been reliable and support was helpful.
FB-0000273,CUST-100086,2026-05-26,7.6,The platform has been reliable and support was helpful.
FB-0000274,CUST-100086,2026-04-16,9.8,Everything worked well and the issue was resolved quickly.
FB-0000275,CUST-100086,2026-05-13,9.0,Everything worked well and the issue was resolved quickly.
FB-0000276,CUST-100087,2026-07-15,7.9,The platform has been reliable and support was helpful.
FB-0000277,CUST-100087,2026-04-13,8.0,The platform has been reliable and support was helpful.
FB-0000278,CUST-100088,2026-05-12,4.5,We've had too many problems and are seriously considering alternatives.
FB-0000279,CUST-100088,2026-05-13,5.2,The service problems and billing issues make it difficult to justify continuing.
FB-0000280,CUST-100088,2026-06-20,3.5,We've had too many problems and are seriously considering alternatives.
FB-0000281,CUST-100089,2026-06-21,6.6,I'm not sure we're getting enough value from the subscription.
FB-0000282,CUST-100089,2026-04-27,5.6,We aren't using the platform as much as before.
FB-0000283,CUST-100089,2026-02-18,5.0,I'm not sure we're getting enough value from the subscription.
FB-0000284,CUST-100089,2026-06-04,5.1,We aren't using the platform as much as before.
FB-0000285,CUST-100090,2026-06-22,4.0,We're evaluating alternatives and may move away from the platform.
FB-0000286,CUST-100090,2026-02-25,4.7,We are considering cancelling at renewal.
FB-0000287,CUST-100090,2026-02-16,2.5,We are considering cancelling at renewal.
FB-0000288,CUST-100091,2026-07-21,7.4,I'm not sure we're getting enough value from the subscription.
FB-0000289,CUST-100091,2026-03-03,7.0,We aren't using the platform as much as before.
FB-0000290,CUST-100091,2026-05-17,5.7,We aren't using the platform as much as before.
FB-0000291,CUST-100092,2026-02-11,6.8,I'm not sure we're getting enough value from the subscription.
FB-0000292,CUST-100092,2026-07-06,7.2,We aren't using the platform as much as before.
FB-0000293,CUST-100092,2026-07-02,7.6,I'm not sure we're getting enough value from the subscription.
FB-0000294,CUST-100093,2026-06-29,10.0,The platform has been reliable and support was helpful.
FB-0000295,CUST-100093,2026-07-13,7.7,Everything worked well and the issue was resolved quickly.
FB-0000296,CUST-100093,2026-05-14,9.8,Everything worked well and the issue was resolved quickly.
FB-0000297,CUST-100094,2026-05-14,7.5,I'm not sure we're getting enough value from the subscription.
FB-0000298,CUST-100094,2026-03-14,6.7,I'm not sure we're getting enough value from the subscription.
FB-0000299,CUST-100095,2026-07-16,9.2,The platform has been reliable and support was helpful.
FB-0000300,CUST-100095,2026-07-19,8.9,The platform has been reliable and support was helpful.
FB-0000301,CUST-100095,2026-05-30,9.3,Everything worked well and the issue was resolved quickly.
FB-0000302,CUST-100095,2026-04-06,10.0,The platform has been reliable and support was helpful.
FB-0000303,CUST-100096,2026-02-09,8.3,The platform has been reliable and support was helpful.
FB-0000304,CUST-100096,2026-06-23,9.3,Everything worked well and the issue was resolved quickly.
FB-0000305,CUST-100096,2026-05-03,9.3,The platform has been reliable and support was helpful.
FB-0000306,CUST-100097,2026-07-12,6.3,I don't understand the latest invoice.
FB-0000307,CUST-100097,2026-03-02,7.1,There appears to be an unexpected charge on my account.
FB-0000308,CUST-100098,2026-05-10,1.7,We've had too many problems and are seriously considering alternatives.
FB-0000309,CUST-100098,2026-02-25,4.2,We've had too many problems and are seriously considering alternatives.
FB-0000310,CUST-100098,2026-04-02,5.0,The service problems and billing issues make it difficult to justify continuing.
FB-0000311,CUST-100098,2026-05-30,3.5,The service problems and billing issues make it difficult to justify continuing.
FB-0000312,CUST-100099,2026-06-29,4.3,The problem is still unresolved and this is becoming frustrating.
FB-0000313,CUST-100099,2026-06-24,5.1,I've contacted support multiple times for the same issue.
FB-0000314,CUST-100100,2026-03-30,8.3,The platform has been reliable and support was helpful.
FB-0000315,CUST-100100,2026-02-12,7.7,Everything worked well and the issue was resolved quickly.
FB-0000316,CUST-100100,2026-02-25,8.2,The platform has been reliable and support was helpful.
FB-0000317,CUST-100101,2026-04-17,7.2,I don't understand the latest invoice.
FB-0000318,CUST-100101,2026-03-12,4.8,I don't understand the latest invoice.
FB-0000319,CUST-100101,2026-02-08,4.6,There appears to be an unexpected charge on my account.
FB-0000320,CUST-100102,2026-06-16,6.4,I'm not sure we're getting enough value from the subscription.
FB-0000321,CUST-100102,2026-06-22,8.2,We aren't using the platform as much as before.
FB-0000322,CUST-100103,2026-06-17,3.0,We are considering cancelling at renewal.
FB-0000323,CUST-100103,2026-07-08,3.2,We're evaluating alternatives and may move away from the platform.
FB-0000324,CUST-100104,2026-03-17,2.3,We're evaluating alternatives and may move away from the platform.
FB-0000325,CUST-100104,2026-02-26,2.8,We're evaluating alternatives and may move away from the platform.
FB-0000326,CUST-100105,2026-06-30,5.5,The problem is still unresolved and this is becoming frustrating.
FB-0000327,CUST-100105,2026-04-15,3.3,I've contacted support multiple times for the same issue.
FB-0000328,CUST-100105,2026-05-09,5.4,I've contacted support multiple times for the same issue.
FB-0000329,CUST-100106,2026-07-09,9.6,Everything worked well and the issue was resolved quickly.
FB-0000330,CUST-100106,2026-07-02,9.6,Everything worked well and the issue was resolved quickly.
FB-0000331,CUST-100107,2026-05-29,3.5,We've had too many problems and are seriously considering alternatives.
FB-0000332,CUST-100107,2026-04-23,3.3,We've had too many problems and are seriously considering alternatives.
FB-0000333,CUST-100107,2026-05-04,2.9,The service problems and billing issues make it difficult to justify continuing.
FB-0000334,CUST-100107,2026-05-10,4.1,The service problems and billing issues make it difficult to justify continuing.
FB-0000335,CUST-100108,2026-02-24,5.0,The problem is still unresolved and this is becoming frustrating.
FB-0000336,CUST-100108,2026-06-05,5.7,The problem is still unresolved and this is becoming frustrating.
FB-0000337,CUST-100109,2026-04-02,9.9,The platform has been reliable and support was helpful.
FB-0000338,CUST-100109,2026-02-25,9.6,The platform has been reliable and support was helpful.
FB-0000339,CUST-100110,2026-05-30,6.8,We aren't using the platform as much as before.
FB-0000340,CUST-100110,2026-03-18,7.4,We aren't using the platform as much as before.
FB-0000341,CUST-100110,2026-07-22,3.7,We aren't using the platform as much as before.
FB-0000342,CUST-100110,2026-05-15,7.0,I'm not sure we're getting enough value from the subscription.
FB-0000343,CUST-100111,2026-05-26,7.4,I'm not sure we're getting enough value from the subscription.
FB-0000344,CUST-100111,2026-04-21,6.6,We aren't using the platform as much as before.
FB-0000345,CUST-100111,2026-05-12,8.4,I'm not sure we're getting enough value from the subscription.
FB-0000346,CUST-100112,2026-06-04,5.1,The problem is still unresolved and this is becoming frustrating.
FB-0000347,CUST-100112,2026-03-10,4.0,The problem is still unresolved and this is becoming frustrating.
FB-0000348,CUST-100112,2026-05-22,5.2,The problem is still unresolved and this is becoming frustrating.
FB-0000349,CUST-100113,2026-02-25,5.5,I don't understand the latest invoice.
FB-0000350,CUST-100113,2026-06-05,5.9,I don't understand the latest invoice.
FB-0000351,CUST-100113,2026-05-24,7.6,I don't understand the latest invoice.
FB-0000352,CUST-100113,2026-02-24,5.9,I don't understand the latest invoice.
FB-0000353,CUST-100114,2026-03-26,9.9,The platform has been reliable and support was helpful.
FB-0000354,CUST-100114,2026-06-13,8.7,The platform has been reliable and support was helpful.
FB-0000355,CUST-100114,2026-07-08,10.0,Everything worked well and the issue was resolved quickly.
FB-0000356,CUST-100115,2026-05-16,8.5,The platform has been reliable and support was helpful.
FB-0000357,CUST-100115,2026-06-12,9.6,Everything worked well and the issue was resolved quickly.
FB-0000358,CUST-100115,2026-06-28,10.0,Everything worked well and the issue was resolved quickly.
FB-0000359,CUST-100115,2026-05-29,7.3,The platform has been reliable and support was helpful.
FB-0000360,CUST-100116,2026-03-09,7.7,The platform has been reliable and support was helpful.
FB-0000361,CUST-100116,2026-02-16,10.0,The platform has been reliable and support was helpful.
FB-0000362,CUST-100117,2026-04-07,7.7,Everything worked well and the issue was resolved quickly.
FB-0000363,CUST-100117,2026-07-03,6.6,Everything worked well and the issue was resolved quickly.
FB-0000364,CUST-100118,2026-03-28,7.5,Everything worked well and the issue was resolved quickly.
FB-0000365,CUST-100118,2026-04-17,7.0,The platform has been reliable and support was helpful.
FB-0000366,CUST-100118,2026-06-08,8.0,The platform has been reliable and support was helpful.
FB-0000367,CUST-100119,2026-04-19,5.1,I've contacted support multiple times for the same issue.
FB-0000368,CUST-100119,2026-03-10,3.8,The problem is still unresolved and this is becoming frustrating.
FB-0000369,CUST-100120,2026-04-11,7.3,Everything worked well and the issue was resolved quickly.
FB-0000370,CUST-100120,2026-06-26,7.1,Everything worked well and the issue was resolved quickly.
FB-0000371,CUST-100120,2026-07-01,7.7,Everything worked well and the issue was resolved quickly.
FB-0000372,CUST-100120,2026-03-15,7.5,The platform has been reliable and support was helpful.
FB-0000373,CUST-100121,2026-05-05,4.7,The problem is still unresolved and this is becoming frustrating.
FB-0000374,CUST-100121,2026-06-19,4.6,The problem is still unresolved and this is becoming frustrating.
FB-0000375,CUST-100122,2026-03-09,9.0,The platform has been reliable and support was helpful.
FB-0000376,CUST-100122,2026-05-15,10.0,The platform has been reliable and support was helpful.
FB-0000377,CUST-100122,2026-03-24,8.6,The platform has been reliable and support was helpful.
FB-0000378,CUST-100123,2026-04-13,4.2,Several important features are not working as expected.
FB-0000379,CUST-100123,2026-05-29,5.4,The recent product changes made our workflow harder.
FB-0000380,CUST-100123,2026-07-21,5.6,Several important features are not working as expected.
FB-0000381,CUST-100123,2026-04-23,5.9,The recent product changes made our workflow harder.
FB-0000382,CUST-100124,2026-04-26,7.7,Everything worked well and the issue was resolved quickly.
FB-0000383,CUST-100124,2026-05-11,9.0,Everything worked well and the issue was resolved quickly.
FB-0000384,CUST-100124,2026-04-25,8.7,Everything worked well and the issue was resolved quickly.
FB-0000385,CUST-100125,2026-06-14,2.9,We've had too many problems and are seriously considering alternatives.
FB-0000386,CUST-100125,2026-03-30,4.0,The service problems and billing issues make it difficult to justify continuing.
FB-0000387,CUST-100126,2026-05-22,8.9,Everything worked well and the issue was resolved quickly.
FB-0000388,CUST-100126,2026-02-13,9.1,The platform has been reliable and support was helpful.
FB-0000389,CUST-100127,2026-05-16,7.2,We aren't using the platform as much as before.
FB-0000390,CUST-100127,2026-02-22,7.5,I'm not sure we're getting enough value from the subscription.
FB-0000391,CUST-100127,2026-06-27,8.4,I'm not sure we're getting enough value from the subscription.
FB-0000392,CUST-100128,2026-03-14,7.9,Everything worked well and the issue was resolved quickly.
FB-0000393,CUST-100128,2026-02-09,8.2,The platform has been reliable and support was helpful.
FB-0000394,CUST-100128,2026-05-17,10.0,The platform has been reliable and support was helpful.
FB-0000395,CUST-100128,2026-03-21,8.5,The platform has been reliable and support was helpful.
FB-0000396,CUST-100129,2026-06-19,10.0,The platform has been reliable and support was helpful.
FB-0000397,CUST-100129,2026-03-02,7.0,The platform has been reliable and support was helpful.
FB-0000398,CUST-100129,2026-06-30,7.9,Everything worked well and the issue was resolved quickly.
FB-0000399,CUST-100130,2026-04-06,7.6,Everything worked well and the issue was resolved quickly.
FB-0000400,CUST-100130,2026-04-21,8.2,Everything worked well and the issue was resolved quickly.
FB-0000401,CUST-100131,2026-04-23,5.2,I've contacted support multiple times for the same issue.
FB-0000402,CUST-100131,2026-07-13,4.0,The problem is still unresolved and this is becoming frustrating.
FB-0000403,CUST-100132,2026-06-21,4.5,The problem is still unresolved and this is becoming frustrating.
FB-0000404,CUST-100132,2026-04-23,4.0,The problem is still unresolved and this is becoming frustrating.
FB-0000405,CUST-100132,2026-03-24,4.3,I've contacted support multiple times for the same issue.
FB-0000406,CUST-100132,2026-06-10,5.4,The problem is still unresolved and this is becoming frustrating.
FB-0000407,CUST-100133,2026-07-16,9.3,Everything worked well and the issue was resolved quickly.
FB-0000408,CUST-100133,2026-07-01,9.5,Everything worked well and the issue was resolved quickly.
FB-0000409,CUST-100134,2026-02-20,8.0,The platform has been reliable and support was helpful.
FB-0000410,CUST-100134,2026-07-06,9.2,The platform has been reliable and support was helpful.
FB-0000411,CUST-100135,2026-03-26,5.0,The problem is still unresolved and this is becoming frustrating.
FB-0000412,CUST-100135,2026-04-23,4.7,The problem is still unresolved and this is becoming frustrating.
FB-0000413,CUST-100136,2026-04-27,5.1,I've contacted support multiple times for the same issue.
FB-0000414,CUST-100136,2026-05-23,5.7,I've contacted support multiple times for the same issue.
FB-0000415,CUST-100136,2026-02-27,2.8,The problem is still unresolved and this is becoming frustrating.
FB-0000416,CUST-100136,2026-07-16,6.1,The problem is still unresolved and this is becoming frustrating.
FB-0000417,CUST-100137,2026-05-21,8.9,The platform has been reliable and support was helpful.
FB-0000418,CUST-100137,2026-03-08,8.0,The platform has been reliable and support was helpful.
FB-0000419,CUST-100137,2026-05-09,7.2,Everything worked well and the issue was resolved quickly.
FB-0000420,CUST-100138,2026-04-26,9.6,The platform has been reliable and support was helpful.
FB-0000421,CUST-100138,2026-04-22,7.9,Everything worked well and the issue was resolved quickly.
FB-0000422,CUST-100138,2026-03-23,7.6,The platform has been reliable and support was helpful.
FB-0000423,CUST-100138,2026-02-04,8.8,The platform has been reliable and support was helpful.
FB-0000424,CUST-100139,2026-03-25,8.1,Everything worked well and the issue was resolved quickly.
FB-0000425,CUST-100139,2026-06-04,8.8,The platform has been reliable and support was helpful.
FB-0000426,CUST-100140,2026-06-05,7.1,The platform has been reliable and support was helpful.
FB-0000427,CUST-100140,2026-06-02,9.8,The platform has been reliable and support was helpful.
FB-0000428,CUST-100140,2026-04-04,9.3,Everything worked well and the issue was resolved quickly.
FB-0000429,CUST-100141,2026-05-02,8.2,The platform has been reliable and support was helpful.
FB-0000430,CUST-100141,2026-04-07,7.7,Everything worked well and the issue was resolved quickly.
FB-0000431,CUST-100141,2026-03-04,9.0,Everything worked well and the issue was resolved quickly.
FB-0000432,CUST-100142,2026-05-21,8.1,Everything worked well and the issue was resolved quickly.
FB-0000433,CUST-100142,2026-03-25,10.0,The platform has been reliable and support was helpful.
FB-0000434,CUST-100143,2026-02-08,8.5,The platform has been reliable and support was helpful.
FB-0000435,CUST-100143,2026-07-05,8.8,Everything worked well and the issue was resolved quickly.
FB-0000436,CUST-100144,2026-06-12,4.7,The problem is still unresolved and this is becoming frustrating.
FB-0000437,CUST-100144,2026-05-22,5.9,I've contacted support multiple times for the same issue.
FB-0000438,CUST-100145,2026-02-19,7.9,Everything worked well and the issue was resolved quickly.
FB-0000439,CUST-100145,2026-02-19,8.5,The platform has been reliable and support was helpful.
FB-0000440,CUST-100146,2026-05-27,6.8,Everything worked well and the issue was resolved quickly.
FB-0000441,CUST-100146,2026-05-03,7.3,Everything worked well and the issue was resolved quickly.
FB-0000442,CUST-100146,2026-02-14,7.0,Everything worked well and the issue was resolved quickly.
FB-0000443,CUST-100147,2026-03-13,7.2,Everything worked well and the issue was resolved quickly.
FB-0000444,CUST-100147,2026-03-21,8.7,The platform has been reliable and support was helpful.
FB-0000445,CUST-100147,2026-02-26,8.3,Everything worked well and the issue was resolved quickly.
FB-0000446,CUST-100148,2026-05-07,7.1,There appears to be an unexpected charge on my account.
FB-0000447,CUST-100148,2026-03-29,3.4,There appears to be an unexpected charge on my account.
FB-0000448,CUST-100148,2026-03-04,5.1,There appears to be an unexpected charge on my account.
FB-0000449,CUST-100149,2026-05-19,9.1,The platform has been reliable and support was helpful.
FB-0000450,CUST-100149,2026-05-18,8.7,Everything worked well and the issue was resolved quickly.
FB-0000451,CUST-100149,2026-04-27,8.6,Everything worked well and the issue was resolved quickly.
FB-0000452,CUST-100149,2026-06-17,7.8,The platform has been reliable and support was helpful.
FB-0000453,CUST-100150,2026-07-22,4.9,The recent product changes made our workflow harder.
FB-0000454,CUST-100150,2026-03-17,6.2,The recent product changes made our workflow harder.
FB-0000455,CUST-100151,2026-05-08,6.9,I'm not sure we're getting enough value from the subscription.
FB-0000456,CUST-100151,2026-04-25,7.8,I'm not sure we're getting enough value from the subscription.
FB-0000457,CUST-100152,2026-04-21,8.0,The platform has been reliable and support was helpful.
FB-0000458,CUST-100152,2026-04-01,9.6,Everything worked well and the issue was resolved quickly.
FB-0000459,CUST-100153,2026-03-30,7.8,Everything worked well and the issue was resolved quickly.
FB-0000460,CUST-100153,2026-07-20,7.3,The platform has been reliable and support was helpful.
FB-0000461,CUST-100153,2026-04-13,7.7,Everything worked well and the issue was resolved quickly.
FB-0000462,CUST-100153,2026-07-13,7.8,Everything worked well and the issue was resolved quickly.
FB-0000463,CUST-100154,2026-07-13,9.7,The platform has been reliable and support was helpful.
FB-0000464,CUST-100154,2026-04-18,8.6,The platform has been reliable and support was helpful.
FB-0000465,CUST-100155,2026-06-29,3.4,We're evaluating alternatives and may move away from the platform.
FB-0000466,CUST-100155,2026-03-14,4.7,We are considering cancelling at renewal.
FB-0000467,CUST-100156,2026-03-04,5.1,The service problems and billing issues make it difficult to justify continuing.
FB-0000468,CUST-100156,2026-05-08,2.3,We've had too many problems and are seriously considering alternatives.
FB-0000469,CUST-100156,2026-06-01,3.8,We've had too many problems and are seriously considering alternatives.
FB-0000470,CUST-100156,2026-03-06,3.5,The service problems and billing issues make it difficult to justify continuing.
FB-0000471,CUST-100157,2026-04-24,8.5,Everything worked well and the issue was resolved quickly.
FB-0000472,CUST-100157,2026-03-08,7.5,Everything worked well and the issue was resolved quickly.
FB-0000473,CUST-100157,2026-04-14,8.4,Everything worked well and the issue was resolved quickly.
FB-0000474,CUST-100158,2026-06-27,8.2,Everything worked well and the issue was resolved quickly.
FB-0000475,CUST-100158,2026-02-13,7.6,The platform has been reliable and support was helpful.
FB-0000476,CUST-100158,2026-02-22,9.9,The platform has been reliable and support was helpful.
FB-0000477,CUST-100159,2026-06-30,8.7,"The issue was annoying, but the team resolved it quickly."
FB-0000478,CUST-100159,2026-06-14,8.3,"I was frustrated by the new interface, but overall the product is valuable."
FB-0000479,CUST-100159,2026-04-06,8.5,"I was frustrated by the new interface, but overall the product is valuable."
FB-0000480,CUST-100159,2026-04-11,9.1,"I was frustrated by the new interface, but overall the product is valuable."
FB-0000481,CUST-100160,2026-05-13,5.0,I've contacted support multiple times for the same issue.
FB-0000482,CUST-100160,2026-02-07,5.2,The problem is still unresolved and this is becoming frustrating.
FB-0000483,CUST-100161,2026-06-24,6.9,Everything worked well and the issue was resolved quickly.
FB-0000484,CUST-100161,2026-07-14,9.5,Everything worked well and the issue was resolved quickly.
FB-0000485,CUST-100161,2026-03-13,10.0,Everything worked well and the issue was resolved quickly.
FB-0000486,CUST-100161,2026-02-26,7.8,The platform has been reliable and support was helpful.
FB-0000487,CUST-100162,2026-07-24,2.8,The service problems and billing issues make it difficult to justify continuing.
FB-0000488,CUST-100162,2026-06-21,5.2,We've had too many problems and are seriously considering alternatives.
FB-0000489,CUST-100162,2026-04-11,2.4,We've had too many problems and are seriously considering alternatives.
FB-0000490,CUST-100162,2026-02-19,1.3,We've had too many problems and are seriously considering alternatives.
FB-0000491,CUST-100163,2026-06-01,3.3,The service problems and billing issues make it difficult to justify continuing.
FB-0000492,CUST-100163,2026-04-03,5.1,The service problems and billing issues make it difficult to justify continuing.
FB-0000493,CUST-100164,2026-06-21,5.5,There appears to be an unexpected charge on my account.
FB-0000494,CUST-100164,2026-03-08,7.1,I don't understand the latest invoice.
FB-0000495,CUST-100165,2026-07-03,1.7,We are considering cancelling at renewal.
FB-0000496,CUST-100165,2026-02-21,3.5,We're evaluating alternatives and may move away from the platform.
FB-0000497,CUST-100166,2026-02-16,8.1,The platform has been reliable and support was helpful.
FB-0000498,CUST-100166,2026-02-24,7.1,Everything worked well and the issue was resolved quickly.
FB-0000499,CUST-100167,2026-03-17,6.4,The problem is still unresolved and this is becoming frustrating.
FB-0000500,CUST-100167,2026-07-13,3.5,The problem is still unresolved and this is becoming frustrating.
FB-0000501,CUST-100167,2026-06-20,5.9,The problem is still unresolved and this is becoming frustrating.
FB-0000502,CUST-100167,2026-04-13,6.0,I've contacted support multiple times for the same issue.
FB-0000503,CUST-100168,2026-05-06,7.6,Everything worked well and the issue was resolved quickly.
FB-0000504,CUST-100168,2026-03-06,7.1,Everything worked well and the issue was resolved quickly.
FB-0000505,CUST-100169,2026-02-15,5.3,I've contacted support multiple times for the same issue.
FB-0000506,CUST-100169,2026-02-20,3.5,The problem is still unresolved and this is becoming frustrating.
FB-0000507,CUST-100170,2026-04-24,5.8,I'm not sure we're getting enough value from the subscription.
FB-0000508,CUST-100170,2026-07-02,7.1,We aren't using the platform as much as before.
FB-0000509,CUST-100171,2026-03-28,5.7,I've contacted support multiple times for the same issue.
FB-0000510,CUST-100171,2026-05-24,5.8,The problem is still unresolved and this is becoming frustrating.
FB-0000511,CUST-100171,2026-04-12,5.4,I've contacted support multiple times for the same issue.
FB-0000512,CUST-100172,2026-02-14,3.8,We are considering cancelling at renewal.
FB-0000513,CUST-100172,2026-05-13,3.7,We're evaluating alternatives and may move away from the platform.
FB-0000514,CUST-100172,2026-04-23,3.9,We're evaluating alternatives and may move away from the platform.
FB-0000515,CUST-100172,2026-07-21,2.4,We are considering cancelling at renewal.
FB-0000516,CUST-100173,2026-07-04,7.3,I don't understand the latest invoice.
FB-0000517,CUST-100173,2026-06-19,5.6,There appears to be an unexpected charge on my account.
FB-0000518,CUST-100173,2026-04-04,3.8,I don't understand the latest invoice.
FB-0000519,CUST-100174,2026-05-16,6.3,There appears to be an unexpected charge on my account.
FB-0000520,CUST-100174,2026-02-03,4.4,I don't understand the latest invoice.
FB-0000521,CUST-100175,2026-04-17,10.0,Everything worked well and the issue was resolved quickly.
FB-0000522,CUST-100175,2026-07-20,8.8,Everything worked well and the issue was resolved quickly.
FB-0000523,CUST-100175,2026-04-23,9.6,Everything worked well and the issue was resolved quickly.
FB-0000524,CUST-100175,2026-02-04,7.5,Everything worked well and the issue was resolved quickly.
FB-0000525,CUST-100176,2026-03-01,8.2,Everything worked well and the issue was resolved quickly.
FB-0000526,CUST-100176,2026-07-01,9.0,Everything worked well and the issue was resolved quickly.
FB-0000527,CUST-100176,2026-04-12,7.6,The platform has been reliable and support was helpful.
FB-0000528,CUST-100177,2026-04-22,8.1,"The issue was annoying, but the team resolved it quickly."
FB-0000529,CUST-100177,2026-06-23,9.8,"I was frustrated by the new interface, but overall the product is valuable."
FB-0000530,CUST-100177,2026-03-07,7.5,"The issue was annoying, but the team resolved it quickly."
FB-0000531,CUST-100178,2026-07-10,8.5,The platform has been reliable and support was helpful.
FB-0000532,CUST-100178,2026-04-19,8.4,Everything worked well and the issue was resolved quickly.
FB-0000533,CUST-100179,2026-03-16,4.0,We are considering cancelling at renewal.
FB-0000534,CUST-100179,2026-04-07,4.2,We are considering cancelling at renewal.
FB-0000535,CUST-100179,2026-03-13,3.4,We are considering cancelling at renewal.
FB-0000536,CUST-100179,2026-04-11,2.8,We are considering cancelling at renewal.
FB-0000537,CUST-100180,2026-02-22,4.8,We are considering cancelling at renewal.
FB-0000538,CUST-100180,2026-07-15,3.9,We're evaluating alternatives and may move away from the platform.
FB-0000539,CUST-100180,2026-07-26,2.5,We are considering cancelling at renewal.
FB-0000540,CUST-100180,2026-04-26,2.0,We are considering cancelling at renewal.
FB-0000541,CUST-100181,2026-07-24,6.3,I've contacted support multiple times for the same issue.
FB-0000542,CUST-100181,2026-02-12,5.0,The problem is still unresolved and this is becoming frustrating.
FB-0000543,CUST-100182,2026-02-26,3.7,I've contacted support multiple times for the same issue.
FB-0000544,CUST-100182,2026-04-17,4.8,I've contacted support multiple times for the same issue.
FB-0000545,CUST-100182,2026-06-05,5.5,I've contacted support multiple times for the same issue.
FB-0000546,CUST-100183,2026-06-04,6.3,There appears to be an unexpected charge on my account.
FB-0000547,CUST-100183,2026-05-31,7.2,There appears to be an unexpected charge on my account.
FB-0000548,CUST-100183,2026-07-11,5.7,There appears to be an unexpected charge on my account.
FB-0000549,CUST-100183,2026-07-17,7.0,I don't understand the latest invoice.
FB-0000550,CUST-100184,2026-06-06,5.7,I'm not sure we're getting enough value from the subscription.
FB-0000551,CUST-100184,2026-02-07,5.9,We aren't using the platform as much as before.
FB-0000552,CUST-100184,2026-03-01,6.8,We aren't using the platform as much as before.
FB-0000553,CUST-100184,2026-07-18,6.5,I'm not sure we're getting enough value from the subscription.
FB-0000554,CUST-100185,2026-06-20,9.4,Everything worked well and the issue was resolved quickly.
FB-0000555,CUST-100185,2026-05-05,8.9,Everything worked well and the issue was resolved quickly.
FB-0000556,CUST-100185,2026-06-13,8.9,Everything worked well and the issue was resolved quickly.
FB-0000557,CUST-100186,2026-04-19,7.4,I don't understand the latest invoice.
FB-0000558,CUST-100186,2026-07-11,5.0,I don't understand the latest invoice.
FB-0000559,CUST-100186,2026-07-16,7.6,I don't understand the latest invoice.
FB-0000560,CUST-100186,2026-05-15,6.3,There appears to be an unexpected charge on my account.
FB-0000561,CUST-100187,2026-04-19,6.4,Several important features are not working as expected.
FB-0000562,CUST-100187,2026-02-24,5.9,The recent product changes made our workflow harder.
FB-0000563,CUST-100188,2026-05-14,4.7,I've contacted support multiple times for the same issue.
FB-0000564,CUST-100188,2026-06-04,3.6,The problem is still unresolved and this is becoming frustrating.
FB-0000565,CUST-100188,2026-04-29,5.4,I've contacted support multiple times for the same issue.
FB-0000566,CUST-100188,2026-03-24,4.2,I've contacted support multiple times for the same issue.
FB-0000567,CUST-100189,2026-03-19,2.5,The recent product changes made our workflow harder.
FB-0000568,CUST-100189,2026-07-15,5.2,Several important features are not working as expected.
FB-0000569,CUST-100189,2026-04-14,5.9,The recent product changes made our workflow harder.
FB-0000570,CUST-100190,2026-06-15,6.8,We aren't using the platform as much as before.
FB-0000571,CUST-100190,2026-07-10,8.0,I'm not sure we're getting enough value from the subscription.
FB-0000572,CUST-100190,2026-03-21,5.3,I'm not sure we're getting enough value from the subscription.
FB-0000573,CUST-100190,2026-05-01,6.9,We aren't using the platform as much as before.
FB-0000574,CUST-100191,2026-07-11,8.5,The platform has been reliable and support was helpful.
FB-0000575,CUST-100191,2026-03-31,8.3,The platform has been reliable and support was helpful.
FB-0000576,CUST-100192,2026-04-15,2.8,The service problems and billing issues make it difficult to justify continuing.
FB-0000577,CUST-100192,2026-04-12,3.6,The service problems and billing issues make it difficult to justify continuing.
FB-0000578,CUST-100192,2026-03-19,4.7,The service problems and billing issues make it difficult to justify continuing.
FB-0000579,CUST-100193,2026-02-04,5.6,I don't understand the latest invoice.
FB-0000580,CUST-100193,2026-05-06,4.7,There appears to be an unexpected charge on my account.
FB-0000581,CUST-100194,2026-06-14,4.7,We've had too many problems and are seriously considering alternatives.
FB-0000582,CUST-100194,2026-03-25,4.1,We've had too many problems and are seriously considering alternatives.
FB-0000583,CUST-100194,2026-04-28,3.0,The service problems and billing issues make it difficult to justify continuing.
FB-0000584,CUST-100195,2026-05-14,9.3,Everything worked well and the issue was resolved quickly.
FB-0000585,CUST-100195,2026-06-26,6.9,Everything worked well and the issue was resolved quickly.
FB-0000586,CUST-100195,2026-02-12,9.9,Everything worked well and the issue was resolved quickly.
FB-0000587,CUST-100195,2026-05-15,7.3,Everything worked well and the issue was resolved quickly.
FB-0000588,CUST-100196,2026-03-17,7.7,Everything worked well and the issue was resolved quickly.
FB-0000589,CUST-100196,2026-06-22,10.0,The platform has been reliable and support was helpful.
FB-0000590,CUST-100196,2026-02-28,10.0,The platform has been reliable and support was helpful.
FB-0000591,CUST-100197,2026-05-16,5.1,The problem is still unresolved and this is becoming frustrating.
FB-0000592,CUST-100197,2026-05-28,5.9,The problem is still unresolved and this is becoming frustrating.
FB-0000593,CUST-100197,2026-06-11,4.5,The problem is still unresolved and this is becoming frustrating.
FB-0000594,CUST-100198,2026-04-26,5.7,I don't understand the latest invoice.
FB-0000595,CUST-100198,2026-02-11,4.4,I don't understand the latest invoice.
FB-0000596,CUST-100198,2026-02-13,6.7,I don't understand the latest invoice.
FB-0000597,CUST-100199,2026-02-25,7.4,The platform has been reliable and support was helpful.
FB-0000598,CUST-100199,2026-07-22,7.5,Everything worked well and the issue was resolved quickly.
FB-0000599,CUST-100199,2026-05-08,8.8,The platform has been reliable and support was helpful.
FB-0000600,CUST-100200,2026-06-01,9.0,Everything worked well and the issue was resolved quickly.
FB-0000601,CUST-100200,2026-05-20,6.2,The platform has been reliable and support was helpful.
FB-0000602,CUST-100201,2026-05-27,3.3,We've had too many problems and are seriously considering alternatives.
FB-0000603,CUST-100201,2026-05-05,5.3,We've had too many problems and are seriously considering alternatives.
FB-0000604,CUST-100201,2026-04-26,3.1,We've had too many problems and are seriously considering alternatives.
FB-0000605,CUST-100201,2026-07-04,3.5,The service problems and billing issues make it difficult to justify continuing.
FB-0000606,CUST-100202,2026-03-12,6.1,There appears to be an unexpected charge on my account.
FB-0000607,CUST-100202,2026-04-06,4.8,There appears to be an unexpected charge on my account.
FB-0000608,CUST-100202,2026-07-07,5.7,I don't understand the latest invoice.
FB-0000609,CUST-100203,2026-04-27,8.0,I'm not sure we're getting enough value from the subscription.
FB-0000610,CUST-100203,2026-05-06,6.5,I'm not sure we're getting enough value from the subscription.
FB-0000611,CUST-100203,2026-05-27,8.1,We aren't using the platform as much as before.
FB-0000612,CUST-100204,2026-04-18,8.3,The platform has been reliable and support was helpful.
FB-0000613,CUST-100204,2026-07-18,10.0,The platform has been reliable and support was helpful.
FB-0000614,CUST-100204,2026-07-23,9.3,The platform has been reliable and support was helpful.
FB-0000615,CUST-100205,2026-06-13,7.7,I don't understand the latest invoice.
FB-0000616,CUST-100205,2026-05-31,6.3,I don't understand the latest invoice.
FB-0000617,CUST-100206,2026-05-04,9.9,Everything worked well and the issue was resolved quickly.
FB-0000618,CUST-100206,2026-06-19,9.7,Everything worked well and the issue was resolved quickly.
FB-0000619,CUST-100206,2026-05-13,7.8,The platform has been reliable and support was helpful.
FB-0000620,CUST-100207,2026-04-04,8.3,We aren't using the platform as much as before.
FB-0000621,CUST-100207,2026-05-09,6.6,We aren't using the platform as much as before.
FB-0000622,CUST-100208,2026-04-27,3.4,The recent product changes made our workflow harder.
FB-0000623,CUST-100208,2026-04-05,4.2,The recent product changes made our workflow harder.
FB-0000624,CUST-100209,2026-07-25,7.5,Everything worked well and the issue was resolved quickly.
FB-0000625,CUST-100209,2026-05-24,7.7,The platform has been reliable and support was helpful.
FB-0000626,CUST-100209,2026-05-19,8.7,Everything worked well and the issue was resolved quickly.
FB-0000627,CUST-100209,2026-07-21,9.0,Everything worked well and the issue was resolved quickly.
FB-0000628,CUST-100210,2026-06-29,9.2,Everything worked well and the issue was resolved quickly.
FB-0000629,CUST-100210,2026-02-20,9.4,The platform has been reliable and support was helpful.
FB-0000630,CUST-100211,2026-04-29,2.5,We're evaluating alternatives and may move away from the platform.
FB-0000631,CUST-100211,2026-05-23,3.9,We're evaluating alternatives and may move away from the platform.
FB-0000632,CUST-100212,2026-03-20,9.7,Everything worked well and the issue was resolved quickly.
FB-0000633,CUST-100212,2026-04-23,8.9,Everything worked well and the issue was resolved quickly.
FB-0000634,CUST-100213,2026-07-07,3.5,The service problems and billing issues make it difficult to justify continuing.
FB-0000635,CUST-100213,2026-04-16,2.9,We've had too many problems and are seriously considering alternatives.
FB-0000636,CUST-100214,2026-03-23,6.6,I'm not sure we're getting enough value from the subscription.
FB-0000637,CUST-100214,2026-05-18,6.1,I'm not sure we're getting enough value from the subscription.
FB-0000638,CUST-100214,2026-03-04,5.6,We aren't using the platform as much as before.
FB-0000639,CUST-100214,2026-06-21,5.4,We aren't using the platform as much as before.
FB-0000640,CUST-100215,2026-06-19,5.3,The problem is still unresolved and this is becoming frustrating.
FB-0000641,CUST-100215,2026-06-29,3.9,I've contacted support multiple times for the same issue.
FB-0000642,CUST-100215,2026-05-25,4.4,The problem is still unresolved and this is becoming frustrating.
FB-0000643,CUST-100215,2026-03-09,6.2,I've contacted support multiple times for the same issue.
FB-0000644,CUST-100216,2026-06-17,7.2,Everything worked well and the issue was resolved quickly.
FB-0000645,CUST-100216,2026-07-14,8.7,Everything worked well and the issue was resolved quickly.
FB-0000646,CUST-100216,2026-04-11,8.6,The platform has been reliable and support was helpful.
FB-0000647,CUST-100216,2026-04-03,7.1,Everything worked well and the issue was resolved quickly.
FB-0000648,CUST-100217,2026-07-12,4.5,The problem is still unresolved and this is becoming frustrating.
FB-0000649,CUST-100217,2026-06-05,5.0,I've contacted support multiple times for the same issue.
FB-0000650,CUST-100217,2026-04-03,4.0,The problem is still unresolved and this is becoming frustrating.
FB-0000651,CUST-100218,2026-04-27,9.6,"I was frustrated by the new interface, but overall the product is valuable."
FB-0000652,CUST-100218,2026-04-14,5.9,"I was frustrated by the new interface, but overall the product is valuable."
FB-0000653,CUST-100218,2026-06-28,9.0,"I was frustrated by the new interface, but overall the product is valuable."
FB-0000654,CUST-100218,2026-04-07,8.9,"The issue was annoying, but the team resolved it quickly."
FB-0000655,CUST-100219,2026-06-28,6.6,"I was frustrated by the new interface, but overall the product is valuable."
FB-0000656,CUST-100219,2026-04-29,8.0,"The issue was annoying, but the team resolved it quickly."
FB-0000657,CUST-100219,2026-04-19,8.4,"I was frustrated by the new interface, but overall the product is valuable."
FB-0000658,CUST-100219,2026-06-26,9.2,"The issue was annoying, but the team resolved it quickly."
FB-0000659,CUST-100220,2026-07-22,8.3,We aren't using the platform as much as before.
FB-0000660,CUST-100220,2026-04-27,5.4,I'm not sure we're getting enough value from the subscription.
FB-0000661,CUST-100221,2026-04-23,8.1,I'm not sure we're getting enough value from the subscription.
FB-0000662,CUST-100221,2026-06-27,7.6,We aren't using the platform as much as before.
FB-0000663,CUST-100222,2026-03-03,7.3,"The issue was annoying, but the team resolved it quickly."
FB-0000664,CUST-100222,2026-04-10,8.6,"The issue was annoying, but the team resolved it quickly."
FB-0000665,CUST-100223,2026-06-19,9.8,Everything worked well and the issue was resolved quickly.
FB-0000666,CUST-100223,2026-05-01,10.0,The platform has been reliable and support was helpful.
FB-0000667,CUST-100223,2026-02-07,8.6,The platform has been reliable and support was helpful.
FB-0000668,CUST-100223,2026-07-23,7.3,Everything worked well and the issue was resolved quickly.
FB-0000669,CUST-100224,2026-02-18,6.7,I don't understand the latest invoice.
FB-0000670,CUST-100224,2026-06-30,6.4,There appears to be an unexpected charge on my account.
FB-0000671,CUST-100224,2026-06-15,7.4,There appears to be an unexpected charge on my account.
FB-0000672,CUST-100224,2026-04-15,5.0,There appears to be an unexpected charge on my account.
FB-0000673,CUST-100225,2026-07-15,3.4,We've had too many problems and are seriously considering alternatives.
FB-0000674,CUST-100225,2026-03-25,4.2,We've had too many problems and are seriously considering alternatives.
FB-0000675,CUST-100226,2026-03-11,8.3,The platform has been reliable and support was helpful.
FB-0000676,CUST-100226,2026-05-24,8.1,Everything worked well and the issue was resolved quickly.
FB-0000677,CUST-100226,2026-04-03,9.2,The platform has been reliable and support was helpful.
FB-0000678,CUST-100226,2026-03-09,8.4,The platform has been reliable and support was helpful.
FB-0000679,CUST-100227,2026-04-13,4.4,I've contacted support multiple times for the same issue.
FB-0000680,CUST-100227,2026-04-13,5.9,I've contacted support multiple times for the same issue.
FB-0000681,CUST-100228,2026-02-13,8.8,Everything worked well and the issue was resolved quickly.
FB-0000682,CUST-100228,2026-05-26,8.5,The platform has been reliable and support was helpful.
FB-0000683,CUST-100228,2026-02-09,8.6,Everything worked well and the issue was resolved quickly.
FB-0000684,CUST-100229,2026-06-05,7.0,We aren't using the platform as much as before.
FB-0000685,CUST-100229,2026-06-28,5.1,We aren't using the platform as much as before.
FB-0000686,CUST-100230,2026-04-16,6.6,There appears to be an unexpected charge on my account.
FB-0000687,CUST-100230,2026-07-01,5.0,I don't understand the latest invoice.
FB-0000688,CUST-100231,2026-06-25,5.0,There appears to be an unexpected charge on my account.
FB-0000689,CUST-100231,2026-07-10,5.5,There appears to be an unexpected charge on my account.
FB-0000690,CUST-100231,2026-07-08,6.7,There appears to be an unexpected charge on my account.
FB-0000691,CUST-100231,2026-06-24,5.1,There appears to be an unexpected charge on my account.
FB-0000692,CUST-100232,2026-07-15,6.3,There appears to be an unexpected charge on my account.
FB-0000693,CUST-100232,2026-03-17,6.7,There appears to be an unexpected charge on my account.
FB-0000694,CUST-100232,2026-06-25,6.1,I don't understand the latest invoice.
FB-0000695,CUST-100232,2026-04-13,6.2,There appears to be an unexpected charge on my account.
FB-0000696,CUST-100233,2026-03-03,6.3,There appears to be an unexpected charge on my account.
FB-0000697,CUST-100233,2026-05-27,7.2,There appears to be an unexpected charge on my account.
FB-0000698,CUST-100234,2026-02-27,5.1,We're evaluating alternatives and may move away from the platform.
FB-0000699,CUST-100234,2026-04-17,4.2,We are considering cancelling at renewal.
FB-0000700,CUST-100234,2026-06-11,3.8,We are considering cancelling at renewal.
FB-0000701,CUST-100235,2026-03-22,4.9,We are considering cancelling at renewal.
FB-0000702,CUST-100235,2026-07-14,4.1,We're evaluating alternatives and may move away from the platform.
FB-0000703,CUST-100235,2026-04-12,5.1,We are considering cancelling at renewal.
FB-0000704,CUST-100235,2026-03-12,2.9,We are considering cancelling at renewal.
FB-0000705,CUST-100236,2026-04-01,9.4,Everything worked well and the issue was resolved quickly.
FB-0000706,CUST-100236,2026-07-05,8.2,The platform has been reliable and support was helpful.
FB-0000707,CUST-100236,2026-07-09,8.4,Everything worked well and the issue was resolved quickly.
FB-0000708,CUST-100237,2026-02-07,5.7,I've contacted support multiple times for the same issue.
FB-0000709,CUST-100237,2026-03-31,4.4,The problem is still unresolved and this is becoming frustrating.
FB-0000710,CUST-100237,2026-06-09,5.7,I've contacted support multiple times for the same issue.
FB-0000711,CUST-100238,2026-04-24,9.0,The platform has been reliable and support was helpful.
FB-0000712,CUST-100238,2026-05-01,8.8,The platform has been reliable and support was helpful.
FB-0000713,CUST-100238,2026-06-12,8.0,The platform has been reliable and support was helpful.
FB-0000714,CUST-100238,2026-06-28,8.2,Everything worked well and the issue was resolved quickly.
FB-0000715,CUST-100239,2026-05-24,4.4,I've contacted support multiple times for the same issue.
FB-0000716,CUST-100239,2026-05-02,5.2,I've contacted support multiple times for the same issue.
FB-0000717,CUST-100239,2026-07-17,3.5,The problem is still unresolved and this is becoming frustrating.
FB-0000718,CUST-100240,2026-02-19,7.4,The platform has been reliable and support was helpful.
FB-0000719,CUST-100240,2026-03-15,7.9,Everything worked well and the issue was resolved quickly.
FB-0000720,CUST-100240,2026-05-09,9.5,The platform has been reliable and support was helpful.
FB-0000721,CUST-100241,2026-06-19,6.9,Everything worked well and the issue was resolved quickly.
FB-0000722,CUST-100241,2026-05-23,8.7,The platform has been reliable and support was helpful.
FB-0000723,CUST-100241,2026-02-11,8.2,The platform has been reliable and support was helpful.
FB-0000724,CUST-100242,2026-03-15,5.9,I'm not sure we're getting enough value from the subscription.
FB-0000725,CUST-100242,2026-04-18,5.9,We aren't using the platform as much as before.
FB-0000726,CUST-100243,2026-04-23,4.9,I don't understand the latest invoice.
FB-0000727,CUST-100243,2026-04-25,5.2,I don't understand the latest invoice.
FB-0000728,CUST-100244,2026-03-08,4.4,There appears to be an unexpected charge on my account.
FB-0000729,CUST-100244,2026-03-22,6.6,There appears to be an unexpected charge on my account.
FB-0000730,CUST-100244,2026-07-05,6.9,I don't understand the latest invoice.
FB-0000731,CUST-100245,2026-03-29,6.5,The platform has been reliable and support was helpful.
FB-0000732,CUST-100245,2026-05-02,7.7,Everything worked well and the issue was resolved quickly.
FB-0000733,CUST-100246,2026-02-27,5.9,The recent product changes made our workflow harder.
FB-0000734,CUST-100246,2026-06-22,4.4,Several important features are not working as expected.
FB-0000735,CUST-100246,2026-06-24,5.7,Several important features are not working as expected.
FB-0000736,CUST-100247,2026-02-16,5.5,I don't understand the latest invoice.
FB-0000737,CUST-100247,2026-02-10,5.6,There appears to be an unexpected charge on my account.
FB-0000738,CUST-100247,2026-02-26,5.1,There appears to be an unexpected charge on my account.
FB-0000739,CUST-100248,2026-07-23,3.5,We're evaluating alternatives and may move away from the platform.
FB-0000740,CUST-100248,2026-06-13,1.7,We are considering cancelling at renewal.
FB-0000741,CUST-100248,2026-06-14,4.6,We're evaluating alternatives and may move away from the platform.
FB-0000742,CUST-100249,2026-07-18,3.9,We're evaluating alternatives and may move away from the platform.
FB-0000743,CUST-100249,2026-04-24,1.9,We're evaluating alternatives and may move away from the platform.
FB-0000744,CUST-100249,2026-04-23,4.0,We're evaluating alternatives and may move away from the platform.
FB-0000745,CUST-100249,2026-04-10,4.6,We are considering cancelling at renewal.
FB-0000746,CUST-100250,2026-05-16,8.2,Everything worked well and the issue was resolved quickly.
FB-0000747,CUST-100250,2026-05-28,7.3,Everything worked well and the issue was resolved quickly.
FB-0000748,CUST-100250,2026-04-12,9.9,Everything worked well and the issue was resolved quickly.
FB-0000749,CUST-100251,2026-06-21,7.7,Everything worked well and the issue was resolved quickly.
FB-0000750,CUST-100251,2026-04-09,8.8,Everything worked well and the issue was resolved quickly.
FB-0000751,CUST-100251,2026-04-18,7.8,The platform has been reliable and support was helpful.
FB-0000752,CUST-100252,2026-06-10,8.5,The platform has been reliable and support was helpful.
FB-0000753,CUST-100252,2026-04-14,8.9,Everything worked well and the issue was resolved quickly.
FB-0000754,CUST-100253,2026-05-08,2.8,I've contacted support multiple times for the same issue.
FB-0000755,CUST-100253,2026-03-11,5.3,I've contacted support multiple times for the same issue.
FB-0000756,CUST-100253,2026-04-04,3.7,The problem is still unresolved and this is becoming frustrating.
FB-0000757,CUST-100254,2026-06-08,7.0,Everything worked well and the issue was resolved quickly.
FB-0000758,CUST-100254,2026-04-29,8.0,The platform has been reliable and support was helpful.
FB-0000759,CUST-100254,2026-03-07,8.0,Everything worked well and the issue was resolved quickly.
FB-0000760,CUST-100254,2026-03-24,5.2,Everything worked well and the issue was resolved quickly.
FB-0000761,CUST-100255,2026-05-14,5.1,I don't understand the latest invoice.
FB-0000762,CUST-100255,2026-05-27,3.6,I don't understand the latest invoice.
FB-0000763,CUST-100255,2026-06-20,6.5,I don't understand the latest invoice.
FB-0000764,CUST-100256,2026-07-01,3.4,Several important features are not working as expected.
FB-0000765,CUST-100256,2026-04-04,4.1,The recent product changes made our workflow harder.
FB-0000766,CUST-100256,2026-02-28,5.0,Several important features are not working as expected.
FB-0000767,CUST-100256,2026-04-18,3.6,Several important features are not working as expected.
FB-0000768,CUST-100257,2026-07-19,2.6,The service problems and billing issues make it difficult to justify continuing.
FB-0000769,CUST-100257,2026-04-13,2.8,The service problems and billing issues make it difficult to justify continuing.
FB-0000770,CUST-100257,2026-06-05,4.2,We've had too many problems and are seriously considering alternatives.
FB-0000771,CUST-100258,2026-04-21,6.7,We aren't using the platform as much as before.
FB-0000772,CUST-100258,2026-04-05,7.6,We aren't using the platform as much as before.
FB-0000773,CUST-100258,2026-02-12,5.9,I'm not sure we're getting enough value from the subscription.
FB-0000774,CUST-100259,2026-06-25,7.6,Everything worked well and the issue was resolved quickly.
FB-0000775,CUST-100259,2026-03-07,8.5,The platform has been reliable and support was helpful.
FB-0000776,CUST-100259,2026-03-13,8.8,The platform has been reliable and support was helpful.
FB-0000777,CUST-100260,2026-02-07,9.4,"The issue was annoying, but the team resolved it quickly."
FB-0000778,CUST-100260,2026-02-14,8.0,"I was frustrated by the new interface, but overall the product is valuable."
FB-0000779,CUST-100260,2026-06-08,8.6,"I was frustrated by the new interface, but overall the product is valuable."
FB-0000780,CUST-100261,2026-03-01,8.0,"The issue was annoying, but the team resolved it quickly."
FB-0000781,CUST-100261,2026-04-25,9.0,"The issue was annoying, but the team resolved it quickly."
FB-0000782,CUST-100261,2026-05-26,7.3,"The issue was annoying, but the team resolved it quickly."
FB-0000783,CUST-100261,2026-03-07,6.2,"I was frustrated by the new interface, but overall the product is valuable."
FB-0000784,CUST-100262,2026-07-23,8.0,Everything worked well and the issue was resolved quickly.
FB-0000785,CUST-100262,2026-02-20,8.7,The platform has been reliable and support was helpful.
FB-0000786,CUST-100263,2026-04-04,8.6,Everything worked well and the issue was resolved quickly.
FB-0000787,CUST-100263,2026-04-25,7.9,Everything worked well and the issue was resolved quickly.
FB-0000788,CUST-100263,2026-02-11,8.2,The platform has been reliable and support was helpful.
FB-0000789,CUST-100263,2026-05-12,8.4,Everything worked well and the issue was resolved quickly.
FB-0000790,CUST-100264,2026-07-16,5.4,We're evaluating alternatives and may move away from the platform.
FB-0000791,CUST-100264,2026-04-12,4.4,We're evaluating alternatives and may move away from the platform.
FB-0000792,CUST-100264,2026-06-23,2.5,We are considering cancelling at renewal.
FB-0000793,CUST-100264,2026-07-12,3.6,We are considering cancelling at renewal.
FB-0000794,CUST-100265,2026-06-18,8.6,The platform has been reliable and support was helpful.
FB-0000795,CUST-100265,2026-05-14,10.0,The platform has been reliable and support was helpful.
FB-0000796,CUST-100265,2026-06-16,9.4,Everything worked well and the issue was resolved quickly.
FB-0000797,CUST-100266,2026-02-09,6.7,I don't understand the latest invoice.
FB-0000798,CUST-100266,2026-06-15,6.8,There appears to be an unexpected charge on my account.
FB-0000799,CUST-100266,2026-05-22,7.4,There appears to be an unexpected charge on my account.
FB-0000800,CUST-100266,2026-02-07,6.4,There appears to be an unexpected charge on my account.
FB-0000801,CUST-100267,2026-03-06,9.1,The platform has been reliable and support was helpful.
FB-0000802,CUST-100267,2026-05-19,9.0,Everything worked well and the issue was resolved quickly.
FB-0000803,CUST-100268,2026-05-24,9.7,Everything worked well and the issue was resolved quickly.
FB-0000804,CUST-100268,2026-04-28,7.6,The platform has been reliable and support was helpful.
FB-0000805,CUST-100268,2026-03-27,8.8,The platform has been reliable and support was helpful.
FB-0000806,CUST-100269,2026-06-05,7.5,The platform has been reliable and support was helpful.
FB-0000807,CUST-100269,2026-04-13,8.0,Everything worked well and the issue was resolved quickly.
FB-0000808,CUST-100270,2026-06-11,9.9,Everything worked well and the issue was resolved quickly.
FB-0000809,CUST-100270,2026-05-09,8.8,The platform has been reliable and support was helpful.
FB-0000810,CUST-100270,2026-07-05,8.7,The platform has been reliable and support was helpful.
FB-0000811,CUST-100271,2026-02-16,9.4,Everything worked well and the issue was resolved quickly.
FB-0000812,CUST-100271,2026-05-22,7.8,Everything worked well and the issue was resolved quickly.
FB-0000813,CUST-100271,2026-06-21,8.7,The platform has been reliable and support was helpful.
FB-0000814,CUST-100272,2026-05-05,5.4,Several important features are not working as expected.
FB-0000815,CUST-100272,2026-07-14,5.4,The recent product changes made our workflow harder.
FB-0000816,CUST-100272,2026-05-10,5.3,Several important features are not working as expected.
FB-0000817,CUST-100272,2026-07-12,6.6,Several important features are not working as expected.
FB-0000818,CUST-100273,2026-07-12,4.2,We're evaluating alternatives and may move away from the platform.
FB-0000819,CUST-100273,2026-05-01,4.9,We are considering cancelling at renewal.
FB-0000820,CUST-100274,2026-03-22,5.8,I don't understand the latest invoice.
FB-0000821,CUST-100274,2026-06-01,5.5,I don't understand the latest invoice.
FB-0000822,CUST-100275,2026-06-22,7.7,"I was frustrated by the new interface, but overall the product is valuable."
FB-0000823,CUST-100275,2026-06-10,8.9,"I was frustrated by the new interface, but overall the product is valuable."
FB-0000824,CUST-100275,2026-06-18,8.5,"I was frustrated by the new interface, but overall the product is valuable."
FB-0000825,CUST-100276,2026-04-21,3.6,Several important features are not working as expected.
FB-0000826,CUST-100276,2026-07-04,6.1,Several important features are not working as expected.
FB-0000827,CUST-100276,2026-06-06,4.9,The recent product changes made our workflow harder.
FB-0000828,CUST-100277,2026-05-25,3.5,We're evaluating alternatives and may move away from the platform.
FB-0000829,CUST-100277,2026-02-09,3.1,We're evaluating alternatives and may move away from the platform.
FB-0000830,CUST-100278,2026-05-05,6.9,I don't understand the latest invoice.
FB-0000831,CUST-100278,2026-04-16,3.2,I don't understand the latest invoice.
FB-0000832,CUST-100278,2026-02-08,6.6,I don't understand the latest invoice.
FB-0000833,CUST-100279,2026-02-09,1.7,We're evaluating alternatives and may move away from the platform.
FB-0000834,CUST-100279,2026-05-27,3.1,We're evaluating alternatives and may move away from the platform.
FB-0000835,CUST-100279,2026-06-10,4.7,We're evaluating alternatives and may move away from the platform.
FB-0000836,CUST-100280,2026-03-03,10.0,The platform has been reliable and support was helpful.
FB-0000837,CUST-100280,2026-03-22,7.9,Everything worked well and the issue was resolved quickly.
FB-0000838,CUST-100280,2026-07-21,10.0,Everything worked well and the issue was resolved quickly.
FB-0000839,CUST-100280,2026-07-02,8.5,The platform has been reliable and support was helpful.
FB-0000840,CUST-100281,2026-02-13,4.4,We've had too many problems and are seriously considering alternatives.
FB-0000841,CUST-100281,2026-07-19,3.3,The service problems and billing issues make it difficult to justify continuing.
FB-0000842,CUST-100281,2026-06-28,4.2,We've had too many problems and are seriously considering alternatives.
FB-0000843,CUST-100282,2026-03-23,8.3,Everything worked well and the issue was resolved quickly.
FB-0000844,CUST-100282,2026-03-30,7.3,The platform has been reliable and support was helpful.
FB-0000845,CUST-100282,2026-03-23,9.0,The platform has been reliable and support was helpful.
FB-0000846,CUST-100282,2026-03-27,10.0,Everything worked well and the issue was resolved quickly.
FB-0000847,CUST-100283,2026-04-30,9.0,Everything worked well and the issue was resolved quickly.
FB-0000848,CUST-100283,2026-02-16,8.6,Everything worked well and the issue was resolved quickly.
FB-0000849,CUST-100283,2026-05-05,8.4,Everything worked well and the issue was resolved quickly.
FB-0000850,CUST-100283,2026-05-29,7.7,Everything worked well and the issue was resolved quickly.
FB-0000851,CUST-100284,2026-05-24,5.2,There appears to be an unexpected charge on my account.
FB-0000852,CUST-100284,2026-03-03,7.3,There appears to be an unexpected charge on my account.
FB-0000853,CUST-100285,2026-05-23,4.1,Several important features are not working as expected.
FB-0000854,CUST-100285,2026-07-05,6.1,The recent product changes made our workflow harder.
FB-0000855,CUST-100285,2026-07-24,3.2,The recent product changes made our workflow harder.
FB-0000856,CUST-100286,2026-07-13,3.1,The service problems and billing issues make it difficult to justify continuing.
FB-0000857,CUST-100286,2026-07-18,3.8,We've had too many problems and are seriously considering alternatives.
FB-0000858,CUST-100286,2026-05-31,2.2,The service problems and billing issues make it difficult to justify continuing.
FB-0000859,CUST-100286,2026-05-11,4.2,We've had too many problems and are seriously considering alternatives.
FB-0000860,CUST-100287,2026-02-08,5.0,There appears to be an unexpected charge on my account.
FB-0000861,CUST-100287,2026-03-10,5.2,I don't understand the latest invoice.
FB-0000862,CUST-100288,2026-07-04,4.5,The service problems and billing issues make it difficult to justify continuing.
FB-0000863,CUST-100288,2026-06-21,2.0,The service problems and billing issues make it difficult to justify continuing.
FB-0000864,CUST-100288,2026-03-31,2.5,We've had too many problems and are seriously considering alternatives.
FB-0000865,CUST-100288,2026-06-27,5.8,We've had too many problems and are seriously considering alternatives.
FB-0000866,CUST-100289,2026-06-12,3.2,We've had too many problems and are seriously considering alternatives.
FB-0000867,CUST-100289,2026-05-24,4.3,We've had too many problems and are seriously considering alternatives.
FB-0000868,CUST-100289,2026-03-28,4.7,The service problems and billing issues make it difficult to justify continuing.
FB-0000869,CUST-100289,2026-05-28,3.5,We've had too many problems and are seriously considering alternatives.
FB-0000870,CUST-100290,2026-02-23,9.3,The platform has been reliable and support was helpful.
FB-0000871,CUST-100290,2026-04-11,7.9,The platform has been reliable and support was helpful.
FB-0000872,CUST-100291,2026-03-10,7.0,We aren't using the platform as much as before.
FB-0000873,CUST-100291,2026-04-04,5.1,We aren't using the platform as much as before.
FB-0000874,CUST-100291,2026-07-26,7.0,I'm not sure we're getting enough value from the subscription.
FB-0000875,CUST-100292,2026-07-16,9.4,Everything worked well and the issue was resolved quickly.
FB-0000876,CUST-100292,2026-07-23,9.0,Everything worked well and the issue was resolved quickly.
FB-0000877,CUST-100293,2026-06-05,9.7,Everything worked well and the issue was resolved quickly.
FB-0000878,CUST-100293,2026-02-08,8.4,The platform has been reliable and support was helpful.
FB-0000879,CUST-100293,2026-02-12,10.0,Everything worked well and the issue was resolved quickly.
FB-0000880,CUST-100294,2026-07-08,9.9,The platform has been reliable and support was helpful.
FB-0000881,CUST-100294,2026-07-18,9.7,The platform has been reliable and support was helpful.
FB-0000882,CUST-100295,2026-03-13,7.2,Everything worked well and the issue was resolved quickly.
FB-0000883,CUST-100295,2026-03-04,8.8,Everything worked well and the issue was resolved quickly.
FB-0000884,CUST-100295,2026-03-16,8.8,The platform has been reliable and support was helpful.
FB-0000885,CUST-100295,2026-06-02,10.0,The platform has been reliable and support was helpful.
FB-0000886,CUST-100296,2026-02-25,4.7,We're evaluating alternatives and may move away from the platform.
FB-0000887,CUST-100296,2026-05-25,2.7,We're evaluating alternatives and may move away from the platform.
FB-0000888,CUST-100296,2026-07-10,3.0,We're evaluating alternatives and may move away from the platform.
FB-0000889,CUST-100296,2026-03-10,5.1,We are considering cancelling at renewal.
FB-0000890,CUST-100297,2026-04-15,9.0,The platform has been reliable and support was helpful.
FB-0000891,CUST-100297,2026-02-03,8.3,The platform has been reliable and support was helpful.
FB-0000892,CUST-100297,2026-06-03,10.0,The platform has been reliable and support was helpful.
FB-0000893,CUST-100297,2026-03-18,8.4,Everything worked well and the issue was resolved quickly.
FB-0000894,CUST-100298,2026-05-11,8.7,The platform has been reliable and support was helpful.
FB-0000895,CUST-100298,2026-02-14,9.6,The platform has been reliable and support was helpful.
FB-0000896,CUST-100298,2026-05-30,9.7,The platform has been reliable and support was helpful.
FB-0000897,CUST-100299,2026-05-14,6.7,We aren't using the platform as much as before.
FB-0000898,CUST-100299,2026-07-11,4.9,I'm not sure we're getting enough value from the subscription.
FB-0000899,CUST-100299,2026-05-09,8.0,We aren't using the platform as much as before.
FB-0000900,CUST-100299,2026-06-03,6.9,We aren't using the platform as much as before.
FB-0000901,CUST-100300,2026-05-20,8.4,The platform has been reliable and support was helpful.
FB-0000902,CUST-100300,2026-05-25,9.3,The platform has been reliable and support was helpful.
FB-0000903,CUST-100301,2026-06-08,8.0,Everything worked well and the issue was resolved quickly.
FB-0000904,CUST-100301,2026-06-11,8.4,The platform has been reliable and support was helpful.
FB-0000905,CUST-100301,2026-06-22,8.9,Everything worked well and the issue was resolved quickly.
FB-0000906,CUST-100301,2026-06-02,7.8,Everything worked well and the issue was resolved quickly.
FB-0000907,CUST-100302,2026-07-07,10.0,The platform has been reliable and support was helpful.
FB-0000908,CUST-100302,2026-03-28,9.3,The platform has been reliable and support was helpful.
FB-0000909,CUST-100303,2026-06-14,7.0,I'm not sure we're getting enough value from the subscription.
FB-0000910,CUST-100303,2026-06-19,6.2,I'm not sure we're getting enough value from the subscription.
FB-0000911,CUST-100304,2026-03-08,4.2,Several important features are not working as expected.
FB-0000912,CUST-100304,2026-04-12,3.4,The recent product changes made our workflow harder.
FB-0000913,CUST-100305,2026-04-16,4.5,I've contacted support multiple times for the same issue.
FB-0000914,CUST-100305,2026-06-20,4.9,The problem is still unresolved and this is becoming frustrating.
FB-0000915,CUST-100305,2026-04-25,3.1,I've contacted support multiple times for the same issue.
FB-0000916,CUST-100305,2026-02-13,4.3,The problem is still unresolved and this is becoming frustrating.
FB-0000917,CUST-100306,2026-02-11,9.2,Everything worked well and the issue was resolved quickly.
FB-0000918,CUST-100306,2026-07-07,9.1,Everything worked well and the issue was resolved quickly.
FB-0000919,CUST-100307,2026-02-20,7.4,Everything worked well and the issue was resolved quickly.
FB-0000920,CUST-100307,2026-02-18,8.3,The platform has been reliable and support was helpful.
FB-0000921,CUST-100307,2026-04-30,6.8,Everything worked well and the issue was resolved quickly.
FB-0000922,CUST-100308,2026-05-04,8.2,Everything worked well and the issue was resolved quickly.
FB-0000923,CUST-100308,2026-05-26,9.9,The platform has been reliable and support was helpful.
FB-0000924,CUST-100308,2026-06-12,6.3,The platform has been reliable and support was helpful.
FB-0000925,CUST-100309,2026-02-11,5.8,I'm not sure we're getting enough value from the subscription.
FB-0000926,CUST-100309,2026-07-02,6.6,I'm not sure we're getting enough value from the subscription.
FB-0000927,CUST-100310,2026-04-20,8.7,Everything worked well and the issue was resolved quickly.
FB-0000928,CUST-100310,2026-03-22,8.0,Everything worked well and the issue was resolved quickly.
FB-0000929,CUST-100310,2026-05-03,9.9,Everything worked well and the issue was resolved quickly.
FB-0000930,CUST-100310,2026-03-07,5.4,The platform has been reliable and support was helpful.
FB-0000931,CUST-100311,2026-04-03,7.4,Everything worked well and the issue was resolved quickly.
FB-0000932,CUST-100311,2026-06-30,9.4,The platform has been reliable and support was helpful.
FB-0000933,CUST-100311,2026-02-11,7.8,The platform has been reliable and support was helpful.
FB-0000934,CUST-100312,2026-07-20,3.8,The service problems and billing issues make it difficult to justify continuing.
FB-0000935,CUST-100312,2026-02-03,3.5,The service problems and billing issues make it difficult to justify continuing.
FB-0000936,CUST-100312,2026-05-02,6.2,The service problems and billing issues make it difficult to justify continuing.
FB-0000937,CUST-100313,2026-02-14,9.3,The platform has been reliable and support was helpful.
FB-0000938,CUST-100313,2026-05-01,9.0,Everything worked well and the issue was resolved quickly.
FB-0000939,CUST-100313,2026-05-11,8.8,Everything worked well and the issue was resolved quickly.
FB-0000940,CUST-100314,2026-06-21,8.2,The platform has been reliable and support was helpful.
FB-0000941,CUST-100314,2026-05-19,7.9,Everything worked well and the issue was resolved quickly.
FB-0000942,CUST-100315,2026-03-28,8.6,The platform has been reliable and support was helpful.
FB-0000943,CUST-100315,2026-07-06,8.7,Everything worked well and the issue was resolved quickly.
FB-0000944,CUST-100315,2026-04-16,9.3,Everything worked well and the issue was resolved quickly.
FB-0000945,CUST-100315,2026-02-28,8.5,Everything worked well and the issue was resolved quickly.
FB-0000946,CUST-100316,2026-03-13,6.7,We aren't using the platform as much as before.
FB-0000947,CUST-100316,2026-04-07,6.6,We aren't using the platform as much as before.
FB-0000948,CUST-100317,2026-06-29,7.3,The platform has been reliable and support was helpful.
FB-0000949,CUST-100317,2026-05-04,8.1,The platform has been reliable and support was helpful.
FB-0000950,CUST-100317,2026-07-05,9.0,The platform has been reliable and support was helpful.
FB-0000951,CUST-100318,2026-02-24,3.2,We're evaluating alternatives and may move away from the platform.
FB-0000952,CUST-100318,2026-07-03,4.0,We are considering cancelling at renewal.
FB-0000953,CUST-100319,2026-06-18,4.8,I've contacted support multiple times for the same issue.
FB-0000954,CUST-100319,2026-07-14,4.1,The problem is still unresolved and this is becoming frustrating.
FB-0000955,CUST-100319,2026-04-30,3.4,I've contacted support multiple times for the same issue.
FB-0000956,CUST-100320,2026-06-25,7.9,Everything worked well and the issue was resolved quickly.
FB-0000957,CUST-100320,2026-07-08,9.2,The platform has been reliable and support was helpful.
FB-0000958,CUST-100320,2026-04-13,9.7,The platform has been reliable and support was helpful.
FB-0000959,CUST-100321,2026-04-16,2.8,We've had too many problems and are seriously considering alternatives.
FB-0000960,CUST-100321,2026-03-15,3.3,The service problems and billing issues make it difficult to justify continuing.
FB-0000961,CUST-100322,2026-04-17,4.4,The service problems and billing issues make it difficult to justify continuing.
FB-0000962,CUST-100322,2026-05-22,5.0,The service problems and billing issues make it difficult to justify continuing.
FB-0000963,CUST-100323,2026-07-08,9.8,Everything worked well and the issue was resolved quickly.
FB-0000964,CUST-100323,2026-04-06,7.0,The platform has been reliable and support was helpful.
FB-0000965,CUST-100324,2026-06-27,7.7,Everything worked well and the issue was resolved quickly.
FB-0000966,CUST-100324,2026-06-06,8.2,The platform has been reliable and support was helpful.
FB-0000967,CUST-100325,2026-04-18,8.1,The platform has been reliable and support was helpful.
FB-0000968,CUST-100325,2026-04-28,8.4,Everything worked well and the issue was resolved quickly.
FB-0000969,CUST-100325,2026-05-14,8.9,The platform has been reliable and support was helpful.
FB-0000970,CUST-100326,2026-06-24,6.8,I've contacted support multiple times for the same issue.
FB-0000971,CUST-100326,2026-04-27,4.4,I've contacted support multiple times for the same issue.
FB-0000972,CUST-100326,2026-07-06,5.6,I've contacted support multiple times for the same issue.
FB-0000973,CUST-100326,2026-06-11,2.8,The problem is still unresolved and this is becoming frustrating.
FB-0000974,CUST-100327,2026-04-18,6.1,We aren't using the platform as much as before.
FB-0000975,CUST-100327,2026-07-09,7.8,I'm not sure we're getting enough value from the subscription.
FB-0000976,CUST-100328,2026-02-07,8.1,The platform has been reliable and support was helpful.
FB-0000977,CUST-100328,2026-05-31,9.9,Everything worked well and the issue was resolved quickly.
FB-0000978,CUST-100328,2026-04-11,9.7,Everything worked well and the issue was resolved quickly.
FB-0000979,CUST-100329,2026-03-05,9.8,"I was frustrated by the new interface, but overall the product is valuable."
FB-0000980,CUST-100329,2026-03-25,7.6,"I was frustrated by the new interface, but overall the product is valuable."
FB-0000981,CUST-100329,2026-02-23,6.3,"I was frustrated by the new interface, but overall the product is valuable."
FB-0000982,CUST-100329,2026-07-04,8.6,"The issue was annoying, but the team resolved it quickly."
FB-0000983,CUST-100330,2026-03-31,6.4,The platform has been reliable and support was helpful.
FB-0000984,CUST-100330,2026-03-29,8.6,Everything worked well and the issue was resolved quickly.
FB-0000985,CUST-100331,2026-02-19,9.7,The platform has been reliable and support was helpful.
FB-0000986,CUST-100331,2026-07-04,10.0,Everything worked well and the issue was resolved quickly.
FB-0000987,CUST-100331,2026-03-05,8.8,The platform has been reliable and support was helpful.
FB-0000988,CUST-100331,2026-07-12,8.6,The platform has been reliable and support was helpful.
FB-0000989,CUST-100332,2026-04-11,3.2,The service problems and billing issues make it difficult to justify continuing.
FB-0000990,CUST-100332,2026-04-01,3.1,We've had too many problems and are seriously considering alternatives.
FB-0000991,CUST-100333,2026-03-07,8.9,Everything worked well and the issue was resolved quickly.
FB-0000992,CUST-100333,2026-04-20,10.0,Everything worked well and the issue was resolved quickly.
FB-0000993,CUST-100334,2026-04-10,6.9,Everything worked well and the issue was resolved quickly.
FB-0000994,CUST-100334,2026-03-20,8.0,Everything worked well and the issue was resolved quickly.
FB-0000995,CUST-100334,2026-06-24,10.0,Everything worked well and the issue was resolved quickly.
FB-0000996,CUST-100335,2026-06-07,10.0,The platform has been reliable and support was helpful.
FB-0000997,CUST-100335,2026-07-03,10.0,The platform has been reliable and support was helpful.
FB-0000998,CUST-100335,2026-07-24,6.6,The platform has been reliable and support was helpful.
FB-0000999,CUST-100336,2026-06-06,9.6,Everything worked well and the issue was resolved quickly.
FB-0001000,CUST-100336,2026-02-12,8.8,The platform has been reliable and support was helpful.
FB-0001001,CUST-100336,2026-03-31,8.8,Everything worked well and the issue was resolved quickly.
FB-0001002,CUST-100336,2026-07-20,8.8,The platform has been reliable and support was helpful.
FB-0001003,CUST-100337,2026-02-03,5.4,We've had too many problems and are seriously considering alternatives.
FB-0001004,CUST-100337,2026-07-09,5.7,We've had too many problems and are seriously considering alternatives.
FB-0001005,CUST-100337,2026-05-24,2.9,We've had too many problems and are seriously considering alternatives.
FB-0001006,CUST-100337,2026-02-14,5.1,We've had too many problems and are seriously considering alternatives.
FB-0001007,CUST-100338,2026-04-12,9.1,The platform has been reliable and support was helpful.
FB-0001008,CUST-100338,2026-04-22,8.7,Everything worked well and the issue was resolved quickly.
FB-0001009,CUST-100338,2026-07-01,10.0,The platform has been reliable and support was helpful.
FB-0001010,CUST-100339,2026-07-22,2.5,We've had too many problems and are seriously considering alternatives.
FB-0001011,CUST-100339,2026-05-14,3.2,We've had too many problems and are seriously considering alternatives.
FB-0001012,CUST-100340,2026-06-20,5.1,The problem is still unresolved and this is becoming frustrating.
FB-0001013,CUST-100340,2026-02-15,3.5,The problem is still unresolved and this is becoming frustrating.
FB-0001014,CUST-100340,2026-07-06,6.7,The problem is still unresolved and this is becoming frustrating.
FB-0001015,CUST-100341,2026-05-06,4.8,The problem is still unresolved and this is becoming frustrating.
FB-0001016,CUST-100341,2026-06-12,5.0,The problem is still unresolved and this is becoming frustrating.
FB-0001017,CUST-100342,2026-07-06,5.8,There appears to be an unexpected charge on my account.
FB-0001018,CUST-100342,2026-06-10,7.1,I don't understand the latest invoice.
FB-0001019,CUST-100342,2026-03-06,3.9,There appears to be an unexpected charge on my account.
FB-0001020,CUST-100343,2026-03-16,8.7,The platform has been reliable and support was helpful.
FB-0001021,CUST-100343,2026-06-17,9.3,The platform has been reliable and support was helpful.
FB-0001022,CUST-100344,2026-04-17,7.7,The platform has been reliable and support was helpful.
FB-0001023,CUST-100344,2026-03-21,6.8,Everything worked well and the issue was resolved quickly.
FB-0001024,CUST-100345,2026-03-21,7.7,The platform has been reliable and support was helpful.
FB-0001025,CUST-100345,2026-04-25,6.8,Everything worked well and the issue was resolved quickly.
FB-0001026,CUST-100345,2026-02-18,8.9,Everything worked well and the issue was resolved quickly.
FB-0001027,CUST-100346,2026-02-09,7.0,The platform has been reliable and support was helpful.
FB-0001028,CUST-100346,2026-06-20,8.6,The platform has been reliable and support was helpful.
FB-0001029,CUST-100346,2026-03-05,9.2,Everything worked well and the issue was resolved quickly.
FB-0001030,CUST-100347,2026-02-09,2.0,We are considering cancelling at renewal.
FB-0001031,CUST-100347,2026-02-05,4.3,We're evaluating alternatives and may move away from the platform.
FB-0001032,CUST-100348,2026-02-23,5.6,Several important features are not working as expected.
FB-0001033,CUST-100348,2026-06-21,6.2,Several important features are not working as expected.
FB-0001034,CUST-100348,2026-03-03,7.1,Several important features are not working as expected.
FB-0001035,CUST-100349,2026-02-11,5.5,The problem is still unresolved and this is becoming frustrating.
FB-0001036,CUST-100349,2026-05-19,3.4,I've contacted support multiple times for the same issue.
FB-0001037,CUST-100349,2026-05-19,5.5,I've contacted support multiple times for the same issue.
FB-0001038,CUST-100350,2026-05-17,9.5,The platform has been reliable and support was helpful.
FB-0001039,CUST-100350,2026-02-21,8.7,The platform has been reliable and support was helpful.
FB-0001040,CUST-100350,2026-04-02,7.7,The platform has been reliable and support was helpful.
FB-0001041,CUST-100351,2026-03-21,5.7,I'm not sure we're getting enough value from the subscription.
FB-0001042,CUST-100351,2026-03-10,7.9,We aren't using the platform as much as before.
FB-0001043,CUST-100352,2026-04-21,3.0,We are considering cancelling at renewal.
FB-0001044,CUST-100352,2026-03-10,2.9,We're evaluating alternatives and may move away from the platform.
FB-0001045,CUST-100352,2026-02-05,2.9,We're evaluating alternatives and may move away from the platform.
FB-0001046,CUST-100352,2026-05-03,4.0,We're evaluating alternatives and may move away from the platform.
FB-0001047,CUST-100353,2026-05-16,3.8,The problem is still unresolved and this is becoming frustrating.
FB-0001048,CUST-100353,2026-06-27,4.1,I've contacted support multiple times for the same issue.
FB-0001049,CUST-100354,2026-02-16,6.5,There appears to be an unexpected charge on my account.
FB-0001050,CUST-100354,2026-04-27,6.3,There appears to be an unexpected charge on my account.
FB-0001051,CUST-100354,2026-03-26,4.4,There appears to be an unexpected charge on my account.
FB-0001052,CUST-100354,2026-05-02,6.3,There appears to be an unexpected charge on my account.
FB-0001053,CUST-100355,2026-07-15,6.1,There appears to be an unexpected charge on my account.
FB-0001054,CUST-100355,2026-07-24,4.4,I don't understand the latest invoice.
FB-0001055,CUST-100356,2026-05-24,9.8,The platform has been reliable and support was helpful.
FB-0001056,CUST-100356,2026-06-27,9.1,The platform has been reliable and support was helpful.
FB-0001057,CUST-100356,2026-04-25,9.7,The platform has been reliable and support was helpful.
FB-0001058,CUST-100357,2026-04-30,9.4,The platform has been reliable and support was helpful.
FB-0001059,CUST-100357,2026-07-20,7.8,Everything worked well and the issue was resolved quickly.
FB-0001060,CUST-100357,2026-06-15,7.0,Everything worked well and the issue was resolved quickly.
FB-0001061,CUST-100358,2026-03-17,7.7,The recent product changes made our workflow harder.
FB-0001062,CUST-100358,2026-03-09,4.1,The recent product changes made our workflow harder.
FB-0001063,CUST-100358,2026-03-29,5.8,Several important features are not working as expected.
FB-0001064,CUST-100359,2026-06-04,4.2,Several important features are not working as expected.
FB-0001065,CUST-100359,2026-04-04,5.0,Several important features are not working as expected.
FB-0001066,CUST-100359,2026-05-04,4.9,Several important features are not working as expected.
FB-0001067,CUST-100359,2026-02-06,3.7,The recent product changes made our workflow harder.
FB-0001068,CUST-100360,2026-05-24,10.0,Everything worked well and the issue was resolved quickly.
FB-0001069,CUST-100360,2026-05-10,7.6,Everything worked well and the issue was resolved quickly.
FB-0001070,CUST-100360,2026-02-18,8.5,The platform has been reliable and support was helpful.
FB-0001071,CUST-100360,2026-06-09,7.1,The platform has been reliable and support was helpful.
FB-0001072,CUST-100361,2026-06-29,7.2,The platform has been reliable and support was helpful.
FB-0001073,CUST-100361,2026-07-26,9.3,Everything worked well and the issue was resolved quickly.
FB-0001074,CUST-100361,2026-03-19,8.3,The platform has been reliable and support was helpful.
FB-0001075,CUST-100362,2026-05-29,6.5,Everything worked well and the issue was resolved quickly.
FB-0001076,CUST-100362,2026-04-04,8.2,The platform has been reliable and support was helpful.
FB-0001077,CUST-100362,2026-07-27,6.8,Everything worked well and the issue was resolved quickly.
FB-0001078,CUST-100363,2026-03-19,8.5,Everything worked well and the issue was resolved quickly.
FB-0001079,CUST-100363,2026-05-26,9.5,Everything worked well and the issue was resolved quickly.
FB-0001080,CUST-100363,2026-05-27,8.3,Everything worked well and the issue was resolved quickly.
FB-0001081,CUST-100363,2026-02-24,10.0,Everything worked well and the issue was resolved quickly.
FB-0001082,CUST-100364,2026-05-03,8.1,Everything worked well and the issue was resolved quickly.
FB-0001083,CUST-100364,2026-04-29,8.5,The platform has been reliable and support was helpful.
FB-0001084,CUST-100364,2026-07-19,9.2,The platform has been reliable and support was helpful.
FB-0001085,CUST-100365,2026-05-06,2.1,We are considering cancelling at renewal.
FB-0001086,CUST-100365,2026-03-03,5.9,We are considering cancelling at renewal.
FB-0001087,CUST-100365,2026-07-08,3.7,We're evaluating alternatives and may move away from the platform.
FB-0001088,CUST-100365,2026-03-21,1.7,We are considering cancelling at renewal.
FB-0001089,CUST-100366,2026-06-06,7.8,I'm not sure we're getting enough value from the subscription.
FB-0001090,CUST-100366,2026-06-09,6.4,We aren't using the platform as much as before.
FB-0001091,CUST-100366,2026-02-10,6.9,We aren't using the platform as much as before.
FB-0001092,CUST-100367,2026-04-11,4.1,The recent product changes made our workflow harder.
FB-0001093,CUST-100367,2026-06-16,5.8,Several important features are not working as expected.
FB-0001094,CUST-100368,2026-05-03,7.9,The platform has been reliable and support was helpful.
FB-0001095,CUST-100368,2026-06-13,10.0,The platform has been reliable and support was helpful.
FB-0001096,CUST-100368,2026-02-22,6.7,The platform has been reliable and support was helpful.
FB-0001097,CUST-100369,2026-04-27,5.0,The problem is still unresolved and this is becoming frustrating.
FB-0001098,CUST-100369,2026-04-04,4.2,I've contacted support multiple times for the same issue.
FB-0001099,CUST-100369,2026-04-15,5.3,I've contacted support multiple times for the same issue.
FB-0001100,CUST-100370,2026-02-19,6.1,There appears to be an unexpected charge on my account.
FB-0001101,CUST-100370,2026-06-01,4.6,There appears to be an unexpected charge on my account.
FB-0001102,CUST-100370,2026-05-31,5.7,There appears to be an unexpected charge on my account.
FB-0001103,CUST-100371,2026-03-27,3.9,The problem is still unresolved and this is becoming frustrating.
FB-0001104,CUST-100371,2026-07-09,4.5,The problem is still unresolved and this is becoming frustrating.
FB-0001105,CUST-100372,2026-02-17,5.6,I don't understand the latest invoice.
FB-0001106,CUST-100372,2026-06-11,6.2,There appears to be an unexpected charge on my account.
FB-0001107,CUST-100373,2026-06-28,4.6,The recent product changes made our workflow harder.
FB-0001108,CUST-100373,2026-05-27,4.3,Several important features are not working as expected.
FB-0001109,CUST-100373,2026-07-15,5.3,The recent product changes made our workflow harder.
FB-0001110,CUST-100373,2026-02-17,4.2,Several important features are not working as expected.
FB-0001111,CUST-100374,2026-04-05,6.6,I don't understand the latest invoice.
FB-0001112,CUST-100374,2026-07-18,6.3,There appears to be an unexpected charge on my account.
FB-0001113,CUST-100375,2026-07-09,5.3,The problem is still unresolved and this is becoming frustrating.
FB-0001114,CUST-100375,2026-02-18,5.6,The problem is still unresolved and this is becoming frustrating.
FB-0001115,CUST-100375,2026-06-27,4.4,The problem is still unresolved and this is becoming frustrating.
FB-0001116,CUST-100376,2026-06-25,5.6,We aren't using the platform as much as before.
FB-0001117,CUST-100376,2026-06-05,6.0,I'm not sure we're getting enough value from the subscription.
FB-0001118,CUST-100377,2026-05-30,6.7,The platform has been reliable and support was helpful.
FB-0001119,CUST-100377,2026-04-20,6.9,The platform has been reliable and support was helpful.
FB-0001120,CUST-100378,2026-03-05,9.0,Everything worked well and the issue was resolved quickly.
FB-0001121,CUST-100378,2026-02-22,9.8,Everything worked well and the issue was resolved quickly.
FB-0001122,CUST-100378,2026-03-28,9.1,Everything worked well and the issue was resolved quickly.
FB-0001123,CUST-100378,2026-03-04,8.0,The platform has been reliable and support was helpful.
FB-0001124,CUST-100379,2026-02-21,8.2,Everything worked well and the issue was resolved quickly.
FB-0001125,CUST-100379,2026-03-27,8.5,The platform has been reliable and support was helpful.
FB-0001126,CUST-100379,2026-04-02,9.4,The platform has been reliable and support was helpful.
FB-0001127,CUST-100379,2026-03-08,9.6,The platform has been reliable and support was helpful.
FB-0001128,CUST-100380,2026-04-16,7.4,Everything worked well and the issue was resolved quickly.
FB-0001129,CUST-100380,2026-07-22,9.2,Everything worked well and the issue was resolved quickly.
FB-0001130,CUST-100381,2026-04-03,8.5,The platform has been reliable and support was helpful.
FB-0001131,CUST-100381,2026-03-03,9.7,The platform has been reliable and support was helpful.
FB-0001132,CUST-100381,2026-07-01,8.5,The platform has been reliable and support was helpful.
FB-0001133,CUST-100381,2026-04-06,7.7,Everything worked well and the issue was resolved quickly.
FB-0001134,CUST-100382,2026-06-29,7.1,We aren't using the platform as much as before.
FB-0001135,CUST-100382,2026-07-03,5.4,I'm not sure we're getting enough value from the subscription.
FB-0001136,CUST-100382,2026-03-07,6.4,We aren't using the platform as much as before.
FB-0001137,CUST-100383,2026-06-03,8.8,The platform has been reliable and support was helpful.
FB-0001138,CUST-100383,2026-03-03,6.5,Everything worked well and the issue was resolved quickly.
FB-0001139,CUST-100383,2026-06-05,8.8,The platform has been reliable and support was helpful.
FB-0001140,CUST-100383,2026-05-27,7.4,The platform has been reliable and support was helpful.
FB-0001141,CUST-100384,2026-03-18,7.6,We aren't using the platform as much as before.
FB-0001142,CUST-100384,2026-03-02,6.5,We aren't using the platform as much as before.
FB-0001143,CUST-100385,2026-06-26,10.0,"The issue was annoying, but the team resolved it quickly."
FB-0001144,CUST-100385,2026-07-20,8.7,"The issue was annoying, but the team resolved it quickly."
FB-0001145,CUST-100386,2026-03-14,9.1,Everything worked well and the issue was resolved quickly.
FB-0001146,CUST-100386,2026-05-11,8.1,The platform has been reliable and support was helpful.
FB-0001147,CUST-100386,2026-03-28,8.3,Everything worked well and the issue was resolved quickly.
FB-0001148,CUST-100387,2026-07-02,10.0,Everything worked well and the issue was resolved quickly.
FB-0001149,CUST-100387,2026-05-06,9.9,Everything worked well and the issue was resolved quickly.
FB-0001150,CUST-100388,2026-05-11,8.6,The platform has been reliable and support was helpful.
FB-0001151,CUST-100388,2026-05-06,9.7,The platform has been reliable and support was helpful.
FB-0001152,CUST-100388,2026-03-11,7.9,The platform has been reliable and support was helpful.
FB-0001153,CUST-100388,2026-02-07,6.9,The platform has been reliable and support was helpful.
FB-0001154,CUST-100389,2026-02-09,6.6,The platform has been reliable and support was helpful.
FB-0001155,CUST-100389,2026-07-04,9.3,Everything worked well and the issue was resolved quickly.
FB-0001156,CUST-100390,2026-05-20,8.0,Everything worked well and the issue was resolved quickly.
FB-0001157,CUST-100390,2026-03-31,8.8,Everything worked well and the issue was resolved quickly.
FB-0001158,CUST-100391,2026-02-09,3.3,Several important features are not working as expected.
FB-0001159,CUST-100391,2026-04-23,7.7,The recent product changes made our workflow harder.
FB-0001160,CUST-100391,2026-04-09,3.9,The recent product changes made our workflow harder.
FB-0001161,CUST-100392,2026-06-07,4.3,We're evaluating alternatives and may move away from the platform.
FB-0001162,CUST-100392,2026-02-13,3.1,We are considering cancelling at renewal.
FB-0001163,CUST-100393,2026-05-10,7.4,Everything worked well and the issue was resolved quickly.
FB-0001164,CUST-100393,2026-04-04,7.6,The platform has been reliable and support was helpful.
FB-0001165,CUST-100393,2026-05-30,8.2,The platform has been reliable and support was helpful.
FB-0001166,CUST-100394,2026-03-02,6.8,We aren't using the platform as much as before.
FB-0001167,CUST-100394,2026-02-03,6.8,I'm not sure we're getting enough value from the subscription.
FB-0001168,CUST-100394,2026-02-12,9.0,We aren't using the platform as much as before.
FB-0001169,CUST-100394,2026-03-18,6.6,We aren't using the platform as much as before.
FB-0001170,CUST-100395,2026-04-25,2.5,We're evaluating alternatives and may move away from the platform.
FB-0001171,CUST-100395,2026-04-29,2.8,We're evaluating alternatives and may move away from the platform.
FB-0001172,CUST-100395,2026-04-22,4.7,We are considering cancelling at renewal.
FB-0001173,CUST-100396,2026-02-15,3.7,The recent product changes made our workflow harder.
FB-0001174,CUST-100396,2026-03-14,5.5,Several important features are not working as expected.
FB-0001175,CUST-100396,2026-06-15,5.2,The recent product changes made our workflow harder.
FB-0001176,CUST-100397,2026-06-02,8.0,Everything worked well and the issue was resolved quickly.
FB-0001177,CUST-100397,2026-05-27,8.1,Everything worked well and the issue was resolved quickly.
FB-0001178,CUST-100398,2026-02-06,5.4,I don't understand the latest invoice.
FB-0001179,CUST-100398,2026-04-25,4.8,There appears to be an unexpected charge on my account.
FB-0001180,CUST-100398,2026-05-09,4.4,I don't understand the latest invoice.
FB-0001181,CUST-100399,2026-07-18,8.6,Everything worked well and the issue was resolved quickly.
FB-0001182,CUST-100399,2026-07-05,9.1,The platform has been reliable and support was helpful.
FB-0001183,CUST-100399,2026-03-14,9.1,The platform has been reliable and support was helpful.
FB-0001184,CUST-100400,2026-02-27,7.3,We aren't using the platform as much as before.
FB-0001185,CUST-100400,2026-04-15,7.2,We aren't using the platform as much as before.
FB-0001186,CUST-100400,2026-04-17,5.1,I'm not sure we're getting enough value from the subscription.
FB-0001187,CUST-100400,2026-02-27,7.9,We aren't using the platform as much as before.
FB-0001188,CUST-100401,2026-02-28,7.9,Everything worked well and the issue was resolved quickly.
FB-0001189,CUST-100401,2026-02-11,8.1,Everything worked well and the issue was resolved quickly.
FB-0001190,CUST-100401,2026-05-06,10.0,Everything worked well and the issue was resolved quickly.
FB-0001191,CUST-100402,2026-03-19,2.1,We've had too many problems and are seriously considering alternatives.
FB-0001192,CUST-100402,2026-07-07,2.2,The service problems and billing issues make it difficult to justify continuing.
FB-0001193,CUST-100402,2026-04-02,1.4,We've had too many problems and are seriously considering alternatives.
FB-0001194,CUST-100403,2026-03-27,3.7,Several important features are not working as expected.
FB-0001195,CUST-100403,2026-02-11,4.2,The recent product changes made our workflow harder.
FB-0001196,CUST-100403,2026-05-23,4.3,Several important features are not working as expected.
FB-0001197,CUST-100404,2026-04-02,8.7,The platform has been reliable and support was helpful.
FB-0001198,CUST-100404,2026-07-09,8.0,Everything worked well and the issue was resolved quickly.
FB-0001199,CUST-100404,2026-07-09,9.6,Everything worked well and the issue was resolved quickly.
FB-0001200,CUST-100405,2026-05-20,8.3,Everything worked well and the issue was resolved quickly.
FB-0001201,CUST-100405,2026-02-26,8.3,The platform has been reliable and support was helpful.
FB-0001202,CUST-100405,2026-03-31,6.6,Everything worked well and the issue was resolved quickly.
FB-0001203,CUST-100406,2026-04-09,7.9,I'm not sure we're getting enough value from the subscription.
FB-0001204,CUST-100406,2026-06-18,9.1,I'm not sure we're getting enough value from the subscription.
FB-0001205,CUST-100406,2026-06-03,6.2,I'm not sure we're getting enough value from the subscription.
FB-0001206,CUST-100407,2026-04-02,7.8,"The issue was annoying, but the team resolved it quickly."
FB-0001207,CUST-100407,2026-04-16,8.3,"I was frustrated by the new interface, but overall the product is valuable."
FB-0001208,CUST-100407,2026-02-14,8.5,"I was frustrated by the new interface, but overall the product is valuable."
FB-0001209,CUST-100407,2026-03-25,6.2,"The issue was annoying, but the team resolved it quickly."
FB-0001210,CUST-100408,2026-07-15,5.9,We aren't using the platform as much as before.
FB-0001211,CUST-100408,2026-05-27,6.3,I'm not sure we're getting enough value from the subscription.
FB-0001212,CUST-100408,2026-06-17,6.9,We aren't using the platform as much as before.
FB-0001213,CUST-100408,2026-04-11,6.6,We aren't using the platform as much as before.
FB-0001214,CUST-100409,2026-02-07,5.2,The recent product changes made our workflow harder.
FB-0001215,CUST-100409,2026-04-23,7.0,Several important features are not working as expected.
FB-0001216,CUST-100410,2026-03-10,7.2,We aren't using the platform as much as before.
FB-0001217,CUST-100410,2026-07-15,7.7,We aren't using the platform as much as before.
FB-0001218,CUST-100410,2026-02-18,7.4,We aren't using the platform as much as before.
FB-0001219,CUST-100411,2026-05-16,7.2,Everything worked well and the issue was resolved quickly.
FB-0001220,CUST-100411,2026-03-14,8.5,The platform has been reliable and support was helpful.
FB-0001221,CUST-100411,2026-04-30,10.0,Everything worked well and the issue was resolved quickly.
FB-0001222,CUST-100412,2026-03-04,8.5,Everything worked well and the issue was resolved quickly.
FB-0001223,CUST-100412,2026-02-26,9.5,The platform has been reliable and support was helpful.
FB-0001224,CUST-100412,2026-04-07,8.4,The platform has been reliable and support was helpful.
FB-0001225,CUST-100412,2026-03-07,9.5,Everything worked well and the issue was resolved quickly.
FB-0001226,CUST-100413,2026-06-27,9.1,The platform has been reliable and support was helpful.
FB-0001227,CUST-100413,2026-04-24,9.1,The platform has been reliable and support was helpful.
FB-0001228,CUST-100413,2026-06-10,9.0,Everything worked well and the issue was resolved quickly.
FB-0001229,CUST-100414,2026-02-21,8.1,Everything worked well and the issue was resolved quickly.
FB-0001230,CUST-100414,2026-04-08,8.5,The platform has been reliable and support was helpful.
FB-0001231,CUST-100415,2026-03-25,9.1,The platform has been reliable and support was helpful.
FB-0001232,CUST-100415,2026-07-03,8.8,The platform has been reliable and support was helpful.
FB-0001233,CUST-100416,2026-05-12,7.8,We aren't using the platform as much as before.
FB-0001234,CUST-100416,2026-03-01,6.5,We aren't using the platform as much as before.
FB-0001235,CUST-100416,2026-05-28,5.8,I'm not sure we're getting enough value from the subscription.
FB-0001236,CUST-100417,2026-04-14,9.0,Everything worked well and the issue was resolved quickly.
FB-0001237,CUST-100417,2026-04-05,7.7,Everything worked well and the issue was resolved quickly.
FB-0001238,CUST-100417,2026-05-21,7.1,The platform has been reliable and support was helpful.
FB-0001239,CUST-100418,2026-04-20,3.7,I've contacted support multiple times for the same issue.
FB-0001240,CUST-100418,2026-02-21,6.3,The problem is still unresolved and this is becoming frustrating.
FB-0001241,CUST-100419,2026-02-16,8.3,The platform has been reliable and support was helpful.
FB-0001242,CUST-100419,2026-06-28,9.3,Everything worked well and the issue was resolved quickly.
FB-0001243,CUST-100419,2026-07-03,8.0,The platform has been reliable and support was helpful.
FB-0001244,CUST-100419,2026-07-20,7.4,The platform has been reliable and support was helpful.
FB-0001245,CUST-100420,2026-07-22,4.0,The service problems and billing issues make it difficult to justify continuing.
FB-0001246,CUST-100420,2026-05-26,3.5,The service problems and billing issues make it difficult to justify continuing.
FB-0001247,CUST-100420,2026-02-21,3.9,We've had too many problems and are seriously considering alternatives.
FB-0001248,CUST-100420,2026-02-12,3.8,The service problems and billing issues make it difficult to justify continuing.
FB-0001249,CUST-100421,2026-04-15,8.9,The platform has been reliable and support was helpful.
FB-0001250,CUST-100421,2026-06-16,9.5,The platform has been reliable and support was helpful.
FB-0001251,CUST-100421,2026-03-08,8.0,The platform has been reliable and support was helpful.
FB-0001252,CUST-100421,2026-06-28,7.9,Everything worked well and the issue was resolved quickly.
FB-0001253,CUST-100422,2026-07-11,9.7,The platform has been reliable and support was helpful.
FB-0001254,CUST-100422,2026-05-01,8.7,The platform has been reliable and support was helpful.
FB-0001255,CUST-100422,2026-05-18,8.2,The platform has been reliable and support was helpful.
FB-0001256,CUST-100422,2026-03-19,8.1,Everything worked well and the issue was resolved quickly.
FB-0001257,CUST-100423,2026-04-15,5.0,There appears to be an unexpected charge on my account.
FB-0001258,CUST-100423,2026-07-16,5.9,There appears to be an unexpected charge on my account.
FB-0001259,CUST-100423,2026-04-11,6.9,There appears to be an unexpected charge on my account.
FB-0001260,CUST-100423,2026-04-30,5.7,I don't understand the latest invoice.
FB-0001261,CUST-100424,2026-06-06,4.9,I've contacted support multiple times for the same issue.
FB-0001262,CUST-100424,2026-03-28,3.9,I've contacted support multiple times for the same issue.
FB-0001263,CUST-100424,2026-06-24,6.7,I've contacted support multiple times for the same issue.
FB-0001264,CUST-100425,2026-04-24,6.6,Several important features are not working as expected.
FB-0001265,CUST-100425,2026-05-28,4.1,Several important features are not working as expected.
FB-0001266,CUST-100425,2026-05-14,5.4,Several important features are not working as expected.
FB-0001267,CUST-100426,2026-02-09,9.5,Everything worked well and the issue was resolved quickly.
FB-0001268,CUST-100426,2026-06-30,7.1,Everything worked well and the issue was resolved quickly.
FB-0001269,CUST-100426,2026-06-17,7.6,The platform has been reliable and support was helpful.
FB-0001270,CUST-100427,2026-04-02,6.8,I don't understand the latest invoice.
FB-0001271,CUST-100427,2026-04-15,5.8,I don't understand the latest invoice.
FB-0001272,CUST-100428,2026-06-04,6.8,I don't understand the latest invoice.
FB-0001273,CUST-100428,2026-07-26,6.3,I don't understand the latest invoice.
FB-0001274,CUST-100428,2026-06-04,7.9,I don't understand the latest invoice.
FB-0001275,CUST-100429,2026-02-24,2.3,We are considering cancelling at renewal.
FB-0001276,CUST-100429,2026-05-26,3.7,We are considering cancelling at renewal.
FB-0001277,CUST-100430,2026-07-20,8.8,Everything worked well and the issue was resolved quickly.
FB-0001278,CUST-100430,2026-06-29,7.8,The platform has been reliable and support was helpful.
FB-0001279,CUST-100430,2026-04-25,7.1,Everything worked well and the issue was resolved quickly.
FB-0001280,CUST-100430,2026-07-01,8.6,The platform has been reliable and support was helpful.
FB-0001281,CUST-100431,2026-03-29,6.9,The platform has been reliable and support was helpful.
FB-0001282,CUST-100431,2026-06-13,7.0,Everything worked well and the issue was resolved quickly.
FB-0001283,CUST-100432,2026-05-12,8.8,Everything worked well and the issue was resolved quickly.
FB-0001284,CUST-100432,2026-03-21,9.8,The platform has been reliable and support was helpful.
FB-0001285,CUST-100433,2026-06-04,7.9,The platform has been reliable and support was helpful.
FB-0001286,CUST-100433,2026-07-09,7.9,The platform has been reliable and support was helpful.
FB-0001287,CUST-100433,2026-07-26,9.1,The platform has been reliable and support was helpful.
FB-0001288,CUST-100434,2026-07-18,8.9,The platform has been reliable and support was helpful.
FB-0001289,CUST-100434,2026-03-27,8.7,Everything worked well and the issue was resolved quickly.
FB-0001290,CUST-100434,2026-04-04,10.0,Everything worked well and the issue was resolved quickly.
FB-0001291,CUST-100435,2026-03-18,7.6,We aren't using the platform as much as before.
FB-0001292,CUST-100435,2026-06-30,6.7,I'm not sure we're getting enough value from the subscription.
FB-0001293,CUST-100436,2026-06-06,8.7,The platform has been reliable and support was helpful.
FB-0001294,CUST-100436,2026-06-22,9.0,The platform has been reliable and support was helpful.
FB-0001295,CUST-100436,2026-07-25,7.8,Everything worked well and the issue was resolved quickly.
FB-0001296,CUST-100437,2026-03-29,3.7,I don't understand the latest invoice.
FB-0001297,CUST-100437,2026-07-20,5.0,There appears to be an unexpected charge on my account.
FB-0001298,CUST-100438,2026-05-06,2.8,We're evaluating alternatives and may move away from the platform.
FB-0001299,CUST-100438,2026-02-03,2.0,We're evaluating alternatives and may move away from the platform.
FB-0001300,CUST-100438,2026-05-31,3.6,We are considering cancelling at renewal.
FB-0001301,CUST-100439,2026-02-23,8.0,The platform has been reliable and support was helpful.
FB-0001302,CUST-100439,2026-07-09,7.2,The platform has been reliable and support was helpful.
FB-0001303,CUST-100439,2026-05-31,8.4,The platform has been reliable and support was helpful.
FB-0001304,CUST-100440,2026-07-22,7.9,The platform has been reliable and support was helpful.
FB-0001305,CUST-100440,2026-04-28,7.8,The platform has been reliable and support was helpful.
FB-0001306,CUST-100441,2026-07-19,7.8,The platform has been reliable and support was helpful.
FB-0001307,CUST-100441,2026-05-30,9.5,Everything worked well and the issue was resolved quickly.
FB-0001308,CUST-100442,2026-04-16,7.5,The platform has been reliable and support was helpful.
FB-0001309,CUST-100442,2026-04-07,10.0,The platform has been reliable and support was helpful.
FB-0001310,CUST-100443,2026-06-20,8.0,Everything worked well and the issue was resolved quickly.
FB-0001311,CUST-100443,2026-03-09,10.0,The platform has been reliable and support was helpful.
FB-0001312,CUST-100443,2026-04-12,9.4,Everything worked well and the issue was resolved quickly.
FB-0001313,CUST-100444,2026-03-23,10.0,The platform has been reliable and support was helpful.
FB-0001314,CUST-100444,2026-06-28,10.0,Everything worked well and the issue was resolved quickly.
FB-0001315,CUST-100445,2026-03-23,5.1,We're evaluating alternatives and may move away from the platform.
FB-0001316,CUST-100445,2026-03-17,3.3,We are considering cancelling at renewal.
FB-0001317,CUST-100446,2026-05-25,6.8,Everything worked well and the issue was resolved quickly.
FB-0001318,CUST-100446,2026-06-05,9.4,Everything worked well and the issue was resolved quickly.
FB-0001319,CUST-100446,2026-06-15,8.5,Everything worked well and the issue was resolved quickly.
FB-0001320,CUST-100446,2026-02-24,8.2,The platform has been reliable and support was helpful.
FB-0001321,CUST-100447,2026-05-13,5.7,The recent product changes made our workflow harder.
FB-0001322,CUST-100447,2026-07-03,5.6,The recent product changes made our workflow harder.
FB-0001323,CUST-100447,2026-02-18,4.0,The recent product changes made our workflow harder.
FB-0001324,CUST-100447,2026-07-19,5.1,Several important features are not working as expected.
FB-0001325,CUST-100448,2026-05-27,3.2,I've contacted support multiple times for the same issue.
FB-0001326,CUST-100448,2026-04-24,5.7,I've contacted support multiple times for the same issue.
FB-0001327,CUST-100448,2026-07-26,4.5,I've contacted support multiple times for the same issue.
FB-0001328,CUST-100449,2026-07-19,10.0,The platform has been reliable and support was helpful.
FB-0001329,CUST-100449,2026-07-14,7.3,The platform has been reliable and support was helpful.
FB-0001330,CUST-100449,2026-04-29,7.9,Everything worked well and the issue was resolved quickly.
FB-0001331,CUST-100449,2026-05-09,8.3,Everything worked well and the issue was resolved quickly.
FB-0001332,CUST-100450,2026-03-20,10.0,Everything worked well and the issue was resolved quickly.
FB-0001333,CUST-100450,2026-07-21,8.0,Everything worked well and the issue was resolved quickly.
FB-0001334,CUST-100450,2026-06-05,9.3,Everything worked well and the issue was resolved quickly.
FB-0001335,CUST-100451,2026-05-10,7.5,I'm not sure we're getting enough value from the subscription.
FB-0001336,CUST-100451,2026-07-24,6.2,I'm not sure we're getting enough value from the subscription.
FB-0001337,CUST-100452,2026-06-27,7.1,We aren't using the platform as much as before.
FB-0001338,CUST-100452,2026-04-01,4.8,I'm not sure we're getting enough value from the subscription.
FB-0001339,CUST-100452,2026-05-13,7.3,I'm not sure we're getting enough value from the subscription.
FB-0001340,CUST-100453,2026-03-14,9.1,Everything worked well and the issue was resolved quickly.
FB-0001341,CUST-100453,2026-03-14,9.2,Everything worked well and the issue was resolved quickly.
FB-0001342,CUST-100453,2026-07-09,9.8,Everything worked well and the issue was resolved quickly.
FB-0001343,CUST-100454,2026-07-05,9.0,Everything worked well and the issue was resolved quickly.
FB-0001344,CUST-100454,2026-07-20,9.8,The platform has been reliable and support was helpful.
FB-0001345,CUST-100454,2026-02-03,9.9,The platform has been reliable and support was helpful.
FB-0001346,CUST-100454,2026-07-09,9.2,Everything worked well and the issue was resolved quickly.
FB-0001347,CUST-100455,2026-06-01,2.8,We're evaluating alternatives and may move away from the platform.
FB-0001348,CUST-100455,2026-06-11,3.6,We're evaluating alternatives and may move away from the platform.
FB-0001349,CUST-100456,2026-07-01,7.3,Everything worked well and the issue was resolved quickly.
FB-0001350,CUST-100456,2026-05-27,9.9,The platform has been reliable and support was helpful.
FB-0001351,CUST-100457,2026-04-06,7.4,The platform has been reliable and support was helpful.
FB-0001352,CUST-100457,2026-07-09,8.1,Everything worked well and the issue was resolved quickly.
FB-0001353,CUST-100458,2026-03-05,7.1,The platform has been reliable and support was helpful.
FB-0001354,CUST-100458,2026-04-30,8.6,Everything worked well and the issue was resolved quickly.
FB-0001355,CUST-100458,2026-05-04,9.6,The platform has been reliable and support was helpful.
FB-0001356,CUST-100458,2026-05-14,7.9,The platform has been reliable and support was helpful.
FB-0001357,CUST-100459,2026-07-09,3.6,The service problems and billing issues make it difficult to justify continuing.
FB-0001358,CUST-100459,2026-05-09,4.3,We've had too many problems and are seriously considering alternatives.
FB-0001359,CUST-100459,2026-06-17,3.8,We've had too many problems and are seriously considering alternatives.
FB-0001360,CUST-100459,2026-05-16,4.7,The service problems and billing issues make it difficult to justify continuing.
FB-0001361,CUST-100460,2026-05-20,7.8,"The issue was annoying, but the team resolved it quickly."
FB-0001362,CUST-100460,2026-06-23,7.5,"I was frustrated by the new interface, but overall the product is valuable."
FB-0001363,CUST-100460,2026-03-07,8.1,"I was frustrated by the new interface, but overall the product is valuable."
FB-0001364,CUST-100460,2026-02-12,6.9,"The issue was annoying, but the team resolved it quickly."
FB-0001365,CUST-100461,2026-05-10,9.4,The platform has been reliable and support was helpful.
FB-0001366,CUST-100461,2026-07-04,9.0,Everything worked well and the issue was resolved quickly.
FB-0001367,CUST-100462,2026-05-21,8.8,Everything worked well and the issue was resolved quickly.
FB-0001368,CUST-100462,2026-05-08,8.2,Everything worked well and the issue was resolved quickly.
FB-0001369,CUST-100463,2026-03-07,7.6,The platform has been reliable and support was helpful.
FB-0001370,CUST-100463,2026-06-11,8.6,Everything worked well and the issue was resolved quickly.
FB-0001371,CUST-100463,2026-05-01,8.6,The platform has been reliable and support was helpful.
FB-0001372,CUST-100464,2026-05-11,7.8,Everything worked well and the issue was resolved quickly.
FB-0001373,CUST-100464,2026-03-15,8.5,Everything worked well and the issue was resolved quickly.
FB-0001374,CUST-100464,2026-02-14,8.3,Everything worked well and the issue was resolved quickly.
FB-0001375,CUST-100465,2026-04-09,5.5,I've contacted support multiple times for the same issue.
FB-0001376,CUST-100465,2026-02-26,5.6,I've contacted support multiple times for the same issue.
FB-0001377,CUST-100465,2026-03-30,4.5,The problem is still unresolved and this is becoming frustrating.
FB-0001378,CUST-100465,2026-04-10,4.1,The problem is still unresolved and this is becoming frustrating.
FB-0001379,CUST-100466,2026-02-08,5.0,The recent product changes made our workflow harder.
FB-0001380,CUST-100466,2026-03-22,5.8,The recent product changes made our workflow harder.
FB-0001381,CUST-100466,2026-04-01,3.6,Several important features are not working as expected.
FB-0001382,CUST-100467,2026-02-28,10.0,The platform has been reliable and support was helpful.
FB-0001383,CUST-100467,2026-02-25,7.3,Everything worked well and the issue was resolved quickly.
FB-0001384,CUST-100467,2026-03-20,8.6,Everything worked well and the issue was resolved quickly.
FB-0001385,CUST-100467,2026-03-15,9.2,The platform has been reliable and support was helpful.
FB-0001386,CUST-100468,2026-02-20,8.7,Everything worked well and the issue was resolved quickly.
FB-0001387,CUST-100468,2026-07-13,8.2,Everything worked well and the issue was resolved quickly.
FB-0001388,CUST-100468,2026-04-03,10.0,Everything worked well and the issue was resolved quickly.
FB-0001389,CUST-100469,2026-03-26,5.0,The problem is still unresolved and this is becoming frustrating.
FB-0001390,CUST-100469,2026-03-28,5.2,I've contacted support multiple times for the same issue.
FB-0001391,CUST-100469,2026-02-04,6.4,I've contacted support multiple times for the same issue.
FB-0001392,CUST-100470,2026-03-13,2.9,We are considering cancelling at renewal.
FB-0001393,CUST-100470,2026-07-23,3.4,We are considering cancelling at renewal.
FB-0001394,CUST-100471,2026-04-02,5.9,The problem is still unresolved and this is becoming frustrating.
FB-0001395,CUST-100471,2026-03-16,5.4,The problem is still unresolved and this is becoming frustrating.
FB-0001396,CUST-100471,2026-03-15,4.1,The problem is still unresolved and this is becoming frustrating.
FB-0001397,CUST-100472,2026-02-06,8.2,Everything worked well and the issue was resolved quickly.
FB-0001398,CUST-100472,2026-07-08,8.0,The platform has been reliable and support was helpful.
FB-0001399,CUST-100473,2026-07-23,4.0,I've contacted support multiple times for the same issue.
FB-0001400,CUST-100473,2026-04-16,5.0,The problem is still unresolved and this is becoming frustrating.
FB-0001401,CUST-100473,2026-04-09,5.0,I've contacted support multiple times for the same issue.
FB-0001402,CUST-100473,2026-06-02,4.8,The problem is still unresolved and this is becoming frustrating.
FB-0001403,CUST-100474,2026-06-01,3.1,We've had too many problems and are seriously considering alternatives.
FB-0001404,CUST-100474,2026-05-04,4.5,We've had too many problems and are seriously considering alternatives.
FB-0001405,CUST-100474,2026-07-01,4.9,We've had too many problems and are seriously considering alternatives.
FB-0001406,CUST-100475,2026-03-10,10.0,The platform has been reliable and support was helpful.
FB-0001407,CUST-100475,2026-07-18,9.2,The platform has been reliable and support was helpful.
FB-0001408,CUST-100475,2026-05-04,8.7,The platform has been reliable and support was helpful.
FB-0001409,CUST-100476,2026-02-17,8.4,Everything worked well and the issue was resolved quickly.
FB-0001410,CUST-100476,2026-03-15,6.8,The platform has been reliable and support was helpful.
FB-0001411,CUST-100476,2026-04-25,8.5,Everything worked well and the issue was resolved quickly.
FB-0001412,CUST-100476,2026-06-06,8.1,The platform has been reliable and support was helpful.
FB-0001413,CUST-100477,2026-05-10,7.7,The platform has been reliable and support was helpful.
FB-0001414,CUST-100477,2026-02-05,7.6,Everything worked well and the issue was resolved quickly.
FB-0001415,CUST-100477,2026-07-01,8.2,Everything worked well and the issue was resolved quickly.
FB-0001416,CUST-100477,2026-03-23,8.1,The platform has been reliable and support was helpful.
FB-0001417,CUST-100478,2026-07-14,7.0,The platform has been reliable and support was helpful.
FB-0001418,CUST-100478,2026-07-22,9.2,Everything worked well and the issue was resolved quickly.
FB-0001419,CUST-100478,2026-06-28,8.6,The platform has been reliable and support was helpful.
FB-0001420,CUST-100478,2026-03-06,9.3,Everything worked well and the issue was resolved quickly.
FB-0001421,CUST-100479,2026-06-05,8.5,We aren't using the platform as much as before.
FB-0001422,CUST-100479,2026-05-06,7.5,We aren't using the platform as much as before.
FB-0001423,CUST-100479,2026-05-05,4.2,We aren't using the platform as much as before.
FB-0001424,CUST-100480,2026-04-23,5.4,We aren't using the platform as much as before.
FB-0001425,CUST-100480,2026-06-20,5.5,I'm not sure we're getting enough value from the subscription.
FB-0001426,CUST-100481,2026-03-19,5.2,The problem is still unresolved and this is becoming frustrating.
FB-0001427,CUST-100481,2026-04-17,5.0,I've contacted support multiple times for the same issue.
FB-0001428,CUST-100481,2026-07-13,5.8,I've contacted support multiple times for the same issue.
FB-0001429,CUST-100482,2026-07-06,8.1,Everything worked well and the issue was resolved quickly.
FB-0001430,CUST-100482,2026-03-27,8.0,The platform has been reliable and support was helpful.
FB-0001431,CUST-100483,2026-02-13,7.9,The platform has been reliable and support was helpful.
FB-0001432,CUST-100483,2026-03-07,9.0,The platform has been reliable and support was helpful.
FB-0001433,CUST-100484,2026-07-07,9.1,The platform has been reliable and support was helpful.
FB-0001434,CUST-100484,2026-07-09,8.6,The platform has been reliable and support was helpful.
FB-0001435,CUST-100485,2026-03-23,5.0,I've contacted support multiple times for the same issue.
FB-0001436,CUST-100485,2026-07-22,3.5,The problem is still unresolved and this is becoming frustrating.
FB-0001437,CUST-100486,2026-06-28,7.4,We aren't using the platform as much as before.
FB-0001438,CUST-100486,2026-07-24,6.4,I'm not sure we're getting enough value from the subscription.
FB-0001439,CUST-100486,2026-07-12,7.5,I'm not sure we're getting enough value from the subscription.
FB-0001440,CUST-100487,2026-03-29,5.3,We aren't using the platform as much as before.
FB-0001441,CUST-100487,2026-04-28,7.7,I'm not sure we're getting enough value from the subscription.
FB-0001442,CUST-100487,2026-02-22,7.0,We aren't using the platform as much as before.
FB-0001443,CUST-100487,2026-04-29,6.4,I'm not sure we're getting enough value from the subscription.
FB-0001444,CUST-100488,2026-05-03,2.7,We are considering cancelling at renewal.
FB-0001445,CUST-100488,2026-02-12,4.8,We are considering cancelling at renewal.
FB-0001446,CUST-100488,2026-06-21,3.3,We're evaluating alternatives and may move away from the platform.
FB-0001447,CUST-100489,2026-05-27,7.5,I'm not sure we're getting enough value from the subscription.
FB-0001448,CUST-100489,2026-05-04,6.0,We aren't using the platform as much as before.
FB-0001449,CUST-100489,2026-04-18,6.8,We aren't using the platform as much as before.
FB-0001450,CUST-100490,2026-04-05,8.0,The platform has been reliable and support was helpful.
FB-0001451,CUST-100490,2026-03-22,7.8,The platform has been reliable and support was helpful.
FB-0001452,CUST-100491,2026-02-24,4.9,The problem is still unresolved and this is becoming frustrating.
FB-0001453,CUST-100491,2026-05-25,4.1,I've contacted support multiple times for the same issue.
FB-0001454,CUST-100491,2026-02-28,4.8,The problem is still unresolved and this is becoming frustrating.
FB-0001455,CUST-100492,2026-07-27,3.9,We've had too many problems and are seriously considering alternatives.
FB-0001456,CUST-100492,2026-05-13,2.7,The service problems and billing issues make it difficult to justify continuing.
FB-0001457,CUST-100493,2026-02-05,7.6,I'm not sure we're getting enough value from the subscription.
FB-0001458,CUST-100493,2026-07-02,5.8,I'm not sure we're getting enough value from the subscription.
FB-0001459,CUST-100494,2026-05-23,4.2,We are considering cancelling at renewal.
FB-0001460,CUST-100494,2026-03-02,2.9,We are considering cancelling at renewal.
FB-0001461,CUST-100495,2026-05-05,7.9,Everything worked well and the issue was resolved quickly.
FB-0001462,CUST-100495,2026-02-11,8.9,Everything worked well and the issue was resolved quickly.
FB-0001463,CUST-100496,2026-07-13,6.5,I'm not sure we're getting enough value from the subscription.
FB-0001464,CUST-100496,2026-03-17,6.4,We aren't using the platform as much as before.
FB-0001465,CUST-100496,2026-06-02,7.0,I'm not sure we're getting enough value from the subscription.
FB-0001466,CUST-100496,2026-04-09,7.2,I'm not sure we're getting enough value from the subscription.
FB-0001467,CUST-100497,2026-05-29,4.0,We are considering cancelling at renewal.
FB-0001468,CUST-100497,2026-03-01,2.2,We are considering cancelling at renewal.
FB-0001469,CUST-100497,2026-07-04,3.5,We're evaluating alternatives and may move away from the platform.
FB-0001470,CUST-100498,2026-05-19,7.2,Everything worked well and the issue was resolved quickly.
FB-0001471,CUST-100498,2026-03-11,8.7,Everything worked well and the issue was resolved quickly.
FB-0001472,CUST-100498,2026-06-06,9.6,The platform has been reliable and support was helpful.
FB-0001473,CUST-100498,2026-02-06,8.8,Everything worked well and the issue was resolved quickly.
FB-0001474,CUST-100499,2026-07-23,2.7,We are considering cancelling at renewal.
FB-0001475,CUST-100499,2026-02-03,3.3,We are considering cancelling at renewal.
FB-0001476,CUST-100499,2026-06-06,5.1,We are considering cancelling at renewal.
FB-0001477,CUST-100499,2026-05-17,3.9,We're evaluating alternatives and may move away from the platform.
FB-0001478,CUST-100500,2026-04-06,4.0,I've contacted support multiple times for the same issue.
FB-0001479,CUST-100500,2026-05-08,2.8,I've contacted support multiple times for the same issue.
FB-0001480,CUST-100501,2026-04-17,5.0,Several important features are not working as expected.
FB-0001481,CUST-100501,2026-07-24,5.4,Several important features are not working as expected.
FB-0001482,CUST-100501,2026-02-23,5.8,Several important features are not working as expected.
FB-0001483,CUST-100502,2026-03-14,8.5,The platform has been reliable and support was helpful.
FB-0001484,CUST-100502,2026-05-21,7.1,Everything worked well and the issue was resolved quickly.
FB-0001485,CUST-100502,2026-02-04,10.0,Everything worked well and the issue was resolved quickly.
FB-0001486,CUST-100502,2026-07-18,7.7,Everything worked well and the issue was resolved quickly.
FB-0001487,CUST-100503,2026-03-29,8.6,The platform has been reliable and support was helpful.
FB-0001488,CUST-100503,2026-03-10,6.4,Everything worked well and the issue was resolved quickly.
FB-0001489,CUST-100503,2026-03-15,7.7,The platform has been reliable and support was helpful.
FB-0001490,CUST-100504,2026-03-13,5.2,We are considering cancelling at renewal.
FB-0001491,CUST-100504,2026-04-29,3.3,We're evaluating alternatives and may move away from the platform.
FB-0001492,CUST-100505,2026-07-14,8.9,"The issue was annoying, but the team resolved it quickly."
FB-0001493,CUST-100505,2026-03-08,8.8,"The issue was annoying, but the team resolved it quickly."
FB-0001494,CUST-100506,2026-03-06,5.1,The service problems and billing issues make it difficult to justify continuing.
FB-0001495,CUST-100506,2026-03-30,4.0,We've had too many problems and are seriously considering alternatives.
FB-0001496,CUST-100506,2026-02-10,3.3,The service problems and billing issues make it difficult to justify continuing.
FB-0001497,CUST-100506,2026-05-24,5.2,We've had too many problems and are seriously considering alternatives.
FB-0001498,CUST-100507,2026-07-17,5.9,I don't understand the latest invoice.
FB-0001499,CUST-100507,2026-03-08,4.0,I don't understand the latest invoice.
FB-0001500,CUST-100507,2026-07-08,5.2,I don't understand the latest invoice.
FB-0001501,CUST-100508,2026-02-05,3.0,We are considering cancelling at renewal.
FB-0001502,CUST-100508,2026-04-13,1.3,We're evaluating alternatives and may move away from the platform.
FB-0001503,CUST-100508,2026-06-13,5.4,We're evaluating alternatives and may move away from the platform.
FB-0001504,CUST-100509,2026-07-25,5.3,The service problems and billing issues make it difficult to justify continuing.
FB-0001505,CUST-100509,2026-04-02,4.4,The service problems and billing issues make it difficult to justify continuing.
FB-0001506,CUST-100509,2026-04-04,4.1,The service problems and billing issues make it difficult to justify continuing.
FB-0001507,CUST-100510,2026-02-25,8.0,The platform has been reliable and support was helpful.
FB-0001508,CUST-100510,2026-03-08,7.1,The platform has been reliable and support was helpful.
FB-0001509,CUST-100510,2026-03-25,8.0,Everything worked well and the issue was resolved quickly.
FB-0001510,CUST-100511,2026-04-22,3.8,The problem is still unresolved and this is becoming frustrating.
FB-0001511,CUST-100511,2026-02-10,3.6,The problem is still unresolved and this is becoming frustrating.
FB-0001512,CUST-100511,2026-03-27,4.7,The problem is still unresolved and this is becoming frustrating.
FB-0001513,CUST-100512,2026-03-02,7.6,There appears to be an unexpected charge on my account.
FB-0001514,CUST-100512,2026-06-26,7.2,I don't understand the latest invoice.
FB-0001515,CUST-100513,2026-05-20,5.8,The recent product changes made our workflow harder.
FB-0001516,CUST-100513,2026-03-31,3.5,The recent product changes made our workflow harder.
FB-0001517,CUST-100513,2026-03-25,4.4,The recent product changes made our workflow harder.
FB-0001518,CUST-100513,2026-07-10,5.0,The recent product changes made our workflow harder.
FB-0001519,CUST-100514,2026-04-29,2.3,We're evaluating alternatives and may move away from the platform.
FB-0001520,CUST-100514,2026-05-16,2.5,We are considering cancelling at renewal.
FB-0001521,CUST-100515,2026-04-10,8.2,The platform has been reliable and support was helpful.
FB-0001522,CUST-100515,2026-04-04,7.8,Everything worked well and the issue was resolved quickly.
FB-0001523,CUST-100515,2026-07-18,9.6,The platform has been reliable and support was helpful.
FB-0001524,CUST-100516,2026-06-25,8.8,Everything worked well and the issue was resolved quickly.
FB-0001525,CUST-100516,2026-06-08,8.9,The platform has been reliable and support was helpful.
FB-0001526,CUST-100516,2026-04-28,9.5,Everything worked well and the issue was resolved quickly.
FB-0001527,CUST-100517,2026-05-31,8.6,"I was frustrated by the new interface, but overall the product is valuable."
FB-0001528,CUST-100517,2026-07-11,10.0,"The issue was annoying, but the team resolved it quickly."
FB-0001529,CUST-100517,2026-04-29,7.0,"I was frustrated by the new interface, but overall the product is valuable."
FB-0001530,CUST-100517,2026-02-15,7.9,"The issue was annoying, but the team resolved it quickly."
FB-0001531,CUST-100518,2026-07-09,6.7,The platform has been reliable and support was helpful.
FB-0001532,CUST-100518,2026-07-07,9.1,Everything worked well and the issue was resolved quickly.
FB-0001533,CUST-100518,2026-05-05,7.4,Everything worked well and the issue was resolved quickly.
FB-0001534,CUST-100519,2026-05-05,4.5,The service problems and billing issues make it difficult to justify continuing.
FB-0001535,CUST-100519,2026-07-10,3.2,We've had too many problems and are seriously considering alternatives.
FB-0001536,CUST-100519,2026-05-02,4.0,We've had too many problems and are seriously considering alternatives.
FB-0001537,CUST-100520,2026-04-10,6.7,There appears to be an unexpected charge on my account.
FB-0001538,CUST-100520,2026-04-30,4.4,I don't understand the latest invoice.
FB-0001539,CUST-100520,2026-04-09,5.4,I don't understand the latest invoice.
FB-0001540,CUST-100520,2026-05-14,3.6,I don't understand the latest invoice.
FB-0001541,CUST-100521,2026-03-21,10.0,The platform has been reliable and support was helpful.
FB-0001542,CUST-100521,2026-02-20,7.8,The platform has been reliable and support was helpful.
FB-0001543,CUST-100521,2026-02-23,8.5,The platform has been reliable and support was helpful.
FB-0001544,CUST-100522,2026-05-16,9.5,Everything worked well and the issue was resolved quickly.
FB-0001545,CUST-100522,2026-03-29,7.8,Everything worked well and the issue was resolved quickly.
FB-0001546,CUST-100522,2026-03-09,9.0,Everything worked well and the issue was resolved quickly.
FB-0001547,CUST-100522,2026-02-12,9.3,The platform has been reliable and support was helpful.
FB-0001548,CUST-100523,2026-02-21,10.0,The platform has been reliable and support was helpful.
FB-0001549,CUST-100523,2026-05-25,6.6,The platform has been reliable and support was helpful.
FB-0001550,CUST-100523,2026-02-05,8.7,Everything worked well and the issue was resolved quickly.
FB-0001551,CUST-100524,2026-06-16,9.6,Everything worked well and the issue was resolved quickly.
FB-0001552,CUST-100524,2026-06-22,8.6,Everything worked well and the issue was resolved quickly.
FB-0001553,CUST-100524,2026-06-01,9.8,The platform has been reliable and support was helpful.
FB-0001554,CUST-100525,2026-06-03,9.2,The platform has been reliable and support was helpful.
FB-0001555,CUST-100525,2026-02-04,9.9,The platform has been reliable and support was helpful.
FB-0001556,CUST-100525,2026-02-14,8.1,Everything worked well and the issue was resolved quickly.
FB-0001557,CUST-100525,2026-06-20,8.0,The platform has been reliable and support was helpful.
FB-0001558,CUST-100526,2026-02-10,9.9,Everything worked well and the issue was resolved quickly.
FB-0001559,CUST-100526,2026-04-10,8.2,Everything worked well and the issue was resolved quickly.
FB-0001560,CUST-100527,2026-04-09,4.5,I don't understand the latest invoice.
FB-0001561,CUST-100527,2026-05-06,6.5,I don't understand the latest invoice.
FB-0001562,CUST-100528,2026-04-29,4.6,We're evaluating alternatives and may move away from the platform.
FB-0001563,CUST-100528,2026-06-21,4.6,We are considering cancelling at renewal.
FB-0001564,CUST-100528,2026-02-03,3.2,We are considering cancelling at renewal.
FB-0001565,CUST-100529,2026-05-28,5.2,Several important features are not working as expected.
FB-0001566,CUST-100529,2026-05-28,5.0,The recent product changes made our workflow harder.
FB-0001567,CUST-100529,2026-04-24,3.5,Several important features are not working as expected.
FB-0001568,CUST-100529,2026-03-17,4.4,Several important features are not working as expected.
FB-0001569,CUST-100530,2026-03-08,3.9,We've had too many problems and are seriously considering alternatives.
FB-0001570,CUST-100530,2026-04-08,3.8,We've had too many problems and are seriously considering alternatives.
FB-0001571,CUST-100530,2026-03-14,5.5,The service problems and billing issues make it difficult to justify continuing.
FB-0001572,CUST-100530,2026-06-01,4.4,We've had too many problems and are seriously considering alternatives.
FB-0001573,CUST-100531,2026-06-25,9.2,Everything worked well and the issue was resolved quickly.
FB-0001574,CUST-100531,2026-02-03,7.8,Everything worked well and the issue was resolved quickly.
FB-0001575,CUST-100532,2026-03-08,7.3,I'm not sure we're getting enough value from the subscription.
FB-0001576,CUST-100532,2026-03-23,5.5,I'm not sure we're getting enough value from the subscription.
FB-0001577,CUST-100532,2026-07-26,7.3,We aren't using the platform as much as before.
FB-0001578,CUST-100533,2026-05-15,2.8,The service problems and billing issues make it difficult to justify continuing.
FB-0001579,CUST-100533,2026-04-25,3.3,We've had too many problems and are seriously considering alternatives.
FB-0001580,CUST-100533,2026-07-17,3.1,The service problems and billing issues make it difficult to justify continuing.
FB-0001581,CUST-100533,2026-07-10,6.0,We've had too many problems and are seriously considering alternatives.
FB-0001582,CUST-100534,2026-04-19,8.6,Everything worked well and the issue was resolved quickly.
FB-0001583,CUST-100534,2026-07-07,8.1,The platform has been reliable and support was helpful.
FB-0001584,CUST-100535,2026-05-25,6.8,I'm not sure we're getting enough value from the subscription.
FB-0001585,CUST-100535,2026-05-13,6.2,I'm not sure we're getting enough value from the subscription.
FB-0001586,CUST-100536,2026-07-05,6.5,We aren't using the platform as much as before.
FB-0001587,CUST-100536,2026-05-30,8.9,We aren't using the platform as much as before.
FB-0001588,CUST-100537,2026-02-10,6.9,I'm not sure we're getting enough value from the subscription.
FB-0001589,CUST-100537,2026-06-30,5.8,We aren't using the platform as much as before.
FB-0001590,CUST-100537,2026-02-27,7.0,We aren't using the platform as much as before.
FB-0001591,CUST-100538,2026-06-17,7.4,The platform has been reliable and support was helpful.
FB-0001592,CUST-100538,2026-04-02,9.6,Everything worked well and the issue was resolved quickly.
FB-0001593,CUST-100538,2026-04-06,5.8,The platform has been reliable and support was helpful.
FB-0001594,CUST-100538,2026-04-15,7.5,The platform has been reliable and support was helpful.
FB-0001595,CUST-100539,2026-05-02,9.0,The platform has been reliable and support was helpful.
FB-0001596,CUST-100539,2026-06-09,8.4,Everything worked well and the issue was resolved quickly.
FB-0001597,CUST-100540,2026-02-27,2.3,The service problems and billing issues make it difficult to justify continuing.
FB-0001598,CUST-100540,2026-03-18,4.1,We've had too many problems and are seriously considering alternatives.
FB-0001599,CUST-100541,2026-07-24,8.2,The platform has been reliable and support was helpful.
FB-0001600,CUST-100541,2026-07-12,8.6,The platform has been reliable and support was helpful.
FB-0001601,CUST-100541,2026-05-06,7.1,The platform has been reliable and support was helpful.
FB-0001602,CUST-100542,2026-03-07,3.0,The service problems and billing issues make it difficult to justify continuing.
FB-0001603,CUST-100542,2026-06-17,3.8,We've had too many problems and are seriously considering alternatives.
FB-0001604,CUST-100542,2026-05-31,4.5,We've had too many problems and are seriously considering alternatives.
FB-0001605,CUST-100543,2026-03-10,9.3,Everything worked well and the issue was resolved quickly.
FB-0001606,CUST-100543,2026-04-26,7.4,Everything worked well and the issue was resolved quickly.
FB-0001607,CUST-100543,2026-06-03,8.8,The platform has been reliable and support was helpful.
FB-0001608,CUST-100544,2026-05-05,7.1,I'm not sure we're getting enough value from the subscription.
FB-0001609,CUST-100544,2026-06-04,6.1,I'm not sure we're getting enough value from the subscription.
FB-0001610,CUST-100544,2026-04-18,7.9,I'm not sure we're getting enough value from the subscription.
FB-0001611,CUST-100544,2026-02-19,5.6,I'm not sure we're getting enough value from the subscription.
FB-0001612,CUST-100545,2026-02-16,6.1,The problem is still unresolved and this is becoming frustrating.
FB-0001613,CUST-100545,2026-06-03,5.2,I've contacted support multiple times for the same issue.
FB-0001614,CUST-100545,2026-04-08,5.3,I've contacted support multiple times for the same issue.
FB-0001615,CUST-100546,2026-04-07,6.5,Everything worked well and the issue was resolved quickly.
FB-0001616,CUST-100546,2026-06-12,9.6,Everything worked well and the issue was resolved quickly.
FB-0001617,CUST-100546,2026-05-17,9.1,The platform has been reliable and support was helpful.
FB-0001618,CUST-100547,2026-05-12,8.7,The platform has been reliable and support was helpful.
FB-0001619,CUST-100547,2026-07-15,8.5,The platform has been reliable and support was helpful.
FB-0001620,CUST-100547,2026-07-26,10.0,Everything worked well and the issue was resolved quickly.
FB-0001621,CUST-100547,2026-05-12,9.3,The platform has been reliable and support was helpful.
FB-0001622,CUST-100548,2026-06-04,10.0,Everything worked well and the issue was resolved quickly.
FB-0001623,CUST-100548,2026-06-16,7.9,Everything worked well and the issue was resolved quickly.
FB-0001624,CUST-100548,2026-03-22,8.7,The platform has been reliable and support was helpful.
FB-0001625,CUST-100548,2026-03-17,6.8,Everything worked well and the issue was resolved quickly.
FB-0001626,CUST-100549,2026-02-13,6.7,Everything worked well and the issue was resolved quickly.
FB-0001627,CUST-100549,2026-05-10,9.5,Everything worked well and the issue was resolved quickly.
FB-0001628,CUST-100550,2026-04-09,6.1,The problem is still unresolved and this is becoming frustrating.
FB-0001629,CUST-100550,2026-07-01,4.5,I've contacted support multiple times for the same issue.
FB-0001630,CUST-100550,2026-03-30,5.7,I've contacted support multiple times for the same issue.
FB-0001631,CUST-100550,2026-03-13,4.9,I've contacted support multiple times for the same issue.
FB-0001632,CUST-100551,2026-05-19,7.6,I'm not sure we're getting enough value from the subscription.
FB-0001633,CUST-100551,2026-02-28,7.1,I'm not sure we're getting enough value from the subscription.
FB-0001634,CUST-100552,2026-03-06,7.2,I'm not sure we're getting enough value from the subscription.
FB-0001635,CUST-100552,2026-06-26,4.8,We aren't using the platform as much as before.
FB-0001636,CUST-100552,2026-07-08,6.5,We aren't using the platform as much as before.
FB-0001637,CUST-100553,2026-03-02,7.9,The platform has been reliable and support was helpful.
FB-0001638,CUST-100553,2026-02-12,9.6,The platform has been reliable and support was helpful.
FB-0001639,CUST-100553,2026-02-27,7.9,The platform has been reliable and support was helpful.
FB-0001640,CUST-100553,2026-04-02,9.0,The platform has been reliable and support was helpful.
FB-0001641,CUST-100554,2026-05-13,7.8,Everything worked well and the issue was resolved quickly.
FB-0001642,CUST-100554,2026-06-19,8.6,The platform has been reliable and support was helpful.
FB-0001643,CUST-100554,2026-06-02,8.1,The platform has been reliable and support was helpful.
FB-0001644,CUST-100555,2026-03-29,8.1,I'm not sure we're getting enough value from the subscription.
FB-0001645,CUST-100555,2026-05-12,7.8,We aren't using the platform as much as before.
FB-0001646,CUST-100556,2026-03-12,6.9,I'm not sure we're getting enough value from the subscription.
FB-0001647,CUST-100556,2026-05-07,5.4,I'm not sure we're getting enough value from the subscription.
FB-0001648,CUST-100557,2026-03-24,6.1,We aren't using the platform as much as before.
FB-0001649,CUST-100557,2026-07-23,7.6,I'm not sure we're getting enough value from the subscription.
FB-0001650,CUST-100557,2026-04-05,5.7,I'm not sure we're getting enough value from the subscription.
FB-0001651,CUST-100558,2026-07-05,7.4,Everything worked well and the issue was resolved quickly.
FB-0001652,CUST-100558,2026-06-09,8.8,The platform has been reliable and support was helpful.
FB-0001653,CUST-100558,2026-04-01,9.8,The platform has been reliable and support was helpful.
FB-0001654,CUST-100558,2026-07-17,7.9,Everything worked well and the issue was resolved quickly.
FB-0001655,CUST-100559,2026-06-22,8.6,Everything worked well and the issue was resolved quickly.
FB-0001656,CUST-100559,2026-02-20,9.3,Everything worked well and the issue was resolved quickly.
FB-0001657,CUST-100560,2026-03-27,8.3,The platform has been reliable and support was helpful.
FB-0001658,CUST-100560,2026-05-08,8.0,The platform has been reliable and support was helpful.
FB-0001659,CUST-100560,2026-02-24,9.1,Everything worked well and the issue was resolved quickly.
FB-0001660,CUST-100560,2026-07-09,9.8,The platform has been reliable and support was helpful.
FB-0001661,CUST-100561,2026-05-02,9.0,Everything worked well and the issue was resolved quickly.
FB-0001662,CUST-100561,2026-07-25,10.0,Everything worked well and the issue was resolved quickly.
FB-0001663,CUST-100561,2026-05-31,9.2,The platform has been reliable and support was helpful.
FB-0001664,CUST-100561,2026-07-27,9.1,The platform has been reliable and support was helpful.
FB-0001665,CUST-100562,2026-02-22,8.8,The platform has been reliable and support was helpful.
FB-0001666,CUST-100562,2026-04-03,10.0,The platform has been reliable and support was helpful.
FB-0001667,CUST-100562,2026-02-21,9.8,The platform has been reliable and support was helpful.
FB-0001668,CUST-100562,2026-07-02,8.0,Everything worked well and the issue was resolved quickly.
FB-0001669,CUST-100563,2026-05-15,6.7,I'm not sure we're getting enough value from the subscription.
FB-0001670,CUST-100563,2026-07-13,6.1,I'm not sure we're getting enough value from the subscription.
FB-0001671,CUST-100564,2026-02-06,9.1,The platform has been reliable and support was helpful.
FB-0001672,CUST-100564,2026-05-20,6.3,The platform has been reliable and support was helpful.
FB-0001673,CUST-100565,2026-02-12,8.7,Everything worked well and the issue was resolved quickly.
FB-0001674,CUST-100565,2026-04-03,7.5,The platform has been reliable and support was helpful.
FB-0001675,CUST-100565,2026-07-01,6.5,The platform has been reliable and support was helpful.
FB-0001676,CUST-100565,2026-03-09,7.5,The platform has been reliable and support was helpful.
FB-0001677,CUST-100566,2026-03-03,4.9,The service problems and billing issues make it difficult to justify continuing.
FB-0001678,CUST-100566,2026-06-14,2.1,We've had too many problems and are seriously considering alternatives.
FB-0001679,CUST-100567,2026-04-07,7.6,The platform has been reliable and support was helpful.
FB-0001680,CUST-100567,2026-03-04,8.1,The platform has been reliable and support was helpful.
FB-0001681,CUST-100568,2026-03-23,5.7,The problem is still unresolved and this is becoming frustrating.
FB-0001682,CUST-100568,2026-02-26,5.4,I've contacted support multiple times for the same issue.
FB-0001683,CUST-100569,2026-05-12,10.0,The platform has been reliable and support was helpful.
FB-0001684,CUST-100569,2026-02-08,8.5,Everything worked well and the issue was resolved quickly.
FB-0001685,CUST-100569,2026-05-07,9.0,The platform has been reliable and support was helpful.
FB-0001686,CUST-100569,2026-04-27,8.1,The platform has been reliable and support was helpful.
FB-0001687,CUST-100570,2026-07-27,9.3,Everything worked well and the issue was resolved quickly.
FB-0001688,CUST-100570,2026-07-01,8.6,Everything worked well and the issue was resolved quickly.
FB-0001689,CUST-100571,2026-02-22,6.3,There appears to be an unexpected charge on my account.
FB-0001690,CUST-100571,2026-06-06,5.6,I don't understand the latest invoice.
FB-0001691,CUST-100571,2026-02-09,5.1,There appears to be an unexpected charge on my account.
FB-0001692,CUST-100572,2026-07-01,7.9,Everything worked well and the issue was resolved quickly.
FB-0001693,CUST-100572,2026-03-20,6.9,The platform has been reliable and support was helpful.
FB-0001694,CUST-100572,2026-05-29,9.0,The platform has been reliable and support was helpful.
FB-0001695,CUST-100573,2026-03-22,6.4,The platform has been reliable and support was helpful.
FB-0001696,CUST-100573,2026-03-17,6.1,Everything worked well and the issue was resolved quickly.
FB-0001697,CUST-100573,2026-06-09,8.7,Everything worked well and the issue was resolved quickly.
FB-0001698,CUST-100573,2026-07-16,9.4,Everything worked well and the issue was resolved quickly.
FB-0001699,CUST-100574,2026-04-21,4.0,The problem is still unresolved and this is becoming frustrating.
FB-0001700,CUST-100574,2026-04-23,4.6,The problem is still unresolved and this is becoming frustrating.
FB-0001701,CUST-100574,2026-02-21,5.2,The problem is still unresolved and this is becoming frustrating.
FB-0001702,CUST-100574,2026-02-11,5.1,I've contacted support multiple times for the same issue.
FB-0001703,CUST-100575,2026-02-13,8.7,Everything worked well and the issue was resolved quickly.
FB-0001704,CUST-100575,2026-06-23,9.6,Everything worked well and the issue was resolved quickly.
FB-0001705,CUST-100576,2026-07-08,3.7,We're evaluating alternatives and may move away from the platform.
FB-0001706,CUST-100576,2026-04-17,5.7,We are considering cancelling at renewal.
FB-0001707,CUST-100576,2026-07-15,5.1,We are considering cancelling at renewal.
FB-0001708,CUST-100576,2026-02-24,5.0,We are considering cancelling at renewal.
FB-0001709,CUST-100577,2026-07-14,5.0,I've contacted support multiple times for the same issue.
FB-0001710,CUST-100577,2026-06-03,5.1,The problem is still unresolved and this is becoming frustrating.
FB-0001711,CUST-100577,2026-07-26,1.8,I've contacted support multiple times for the same issue.
FB-0001712,CUST-100578,2026-05-31,6.9,The platform has been reliable and support was helpful.
FB-0001713,CUST-100578,2026-06-09,9.7,The platform has been reliable and support was helpful.
FB-0001714,CUST-100578,2026-04-09,6.1,Everything worked well and the issue was resolved quickly.
FB-0001715,CUST-100579,2026-04-21,6.0,I've contacted support multiple times for the same issue.
FB-0001716,CUST-100579,2026-02-22,5.3,I've contacted support multiple times for the same issue.
FB-0001717,CUST-100579,2026-03-18,3.5,The problem is still unresolved and this is becoming frustrating.
FB-0001718,CUST-100580,2026-05-18,7.3,I'm not sure we're getting enough value from the subscription.
FB-0001719,CUST-100580,2026-07-26,7.0,I'm not sure we're getting enough value from the subscription.
FB-0001720,CUST-100581,2026-06-19,8.5,The platform has been reliable and support was helpful.
FB-0001721,CUST-100581,2026-05-26,7.1,The platform has been reliable and support was helpful.
FB-0001722,CUST-100581,2026-05-02,6.5,The platform has been reliable and support was helpful.
FB-0001723,CUST-100581,2026-06-05,8.5,Everything worked well and the issue was resolved quickly.
FB-0001724,CUST-100582,2026-05-05,8.6,The platform has been reliable and support was helpful.
FB-0001725,CUST-100582,2026-07-21,8.7,Everything worked well and the issue was resolved quickly.
FB-0001726,CUST-100583,2026-06-23,7.9,The platform has been reliable and support was helpful.
FB-0001727,CUST-100583,2026-07-09,6.8,Everything worked well and the issue was resolved quickly.
FB-0001728,CUST-100583,2026-02-17,9.1,The platform has been reliable and support was helpful.
FB-0001729,CUST-100583,2026-03-20,8.8,The platform has been reliable and support was helpful.
FB-0001730,CUST-100584,2026-05-14,9.6,The platform has been reliable and support was helpful.
FB-0001731,CUST-100584,2026-05-31,8.2,Everything worked well and the issue was resolved quickly.
FB-0001732,CUST-100585,2026-03-30,9.2,Everything worked well and the issue was resolved quickly.
FB-0001733,CUST-100585,2026-07-13,9.1,The platform has been reliable and support was helpful.
FB-0001734,CUST-100585,2026-05-18,8.8,The platform has been reliable and support was helpful.
FB-0001735,CUST-100585,2026-03-21,8.5,The platform has been reliable and support was helpful.
FB-0001736,CUST-100586,2026-07-13,8.3,The platform has been reliable and support was helpful.
FB-0001737,CUST-100586,2026-07-15,8.0,Everything worked well and the issue was resolved quickly.
FB-0001738,CUST-100586,2026-04-29,9.2,Everything worked well and the issue was resolved quickly.
FB-0001739,CUST-100587,2026-03-04,4.1,I've contacted support multiple times for the same issue.
FB-0001740,CUST-100587,2026-03-17,4.1,The problem is still unresolved and this is becoming frustrating.
FB-0001741,CUST-100587,2026-06-12,6.0,The problem is still unresolved and this is becoming frustrating.
FB-0001742,CUST-100588,2026-04-22,5.6,Several important features are not working as expected.
FB-0001743,CUST-100588,2026-02-28,4.9,Several important features are not working as expected.
FB-0001744,CUST-100588,2026-07-11,5.9,Several important features are not working as expected.
FB-0001745,CUST-100588,2026-05-19,4.8,Several important features are not working as expected.
FB-0001746,CUST-100589,2026-04-04,8.0,Everything worked well and the issue was resolved quickly.
FB-0001747,CUST-100589,2026-07-04,8.6,The platform has been reliable and support was helpful.
FB-0001748,CUST-100590,2026-04-11,4.2,We are considering cancelling at renewal.
FB-0001749,CUST-100590,2026-03-05,3.6,We're evaluating alternatives and may move away from the platform.
FB-0001750,CUST-100590,2026-07-25,3.3,We're evaluating alternatives and may move away from the platform.
FB-0001751,CUST-100590,2026-04-26,2.7,We are considering cancelling at renewal.
FB-0001752,CUST-100591,2026-05-06,10.0,The platform has been reliable and support was helpful.
FB-0001753,CUST-100591,2026-06-17,6.5,Everything worked well and the issue was resolved quickly.
FB-0001754,CUST-100591,2026-03-12,10.0,The platform has been reliable and support was helpful.
FB-0001755,CUST-100591,2026-03-18,9.7,Everything worked well and the issue was resolved quickly.
FB-0001756,CUST-100592,2026-07-09,4.5,Several important features are not working as expected.
FB-0001757,CUST-100592,2026-07-07,5.1,Several important features are not working as expected.
FB-0001758,CUST-100593,2026-05-21,6.4,The problem is still unresolved and this is becoming frustrating.
FB-0001759,CUST-100593,2026-04-19,4.4,The problem is still unresolved and this is becoming frustrating.
FB-0001760,CUST-100593,2026-03-02,3.6,I've contacted support multiple times for the same issue.
FB-0001761,CUST-100593,2026-02-11,5.7,The problem is still unresolved and this is becoming frustrating.
FB-0001762,CUST-100594,2026-07-20,5.6,The problem is still unresolved and this is becoming frustrating.
FB-0001763,CUST-100594,2026-03-28,4.6,I've contacted support multiple times for the same issue.
FB-0001764,CUST-100594,2026-03-23,4.1,The problem is still unresolved and this is becoming frustrating.
FB-0001765,CUST-100595,2026-03-17,10.0,Everything worked well and the issue was resolved quickly.
FB-0001766,CUST-100595,2026-05-03,7.9,The platform has been reliable and support was helpful.
FB-0001767,CUST-100596,2026-06-25,6.8,There appears to be an unexpected charge on my account.
FB-0001768,CUST-100596,2026-03-15,4.8,I don't understand the latest invoice.
FB-0001769,CUST-100597,2026-05-16,5.4,We are considering cancelling at renewal.
FB-0001770,CUST-100597,2026-04-23,5.4,We're evaluating alternatives and may move away from the platform.
FB-0001771,CUST-100598,2026-03-22,3.6,We're evaluating alternatives and may move away from the platform.
FB-0001772,CUST-100598,2026-03-06,4.1,We're evaluating alternatives and may move away from the platform.
FB-0001773,CUST-100599,2026-04-03,6.3,I'm not sure we're getting enough value from the subscription.
FB-0001774,CUST-100599,2026-06-24,7.3,We aren't using the platform as much as before.
FB-0001775,CUST-100600,2026-05-20,6.0,I'm not sure we're getting enough value from the subscription.
FB-0001776,CUST-100600,2026-07-17,6.5,I'm not sure we're getting enough value from the subscription.
FB-0001777,CUST-100600,2026-05-19,7.8,I'm not sure we're getting enough value from the subscription.
FB-0001778,CUST-100601,2026-05-16,2.8,The service problems and billing issues make it difficult to justify continuing.
FB-0001779,CUST-100601,2026-05-23,3.6,We've had too many problems and are seriously considering alternatives.
FB-0001780,CUST-100602,2026-05-03,8.9,Everything worked well and the issue was resolved quickly.
FB-0001781,CUST-100602,2026-04-01,7.4,The platform has been reliable and support was helpful.
FB-0001782,CUST-100603,2026-03-03,8.1,The platform has been reliable and support was helpful.
FB-0001783,CUST-100603,2026-04-15,7.0,The platform has been reliable and support was helpful.
FB-0001784,CUST-100603,2026-02-10,7.3,Everything worked well and the issue was resolved quickly.
FB-0001785,CUST-100603,2026-05-27,10.0,Everything worked well and the issue was resolved quickly.
FB-0001786,CUST-100604,2026-05-29,6.7,We aren't using the platform as much as before.
FB-0001787,CUST-100604,2026-02-23,7.7,We aren't using the platform as much as before.
FB-0001788,CUST-100604,2026-02-19,6.7,We aren't using the platform as much as before.
FB-0001789,CUST-100604,2026-03-12,4.8,I'm not sure we're getting enough value from the subscription.
FB-0001790,CUST-100605,2026-06-25,3.8,The recent product changes made our workflow harder.
FB-0001791,CUST-100605,2026-06-07,4.3,The recent product changes made our workflow harder.
FB-0001792,CUST-100605,2026-05-21,3.4,Several important features are not working as expected.
FB-0001793,CUST-100605,2026-05-25,4.6,The recent product changes made our workflow harder.
FB-0001794,CUST-100606,2026-03-04,9.2,Everything worked well and the issue was resolved quickly.
FB-0001795,CUST-100606,2026-04-08,6.7,Everything worked well and the issue was resolved quickly.
FB-0001796,CUST-100606,2026-04-26,7.9,Everything worked well and the issue was resolved quickly.
FB-0001797,CUST-100607,2026-03-22,7.4,Everything worked well and the issue was resolved quickly.
FB-0001798,CUST-100607,2026-04-16,8.4,Everything worked well and the issue was resolved quickly.
FB-0001799,CUST-100608,2026-07-15,3.3,I've contacted support multiple times for the same issue.
FB-0001800,CUST-100608,2026-07-18,4.3,I've contacted support multiple times for the same issue.
FB-0001801,CUST-100608,2026-04-01,4.5,I've contacted support multiple times for the same issue.
FB-0001802,CUST-100608,2026-03-22,5.8,The problem is still unresolved and this is becoming frustrating.
FB-0001803,CUST-100609,2026-02-07,7.2,I'm not sure we're getting enough value from the subscription.
FB-0001804,CUST-100609,2026-02-03,5.9,We aren't using the platform as much as before.
FB-0001805,CUST-100609,2026-07-05,7.4,I'm not sure we're getting enough value from the subscription.
FB-0001806,CUST-100609,2026-03-11,7.0,I'm not sure we're getting enough value from the subscription.
FB-0001807,CUST-100610,2026-05-18,7.1,I'm not sure we're getting enough value from the subscription.
FB-0001808,CUST-100610,2026-05-23,7.3,We aren't using the platform as much as before.
FB-0001809,CUST-100610,2026-05-07,5.7,I'm not sure we're getting enough value from the subscription.
FB-0001810,CUST-100610,2026-06-01,6.4,I'm not sure we're getting enough value from the subscription.
FB-0001811,CUST-100611,2026-05-01,4.1,We are considering cancelling at renewal.
FB-0001812,CUST-100611,2026-04-23,4.6,We're evaluating alternatives and may move away from the platform.
FB-0001813,CUST-100611,2026-03-15,4.2,We are considering cancelling at renewal.
FB-0001814,CUST-100612,2026-07-08,3.6,I don't understand the latest invoice.
FB-0001815,CUST-100612,2026-03-08,6.0,I don't understand the latest invoice.
FB-0001816,CUST-100612,2026-06-20,4.2,I don't understand the latest invoice.
FB-0001817,CUST-100613,2026-02-16,9.2,Everything worked well and the issue was resolved quickly.
FB-0001818,CUST-100613,2026-07-20,8.2,The platform has been reliable and support was helpful.
FB-0001819,CUST-100614,2026-06-02,5.0,There appears to be an unexpected charge on my account.
FB-0001820,CUST-100614,2026-03-03,6.6,I don't understand the latest invoice.
FB-0001821,CUST-100614,2026-06-05,5.0,There appears to be an unexpected charge on my account.
FB-0001822,CUST-100615,2026-07-01,7.0,Everything worked well and the issue was resolved quickly.
FB-0001823,CUST-100615,2026-03-25,7.7,The platform has been reliable and support was helpful.
FB-0001824,CUST-100615,2026-06-30,8.4,The platform has been reliable and support was helpful.
FB-0001825,CUST-100616,2026-03-17,5.5,The problem is still unresolved and this is becoming frustrating.
FB-0001826,CUST-100616,2026-04-24,5.9,I've contacted support multiple times for the same issue.
FB-0001827,CUST-100617,2026-07-21,6.4,Several important features are not working as expected.
FB-0001828,CUST-100617,2026-07-04,4.6,The recent product changes made our workflow harder.
FB-0001829,CUST-100618,2026-03-15,3.6,We're evaluating alternatives and may move away from the platform.
FB-0001830,CUST-100618,2026-06-21,4.3,We are considering cancelling at renewal.
FB-0001831,CUST-100618,2026-07-15,4.9,We're evaluating alternatives and may move away from the platform.
FB-0001832,CUST-100619,2026-03-05,3.7,We've had too many problems and are seriously considering alternatives.
FB-0001833,CUST-100619,2026-05-05,5.0,The service problems and billing issues make it difficult to justify continuing.
FB-0001834,CUST-100619,2026-05-31,3.6,The service problems and billing issues make it difficult to justify continuing.
FB-0001835,CUST-100620,2026-03-20,4.1,I don't understand the latest invoice.
FB-0001836,CUST-100620,2026-05-27,4.4,I don't understand the latest invoice.
FB-0001837,CUST-100620,2026-03-11,6.4,I don't understand the latest invoice.
FB-0001838,CUST-100621,2026-02-25,8.5,Everything worked well and the issue was resolved quickly.
FB-0001839,CUST-100621,2026-03-22,8.5,Everything worked well and the issue was resolved quickly.
FB-0001840,CUST-100621,2026-03-17,8.7,The platform has been reliable and support was helpful.
FB-0001841,CUST-100621,2026-02-03,8.9,Everything worked well and the issue was resolved quickly.
FB-0001842,CUST-100622,2026-03-18,5.2,I don't understand the latest invoice.
FB-0001843,CUST-100622,2026-02-25,6.8,I don't understand the latest invoice.
FB-0001844,CUST-100622,2026-05-29,6.7,There appears to be an unexpected charge on my account.
FB-0001845,CUST-100623,2026-07-16,8.6,Everything worked well and the issue was resolved quickly.
FB-0001846,CUST-100623,2026-07-10,9.2,The platform has been reliable and support was helpful.
FB-0001847,CUST-100624,2026-06-24,9.8,Everything worked well and the issue was resolved quickly.
FB-0001848,CUST-100624,2026-02-21,8.0,Everything worked well and the issue was resolved quickly.
FB-0001849,CUST-100624,2026-06-19,9.2,Everything worked well and the issue was resolved quickly.
FB-0001850,CUST-100625,2026-02-18,9.4,Everything worked well and the issue was resolved quickly.
FB-0001851,CUST-100625,2026-02-16,8.8,Everything worked well and the issue was resolved quickly.
FB-0001852,CUST-100625,2026-07-22,9.0,The platform has been reliable and support was helpful.
FB-0001853,CUST-100626,2026-06-21,6.6,The recent product changes made our workflow harder.
FB-0001854,CUST-100626,2026-04-26,3.9,The recent product changes made our workflow harder.
FB-0001855,CUST-100626,2026-03-09,3.0,The recent product changes made our workflow harder.
FB-0001856,CUST-100627,2026-03-14,5.9,The problem is still unresolved and this is becoming frustrating.
FB-0001857,CUST-100627,2026-06-12,3.6,The problem is still unresolved and this is becoming frustrating.
FB-0001858,CUST-100627,2026-02-28,4.5,The problem is still unresolved and this is becoming frustrating.
FB-0001859,CUST-100628,2026-05-27,9.3,Everything worked well and the issue was resolved quickly.
FB-0001860,CUST-100628,2026-05-23,10.0,Everything worked well and the issue was resolved quickly.
FB-0001861,CUST-100629,2026-07-08,7.6,"The issue was annoying, but the team resolved it quickly."
FB-0001862,CUST-100629,2026-05-27,7.6,"The issue was annoying, but the team resolved it quickly."
FB-0001863,CUST-100629,2026-07-02,8.8,"The issue was annoying, but the team resolved it quickly."
FB-0001864,CUST-100630,2026-06-29,7.3,We aren't using the platform as much as before.
FB-0001865,CUST-100630,2026-02-19,7.5,I'm not sure we're getting enough value from the subscription.
FB-0001866,CUST-100630,2026-07-03,6.1,We aren't using the platform as much as before.
FB-0001867,CUST-100631,2026-02-06,9.6,The platform has been reliable and support was helpful.
FB-0001868,CUST-100631,2026-06-08,7.7,The platform has been reliable and support was helpful.
FB-0001869,CUST-100632,2026-04-06,10.0,The platform has been reliable and support was helpful.
FB-0001870,CUST-100632,2026-06-21,9.2,Everything worked well and the issue was resolved quickly.
FB-0001871,CUST-100632,2026-06-08,8.3,The platform has been reliable and support was helpful.
FB-0001872,CUST-100632,2026-02-22,7.5,The platform has been reliable and support was helpful.
FB-0001873,CUST-100633,2026-03-06,4.1,Several important features are not working as expected.
FB-0001874,CUST-100633,2026-02-05,5.8,Several important features are not working as expected.
FB-0001875,CUST-100634,2026-04-07,2.7,We've had too many problems and are seriously considering alternatives.
FB-0001876,CUST-100634,2026-06-27,2.6,We've had too many problems and are seriously considering alternatives.
FB-0001877,CUST-100634,2026-05-19,3.0,The service problems and billing issues make it difficult to justify continuing.
FB-0001878,CUST-100635,2026-05-11,3.6,We are considering cancelling at renewal.
FB-0001879,CUST-100635,2026-03-30,4.5,We're evaluating alternatives and may move away from the platform.
FB-0001880,CUST-100636,2026-06-20,7.5,Everything worked well and the issue was resolved quickly.
FB-0001881,CUST-100636,2026-05-03,9.7,The platform has been reliable and support was helpful.
FB-0001882,CUST-100636,2026-06-30,8.2,Everything worked well and the issue was resolved quickly.
FB-0001883,CUST-100636,2026-02-23,8.8,Everything worked well and the issue was resolved quickly.
FB-0001884,CUST-100637,2026-07-19,6.5,We aren't using the platform as much as before.
FB-0001885,CUST-100637,2026-06-11,6.6,I'm not sure we're getting enough value from the subscription.
FB-0001886,CUST-100637,2026-02-18,7.0,We aren't using the platform as much as before.
FB-0001887,CUST-100638,2026-06-08,8.1,"The issue was annoying, but the team resolved it quickly."
FB-0001888,CUST-100638,2026-07-16,8.4,"The issue was annoying, but the team resolved it quickly."
FB-0001889,CUST-100639,2026-07-23,2.9,We are considering cancelling at renewal.
FB-0001890,CUST-100639,2026-03-31,5.1,We're evaluating alternatives and may move away from the platform.
FB-0001891,CUST-100639,2026-06-16,4.4,We are considering cancelling at renewal.
FB-0001892,CUST-100640,2026-03-28,3.8,The recent product changes made our workflow harder.
FB-0001893,CUST-100640,2026-02-16,5.5,The recent product changes made our workflow harder.
FB-0001894,CUST-100641,2026-03-27,2.5,The service problems and billing issues make it difficult to justify continuing.
FB-0001895,CUST-100641,2026-07-08,2.9,The service problems and billing issues make it difficult to justify continuing.
FB-0001896,CUST-100641,2026-05-04,2.2,The service problems and billing issues make it difficult to justify continuing.
FB-0001897,CUST-100641,2026-03-14,4.1,We've had too many problems and are seriously considering alternatives.
FB-0001898,CUST-100642,2026-04-22,7.2,We aren't using the platform as much as before.
FB-0001899,CUST-100642,2026-06-09,6.5,I'm not sure we're getting enough value from the subscription.
FB-0001900,CUST-100642,2026-04-25,7.1,We aren't using the platform as much as before.
FB-0001901,CUST-100643,2026-04-16,8.7,The platform has been reliable and support was helpful.
FB-0001902,CUST-100643,2026-05-21,6.8,The platform has been reliable and support was helpful.
FB-0001903,CUST-100644,2026-04-14,8.7,The platform has been reliable and support was helpful.
FB-0001904,CUST-100644,2026-06-16,8.9,The platform has been reliable and support was helpful.
FB-0001905,CUST-100644,2026-06-18,7.1,Everything worked well and the issue was resolved quickly.
FB-0001906,CUST-100644,2026-03-18,9.5,The platform has been reliable and support was helpful.
FB-0001907,CUST-100645,2026-04-08,4.9,We've had too many problems and are seriously considering alternatives.
FB-0001908,CUST-100645,2026-07-04,2.5,We've had too many problems and are seriously considering alternatives.
FB-0001909,CUST-100645,2026-04-03,2.7,The service problems and billing issues make it difficult to justify continuing.
FB-0001910,CUST-100646,2026-04-26,9.8,The platform has been reliable and support was helpful.
FB-0001911,CUST-100646,2026-02-15,10.0,Everything worked well and the issue was resolved quickly.
FB-0001912,CUST-100646,2026-04-20,8.6,Everything worked well and the issue was resolved quickly.
FB-0001913,CUST-100646,2026-02-22,8.3,The platform has been reliable and support was helpful.
FB-0001914,CUST-100647,2026-05-25,9.0,The platform has been reliable and support was helpful.
FB-0001915,CUST-100647,2026-03-19,8.1,The platform has been reliable and support was helpful.
FB-0001916,CUST-100648,2026-07-18,4.8,The recent product changes made our workflow harder.
FB-0001917,CUST-100648,2026-05-11,5.1,Several important features are not working as expected.
FB-0001918,CUST-100649,2026-04-18,4.1,Several important features are not working as expected.
FB-0001919,CUST-100649,2026-02-04,4.9,The recent product changes made our workflow harder.
FB-0001920,CUST-100649,2026-04-08,4.6,The recent product changes made our workflow harder.
FB-0001921,CUST-100650,2026-02-04,3.6,The service problems and billing issues make it difficult to justify continuing.
FB-0001922,CUST-100650,2026-05-31,2.8,We've had too many problems and are seriously considering alternatives.
FB-0001923,CUST-100650,2026-07-18,4.5,The service problems and billing issues make it difficult to justify continuing.
FB-0001924,CUST-100651,2026-05-01,8.7,Everything worked well and the issue was resolved quickly.
FB-0001925,CUST-100651,2026-07-25,8.2,Everything worked well and the issue was resolved quickly.
FB-0001926,CUST-100651,2026-07-17,7.5,Everything worked well and the issue was resolved quickly.
FB-0001927,CUST-100652,2026-07-27,5.1,The recent product changes made our workflow harder.
FB-0001928,CUST-100652,2026-06-27,4.4,The recent product changes made our workflow harder.
FB-0001929,CUST-100652,2026-02-22,5.5,The recent product changes made our workflow harder.
FB-0001930,CUST-100652,2026-04-22,5.1,Several important features are not working as expected.
FB-0001931,CUST-100653,2026-04-03,9.8,The platform has been reliable and support was helpful.
FB-0001932,CUST-100653,2026-05-06,9.5,The platform has been reliable and support was helpful.
FB-0001933,CUST-100653,2026-05-23,9.4,Everything worked well and the issue was resolved quickly.
FB-0001934,CUST-100653,2026-07-01,8.7,The platform has been reliable and support was helpful.
FB-0001935,CUST-100654,2026-06-18,3.8,I've contacted support multiple times for the same issue.
FB-0001936,CUST-100654,2026-05-09,4.4,I've contacted support multiple times for the same issue.
FB-0001937,CUST-100654,2026-07-27,6.7,The problem is still unresolved and this is becoming frustrating.
FB-0001938,CUST-100655,2026-06-18,8.2,Everything worked well and the issue was resolved quickly.
FB-0001939,CUST-100655,2026-03-30,8.2,Everything worked well and the issue was resolved quickly.
FB-0001940,CUST-100656,2026-07-18,6.1,The problem is still unresolved and this is becoming frustrating.
FB-0001941,CUST-100656,2026-07-16,4.4,I've contacted support multiple times for the same issue.
FB-0001942,CUST-100657,2026-06-03,7.1,"The issue was annoying, but the team resolved it quickly."
FB-0001943,CUST-100657,2026-07-19,6.3,"The issue was annoying, but the team resolved it quickly."
FB-0001944,CUST-100658,2026-04-14,10.0,The platform has been reliable and support was helpful.
FB-0001945,CUST-100658,2026-03-22,9.1,Everything worked well and the issue was resolved quickly.
FB-0001946,CUST-100658,2026-05-25,9.1,The platform has been reliable and support was helpful.
FB-0001947,CUST-100659,2026-03-10,7.8,The platform has been reliable and support was helpful.
FB-0001948,CUST-100659,2026-06-06,8.6,The platform has been reliable and support was helpful.
FB-0001949,CUST-100659,2026-07-14,9.1,The platform has been reliable and support was helpful.
FB-0001950,CUST-100659,2026-02-26,8.9,Everything worked well and the issue was resolved quickly.
FB-0001951,CUST-100660,2026-02-08,10.0,The platform has been reliable and support was helpful.
FB-0001952,CUST-100660,2026-02-13,7.6,The platform has been reliable and support was helpful.
FB-0001953,CUST-100660,2026-07-25,9.2,Everything worked well and the issue was resolved quickly.
FB-0001954,CUST-100660,2026-06-08,8.6,The platform has been reliable and support was helpful.
FB-0001955,CUST-100661,2026-06-27,7.3,We aren't using the platform as much as before.
FB-0001956,CUST-100661,2026-05-25,8.1,I'm not sure we're getting enough value from the subscription.
FB-0001957,CUST-100661,2026-04-29,4.6,We aren't using the platform as much as before.
FB-0001958,CUST-100661,2026-06-20,6.1,We aren't using the platform as much as before.
FB-0001959,CUST-100662,2026-04-11,10.0,The platform has been reliable and support was helpful.
FB-0001960,CUST-100662,2026-02-22,8.0,Everything worked well and the issue was resolved quickly.
FB-0001961,CUST-100663,2026-07-22,5.1,We're evaluating alternatives and may move away from the platform.
FB-0001962,CUST-100663,2026-02-23,3.3,We are considering cancelling at renewal.
FB-0001963,CUST-100664,2026-03-22,4.5,I'm not sure we're getting enough value from the subscription.
FB-0001964,CUST-100664,2026-06-09,4.8,We aren't using the platform as much as before.
FB-0001965,CUST-100664,2026-02-09,6.7,We aren't using the platform as much as before.
FB-0001966,CUST-100664,2026-06-16,6.1,We aren't using the platform as much as before.
FB-0001967,CUST-100665,2026-05-19,7.2,We aren't using the platform as much as before.
FB-0001968,CUST-100665,2026-03-03,4.9,I'm not sure we're getting enough value from the subscription.
FB-0001969,CUST-100665,2026-06-03,6.2,We aren't using the platform as much as before.
FB-0001970,CUST-100666,2026-06-11,4.4,I've contacted support multiple times for the same issue.
FB-0001971,CUST-100666,2026-06-04,4.1,I've contacted support multiple times for the same issue.
FB-0001972,CUST-100667,2026-03-07,8.1,Everything worked well and the issue was resolved quickly.
FB-0001973,CUST-100667,2026-02-03,9.2,The platform has been reliable and support was helpful.
FB-0001974,CUST-100668,2026-06-04,8.4,The platform has been reliable and support was helpful.
FB-0001975,CUST-100668,2026-06-18,6.7,Everything worked well and the issue was resolved quickly.
FB-0001976,CUST-100668,2026-07-11,8.9,Everything worked well and the issue was resolved quickly.
FB-0001977,CUST-100668,2026-03-29,7.1,The platform has been reliable and support was helpful.
FB-0001978,CUST-100669,2026-05-06,6.4,We aren't using the platform as much as before.
FB-0001979,CUST-100669,2026-04-17,6.5,We aren't using the platform as much as before.
FB-0001980,CUST-100669,2026-04-07,7.9,We aren't using the platform as much as before.
FB-0001981,CUST-100669,2026-03-07,6.6,I'm not sure we're getting enough value from the subscription.
FB-0001982,CUST-100670,2026-02-28,7.4,"The issue was annoying, but the team resolved it quickly."
FB-0001983,CUST-100670,2026-03-14,6.4,"I was frustrated by the new interface, but overall the product is valuable."
FB-0001984,CUST-100670,2026-06-23,7.5,"I was frustrated by the new interface, but overall the product is valuable."
FB-0001985,CUST-100670,2026-06-23,9.0,"I was frustrated by the new interface, but overall the product is valuable."
FB-0001986,CUST-100671,2026-07-22,8.1,The platform has been reliable and support was helpful.
FB-0001987,CUST-100671,2026-04-22,8.2,Everything worked well and the issue was resolved quickly.
FB-0001988,CUST-100671,2026-06-18,8.4,Everything worked well and the issue was resolved quickly.
FB-0001989,CUST-100672,2026-03-29,3.1,We're evaluating alternatives and may move away from the platform.
FB-0001990,CUST-100672,2026-07-15,4.2,We are considering cancelling at renewal.
FB-0001991,CUST-100672,2026-05-04,4.1,We're evaluating alternatives and may move away from the platform.
FB-0001992,CUST-100672,2026-06-29,3.6,We're evaluating alternatives and may move away from the platform.
FB-0001993,CUST-100673,2026-02-16,7.2,I'm not sure we're getting enough value from the subscription.
FB-0001994,CUST-100673,2026-03-20,5.3,I'm not sure we're getting enough value from the subscription.
FB-0001995,CUST-100673,2026-04-13,5.6,I'm not sure we're getting enough value from the subscription.
FB-0001996,CUST-100674,2026-05-26,5.2,I've contacted support multiple times for the same issue.
FB-0001997,CUST-100674,2026-05-02,4.8,I've contacted support multiple times for the same issue.
FB-0001998,CUST-100674,2026-04-01,4.2,The problem is still unresolved and this is becoming frustrating.
FB-0001999,CUST-100674,2026-03-21,3.8,The problem is still unresolved and this is becoming frustrating.
FB-0002000,CUST-100675,2026-07-19,9.6,Everything worked well and the issue was resolved quickly.
FB-0002001,CUST-100675,2026-03-05,7.9,Everything worked well and the issue was resolved quickly.
FB-0002002,CUST-100676,2026-05-28,3.1,We're evaluating alternatives and may move away from the platform.
FB-0002003,CUST-100676,2026-07-06,4.9,We are considering cancelling at renewal.
FB-0002004,CUST-100677,2026-05-09,3.8,I've contacted support multiple times for the same issue.
FB-0002005,CUST-100677,2026-04-04,5.4,The problem is still unresolved and this is becoming frustrating.
FB-0002006,CUST-100677,2026-07-01,4.4,I've contacted support multiple times for the same issue.
FB-0002007,CUST-100678,2026-03-04,7.9,"The issue was annoying, but the team resolved it quickly."
FB-0002008,CUST-100678,2026-04-17,10.0,"I was frustrated by the new interface, but overall the product is valuable."
FB-0002009,CUST-100679,2026-04-24,8.6,We aren't using the platform as much as before.
FB-0002010,CUST-100679,2026-05-26,7.0,We aren't using the platform as much as before.
FB-0002011,CUST-100680,2026-07-07,7.9,Everything worked well and the issue was resolved quickly.
FB-0002012,CUST-100680,2026-07-26,7.2,The platform has been reliable and support was helpful.
FB-0002013,CUST-100680,2026-02-18,8.9,The platform has been reliable and support was helpful.
FB-0002014,CUST-100681,2026-06-11,5.8,There appears to be an unexpected charge on my account.
FB-0002015,CUST-100681,2026-03-05,5.1,There appears to be an unexpected charge on my account.
FB-0002016,CUST-100682,2026-06-21,7.7,"The issue was annoying, but the team resolved it quickly."
FB-0002017,CUST-100682,2026-06-27,8.7,"The issue was annoying, but the team resolved it quickly."
FB-0002018,CUST-100682,2026-05-12,8.4,"I was frustrated by the new interface, but overall the product is valuable."
FB-0002019,CUST-100683,2026-07-22,9.0,Everything worked well and the issue was resolved quickly.
FB-0002020,CUST-100683,2026-05-04,8.4,Everything worked well and the issue was resolved quickly.
FB-0002021,CUST-100684,2026-04-29,6.6,I'm not sure we're getting enough value from the subscription.
FB-0002022,CUST-100684,2026-04-26,7.4,We aren't using the platform as much as before.
FB-0002023,CUST-100684,2026-03-07,6.2,We aren't using the platform as much as before.
FB-0002024,CUST-100685,2026-05-07,2.4,Several important features are not working as expected.
FB-0002025,CUST-100685,2026-03-22,5.0,Several important features are not working as expected.
FB-0002026,CUST-100685,2026-04-01,3.7,The recent product changes made our workflow harder.
FB-0002027,CUST-100685,2026-02-27,5.1,Several important features are not working as expected.
FB-0002028,CUST-100686,2026-02-25,6.9,I'm not sure we're getting enough value from the subscription.
FB-0002029,CUST-100686,2026-05-13,6.5,We aren't using the platform as much as before.
FB-0002030,CUST-100686,2026-04-21,7.8,I'm not sure we're getting enough value from the subscription.
FB-0002031,CUST-100687,2026-02-09,4.1,We are considering cancelling at renewal.
FB-0002032,CUST-100687,2026-02-23,3.6,We're evaluating alternatives and may move away from the platform.
FB-0002033,CUST-100688,2026-04-16,8.4,Everything worked well and the issue was resolved quickly.
FB-0002034,CUST-100688,2026-06-21,8.2,Everything worked well and the issue was resolved quickly.
FB-0002035,CUST-100689,2026-07-15,8.2,The platform has been reliable and support was helpful.
FB-0002036,CUST-100689,2026-03-10,7.3,Everything worked well and the issue was resolved quickly.
FB-0002037,CUST-100689,2026-02-16,8.1,The platform has been reliable and support was helpful.
FB-0002038,CUST-100689,2026-02-16,10.0,Everything worked well and the issue was resolved quickly.
FB-0002039,CUST-100690,2026-06-19,4.5,The problem is still unresolved and this is becoming frustrating.
FB-0002040,CUST-100690,2026-04-08,4.2,I've contacted support multiple times for the same issue.
FB-0002041,CUST-100691,2026-06-06,9.7,The platform has been reliable and support was helpful.
FB-0002042,CUST-100691,2026-05-24,9.0,The platform has been reliable and support was helpful.
FB-0002043,CUST-100691,2026-06-19,7.8,Everything worked well and the issue was resolved quickly.
FB-0002044,CUST-100692,2026-02-04,6.6,Everything worked well and the issue was resolved quickly.
FB-0002045,CUST-100692,2026-07-15,8.4,Everything worked well and the issue was resolved quickly.
FB-0002046,CUST-100692,2026-04-02,9.2,The platform has been reliable and support was helpful.
FB-0002047,CUST-100693,2026-03-08,8.4,Everything worked well and the issue was resolved quickly.
FB-0002048,CUST-100693,2026-03-23,8.5,Everything worked well and the issue was resolved quickly.
FB-0002049,CUST-100694,2026-03-08,7.3,"The issue was annoying, but the team resolved it quickly."
FB-0002050,CUST-100694,2026-03-22,8.0,"I was frustrated by the new interface, but overall the product is valuable."
FB-0002051,CUST-100695,2026-07-27,5.0,There appears to be an unexpected charge on my account.
FB-0002052,CUST-100695,2026-03-26,5.4,I don't understand the latest invoice.
FB-0002053,CUST-100695,2026-06-15,6.5,I don't understand the latest invoice.
FB-0002054,CUST-100696,2026-02-03,9.3,The platform has been reliable and support was helpful.
FB-0002055,CUST-100696,2026-04-17,8.4,Everything worked well and the issue was resolved quickly.
FB-0002056,CUST-100696,2026-05-15,8.9,Everything worked well and the issue was resolved quickly.
FB-0002057,CUST-100696,2026-04-16,9.2,The platform has been reliable and support was helpful.
FB-0002058,CUST-100697,2026-06-16,9.5,Everything worked well and the issue was resolved quickly.
FB-0002059,CUST-100697,2026-03-29,9.6,The platform has been reliable and support was helpful.
FB-0002060,CUST-100698,2026-06-16,5.2,There appears to be an unexpected charge on my account.
FB-0002061,CUST-100698,2026-06-26,6.2,I don't understand the latest invoice.
FB-0002062,CUST-100699,2026-05-15,6.7,I'm not sure we're getting enough value from the subscription.
FB-0002063,CUST-100699,2026-03-27,6.8,I'm not sure we're getting enough value from the subscription.
FB-0002064,CUST-100699,2026-03-11,7.2,I'm not sure we're getting enough value from the subscription.
FB-0002065,CUST-100699,2026-04-28,5.6,We aren't using the platform as much as before.
FB-0002066,CUST-100700,2026-04-08,9.4,Everything worked well and the issue was resolved quickly.
FB-0002067,CUST-100700,2026-07-19,9.6,Everything worked well and the issue was resolved quickly.
FB-0002068,CUST-100700,2026-06-07,9.2,Everything worked well and the issue was resolved quickly.
FB-0002069,CUST-100700,2026-06-09,9.6,The platform has been reliable and support was helpful.
FB-0002070,CUST-100701,2026-07-16,6.7,Everything worked well and the issue was resolved quickly.
FB-0002071,CUST-100701,2026-04-01,9.3,The platform has been reliable and support was helpful.
FB-0002072,CUST-100702,2026-07-12,3.5,I've contacted support multiple times for the same issue.
FB-0002073,CUST-100702,2026-05-21,5.3,The problem is still unresolved and this is becoming frustrating.
FB-0002074,CUST-100703,2026-05-05,8.3,The platform has been reliable and support was helpful.
FB-0002075,CUST-100703,2026-07-22,9.3,Everything worked well and the issue was resolved quickly.
FB-0002076,CUST-100703,2026-06-11,7.3,The platform has been reliable and support was helpful.
FB-0002077,CUST-100703,2026-06-03,8.4,Everything worked well and the issue was resolved quickly.
FB-0002078,CUST-100704,2026-05-19,7.1,"The issue was annoying, but the team resolved it quickly."
FB-0002079,CUST-100704,2026-02-06,7.9,"I was frustrated by the new interface, but overall the product is valuable."
FB-0002080,CUST-100704,2026-06-25,8.5,"The issue was annoying, but the team resolved it quickly."
FB-0002081,CUST-100705,2026-05-17,8.4,Everything worked well and the issue was resolved quickly.
FB-0002082,CUST-100705,2026-04-06,10.0,Everything worked well and the issue was resolved quickly.
FB-0002083,CUST-100706,2026-07-21,10.0,The platform has been reliable and support was helpful.
FB-0002084,CUST-100706,2026-05-29,7.7,The platform has been reliable and support was helpful.
FB-0002085,CUST-100706,2026-05-04,7.8,Everything worked well and the issue was resolved quickly.
FB-0002086,CUST-100707,2026-07-26,3.2,The service problems and billing issues make it difficult to justify continuing.
FB-0002087,CUST-100707,2026-05-04,4.4,We've had too many problems and are seriously considering alternatives.
FB-0002088,CUST-100708,2026-04-21,3.8,The recent product changes made our workflow harder.
FB-0002089,CUST-100708,2026-06-16,6.4,The recent product changes made our workflow harder.
FB-0002090,CUST-100709,2026-03-27,9.5,The platform has been reliable and support was helpful.
FB-0002091,CUST-100709,2026-05-05,9.8,The platform has been reliable and support was helpful.
FB-0002092,CUST-100710,2026-04-09,5.6,The problem is still unresolved and this is becoming frustrating.
FB-0002093,CUST-100710,2026-03-25,4.6,The problem is still unresolved and this is becoming frustrating.
FB-0002094,CUST-100710,2026-02-14,6.2,I've contacted support multiple times for the same issue.
FB-0002095,CUST-100710,2026-03-21,4.8,The problem is still unresolved and this is becoming frustrating.
FB-0002096,CUST-100711,2026-07-16,6.9,I'm not sure we're getting enough value from the subscription.
FB-0002097,CUST-100711,2026-07-07,8.7,I'm not sure we're getting enough value from the subscription.
FB-0002098,CUST-100711,2026-02-06,5.9,We aren't using the platform as much as before.
FB-0002099,CUST-100712,2026-04-13,9.0,The platform has been reliable and support was helpful.
FB-0002100,CUST-100712,2026-05-30,8.3,The platform has been reliable and support was helpful.
FB-0002101,CUST-100712,2026-06-30,8.6,Everything worked well and the issue was resolved quickly.
FB-0002102,CUST-100712,2026-05-17,8.2,Everything worked well and the issue was resolved quickly.
FB-0002103,CUST-100713,2026-04-23,5.3,There appears to be an unexpected charge on my account.
FB-0002104,CUST-100713,2026-03-23,4.5,I don't understand the latest invoice.
FB-0002105,CUST-100713,2026-05-29,5.8,There appears to be an unexpected charge on my account.
FB-0002106,CUST-100713,2026-07-15,4.0,There appears to be an unexpected charge on my account.
FB-0002107,CUST-100714,2026-03-27,3.2,We've had too many problems and are seriously considering alternatives.
FB-0002108,CUST-100714,2026-07-27,3.3,We've had too many problems and are seriously considering alternatives.
FB-0002109,CUST-100714,2026-04-21,3.3,We've had too many problems and are seriously considering alternatives.
FB-0002110,CUST-100715,2026-02-26,7.2,Everything worked well and the issue was resolved quickly.
FB-0002111,CUST-100715,2026-05-02,8.1,The platform has been reliable and support was helpful.
FB-0002112,CUST-100715,2026-02-11,8.1,Everything worked well and the issue was resolved quickly.
FB-0002113,CUST-100716,2026-05-08,8.2,The platform has been reliable and support was helpful.
FB-0002114,CUST-100716,2026-07-11,7.6,The platform has been reliable and support was helpful.
FB-0002115,CUST-100716,2026-05-04,7.2,Everything worked well and the issue was resolved quickly.
FB-0002116,CUST-100717,2026-06-10,10.0,The platform has been reliable and support was helpful.
FB-0002117,CUST-100717,2026-07-14,9.0,Everything worked well and the issue was resolved quickly.
FB-0002118,CUST-100718,2026-05-08,3.0,We've had too many problems and are seriously considering alternatives.
FB-0002119,CUST-100718,2026-04-07,3.1,The service problems and billing issues make it difficult to justify continuing.
FB-0002120,CUST-100718,2026-05-08,3.4,We've had too many problems and are seriously considering alternatives.
FB-0002121,CUST-100718,2026-07-06,2.4,We've had too many problems and are seriously considering alternatives.
FB-0002122,CUST-100719,2026-07-03,7.7,"I was frustrated by the new interface, but overall the product is valuable."
FB-0002123,CUST-100719,2026-07-27,7.9,"The issue was annoying, but the team resolved it quickly."
FB-0002124,CUST-100719,2026-04-19,8.6,"I was frustrated by the new interface, but overall the product is valuable."
FB-0002125,CUST-100720,2026-03-19,8.1,We aren't using the platform as much as before.
FB-0002126,CUST-100720,2026-07-05,6.7,I'm not sure we're getting enough value from the subscription.
FB-0002127,CUST-100721,2026-07-22,10.0,The platform has been reliable and support was helpful.
FB-0002128,CUST-100721,2026-03-24,8.2,The platform has been reliable and support was helpful.
FB-0002129,CUST-100721,2026-03-30,8.2,The platform has been reliable and support was helpful.
FB-0002130,CUST-100721,2026-03-19,8.1,Everything worked well and the issue was resolved quickly.
FB-0002131,CUST-100722,2026-03-20,8.5,The platform has been reliable and support was helpful.
FB-0002132,CUST-100722,2026-02-23,10.0,Everything worked well and the issue was resolved quickly.
FB-0002133,CUST-100722,2026-07-12,9.2,The platform has been reliable and support was helpful.
FB-0002134,CUST-100722,2026-03-22,7.6,The platform has been reliable and support was helpful.
FB-0002135,CUST-100723,2026-05-07,9.0,Everything worked well and the issue was resolved quickly.
FB-0002136,CUST-100723,2026-05-13,8.3,Everything worked well and the issue was resolved quickly.
FB-0002137,CUST-100724,2026-05-24,2.2,We're evaluating alternatives and may move away from the platform.
FB-0002138,CUST-100724,2026-03-31,5.1,We're evaluating alternatives and may move away from the platform.
FB-0002139,CUST-100725,2026-06-24,8.5,"I was frustrated by the new interface, but overall the product is valuable."
FB-0002140,CUST-100725,2026-02-18,7.7,"The issue was annoying, but the team resolved it quickly."
FB-0002141,CUST-100725,2026-05-09,7.5,"I was frustrated by the new interface, but overall the product is valuable."
FB-0002142,CUST-100725,2026-06-01,8.0,"The issue was annoying, but the team resolved it quickly."
FB-0002143,CUST-100726,2026-04-07,6.9,The recent product changes made our workflow harder.
FB-0002144,CUST-100726,2026-05-10,5.2,Several important features are not working as expected.
FB-0002145,CUST-100727,2026-07-07,6.9,Everything worked well and the issue was resolved quickly.
FB-0002146,CUST-100727,2026-03-14,5.7,Everything worked well and the issue was resolved quickly.
FB-0002147,CUST-100727,2026-06-24,7.6,Everything worked well and the issue was resolved quickly.
FB-0002148,CUST-100727,2026-07-24,8.9,The platform has been reliable and support was helpful.
FB-0002149,CUST-100728,2026-05-03,2.8,We are considering cancelling at renewal.
FB-0002150,CUST-100728,2026-05-22,3.9,We are considering cancelling at renewal.
FB-0002151,CUST-100728,2026-04-24,2.9,We're evaluating alternatives and may move away from the platform.
FB-0002152,CUST-100728,2026-06-05,4.4,We're evaluating alternatives and may move away from the platform.
FB-0002153,CUST-100729,2026-07-03,4.6,I've contacted support multiple times for the same issue.
FB-0002154,CUST-100729,2026-02-03,4.7,The problem is still unresolved and this is becoming frustrating.
FB-0002155,CUST-100730,2026-04-05,8.3,Everything worked well and the issue was resolved quickly.
FB-0002156,CUST-100730,2026-06-28,7.7,The platform has been reliable and support was helpful.
FB-0002157,CUST-100730,2026-04-29,8.0,The platform has been reliable and support was helpful.
FB-0002158,CUST-100731,2026-07-24,4.3,There appears to be an unexpected charge on my account.
FB-0002159,CUST-100731,2026-03-30,4.8,I don't understand the latest invoice.
FB-0002160,CUST-100731,2026-03-23,5.1,There appears to be an unexpected charge on my account.
FB-0002161,CUST-100731,2026-03-14,6.3,There appears to be an unexpected charge on my account.
FB-0002162,CUST-100732,2026-07-04,4.4,I've contacted support multiple times for the same issue.
FB-0002163,CUST-100732,2026-07-22,5.9,The problem is still unresolved and this is becoming frustrating.
FB-0002164,CUST-100732,2026-06-30,5.6,I've contacted support multiple times for the same issue.
FB-0002165,CUST-100733,2026-06-08,7.3,I'm not sure we're getting enough value from the subscription.
FB-0002166,CUST-100733,2026-07-23,8.0,I'm not sure we're getting enough value from the subscription.
FB-0002167,CUST-100733,2026-06-28,5.5,We aren't using the platform as much as before.
FB-0002168,CUST-100734,2026-05-28,9.5,Everything worked well and the issue was resolved quickly.
FB-0002169,CUST-100734,2026-07-22,9.8,The platform has been reliable and support was helpful.
FB-0002170,CUST-100734,2026-05-26,9.1,Everything worked well and the issue was resolved quickly.
FB-0002171,CUST-100735,2026-03-31,3.8,I've contacted support multiple times for the same issue.
FB-0002172,CUST-100735,2026-03-05,4.0,The problem is still unresolved and this is becoming frustrating.
FB-0002173,CUST-100736,2026-02-18,3.0,We're evaluating alternatives and may move away from the platform.
FB-0002174,CUST-100736,2026-07-17,1.1,We are considering cancelling at renewal.
FB-0002175,CUST-100736,2026-06-04,4.3,We are considering cancelling at renewal.
FB-0002176,CUST-100737,2026-07-02,7.9,Everything worked well and the issue was resolved quickly.
FB-0002177,CUST-100737,2026-04-19,7.7,The platform has been reliable and support was helpful.
FB-0002178,CUST-100737,2026-04-22,8.6,The platform has been reliable and support was helpful.
FB-0002179,CUST-100737,2026-05-12,7.3,The platform has been reliable and support was helpful.
FB-0002180,CUST-100738,2026-03-05,7.7,The platform has been reliable and support was helpful.
FB-0002181,CUST-100738,2026-04-18,10.0,Everything worked well and the issue was resolved quickly.
FB-0002182,CUST-100738,2026-04-28,7.9,Everything worked well and the issue was resolved quickly.
FB-0002183,CUST-100739,2026-02-25,8.7,The platform has been reliable and support was helpful.
FB-0002184,CUST-100739,2026-02-12,8.4,Everything worked well and the issue was resolved quickly.
FB-0002185,CUST-100739,2026-07-18,7.1,Everything worked well and the issue was resolved quickly.
FB-0002186,CUST-100739,2026-02-22,7.5,The platform has been reliable and support was helpful.
FB-0002187,CUST-100740,2026-02-09,9.2,Everything worked well and the issue was resolved quickly.
FB-0002188,CUST-100740,2026-03-19,9.5,Everything worked well and the issue was resolved quickly.
FB-0002189,CUST-100740,2026-04-18,7.4,Everything worked well and the issue was resolved quickly.
FB-0002190,CUST-100741,2026-06-01,4.6,We're evaluating alternatives and may move away from the platform.
FB-0002191,CUST-100741,2026-04-15,2.2,We're evaluating alternatives and may move away from the platform.
FB-0002192,CUST-100742,2026-05-01,7.8,"I was frustrated by the new interface, but overall the product is valuable."
FB-0002193,CUST-100742,2026-04-19,8.3,"I was frustrated by the new interface, but overall the product is valuable."
FB-0002194,CUST-100742,2026-06-11,6.7,"I was frustrated by the new interface, but overall the product is valuable."
FB-0002195,CUST-100743,2026-03-23,9.5,Everything worked well and the issue was resolved quickly.
FB-0002196,CUST-100743,2026-05-22,8.4,The platform has been reliable and support was helpful.
FB-0002197,CUST-100743,2026-02-15,9.6,The platform has been reliable and support was helpful.
FB-0002198,CUST-100743,2026-06-07,7.2,Everything worked well and the issue was resolved quickly.
FB-0002199,CUST-100744,2026-03-28,7.3,We aren't using the platform as much as before.
FB-0002200,CUST-100744,2026-03-06,6.3,I'm not sure we're getting enough value from the subscription.
FB-0002201,CUST-100744,2026-03-18,4.9,I'm not sure we're getting enough value from the subscription.
FB-0002202,CUST-100745,2026-06-28,9.8,The platform has been reliable and support was helpful.
FB-0002203,CUST-100745,2026-07-20,8.7,Everything worked well and the issue was resolved quickly.
FB-0002204,CUST-100745,2026-05-15,10.0,The platform has been reliable and support was helpful.
FB-0002205,CUST-100746,2026-07-17,7.7,The platform has been reliable and support was helpful.
FB-0002206,CUST-100746,2026-05-23,8.0,Everything worked well and the issue was resolved quickly.
FB-0002207,CUST-100746,2026-03-01,10.0,Everything worked well and the issue was resolved quickly.
FB-0002208,CUST-100747,2026-03-05,5.0,There appears to be an unexpected charge on my account.
FB-0002209,CUST-100747,2026-04-30,5.0,I don't understand the latest invoice.
FB-0002210,CUST-100748,2026-05-07,4.1,The service problems and billing issues make it difficult to justify continuing.
FB-0002211,CUST-100748,2026-06-11,3.5,The service problems and billing issues make it difficult to justify continuing.
FB-0002212,CUST-100748,2026-02-13,3.2,The service problems and billing issues make it difficult to justify continuing.
FB-0002213,CUST-100748,2026-04-11,4.3,The service problems and billing issues make it difficult to justify continuing.
FB-0002214,CUST-100749,2026-05-26,9.1,The platform has been reliable and support was helpful.
FB-0002215,CUST-100749,2026-07-20,8.4,The platform has been reliable and support was helpful.
FB-0002216,CUST-100749,2026-04-22,7.7,The platform has been reliable and support was helpful.
FB-0002217,CUST-100750,2026-06-28,7.3,I'm not sure we're getting enough value from the subscription.
FB-0002218,CUST-100750,2026-03-24,8.9,We aren't using the platform as much as before.
FB-0002219,CUST-100750,2026-07-17,6.4,We aren't using the platform as much as before.
FB-0002220,CUST-100751,2026-02-22,7.8,The platform has been reliable and support was helpful.
FB-0002221,CUST-100751,2026-02-15,9.8,Everything worked well and the issue was resolved quickly.
FB-0002222,CUST-100751,2026-07-14,8.5,Everything worked well and the issue was resolved quickly.
FB-0002223,CUST-100752,2026-04-08,7.4,Everything worked well and the issue was resolved quickly.
FB-0002224,CUST-100752,2026-05-17,9.9,Everything worked well and the issue was resolved quickly.
FB-0002225,CUST-100752,2026-06-08,8.4,Everything worked well and the issue was resolved quickly.
FB-0002226,CUST-100752,2026-05-14,7.7,Everything worked well and the issue was resolved quickly.
FB-0002227,CUST-100753,2026-04-07,6.8,Everything worked well and the issue was resolved quickly.
FB-0002228,CUST-100753,2026-05-01,9.1,Everything worked well and the issue was resolved quickly.
FB-0002229,CUST-100754,2026-07-01,5.1,I've contacted support multiple times for the same issue.
FB-0002230,CUST-100754,2026-02-22,4.8,I've contacted support multiple times for the same issue.
FB-0002231,CUST-100754,2026-02-11,6.5,The problem is still unresolved and this is becoming frustrating.
FB-0002232,CUST-100754,2026-07-18,4.6,I've contacted support multiple times for the same issue.
FB-0002233,CUST-100755,2026-06-27,7.6,I'm not sure we're getting enough value from the subscription.
FB-0002234,CUST-100755,2026-05-23,7.9,We aren't using the platform as much as before.
FB-0002235,CUST-100756,2026-03-25,7.7,We aren't using the platform as much as before.
FB-0002236,CUST-100756,2026-02-22,6.0,I'm not sure we're getting enough value from the subscription.
FB-0002237,CUST-100756,2026-06-13,6.6,I'm not sure we're getting enough value from the subscription.
FB-0002238,CUST-100757,2026-03-22,7.8,Everything worked well and the issue was resolved quickly.
FB-0002239,CUST-100757,2026-04-21,8.2,The platform has been reliable and support was helpful.
FB-0002240,CUST-100758,2026-04-14,9.2,Everything worked well and the issue was resolved quickly.
FB-0002241,CUST-100758,2026-06-05,8.6,Everything worked well and the issue was resolved quickly.
FB-0002242,CUST-100759,2026-03-07,9.4,The platform has been reliable and support was helpful.
FB-0002243,CUST-100759,2026-05-19,7.2,The platform has been reliable and support was helpful.
FB-0002244,CUST-100759,2026-05-15,8.5,The platform has been reliable and support was helpful.
FB-0002245,CUST-100760,2026-07-19,7.2,Everything worked well and the issue was resolved quickly.
FB-0002246,CUST-100760,2026-03-10,8.9,Everything worked well and the issue was resolved quickly.
FB-0002247,CUST-100760,2026-07-24,9.9,Everything worked well and the issue was resolved quickly.
FB-0002248,CUST-100761,2026-06-12,5.2,I don't understand the latest invoice.
FB-0002249,CUST-100761,2026-04-11,4.2,There appears to be an unexpected charge on my account.
FB-0002250,CUST-100762,2026-04-06,4.9,The recent product changes made our workflow harder.
FB-0002251,CUST-100762,2026-04-11,5.5,The recent product changes made our workflow harder.
FB-0002252,CUST-100762,2026-03-22,6.1,The recent product changes made our workflow harder.
FB-0002253,CUST-100763,2026-04-17,4.7,Several important features are not working as expected.
FB-0002254,CUST-100763,2026-04-24,2.6,Several important features are not working as expected.
FB-0002255,CUST-100763,2026-06-27,4.5,Several important features are not working as expected.
FB-0002256,CUST-100763,2026-03-18,2.5,Several important features are not working as expected.
FB-0002257,CUST-100764,2026-03-21,2.2,We're evaluating alternatives and may move away from the platform.
FB-0002258,CUST-100764,2026-03-07,5.1,We're evaluating alternatives and may move away from the platform.
FB-0002259,CUST-100765,2026-05-18,4.8,Several important features are not working as expected.
FB-0002260,CUST-100765,2026-07-10,5.0,Several important features are not working as expected.
FB-0002261,CUST-100765,2026-06-04,4.1,Several important features are not working as expected.
FB-0002262,CUST-100765,2026-05-19,5.2,The recent product changes made our workflow harder.
FB-0002263,CUST-100766,2026-03-11,9.4,The platform has been reliable and support was helpful.
FB-0002264,CUST-100766,2026-06-10,9.9,The platform has been reliable and support was helpful.
FB-0002265,CUST-100766,2026-03-18,9.2,The platform has been reliable and support was helpful.
FB-0002266,CUST-100766,2026-02-10,8.5,Everything worked well and the issue was resolved quickly.
FB-0002267,CUST-100767,2026-04-28,8.2,Everything worked well and the issue was resolved quickly.
FB-0002268,CUST-100767,2026-04-02,9.6,The platform has been reliable and support was helpful.
FB-0002269,CUST-100767,2026-06-01,8.0,The platform has been reliable and support was helpful.
FB-0002270,CUST-100767,2026-02-20,6.9,Everything worked well and the issue was resolved quickly.
FB-0002271,CUST-100768,2026-07-26,8.4,"I was frustrated by the new interface, but overall the product is valuable."
FB-0002272,CUST-100768,2026-03-16,8.3,"I was frustrated by the new interface, but overall the product is valuable."
FB-0002273,CUST-100769,2026-05-23,4.1,The recent product changes made our workflow harder.
FB-0002274,CUST-100769,2026-07-12,6.4,Several important features are not working as expected.
FB-0002275,CUST-100770,2026-06-10,4.4,The recent product changes made our workflow harder.
FB-0002276,CUST-100770,2026-05-01,5.7,Several important features are not working as expected.
FB-0002277,CUST-100770,2026-02-09,4.4,Several important features are not working as expected.
FB-0002278,CUST-100770,2026-07-11,6.2,The recent product changes made our workflow harder.
FB-0002279,CUST-100771,2026-05-20,3.8,The problem is still unresolved and this is becoming frustrating.
FB-0002280,CUST-100771,2026-06-17,4.3,The problem is still unresolved and this is becoming frustrating.
FB-0002281,CUST-100772,2026-04-13,5.4,There appears to be an unexpected charge on my account.
FB-0002282,CUST-100772,2026-03-26,4.6,I don't understand the latest invoice.
FB-0002283,CUST-100772,2026-03-04,7.1,I don't understand the latest invoice.
FB-0002284,CUST-100772,2026-07-22,4.4,There appears to be an unexpected charge on my account.
FB-0002285,CUST-100773,2026-02-07,9.0,The platform has been reliable and support was helpful.
FB-0002286,CUST-100773,2026-02-05,8.4,The platform has been reliable and support was helpful.
FB-0002287,CUST-100773,2026-07-09,8.8,The platform has been reliable and support was helpful.
FB-0002288,CUST-100773,2026-04-25,7.7,Everything worked well and the issue was resolved quickly.
FB-0002289,CUST-100774,2026-07-03,5.3,I don't understand the latest invoice.
FB-0002290,CUST-100774,2026-03-13,6.6,I don't understand the latest invoice.
FB-0002291,CUST-100775,2026-06-13,7.8,The platform has been reliable and support was helpful.
FB-0002292,CUST-100775,2026-03-31,8.4,Everything worked well and the issue was resolved quickly.
FB-0002293,CUST-100776,2026-03-01,3.3,The service problems and billing issues make it difficult to justify continuing.
FB-0002294,CUST-100776,2026-02-27,3.9,The service problems and billing issues make it difficult to justify continuing.
FB-0002295,CUST-100776,2026-04-28,4.0,We've had too many problems and are seriously considering alternatives.
FB-0002296,CUST-100777,2026-06-28,7.1,The platform has been reliable and support was helpful.
FB-0002297,CUST-100777,2026-06-07,8.3,Everything worked well and the issue was resolved quickly.
FB-0002298,CUST-100777,2026-02-23,9.8,Everything worked well and the issue was resolved quickly.
FB-0002299,CUST-100777,2026-06-15,4.5,The platform has been reliable and support was helpful.
FB-0002300,CUST-100778,2026-03-01,8.9,The platform has been reliable and support was helpful.
FB-0002301,CUST-100778,2026-07-14,8.4,Everything worked well and the issue was resolved quickly.
FB-0002302,CUST-100778,2026-06-23,7.9,Everything worked well and the issue was resolved quickly.
FB-0002303,CUST-100779,2026-02-22,4.9,We're evaluating alternatives and may move away from the platform.
FB-0002304,CUST-100779,2026-02-05,3.1,We're evaluating alternatives and may move away from the platform.
FB-0002305,CUST-100779,2026-03-18,5.0,We are considering cancelling at renewal.
FB-0002306,CUST-100779,2026-03-28,4.5,We're evaluating alternatives and may move away from the platform.
FB-0002307,CUST-100780,2026-07-08,5.1,Several important features are not working as expected.
FB-0002308,CUST-100780,2026-03-25,4.8,The recent product changes made our workflow harder.
FB-0002309,CUST-100780,2026-04-17,5.9,The recent product changes made our workflow harder.
FB-0002310,CUST-100781,2026-04-05,7.5,Everything worked well and the issue was resolved quickly.
FB-0002311,CUST-100781,2026-04-11,8.5,The platform has been reliable and support was helpful.
FB-0002312,CUST-100782,2026-04-10,4.8,I've contacted support multiple times for the same issue.
FB-0002313,CUST-100782,2026-07-23,4.4,I've contacted support multiple times for the same issue.
FB-0002314,CUST-100782,2026-06-27,5.8,I've contacted support multiple times for the same issue.
FB-0002315,CUST-100783,2026-06-17,8.5,The platform has been reliable and support was helpful.
FB-0002316,CUST-100783,2026-02-05,7.8,Everything worked well and the issue was resolved quickly.
FB-0002317,CUST-100784,2026-04-22,7.0,We aren't using the platform as much as before.
FB-0002318,CUST-100784,2026-04-02,6.9,I'm not sure we're getting enough value from the subscription.
FB-0002319,CUST-100784,2026-03-17,9.1,We aren't using the platform as much as before.
FB-0002320,CUST-100785,2026-04-19,7.3,The platform has been reliable and support was helpful.
FB-0002321,CUST-100785,2026-04-29,7.4,Everything worked well and the issue was resolved quickly.
FB-0002322,CUST-100785,2026-07-01,9.1,Everything worked well and the issue was resolved quickly.
FB-0002323,CUST-100785,2026-07-10,8.8,The platform has been reliable and support was helpful.
FB-0002324,CUST-100786,2026-04-28,9.7,The platform has been reliable and support was helpful.
FB-0002325,CUST-100786,2026-05-01,9.5,The platform has been reliable and support was helpful.
FB-0002326,CUST-100786,2026-02-11,7.5,The platform has been reliable and support was helpful.
FB-0002327,CUST-100786,2026-04-12,8.9,Everything worked well and the issue was resolved quickly.
FB-0002328,CUST-100787,2026-05-15,8.2,The platform has been reliable and support was helpful.
FB-0002329,CUST-100787,2026-05-03,6.4,Everything worked well and the issue was resolved quickly.
FB-0002330,CUST-100787,2026-02-22,9.3,The platform has been reliable and support was helpful.
FB-0002331,CUST-100788,2026-03-12,9.1,The platform has been reliable and support was helpful.
FB-0002332,CUST-100788,2026-02-09,9.0,Everything worked well and the issue was resolved quickly.
FB-0002333,CUST-100789,2026-02-17,6.9,I'm not sure we're getting enough value from the subscription.
FB-0002334,CUST-100789,2026-07-18,9.6,I'm not sure we're getting enough value from the subscription.
FB-0002335,CUST-100790,2026-02-18,6.5,We aren't using the platform as much as before.
FB-0002336,CUST-100790,2026-05-24,6.4,We aren't using the platform as much as before.
FB-0002337,CUST-100790,2026-06-15,5.3,We aren't using the platform as much as before.
FB-0002338,CUST-100791,2026-07-22,6.4,Several important features are not working as expected.
FB-0002339,CUST-100791,2026-04-19,5.9,The recent product changes made our workflow harder.
FB-0002340,CUST-100792,2026-04-13,8.6,Everything worked well and the issue was resolved quickly.
FB-0002341,CUST-100792,2026-07-01,9.1,Everything worked well and the issue was resolved quickly.
FB-0002342,CUST-100793,2026-04-14,3.4,The service problems and billing issues make it difficult to justify continuing.
FB-0002343,CUST-100793,2026-02-03,3.0,We've had too many problems and are seriously considering alternatives.
FB-0002344,CUST-100793,2026-04-21,5.1,The service problems and billing issues make it difficult to justify continuing.
FB-0002345,CUST-100794,2026-04-19,7.1,The platform has been reliable and support was helpful.
FB-0002346,CUST-100794,2026-04-09,8.9,Everything worked well and the issue was resolved quickly.
FB-0002347,CUST-100795,2026-06-13,4.5,The recent product changes made our workflow harder.
FB-0002348,CUST-100795,2026-02-22,6.6,The recent product changes made our workflow harder.
FB-0002349,CUST-100796,2026-06-10,4.4,I don't understand the latest invoice.
FB-0002350,CUST-100796,2026-05-15,6.3,There appears to be an unexpected charge on my account.
FB-0002351,CUST-100797,2026-03-02,5.2,Several important features are not working as expected.
FB-0002352,CUST-100797,2026-03-26,4.8,The recent product changes made our workflow harder.
FB-0002353,CUST-100797,2026-06-03,6.0,The recent product changes made our workflow harder.
FB-0002354,CUST-100798,2026-05-08,4.5,The problem is still unresolved and this is becoming frustrating.
FB-0002355,CUST-100798,2026-07-26,3.9,I've contacted support multiple times for the same issue.
FB-0002356,CUST-100799,2026-02-22,8.8,"The issue was annoying, but the team resolved it quickly."
FB-0002357,CUST-100799,2026-02-23,9.4,"The issue was annoying, but the team resolved it quickly."
FB-0002358,CUST-100799,2026-07-20,8.7,"The issue was annoying, but the team resolved it quickly."
FB-0002359,CUST-100800,2026-05-10,4.1,The service problems and billing issues make it difficult to justify continuing.
FB-0002360,CUST-100800,2026-04-17,5.7,We've had too many problems and are seriously considering alternatives.
FB-0002361,CUST-100800,2026-03-05,3.4,We've had too many problems and are seriously considering alternatives.
FB-0002362,CUST-100800,2026-02-06,1.3,We've had too many problems and are seriously considering alternatives.
FB-0002363,CUST-100801,2026-04-12,5.4,There appears to be an unexpected charge on my account.
FB-0002364,CUST-100801,2026-04-09,6.6,I don't understand the latest invoice.
FB-0002365,CUST-100801,2026-05-27,6.7,I don't understand the latest invoice.
FB-0002366,CUST-100802,2026-03-04,4.2,Several important features are not working as expected.
FB-0002367,CUST-100802,2026-06-09,5.5,The recent product changes made our workflow harder.
FB-0002368,CUST-100802,2026-04-20,5.9,The recent product changes made our workflow harder.
FB-0002369,CUST-100803,2026-04-13,3.6,We are considering cancelling at renewal.
FB-0002370,CUST-100803,2026-07-14,2.8,We're evaluating alternatives and may move away from the platform.
FB-0002371,CUST-100803,2026-02-14,4.3,We are considering cancelling at renewal.
FB-0002372,CUST-100804,2026-06-26,3.7,There appears to be an unexpected charge on my account.
FB-0002373,CUST-100804,2026-05-11,4.2,I don't understand the latest invoice.
FB-0002374,CUST-100804,2026-05-31,5.5,There appears to be an unexpected charge on my account.
FB-0002375,CUST-100804,2026-03-01,4.9,I don't understand the latest invoice.
FB-0002376,CUST-100805,2026-04-10,6.4,I don't understand the latest invoice.
FB-0002377,CUST-100805,2026-05-01,5.8,I don't understand the latest invoice.
FB-0002378,CUST-100805,2026-07-03,6.7,I don't understand the latest invoice.
FB-0002379,CUST-100805,2026-02-13,6.2,I don't understand the latest invoice.
FB-0002380,CUST-100806,2026-05-01,3.6,We're evaluating alternatives and may move away from the platform.
FB-0002381,CUST-100806,2026-05-02,2.7,We are considering cancelling at renewal.
FB-0002382,CUST-100806,2026-07-07,3.0,We're evaluating alternatives and may move away from the platform.
FB-0002383,CUST-100807,2026-03-07,7.2,Everything worked well and the issue was resolved quickly.
FB-0002384,CUST-100807,2026-03-21,8.6,The platform has been reliable and support was helpful.
FB-0002385,CUST-100807,2026-04-25,7.2,Everything worked well and the issue was resolved quickly.
FB-0002386,CUST-100807,2026-06-06,10.0,Everything worked well and the issue was resolved quickly.
FB-0002387,CUST-100808,2026-07-10,9.0,The platform has been reliable and support was helpful.
FB-0002388,CUST-100808,2026-03-15,10.0,Everything worked well and the issue was resolved quickly.
FB-0002389,CUST-100809,2026-06-07,5.0,The problem is still unresolved and this is becoming frustrating.
FB-0002390,CUST-100809,2026-02-05,4.6,I've contacted support multiple times for the same issue.
FB-0002391,CUST-100809,2026-04-30,6.4,The problem is still unresolved and this is becoming frustrating.
FB-0002392,CUST-100809,2026-05-02,4.7,I've contacted support multiple times for the same issue.
FB-0002393,CUST-100810,2026-06-20,9.0,Everything worked well and the issue was resolved quickly.
FB-0002394,CUST-100810,2026-02-18,8.7,Everything worked well and the issue was resolved quickly.
FB-0002395,CUST-100810,2026-03-18,8.0,Everything worked well and the issue was resolved quickly.
FB-0002396,CUST-100810,2026-06-18,6.7,Everything worked well and the issue was resolved quickly.
FB-0002397,CUST-100811,2026-06-05,7.0,We aren't using the platform as much as before.
FB-0002398,CUST-100811,2026-03-06,6.2,I'm not sure we're getting enough value from the subscription.
FB-0002399,CUST-100811,2026-03-27,7.6,I'm not sure we're getting enough value from the subscription.
FB-0002400,CUST-100812,2026-07-05,5.8,I don't understand the latest invoice.
FB-0002401,CUST-100812,2026-02-04,4.7,I don't understand the latest invoice.
FB-0002402,CUST-100812,2026-06-23,4.9,There appears to be an unexpected charge on my account.
FB-0002403,CUST-100812,2026-02-16,5.1,There appears to be an unexpected charge on my account.
FB-0002404,CUST-100813,2026-04-14,4.1,The recent product changes made our workflow harder.
FB-0002405,CUST-100813,2026-03-27,3.7,Several important features are not working as expected.
FB-0002406,CUST-100813,2026-06-02,5.7,Several important features are not working as expected.
FB-0002407,CUST-100813,2026-06-27,4.1,Several important features are not working as expected.
FB-0002408,CUST-100814,2026-05-27,5.5,I've contacted support multiple times for the same issue.
FB-0002409,CUST-100814,2026-02-19,3.2,I've contacted support multiple times for the same issue.
FB-0002410,CUST-100814,2026-06-07,6.0,The problem is still unresolved and this is becoming frustrating.
FB-0002411,CUST-100815,2026-03-30,4.5,I'm not sure we're getting enough value from the subscription.
FB-0002412,CUST-100815,2026-05-09,6.9,We aren't using the platform as much as before.
FB-0002413,CUST-100815,2026-06-22,7.6,I'm not sure we're getting enough value from the subscription.
FB-0002414,CUST-100815,2026-05-18,7.3,We aren't using the platform as much as before.
FB-0002415,CUST-100816,2026-04-01,3.9,I've contacted support multiple times for the same issue.
FB-0002416,CUST-100816,2026-04-19,4.3,I've contacted support multiple times for the same issue.
FB-0002417,CUST-100816,2026-06-24,3.8,The problem is still unresolved and this is becoming frustrating.
FB-0002418,CUST-100816,2026-03-31,4.8,I've contacted support multiple times for the same issue.
FB-0002419,CUST-100817,2026-03-15,10.0,The platform has been reliable and support was helpful.
FB-0002420,CUST-100817,2026-02-22,7.0,The platform has been reliable and support was helpful.
FB-0002421,CUST-100818,2026-03-06,5.0,The recent product changes made our workflow harder.
FB-0002422,CUST-100818,2026-03-21,4.1,Several important features are not working as expected.
FB-0002423,CUST-100818,2026-05-17,6.6,Several important features are not working as expected.
FB-0002424,CUST-100819,2026-07-18,4.2,We're evaluating alternatives and may move away from the platform.
FB-0002425,CUST-100819,2026-04-28,4.9,We're evaluating alternatives and may move away from the platform.
FB-0002426,CUST-100819,2026-04-19,6.0,We are considering cancelling at renewal.
FB-0002427,CUST-100820,2026-03-17,6.1,I'm not sure we're getting enough value from the subscription.
FB-0002428,CUST-100820,2026-05-19,9.1,We aren't using the platform as much as before.
FB-0002429,CUST-100820,2026-05-01,8.7,I'm not sure we're getting enough value from the subscription.
FB-0002430,CUST-100820,2026-04-04,6.1,We aren't using the platform as much as before.
FB-0002431,CUST-100821,2026-05-13,5.3,Several important features are not working as expected.
FB-0002432,CUST-100821,2026-07-11,5.6,The recent product changes made our workflow harder.
FB-0002433,CUST-100821,2026-07-12,5.2,The recent product changes made our workflow harder.
FB-0002434,CUST-100822,2026-06-24,4.0,We are considering cancelling at renewal.
FB-0002435,CUST-100822,2026-04-19,2.6,We're evaluating alternatives and may move away from the platform.
FB-0002436,CUST-100823,2026-05-27,4.8,We've had too many problems and are seriously considering alternatives.
FB-0002437,CUST-100823,2026-06-28,4.9,The service problems and billing issues make it difficult to justify continuing.
FB-0002438,CUST-100823,2026-07-19,4.2,The service problems and billing issues make it difficult to justify continuing.
FB-0002439,CUST-100823,2026-05-28,3.7,The service problems and billing issues make it difficult to justify continuing.
FB-0002440,CUST-100824,2026-03-29,4.8,I don't understand the latest invoice.
FB-0002441,CUST-100824,2026-07-06,5.3,I don't understand the latest invoice.
FB-0002442,CUST-100824,2026-03-01,5.4,I don't understand the latest invoice.
FB-0002443,CUST-100825,2026-05-07,5.7,I don't understand the latest invoice.
FB-0002444,CUST-100825,2026-05-27,6.0,I don't understand the latest invoice.
FB-0002445,CUST-100826,2026-06-26,7.4,Everything worked well and the issue was resolved quickly.
FB-0002446,CUST-100826,2026-05-24,8.9,The platform has been reliable and support was helpful.
FB-0002447,CUST-100827,2026-05-30,5.0,The service problems and billing issues make it difficult to justify continuing.
FB-0002448,CUST-100827,2026-07-10,4.9,The service problems and billing issues make it difficult to justify continuing.
FB-0002449,CUST-100827,2026-06-05,4.4,The service problems and billing issues make it difficult to justify continuing.
FB-0002450,CUST-100827,2026-05-15,5.5,We've had too many problems and are seriously considering alternatives.
FB-0002451,CUST-100828,2026-03-01,3.0,I've contacted support multiple times for the same issue.
FB-0002452,CUST-100828,2026-05-20,4.7,I've contacted support multiple times for the same issue.
FB-0002453,CUST-100829,2026-05-14,5.8,The recent product changes made our workflow harder.
FB-0002454,CUST-100829,2026-03-12,5.5,The recent product changes made our workflow harder.
FB-0002455,CUST-100829,2026-06-07,5.8,Several important features are not working as expected.
FB-0002456,CUST-100830,2026-02-11,5.3,I've contacted support multiple times for the same issue.
FB-0002457,CUST-100830,2026-07-14,3.8,I've contacted support multiple times for the same issue.
FB-0002458,CUST-100830,2026-06-01,5.0,The problem is still unresolved and this is becoming frustrating.
FB-0002459,CUST-100831,2026-06-25,8.8,Everything worked well and the issue was resolved quickly.
FB-0002460,CUST-100831,2026-05-31,6.4,The platform has been reliable and support was helpful.
FB-0002461,CUST-100831,2026-06-22,9.1,The platform has been reliable and support was helpful.
FB-0002462,CUST-100831,2026-07-07,8.0,Everything worked well and the issue was resolved quickly.
FB-0002463,CUST-100832,2026-06-19,10.0,"I was frustrated by the new interface, but overall the product is valuable."
FB-0002464,CUST-100832,2026-05-09,9.3,"I was frustrated by the new interface, but overall the product is valuable."
FB-0002465,CUST-100833,2026-05-28,7.8,Everything worked well and the issue was resolved quickly.
FB-0002466,CUST-100833,2026-03-03,8.9,The platform has been reliable and support was helpful.
FB-0002467,CUST-100833,2026-05-31,9.3,The platform has been reliable and support was helpful.
FB-0002468,CUST-100833,2026-05-18,7.8,Everything worked well and the issue was resolved quickly.
FB-0002469,CUST-100834,2026-05-15,8.8,Everything worked well and the issue was resolved quickly.
FB-0002470,CUST-100834,2026-02-24,8.6,Everything worked well and the issue was resolved quickly.
FB-0002471,CUST-100834,2026-03-25,8.6,Everything worked well and the issue was resolved quickly.
FB-0002472,CUST-100835,2026-05-23,5.0,Several important features are not working as expected.
FB-0002473,CUST-100835,2026-05-09,3.8,Several important features are not working as expected.
FB-0002474,CUST-100835,2026-02-09,6.5,Several important features are not working as expected.
FB-0002475,CUST-100836,2026-07-19,6.5,I'm not sure we're getting enough value from the subscription.
FB-0002476,CUST-100836,2026-05-09,7.7,We aren't using the platform as much as before.
FB-0002477,CUST-100837,2026-04-04,7.9,Everything worked well and the issue was resolved quickly.
FB-0002478,CUST-100837,2026-02-17,8.8,The platform has been reliable and support was helpful.
FB-0002479,CUST-100837,2026-03-15,7.0,Everything worked well and the issue was resolved quickly.
FB-0002480,CUST-100837,2026-02-12,8.6,Everything worked well and the issue was resolved quickly.
FB-0002481,CUST-100838,2026-05-31,7.7,The platform has been reliable and support was helpful.
FB-0002482,CUST-100838,2026-05-03,8.7,Everything worked well and the issue was resolved quickly.
FB-0002483,CUST-100838,2026-06-11,7.7,The platform has been reliable and support was helpful.
FB-0002484,CUST-100838,2026-03-14,8.1,Everything worked well and the issue was resolved quickly.
FB-0002485,CUST-100839,2026-07-25,8.7,The platform has been reliable and support was helpful.
FB-0002486,CUST-100839,2026-03-09,7.8,The platform has been reliable and support was helpful.
FB-0002487,CUST-100839,2026-04-17,7.4,Everything worked well and the issue was resolved quickly.
FB-0002488,CUST-100840,2026-07-21,8.4,The platform has been reliable and support was helpful.
FB-0002489,CUST-100840,2026-03-18,10.0,The platform has been reliable and support was helpful.
FB-0002490,CUST-100840,2026-06-15,8.4,Everything worked well and the issue was resolved quickly.
FB-0002491,CUST-100840,2026-05-06,8.5,Everything worked well and the issue was resolved quickly.
FB-0002492,CUST-100841,2026-03-14,5.7,The platform has been reliable and support was helpful.
FB-0002493,CUST-100841,2026-02-07,8.2,Everything worked well and the issue was resolved quickly.
FB-0002494,CUST-100841,2026-02-18,5.2,The platform has been reliable and support was helpful.
FB-0002495,CUST-100842,2026-05-28,9.3,The platform has been reliable and support was helpful.
FB-0002496,CUST-100842,2026-06-21,8.3,Everything worked well and the issue was resolved quickly.
FB-0002497,CUST-100843,2026-04-23,7.9,"The issue was annoying, but the team resolved it quickly."
FB-0002498,CUST-100843,2026-04-08,6.4,"The issue was annoying, but the team resolved it quickly."
FB-0002499,CUST-100843,2026-06-27,8.1,"I was frustrated by the new interface, but overall the product is valuable."
FB-0002500,CUST-100843,2026-02-24,7.2,"The issue was annoying, but the team resolved it quickly."
FB-0002501,CUST-100844,2026-03-26,10.0,The platform has been reliable and support was helpful.
FB-0002502,CUST-100844,2026-06-02,8.6,Everything worked well and the issue was resolved quickly.
FB-0002503,CUST-100844,2026-07-18,7.4,The platform has been reliable and support was helpful.
FB-0002504,CUST-100844,2026-03-09,9.2,Everything worked well and the issue was resolved quickly.
FB-0002505,CUST-100845,2026-04-24,8.2,I'm not sure we're getting enough value from the subscription.
FB-0002506,CUST-100845,2026-03-02,6.7,I'm not sure we're getting enough value from the subscription.
FB-0002507,CUST-100846,2026-06-20,8.4,Everything worked well and the issue was resolved quickly.
FB-0002508,CUST-100846,2026-03-16,8.8,Everything worked well and the issue was resolved quickly.
FB-0002509,CUST-100847,2026-02-14,4.7,I've contacted support multiple times for the same issue.
FB-0002510,CUST-100847,2026-03-16,5.5,The problem is still unresolved and this is becoming frustrating.
FB-0002511,CUST-100847,2026-02-09,4.1,I've contacted support multiple times for the same issue.
FB-0002512,CUST-100847,2026-05-29,3.8,I've contacted support multiple times for the same issue.
FB-0002513,CUST-100848,2026-07-25,5.5,I don't understand the latest invoice.
FB-0002514,CUST-100848,2026-06-11,4.9,I don't understand the latest invoice.
FB-0002515,CUST-100848,2026-05-28,5.8,I don't understand the latest invoice.
FB-0002516,CUST-100849,2026-02-26,7.8,Everything worked well and the issue was resolved quickly.
FB-0002517,CUST-100849,2026-03-21,8.1,The platform has been reliable and support was helpful.
FB-0002518,CUST-100850,2026-04-04,5.5,Several important features are not working as expected.
FB-0002519,CUST-100850,2026-02-16,3.2,The recent product changes made our workflow harder.
FB-0002520,CUST-100851,2026-04-06,7.9,Everything worked well and the issue was resolved quickly.
FB-0002521,CUST-100851,2026-04-01,8.6,Everything worked well and the issue was resolved quickly.
FB-0002522,CUST-100851,2026-03-16,8.5,Everything worked well and the issue was resolved quickly.
FB-0002523,CUST-100851,2026-02-10,8.4,Everything worked well and the issue was resolved quickly.
FB-0002524,CUST-100852,2026-03-20,4.6,The recent product changes made our workflow harder.
FB-0002525,CUST-100852,2026-06-27,4.7,Several important features are not working as expected.
FB-0002526,CUST-100852,2026-05-15,4.8,Several important features are not working as expected.
FB-0002527,CUST-100853,2026-06-07,8.5,Everything worked well and the issue was resolved quickly.
FB-0002528,CUST-100853,2026-06-23,8.2,The platform has been reliable and support was helpful.
FB-0002529,CUST-100853,2026-07-10,9.1,Everything worked well and the issue was resolved quickly.
FB-0002530,CUST-100853,2026-02-23,7.7,Everything worked well and the issue was resolved quickly.
FB-0002531,CUST-100854,2026-06-25,8.1,The platform has been reliable and support was helpful.
FB-0002532,CUST-100854,2026-04-25,7.9,The platform has been reliable and support was helpful.
FB-0002533,CUST-100854,2026-05-26,8.5,The platform has been reliable and support was helpful.
FB-0002534,CUST-100855,2026-04-30,8.2,We aren't using the platform as much as before.
FB-0002535,CUST-100855,2026-06-17,7.4,We aren't using the platform as much as before.
FB-0002536,CUST-100856,2026-05-01,7.5,There appears to be an unexpected charge on my account.
FB-0002537,CUST-100856,2026-02-10,5.2,I don't understand the latest invoice.
FB-0002538,CUST-100856,2026-02-20,5.8,I don't understand the latest invoice.
FB-0002539,CUST-100856,2026-02-11,6.7,I don't understand the latest invoice.
FB-0002540,CUST-100857,2026-06-24,3.0,The service problems and billing issues make it difficult to justify continuing.
FB-0002541,CUST-100857,2026-02-26,2.4,We've had too many problems and are seriously considering alternatives.
FB-0002542,CUST-100858,2026-06-12,4.0,I've contacted support multiple times for the same issue.
FB-0002543,CUST-100858,2026-03-26,5.7,I've contacted support multiple times for the same issue.
FB-0002544,CUST-100858,2026-03-29,5.0,I've contacted support multiple times for the same issue.
FB-0002545,CUST-100858,2026-05-01,5.6,The problem is still unresolved and this is becoming frustrating.
FB-0002546,CUST-100859,2026-04-28,9.0,Everything worked well and the issue was resolved quickly.
FB-0002547,CUST-100859,2026-06-30,8.9,The platform has been reliable and support was helpful.
FB-0002548,CUST-100859,2026-06-28,7.9,Everything worked well and the issue was resolved quickly.
FB-0002549,CUST-100859,2026-07-15,8.8,The platform has been reliable and support was helpful.
FB-0002550,CUST-100860,2026-06-26,9.2,The platform has been reliable and support was helpful.
FB-0002551,CUST-100860,2026-04-02,7.8,Everything worked well and the issue was resolved quickly.
FB-0002552,CUST-100860,2026-04-10,7.6,Everything worked well and the issue was resolved quickly.
FB-0002553,CUST-100860,2026-02-14,8.7,The platform has been reliable and support was helpful.
FB-0002554,CUST-100861,2026-02-10,6.6,Everything worked well and the issue was resolved quickly.
FB-0002555,CUST-100861,2026-06-14,8.9,The platform has been reliable and support was helpful.
FB-0002556,CUST-100861,2026-04-13,8.8,The platform has been reliable and support was helpful.
FB-0002557,CUST-100861,2026-07-17,8.9,Everything worked well and the issue was resolved quickly.
FB-0002558,CUST-100862,2026-02-23,4.8,Several important features are not working as expected.
FB-0002559,CUST-100862,2026-03-02,3.5,Several important features are not working as expected.
FB-0002560,CUST-100863,2026-02-09,6.6,There appears to be an unexpected charge on my account.
FB-0002561,CUST-100863,2026-03-11,5.7,I don't understand the latest invoice.
FB-0002562,CUST-100863,2026-05-02,6.9,There appears to be an unexpected charge on my account.
FB-0002563,CUST-100864,2026-05-21,4.5,The recent product changes made our workflow harder.
FB-0002564,CUST-100864,2026-05-16,4.1,The recent product changes made our workflow harder.
FB-0002565,CUST-100865,2026-02-12,2.2,I've contacted support multiple times for the same issue.
FB-0002566,CUST-100865,2026-06-21,6.2,I've contacted support multiple times for the same issue.
FB-0002567,CUST-100865,2026-02-18,3.7,The problem is still unresolved and this is becoming frustrating.
FB-0002568,CUST-100865,2026-02-20,6.1,The problem is still unresolved and this is becoming frustrating.
FB-0002569,CUST-100866,2026-03-11,4.3,Several important features are not working as expected.
FB-0002570,CUST-100866,2026-07-11,5.4,The recent product changes made our workflow harder.
FB-0002571,CUST-100867,2026-02-11,3.8,We've had too many problems and are seriously considering alternatives.
FB-0002572,CUST-100867,2026-02-20,3.5,We've had too many problems and are seriously considering alternatives.
FB-0002573,CUST-100868,2026-06-19,4.4,We've had too many problems and are seriously considering alternatives.
FB-0002574,CUST-100868,2026-05-30,3.4,The service problems and billing issues make it difficult to justify continuing.
FB-0002575,CUST-100869,2026-06-06,8.9,Everything worked well and the issue was resolved quickly.
FB-0002576,CUST-100869,2026-03-19,9.0,The platform has been reliable and support was helpful.
FB-0002577,CUST-100869,2026-04-09,9.4,The platform has been reliable and support was helpful.
FB-0002578,CUST-100869,2026-03-25,9.0,Everything worked well and the issue was resolved quickly.
FB-0002579,CUST-100870,2026-05-16,7.5,Everything worked well and the issue was resolved quickly.
FB-0002580,CUST-100870,2026-02-18,6.8,Everything worked well and the issue was resolved quickly.
FB-0002581,CUST-100871,2026-02-27,7.1,I'm not sure we're getting enough value from the subscription.
FB-0002582,CUST-100871,2026-05-18,8.1,I'm not sure we're getting enough value from the subscription.
FB-0002583,CUST-100872,2026-03-08,4.4,The service problems and billing issues make it difficult to justify continuing.
FB-0002584,CUST-100872,2026-02-06,3.1,We've had too many problems and are seriously considering alternatives.
FB-0002585,CUST-100873,2026-05-31,5.4,The problem is still unresolved and this is becoming frustrating.
FB-0002586,CUST-100873,2026-04-24,2.5,The problem is still unresolved and this is becoming frustrating.
FB-0002587,CUST-100874,2026-02-20,4.2,The problem is still unresolved and this is becoming frustrating.
FB-0002588,CUST-100874,2026-07-01,3.7,I've contacted support multiple times for the same issue.
FB-0002589,CUST-100874,2026-07-14,4.1,The problem is still unresolved and this is becoming frustrating.
FB-0002590,CUST-100874,2026-07-21,4.9,I've contacted support multiple times for the same issue.
FB-0002591,CUST-100875,2026-02-21,9.5,Everything worked well and the issue was resolved quickly.
FB-0002592,CUST-100875,2026-07-23,9.0,Everything worked well and the issue was resolved quickly.
FB-0002593,CUST-100876,2026-02-05,7.8,The platform has been reliable and support was helpful.
FB-0002594,CUST-100876,2026-04-03,7.8,Everything worked well and the issue was resolved quickly.
FB-0002595,CUST-100876,2026-03-23,9.5,The platform has been reliable and support was helpful.
FB-0002596,CUST-100877,2026-04-06,2.6,We've had too many problems and are seriously considering alternatives.
FB-0002597,CUST-100877,2026-02-03,4.2,We've had too many problems and are seriously considering alternatives.
FB-0002598,CUST-100878,2026-03-18,8.8,The platform has been reliable and support was helpful.
FB-0002599,CUST-100878,2026-02-04,8.0,The platform has been reliable and support was helpful.
FB-0002600,CUST-100879,2026-03-15,4.0,The recent product changes made our workflow harder.
FB-0002601,CUST-100879,2026-03-26,5.5,The recent product changes made our workflow harder.
FB-0002602,CUST-100879,2026-06-19,5.3,Several important features are not working as expected.
FB-0002603,CUST-100879,2026-07-23,4.6,Several important features are not working as expected.
FB-0002604,CUST-100880,2026-05-02,9.2,The platform has been reliable and support was helpful.
FB-0002605,CUST-100880,2026-04-05,9.7,Everything worked well and the issue was resolved quickly.
FB-0002606,CUST-100881,2026-07-24,7.5,The platform has been reliable and support was helpful.
FB-0002607,CUST-100881,2026-05-29,7.9,Everything worked well and the issue was resolved quickly.
FB-0002608,CUST-100881,2026-05-03,8.2,The platform has been reliable and support was helpful.
FB-0002609,CUST-100881,2026-04-15,8.3,Everything worked well and the issue was resolved quickly.
FB-0002610,CUST-100882,2026-05-21,7.5,We aren't using the platform as much as before.
FB-0002611,CUST-100882,2026-03-19,6.2,We aren't using the platform as much as before.
FB-0002612,CUST-100882,2026-07-21,6.0,I'm not sure we're getting enough value from the subscription.
FB-0002613,CUST-100882,2026-03-03,5.6,I'm not sure we're getting enough value from the subscription.
FB-0002614,CUST-100883,2026-06-27,8.6,Everything worked well and the issue was resolved quickly.
FB-0002615,CUST-100883,2026-03-03,8.1,Everything worked well and the issue was resolved quickly.
FB-0002616,CUST-100883,2026-03-19,9.2,The platform has been reliable and support was helpful.
FB-0002617,CUST-100884,2026-04-04,4.9,I've contacted support multiple times for the same issue.
FB-0002618,CUST-100884,2026-06-08,4.1,I've contacted support multiple times for the same issue.
FB-0002619,CUST-100884,2026-04-28,5.8,I've contacted support multiple times for the same issue.
FB-0002620,CUST-100884,2026-05-25,5.7,I've contacted support multiple times for the same issue.
FB-0002621,CUST-100885,2026-03-09,8.6,The platform has been reliable and support was helpful.
FB-0002622,CUST-100885,2026-04-02,7.7,Everything worked well and the issue was resolved quickly.
FB-0002623,CUST-100886,2026-06-12,2.8,The problem is still unresolved and this is becoming frustrating.
FB-0002624,CUST-100886,2026-02-25,2.8,I've contacted support multiple times for the same issue.
FB-0002625,CUST-100886,2026-06-15,5.2,The problem is still unresolved and this is becoming frustrating.
FB-0002626,CUST-100886,2026-04-15,4.8,The problem is still unresolved and this is becoming frustrating.
FB-0002627,CUST-100887,2026-06-14,7.0,We aren't using the platform as much as before.
FB-0002628,CUST-100887,2026-03-13,5.7,We aren't using the platform as much as before.
FB-0002629,CUST-100887,2026-07-05,7.8,We aren't using the platform as much as before.
FB-0002630,CUST-100888,2026-06-13,6.9,The platform has been reliable and support was helpful.
FB-0002631,CUST-100888,2026-04-20,8.9,Everything worked well and the issue was resolved quickly.
FB-0002632,CUST-100888,2026-04-11,10.0,The platform has been reliable and support was helpful.
FB-0002633,CUST-100888,2026-04-06,9.2,Everything worked well and the issue was resolved quickly.
FB-0002634,CUST-100889,2026-06-27,4.9,Several important features are not working as expected.
FB-0002635,CUST-100889,2026-05-22,4.0,The recent product changes made our workflow harder.
FB-0002636,CUST-100890,2026-05-17,2.2,We're evaluating alternatives and may move away from the platform.
FB-0002637,CUST-100890,2026-05-25,4.4,We're evaluating alternatives and may move away from the platform.
FB-0002638,CUST-100890,2026-03-19,4.8,We are considering cancelling at renewal.
FB-0002639,CUST-100891,2026-02-25,7.6,Everything worked well and the issue was resolved quickly.
FB-0002640,CUST-100891,2026-06-02,9.2,Everything worked well and the issue was resolved quickly.
FB-0002641,CUST-100892,2026-03-13,9.7,"I was frustrated by the new interface, but overall the product is valuable."
FB-0002642,CUST-100892,2026-07-27,6.1,"I was frustrated by the new interface, but overall the product is valuable."
FB-0002643,CUST-100892,2026-03-20,9.0,"I was frustrated by the new interface, but overall the product is valuable."
FB-0002644,CUST-100893,2026-07-23,8.8,The platform has been reliable and support was helpful.
FB-0002645,CUST-100893,2026-07-01,7.2,Everything worked well and the issue was resolved quickly.
FB-0002646,CUST-100893,2026-07-05,8.1,The platform has been reliable and support was helpful.
FB-0002647,CUST-100894,2026-06-23,2.7,We've had too many problems and are seriously considering alternatives.
FB-0002648,CUST-100894,2026-04-20,3.4,We've had too many problems and are seriously considering alternatives.
FB-0002649,CUST-100894,2026-05-18,3.9,We've had too many problems and are seriously considering alternatives.
FB-0002650,CUST-100894,2026-06-11,3.3,The service problems and billing issues make it difficult to justify continuing.
FB-0002651,CUST-100895,2026-05-27,3.5,I've contacted support multiple times for the same issue.
FB-0002652,CUST-100895,2026-05-21,4.0,I've contacted support multiple times for the same issue.
FB-0002653,CUST-100896,2026-02-10,4.4,We are considering cancelling at renewal.
FB-0002654,CUST-100896,2026-03-24,3.6,We're evaluating alternatives and may move away from the platform.
FB-0002655,CUST-100896,2026-03-26,3.2,We're evaluating alternatives and may move away from the platform.
FB-0002656,CUST-100896,2026-02-24,1.2,We are considering cancelling at renewal.
FB-0002657,CUST-100897,2026-07-05,4.4,We are considering cancelling at renewal.
FB-0002658,CUST-100897,2026-04-03,3.2,We are considering cancelling at renewal.
FB-0002659,CUST-100897,2026-03-21,4.1,We are considering cancelling at renewal.
FB-0002660,CUST-100897,2026-03-04,3.3,We are considering cancelling at renewal.
FB-0002661,CUST-100898,2026-02-08,9.4,Everything worked well and the issue was resolved quickly.
FB-0002662,CUST-100898,2026-07-11,8.1,Everything worked well and the issue was resolved quickly.
FB-0002663,CUST-100899,2026-03-11,5.4,I'm not sure we're getting enough value from the subscription.
FB-0002664,CUST-100899,2026-04-20,7.8,We aren't using the platform as much as before.
FB-0002665,CUST-100899,2026-07-25,7.8,We aren't using the platform as much as before.
FB-0002666,CUST-100900,2026-03-03,5.6,I don't understand the latest invoice.
FB-0002667,CUST-100900,2026-05-09,4.2,I don't understand the latest invoice.
FB-0002668,CUST-100901,2026-05-29,7.6,There appears to be an unexpected charge on my account.
FB-0002669,CUST-100901,2026-07-11,5.5,There appears to be an unexpected charge on my account.
FB-0002670,CUST-100902,2026-03-13,7.6,We aren't using the platform as much as before.
FB-0002671,CUST-100902,2026-02-26,7.2,I'm not sure we're getting enough value from the subscription.
FB-0002672,CUST-100902,2026-02-05,7.4,We aren't using the platform as much as before.
FB-0002673,CUST-100902,2026-03-11,8.3,I'm not sure we're getting enough value from the subscription.
FB-0002674,CUST-100903,2026-06-22,7.2,Everything worked well and the issue was resolved quickly.
FB-0002675,CUST-100903,2026-03-05,9.8,Everything worked well and the issue was resolved quickly.
FB-0002676,CUST-100903,2026-07-12,9.9,Everything worked well and the issue was resolved quickly.
FB-0002677,CUST-100903,2026-05-14,8.2,Everything worked well and the issue was resolved quickly.
FB-0002678,CUST-100904,2026-02-16,3.8,We've had too many problems and are seriously considering alternatives.
FB-0002679,CUST-100904,2026-04-21,3.5,We've had too many problems and are seriously considering alternatives.
FB-0002680,CUST-100904,2026-07-25,4.6,The service problems and billing issues make it difficult to justify continuing.
FB-0002681,CUST-100904,2026-03-28,4.0,The service problems and billing issues make it difficult to justify continuing.
FB-0002682,CUST-100905,2026-05-09,8.3,Everything worked well and the issue was resolved quickly.
FB-0002683,CUST-100905,2026-05-02,8.2,The platform has been reliable and support was helpful.
FB-0002684,CUST-100905,2026-07-08,8.1,Everything worked well and the issue was resolved quickly.
FB-0002685,CUST-100906,2026-03-01,4.9,The service problems and billing issues make it difficult to justify continuing.
FB-0002686,CUST-100906,2026-02-15,5.1,The service problems and billing issues make it difficult to justify continuing.
FB-0002687,CUST-100906,2026-04-08,4.5,We've had too many problems and are seriously considering alternatives.
FB-0002688,CUST-100907,2026-07-16,4.2,The recent product changes made our workflow harder.
FB-0002689,CUST-100907,2026-07-12,6.0,Several important features are not working as expected.
FB-0002690,CUST-100907,2026-06-29,3.7,The recent product changes made our workflow harder.
FB-0002691,CUST-100908,2026-05-20,6.9,I'm not sure we're getting enough value from the subscription.
FB-0002692,CUST-100908,2026-05-12,6.4,I'm not sure we're getting enough value from the subscription.
FB-0002693,CUST-100908,2026-05-02,5.5,We aren't using the platform as much as before.
FB-0002694,CUST-100908,2026-02-11,6.8,I'm not sure we're getting enough value from the subscription.
FB-0002695,CUST-100909,2026-03-04,4.3,The recent product changes made our workflow harder.
FB-0002696,CUST-100909,2026-02-27,4.0,Several important features are not working as expected.
FB-0002697,CUST-100909,2026-06-23,3.8,Several important features are not working as expected.
FB-0002698,CUST-100909,2026-06-09,6.6,Several important features are not working as expected.
FB-0002699,CUST-100910,2026-02-15,9.3,The platform has been reliable and support was helpful.
FB-0002700,CUST-100910,2026-07-26,10.0,The platform has been reliable and support was helpful.
FB-0002701,CUST-100910,2026-05-02,7.8,The platform has been reliable and support was helpful.
FB-0002702,CUST-100910,2026-03-15,8.1,The platform has been reliable and support was helpful.
FB-0002703,CUST-100911,2026-04-03,9.0,Everything worked well and the issue was resolved quickly.
FB-0002704,CUST-100911,2026-07-10,8.5,The platform has been reliable and support was helpful.
FB-0002705,CUST-100911,2026-07-04,8.5,Everything worked well and the issue was resolved quickly.
FB-0002706,CUST-100912,2026-03-17,8.9,Everything worked well and the issue was resolved quickly.
FB-0002707,CUST-100912,2026-06-22,9.7,Everything worked well and the issue was resolved quickly.
FB-0002708,CUST-100912,2026-07-11,9.3,Everything worked well and the issue was resolved quickly.
FB-0002709,CUST-100912,2026-05-05,7.8,The platform has been reliable and support was helpful.
FB-0002710,CUST-100913,2026-05-30,7.5,Everything worked well and the issue was resolved quickly.
FB-0002711,CUST-100913,2026-04-04,6.8,Everything worked well and the issue was resolved quickly.
FB-0002712,CUST-100913,2026-07-03,8.1,Everything worked well and the issue was resolved quickly.
FB-0002713,CUST-100914,2026-04-25,9.1,The platform has been reliable and support was helpful.
FB-0002714,CUST-100914,2026-06-21,7.7,Everything worked well and the issue was resolved quickly.
FB-0002715,CUST-100915,2026-06-12,8.1,I'm not sure we're getting enough value from the subscription.
FB-0002716,CUST-100915,2026-07-04,8.3,We aren't using the platform as much as before.
FB-0002717,CUST-100916,2026-02-15,5.8,I don't understand the latest invoice.
FB-0002718,CUST-100916,2026-05-27,7.5,I don't understand the latest invoice.
FB-0002719,CUST-100916,2026-03-27,5.3,There appears to be an unexpected charge on my account.
FB-0002720,CUST-100916,2026-02-13,6.2,I don't understand the latest invoice.
FB-0002721,CUST-100917,2026-02-16,4.6,We're evaluating alternatives and may move away from the platform.
FB-0002722,CUST-100917,2026-06-15,3.6,We are considering cancelling at renewal.
FB-0002723,CUST-100917,2026-05-27,4.6,We're evaluating alternatives and may move away from the platform.
FB-0002724,CUST-100917,2026-05-18,4.3,We're evaluating alternatives and may move away from the platform.
FB-0002725,CUST-100918,2026-04-21,5.6,The recent product changes made our workflow harder.
FB-0002726,CUST-100918,2026-06-11,5.2,The recent product changes made our workflow harder.
FB-0002727,CUST-100918,2026-03-28,6.3,The recent product changes made our workflow harder.
FB-0002728,CUST-100918,2026-02-03,5.0,The recent product changes made our workflow harder.
FB-0002729,CUST-100919,2026-06-03,7.3,I've contacted support multiple times for the same issue.
FB-0002730,CUST-100919,2026-04-03,5.4,I've contacted support multiple times for the same issue.
FB-0002731,CUST-100919,2026-02-14,5.4,I've contacted support multiple times for the same issue.
FB-0002732,CUST-100920,2026-05-02,3.9,The service problems and billing issues make it difficult to justify continuing.
FB-0002733,CUST-100920,2026-04-30,4.9,The service problems and billing issues make it difficult to justify continuing.
FB-0002734,CUST-100921,2026-05-08,3.6,We've had too many problems and are seriously considering alternatives.
FB-0002735,CUST-100921,2026-07-03,3.0,The service problems and billing issues make it difficult to justify continuing.
FB-0002736,CUST-100921,2026-03-10,3.8,We've had too many problems and are seriously considering alternatives.
FB-0002737,CUST-100921,2026-05-08,3.2,We've had too many problems and are seriously considering alternatives.
FB-0002738,CUST-100922,2026-02-06,8.7,The platform has been reliable and support was helpful.
FB-0002739,CUST-100922,2026-03-13,9.1,The platform has been reliable and support was helpful.
FB-0002740,CUST-100922,2026-02-12,8.1,Everything worked well and the issue was resolved quickly.
FB-0002741,CUST-100922,2026-06-04,8.6,The platform has been reliable and support was helpful.
FB-0002742,CUST-100923,2026-06-07,8.6,The platform has been reliable and support was helpful.
FB-0002743,CUST-100923,2026-04-07,7.9,The platform has been reliable and support was helpful.
FB-0002744,CUST-100923,2026-02-24,10.0,The platform has been reliable and support was helpful.
FB-0002745,CUST-100924,2026-07-02,4.6,We've had too many problems and are seriously considering alternatives.
FB-0002746,CUST-100924,2026-06-14,3.8,The service problems and billing issues make it difficult to justify continuing.
FB-0002747,CUST-100924,2026-04-27,1.8,The service problems and billing issues make it difficult to justify continuing.
FB-0002748,CUST-100924,2026-07-03,4.2,We've had too many problems and are seriously considering alternatives.
FB-0002749,CUST-100925,2026-07-24,6.1,I've contacted support multiple times for the same issue.
FB-0002750,CUST-100925,2026-04-24,4.5,The problem is still unresolved and this is becoming frustrating.
FB-0002751,CUST-100925,2026-03-23,3.9,The problem is still unresolved and this is becoming frustrating.
FB-0002752,CUST-100926,2026-07-23,4.3,We are considering cancelling at renewal.
FB-0002753,CUST-100926,2026-06-13,3.7,We're evaluating alternatives and may move away from the platform.
FB-0002754,CUST-100926,2026-02-26,2.1,We're evaluating alternatives and may move away from the platform.
FB-0002755,CUST-100926,2026-04-24,3.9,We are considering cancelling at renewal.
FB-0002756,CUST-100927,2026-05-09,7.6,Everything worked well and the issue was resolved quickly.
FB-0002757,CUST-100927,2026-04-05,7.5,The platform has been reliable and support was helpful.
FB-0002758,CUST-100927,2026-03-16,8.7,Everything worked well and the issue was resolved quickly.
FB-0002759,CUST-100928,2026-03-31,4.8,I don't understand the latest invoice.
FB-0002760,CUST-100928,2026-03-03,6.1,There appears to be an unexpected charge on my account.
FB-0002761,CUST-100928,2026-04-01,6.5,There appears to be an unexpected charge on my account.
FB-0002762,CUST-100929,2026-04-06,6.6,Everything worked well and the issue was resolved quickly.
FB-0002763,CUST-100929,2026-02-19,7.4,The platform has been reliable and support was helpful.
FB-0002764,CUST-100929,2026-03-11,9.3,The platform has been reliable and support was helpful.
FB-0002765,CUST-100929,2026-02-09,10.0,The platform has been reliable and support was helpful.
FB-0002766,CUST-100930,2026-05-22,10.0,Everything worked well and the issue was resolved quickly.
FB-0002767,CUST-100930,2026-07-18,8.1,The platform has been reliable and support was helpful.
FB-0002768,CUST-100931,2026-03-02,8.2,Everything worked well and the issue was resolved quickly.
FB-0002769,CUST-100931,2026-07-03,9.4,Everything worked well and the issue was resolved quickly.
FB-0002770,CUST-100931,2026-04-23,8.6,The platform has been reliable and support was helpful.
FB-0002771,CUST-100931,2026-05-11,8.3,The platform has been reliable and support was helpful.
FB-0002772,CUST-100932,2026-06-12,8.5,The platform has been reliable and support was helpful.
FB-0002773,CUST-100932,2026-02-07,8.8,Everything worked well and the issue was resolved quickly.
FB-0002774,CUST-100932,2026-06-14,9.4,Everything worked well and the issue was resolved quickly.
FB-0002775,CUST-100932,2026-06-06,9.5,Everything worked well and the issue was resolved quickly.
FB-0002776,CUST-100933,2026-04-18,4.0,We're evaluating alternatives and may move away from the platform.
FB-0002777,CUST-100933,2026-03-14,3.6,We are considering cancelling at renewal.
FB-0002778,CUST-100933,2026-07-09,4.5,We're evaluating alternatives and may move away from the platform.
FB-0002779,CUST-100934,2026-04-28,8.7,Everything worked well and the issue was resolved quickly.
FB-0002780,CUST-100934,2026-04-08,8.8,The platform has been reliable and support was helpful.
FB-0002781,CUST-100934,2026-05-03,8.5,Everything worked well and the issue was resolved quickly.
FB-0002782,CUST-100934,2026-05-16,7.9,Everything worked well and the issue was resolved quickly.
FB-0002783,CUST-100935,2026-07-07,3.7,The recent product changes made our workflow harder.
FB-0002784,CUST-100935,2026-07-06,5.8,Several important features are not working as expected.
FB-0002785,CUST-100935,2026-03-15,5.6,Several important features are not working as expected.
FB-0002786,CUST-100936,2026-07-16,7.5,The platform has been reliable and support was helpful.
FB-0002787,CUST-100936,2026-03-18,8.0,Everything worked well and the issue was resolved quickly.
FB-0002788,CUST-100936,2026-07-19,9.3,The platform has been reliable and support was helpful.
FB-0002789,CUST-100937,2026-03-17,8.3,"The issue was annoying, but the team resolved it quickly."
FB-0002790,CUST-100937,2026-04-01,7.6,"The issue was annoying, but the team resolved it quickly."
FB-0002791,CUST-100937,2026-05-09,6.7,"The issue was annoying, but the team resolved it quickly."
FB-0002792,CUST-100938,2026-03-22,4.1,The service problems and billing issues make it difficult to justify continuing.
FB-0002793,CUST-100938,2026-06-10,4.3,The service problems and billing issues make it difficult to justify continuing.
FB-0002794,CUST-100938,2026-02-16,1.0,We've had too many problems and are seriously considering alternatives.
FB-0002795,CUST-100939,2026-03-07,8.9,Everything worked well and the issue was resolved quickly.
FB-0002796,CUST-100939,2026-06-27,9.2,Everything worked well and the issue was resolved quickly.
FB-0002797,CUST-100940,2026-07-02,3.7,We're evaluating alternatives and may move away from the platform.
FB-0002798,CUST-100940,2026-02-17,2.6,We are considering cancelling at renewal.
FB-0002799,CUST-100940,2026-04-21,5.5,We're evaluating alternatives and may move away from the platform.
FB-0002800,CUST-100941,2026-03-05,4.8,The problem is still unresolved and this is becoming frustrating.
FB-0002801,CUST-100941,2026-05-26,4.9,The problem is still unresolved and this is becoming frustrating.
FB-0002802,CUST-100942,2026-02-27,6.7,We aren't using the platform as much as before.
FB-0002803,CUST-100942,2026-04-02,8.1,We aren't using the platform as much as before.
FB-0002804,CUST-100942,2026-06-04,7.8,We aren't using the platform as much as before.
FB-0002805,CUST-100943,2026-04-07,8.2,The platform has been reliable and support was helpful.
FB-0002806,CUST-100943,2026-03-24,7.8,Everything worked well and the issue was resolved quickly.
FB-0002807,CUST-100943,2026-02-17,7.3,Everything worked well and the issue was resolved quickly.
FB-0002808,CUST-100943,2026-05-15,9.6,The platform has been reliable and support was helpful.
FB-0002809,CUST-100944,2026-04-27,8.1,We aren't using the platform as much as before.
FB-0002810,CUST-100944,2026-06-27,5.5,I'm not sure we're getting enough value from the subscription.
FB-0002811,CUST-100945,2026-05-14,8.6,Everything worked well and the issue was resolved quickly.
FB-0002812,CUST-100945,2026-04-16,7.7,Everything worked well and the issue was resolved quickly.
FB-0002813,CUST-100946,2026-02-27,9.2,Everything worked well and the issue was resolved quickly.
FB-0002814,CUST-100946,2026-07-03,10.0,Everything worked well and the issue was resolved quickly.
FB-0002815,CUST-100947,2026-03-21,4.4,I've contacted support multiple times for the same issue.
FB-0002816,CUST-100947,2026-03-07,6.7,The problem is still unresolved and this is becoming frustrating.
FB-0002817,CUST-100947,2026-02-07,3.5,I've contacted support multiple times for the same issue.
FB-0002818,CUST-100947,2026-02-13,3.4,I've contacted support multiple times for the same issue.
FB-0002819,CUST-100948,2026-04-04,2.9,We're evaluating alternatives and may move away from the platform.
FB-0002820,CUST-100948,2026-03-01,4.0,We are considering cancelling at renewal.
FB-0002821,CUST-100949,2026-06-27,7.4,We aren't using the platform as much as before.
FB-0002822,CUST-100949,2026-05-17,5.2,I'm not sure we're getting enough value from the subscription.
FB-0002823,CUST-100949,2026-06-27,5.3,I'm not sure we're getting enough value from the subscription.
FB-0002824,CUST-100949,2026-03-26,7.5,We aren't using the platform as much as before.
FB-0002825,CUST-100950,2026-04-02,6.0,I'm not sure we're getting enough value from the subscription.
FB-0002826,CUST-100950,2026-02-03,7.7,I'm not sure we're getting enough value from the subscription.
FB-0002827,CUST-100950,2026-03-08,5.9,I'm not sure we're getting enough value from the subscription.
FB-0002828,CUST-100950,2026-07-16,7.4,We aren't using the platform as much as before.
FB-0002829,CUST-100951,2026-03-13,3.4,We've had too many problems and are seriously considering alternatives.
FB-0002830,CUST-100951,2026-05-16,3.7,The service problems and billing issues make it difficult to justify continuing.
FB-0002831,CUST-100951,2026-05-07,5.7,We've had too many problems and are seriously considering alternatives.
FB-0002832,CUST-100952,2026-03-21,5.1,Several important features are not working as expected.
FB-0002833,CUST-100952,2026-06-27,4.3,Several important features are not working as expected.
FB-0002834,CUST-100952,2026-06-03,3.9,Several important features are not working as expected.
FB-0002835,CUST-100952,2026-05-22,3.3,The recent product changes made our workflow harder.
FB-0002836,CUST-100953,2026-03-30,8.4,The platform has been reliable and support was helpful.
FB-0002837,CUST-100953,2026-06-08,9.6,The platform has been reliable and support was helpful.
FB-0002838,CUST-100954,2026-05-02,9.1,Everything worked well and the issue was resolved quickly.
FB-0002839,CUST-100954,2026-07-27,9.0,The platform has been reliable and support was helpful.
FB-0002840,CUST-100954,2026-06-09,9.2,The platform has been reliable and support was helpful.
FB-0002841,CUST-100954,2026-05-17,8.3,The platform has been reliable and support was helpful.
FB-0002842,CUST-100955,2026-06-30,3.6,The service problems and billing issues make it difficult to justify continuing.
FB-0002843,CUST-100955,2026-02-12,4.3,The service problems and billing issues make it difficult to justify continuing.
FB-0002844,CUST-100955,2026-04-15,1.8,We've had too many problems and are seriously considering alternatives.
FB-0002845,CUST-100956,2026-04-21,4.7,Several important features are not working as expected.
FB-0002846,CUST-100956,2026-07-02,4.8,The recent product changes made our workflow harder.
FB-0002847,CUST-100957,2026-04-10,9.0,The platform has been reliable and support was helpful.
FB-0002848,CUST-100957,2026-03-25,8.5,The platform has been reliable and support was helpful.
FB-0002849,CUST-100957,2026-07-03,8.5,The platform has been reliable and support was helpful.
FB-0002850,CUST-100957,2026-02-10,8.6,The platform has been reliable and support was helpful.
FB-0002851,CUST-100958,2026-04-10,9.2,Everything worked well and the issue was resolved quickly.
FB-0002852,CUST-100958,2026-03-03,8.8,Everything worked well and the issue was resolved quickly.
FB-0002853,CUST-100958,2026-04-02,7.7,Everything worked well and the issue was resolved quickly.
FB-0002854,CUST-100959,2026-03-29,7.7,"I was frustrated by the new interface, but overall the product is valuable."
FB-0002855,CUST-100959,2026-05-10,9.7,"The issue was annoying, but the team resolved it quickly."
FB-0002856,CUST-100959,2026-04-05,9.4,"The issue was annoying, but the team resolved it quickly."
FB-0002857,CUST-100959,2026-05-09,7.1,"The issue was annoying, but the team resolved it quickly."
FB-0002858,CUST-100960,2026-05-21,7.4,Everything worked well and the issue was resolved quickly.
FB-0002859,CUST-100960,2026-04-14,8.9,Everything worked well and the issue was resolved quickly.
FB-0002860,CUST-100960,2026-06-15,9.4,The platform has been reliable and support was helpful.
FB-0002861,CUST-100961,2026-03-05,8.8,Everything worked well and the issue was resolved quickly.
FB-0002862,CUST-100961,2026-07-19,8.5,Everything worked well and the issue was resolved quickly.
FB-0002863,CUST-100962,2026-05-22,7.4,The platform has been reliable and support was helpful.
FB-0002864,CUST-100962,2026-02-03,7.8,The platform has been reliable and support was helpful.
FB-0002865,CUST-100963,2026-02-22,6.5,We aren't using the platform as much as before.
FB-0002866,CUST-100963,2026-02-24,9.1,I'm not sure we're getting enough value from the subscription.
FB-0002867,CUST-100964,2026-07-12,7.1,We aren't using the platform as much as before.
FB-0002868,CUST-100964,2026-07-12,6.0,I'm not sure we're getting enough value from the subscription.
FB-0002869,CUST-100964,2026-03-23,7.6,We aren't using the platform as much as before.
FB-0002870,CUST-100965,2026-02-14,9.3,The platform has been reliable and support was helpful.
FB-0002871,CUST-100965,2026-05-31,9.8,Everything worked well and the issue was resolved quickly.
FB-0002872,CUST-100965,2026-07-18,7.3,Everything worked well and the issue was resolved quickly.
FB-0002873,CUST-100966,2026-05-27,9.7,Everything worked well and the issue was resolved quickly.
FB-0002874,CUST-100966,2026-06-30,8.7,The platform has been reliable and support was helpful.
FB-0002875,CUST-100966,2026-03-08,8.8,The platform has been reliable and support was helpful.
FB-0002876,CUST-100967,2026-03-09,8.9,Everything worked well and the issue was resolved quickly.
FB-0002877,CUST-100967,2026-02-10,9.3,Everything worked well and the issue was resolved quickly.
FB-0002878,CUST-100968,2026-07-14,6.9,I'm not sure we're getting enough value from the subscription.
FB-0002879,CUST-100968,2026-04-24,8.3,We aren't using the platform as much as before.
FB-0002880,CUST-100968,2026-07-01,5.9,We aren't using the platform as much as before.
FB-0002881,CUST-100968,2026-06-28,5.5,I'm not sure we're getting enough value from the subscription.
FB-0002882,CUST-100969,2026-06-05,3.6,We are considering cancelling at renewal.
FB-0002883,CUST-100969,2026-04-21,4.6,We are considering cancelling at renewal.
FB-0002884,CUST-100970,2026-04-07,2.8,We are considering cancelling at renewal.
FB-0002885,CUST-100970,2026-02-07,3.2,We're evaluating alternatives and may move away from the platform.
FB-0002886,CUST-100970,2026-06-14,4.6,We are considering cancelling at renewal.
FB-0002887,CUST-100971,2026-02-23,8.2,Everything worked well and the issue was resolved quickly.
FB-0002888,CUST-100971,2026-03-09,9.5,Everything worked well and the issue was resolved quickly.
FB-0002889,CUST-100971,2026-04-18,7.4,Everything worked well and the issue was resolved quickly.
FB-0002890,CUST-100971,2026-03-17,9.3,Everything worked well and the issue was resolved quickly.
FB-0002891,CUST-100972,2026-07-17,6.8,There appears to be an unexpected charge on my account.
FB-0002892,CUST-100972,2026-04-08,5.7,I don't understand the latest invoice.
FB-0002893,CUST-100973,2026-07-14,5.6,Several important features are not working as expected.
FB-0002894,CUST-100973,2026-04-01,5.8,The recent product changes made our workflow harder.
FB-0002895,CUST-100974,2026-05-04,4.5,We're evaluating alternatives and may move away from the platform.
FB-0002896,CUST-100974,2026-02-07,3.2,We're evaluating alternatives and may move away from the platform.
FB-0002897,CUST-100974,2026-03-03,5.2,We are considering cancelling at renewal.
FB-0002898,CUST-100975,2026-07-18,1.4,The service problems and billing issues make it difficult to justify continuing.
FB-0002899,CUST-100975,2026-02-27,3.9,We've had too many problems and are seriously considering alternatives.
FB-0002900,CUST-100975,2026-02-11,2.9,The service problems and billing issues make it difficult to justify continuing.
FB-0002901,CUST-100975,2026-02-22,4.4,The service problems and billing issues make it difficult to justify continuing.
FB-0002902,CUST-100976,2026-04-09,6.9,I'm not sure we're getting enough value from the subscription.
FB-0002903,CUST-100976,2026-06-20,5.1,I'm not sure we're getting enough value from the subscription.
FB-0002904,CUST-100976,2026-06-08,7.1,We aren't using the platform as much as before.
FB-0002905,CUST-100976,2026-03-06,6.0,I'm not sure we're getting enough value from the subscription.
FB-0002906,CUST-100977,2026-06-08,3.0,The service problems and billing issues make it difficult to justify continuing.
FB-0002907,CUST-100977,2026-07-01,2.4,The service problems and billing issues make it difficult to justify continuing.
FB-0002908,CUST-100977,2026-06-01,1.7,We've had too many problems and are seriously considering alternatives.
FB-0002909,CUST-100977,2026-07-13,3.6,We've had too many problems and are seriously considering alternatives.
FB-0002910,CUST-100978,2026-07-08,8.2,The platform has been reliable and support was helpful.
FB-0002911,CUST-100978,2026-07-09,9.6,The platform has been reliable and support was helpful.
FB-0002912,CUST-100979,2026-06-18,6.9,The platform has been reliable and support was helpful.
FB-0002913,CUST-100979,2026-03-25,10.0,The platform has been reliable and support was helpful.
FB-0002914,CUST-100979,2026-02-13,8.7,The platform has been reliable and support was helpful.
FB-0002915,CUST-100979,2026-07-11,9.6,Everything worked well and the issue was resolved quickly.
FB-0002916,CUST-100980,2026-02-15,5.8,The recent product changes made our workflow harder.
FB-0002917,CUST-100980,2026-07-19,3.6,Several important features are not working as expected.
FB-0002918,CUST-100981,2026-05-12,5.8,The problem is still unresolved and this is becoming frustrating.
FB-0002919,CUST-100981,2026-05-25,5.3,The problem is still unresolved and this is becoming frustrating.
FB-0002920,CUST-100982,2026-03-13,7.8,"The issue was annoying, but the team resolved it quickly."
FB-0002921,CUST-100982,2026-04-10,9.2,"The issue was annoying, but the team resolved it quickly."
FB-0002922,CUST-100983,2026-03-24,4.8,I've contacted support multiple times for the same issue.
FB-0002923,CUST-100983,2026-04-05,6.3,The problem is still unresolved and this is becoming frustrating.
FB-0002924,CUST-100983,2026-04-26,5.2,The problem is still unresolved and this is becoming frustrating.
FB-0002925,CUST-100984,2026-02-13,3.3,Several important features are not working as expected.
FB-0002926,CUST-100984,2026-02-05,5.5,The recent product changes made our workflow harder.
FB-0002927,CUST-100984,2026-04-08,4.2,The recent product changes made our workflow harder.
FB-0002928,CUST-100985,2026-07-18,7.0,We aren't using the platform as much as before.
FB-0002929,CUST-100985,2026-06-18,7.3,We aren't using the platform as much as before.
FB-0002930,CUST-100986,2026-05-11,9.7,The platform has been reliable and support was helpful.
FB-0002931,CUST-100986,2026-07-19,8.4,The platform has been reliable and support was helpful.
FB-0002932,CUST-100986,2026-05-27,8.3,The platform has been reliable and support was helpful.
FB-0002933,CUST-100986,2026-03-29,9.0,Everything worked well and the issue was resolved quickly.
FB-0002934,CUST-100987,2026-03-20,10.0,The platform has been reliable and support was helpful.
FB-0002935,CUST-100987,2026-02-20,8.7,The platform has been reliable and support was helpful.
FB-0002936,CUST-100987,2026-02-16,9.1,The platform has been reliable and support was helpful.
FB-0002937,CUST-100987,2026-02-10,8.8,Everything worked well and the issue was resolved quickly.
FB-0002938,CUST-100988,2026-03-01,4.0,The problem is still unresolved and this is becoming frustrating.
FB-0002939,CUST-100988,2026-04-04,4.1,I've contacted support multiple times for the same issue.
FB-0002940,CUST-100988,2026-03-28,5.4,I've contacted support multiple times for the same issue.
FB-0002941,CUST-100988,2026-04-02,5.2,The problem is still unresolved and this is becoming frustrating.
FB-0002942,CUST-100989,2026-04-18,9.5,Everything worked well and the issue was resolved quickly.
FB-0002943,CUST-100989,2026-07-01,9.7,The platform has been reliable and support was helpful.
FB-0002944,CUST-100989,2026-03-13,9.6,The platform has been reliable and support was helpful.
FB-0002945,CUST-100990,2026-04-22,8.1,The platform has been reliable and support was helpful.
FB-0002946,CUST-100990,2026-02-14,9.6,The platform has been reliable and support was helpful.
FB-0002947,CUST-100990,2026-02-22,8.3,The platform has been reliable and support was helpful.
FB-0002948,CUST-100990,2026-02-21,7.8,Everything worked well and the issue was resolved quickly.
FB-0002949,CUST-100991,2026-07-03,6.0,I don't understand the latest invoice.
FB-0002950,CUST-100991,2026-03-31,7.0,I don't understand the latest invoice.
FB-0002951,CUST-100991,2026-06-01,7.1,I don't understand the latest invoice.
FB-0002952,CUST-100992,2026-07-03,7.2,The platform has been reliable and support was helpful.
FB-0002953,CUST-100992,2026-04-22,7.7,Everything worked well and the issue was resolved quickly.
FB-0002954,CUST-100992,2026-07-17,7.8,Everything worked well and the issue was resolved quickly.
FB-0002955,CUST-100992,2026-04-15,8.7,The platform has been reliable and support was helpful.
FB-0002956,CUST-100993,2026-07-04,8.6,The platform has been reliable and support was helpful.
FB-0002957,CUST-100993,2026-06-16,9.8,Everything worked well and the issue was resolved quickly.
FB-0002958,CUST-100993,2026-04-29,9.1,Everything worked well and the issue was resolved quickly.
FB-0002959,CUST-100993,2026-05-28,7.1,Everything worked well and the issue was resolved quickly.
FB-0002960,CUST-100994,2026-04-17,8.9,The platform has been reliable and support was helpful.
FB-0002961,CUST-100994,2026-05-15,9.5,Everything worked well and the issue was resolved quickly.
FB-0002962,CUST-100994,2026-05-26,9.5,Everything worked well and the issue was resolved quickly.
FB-0002963,CUST-100995,2026-03-16,8.3,The platform has been reliable and support was helpful.
FB-0002964,CUST-100995,2026-05-11,9.6,Everything worked well and the issue was resolved quickly.
FB-0002965,CUST-100996,2026-03-24,2.3,The recent product changes made our workflow harder.
FB-0002966,CUST-100996,2026-07-16,4.9,The recent product changes made our workflow harder.
FB-0002967,CUST-100996,2026-05-31,6.2,The recent product changes made our workflow harder.
FB-0002968,CUST-100996,2026-06-03,3.6,The recent product changes made our workflow harder.
FB-0002969,CUST-100997,2026-04-15,7.1,I'm not sure we're getting enough value from the subscription.
FB-0002970,CUST-100997,2026-05-18,6.1,I'm not sure we're getting enough value from the subscription.
FB-0002971,CUST-100998,2026-06-08,7.4,The platform has been reliable and support was helpful.
FB-0002972,CUST-100998,2026-07-27,9.2,The platform has been reliable and support was helpful.
FB-0002973,CUST-100999,2026-03-14,8.7,Everything worked well and the issue was resolved quickly.
FB-0002974,CUST-100999,2026-04-06,8.3,Everything worked well and the issue was resolved quickly.
FB-0002975,CUST-101000,2026-03-11,8.4,Everything worked well and the issue was resolved quickly.
FB-0002976,CUST-101000,2026-03-26,8.3,Everything worked well and the issue was resolved quickly.
FB-0002977,CUST-101000,2026-05-29,8.5,Everything worked well and the issue was resolved quickly.
FB-0002978,CUST-101000,2026-07-21,9.7,Everything worked well and the issue was resolved quickly.
FB-0002979,CUST-101001,2026-03-29,3.2,Several important features are not working as expected.
FB-0002980,CUST-101001,2026-02-07,6.4,Several important features are not working as expected.
FB-0002981,CUST-101002,2026-04-18,7.8,We aren't using the platform as much as before.
FB-0002982,CUST-101002,2026-06-26,6.6,I'm not sure we're getting enough value from the subscription.
FB-0002983,CUST-101002,2026-06-11,7.5,I'm not sure we're getting enough value from the subscription.
FB-0002984,CUST-101003,2026-05-22,4.0,The problem is still unresolved and this is becoming frustrating.
FB-0002985,CUST-101003,2026-06-04,7.0,I've contacted support multiple times for the same issue.
FB-0002986,CUST-101004,2026-05-18,9.5,Everything worked well and the issue was resolved quickly.
FB-0002987,CUST-101004,2026-06-16,9.4,Everything worked well and the issue was resolved quickly.
FB-0002988,CUST-101005,2026-06-04,4.8,There appears to be an unexpected charge on my account.
FB-0002989,CUST-101005,2026-07-17,5.6,There appears to be an unexpected charge on my account.
FB-0002990,CUST-101005,2026-02-10,4.9,I don't understand the latest invoice.
FB-0002991,CUST-101006,2026-06-26,4.9,We're evaluating alternatives and may move away from the platform.
FB-0002992,CUST-101006,2026-06-22,6.1,We're evaluating alternatives and may move away from the platform.
FB-0002993,CUST-101006,2026-03-27,3.8,We're evaluating alternatives and may move away from the platform.
FB-0002994,CUST-101007,2026-06-25,7.2,Everything worked well and the issue was resolved quickly.
FB-0002995,CUST-101007,2026-03-03,9.0,Everything worked well and the issue was resolved quickly.
FB-0002996,CUST-101008,2026-02-04,9.8,The platform has been reliable and support was helpful.
FB-0002997,CUST-101008,2026-02-25,10.0,The platform has been reliable and support was helpful.
FB-0002998,CUST-101009,2026-04-01,9.5,The platform has been reliable and support was helpful.
FB-0002999,CUST-101009,2026-06-01,9.5,Everything worked well and the issue was resolved quickly.
FB-0003000,CUST-101009,2026-03-24,7.6,Everything worked well and the issue was resolved quickly.
FB-0003001,CUST-101010,2026-06-26,5.5,We aren't using the platform as much as before.
FB-0003002,CUST-101010,2026-05-14,7.7,I'm not sure we're getting enough value from the subscription.
FB-0003003,CUST-101010,2026-05-07,6.5,We aren't using the platform as much as before.
FB-0003004,CUST-101011,2026-02-21,6.9,I'm not sure we're getting enough value from the subscription.
FB-0003005,CUST-101011,2026-07-05,7.0,We aren't using the platform as much as before.
FB-0003006,CUST-101011,2026-07-10,6.2,I'm not sure we're getting enough value from the subscription.
FB-0003007,CUST-101012,2026-05-31,4.6,I've contacted support multiple times for the same issue.
FB-0003008,CUST-101012,2026-06-05,6.1,The problem is still unresolved and this is becoming frustrating.
FB-0003009,CUST-101012,2026-03-08,5.6,I've contacted support multiple times for the same issue.
FB-0003010,CUST-101012,2026-06-03,3.9,I've contacted support multiple times for the same issue.
FB-0003011,CUST-101013,2026-05-25,8.7,The platform has been reliable and support was helpful.
FB-0003012,CUST-101013,2026-06-22,9.0,The platform has been reliable and support was helpful.
FB-0003013,CUST-101014,2026-03-06,4.5,I don't understand the latest invoice.
FB-0003014,CUST-101014,2026-06-08,6.7,There appears to be an unexpected charge on my account.
FB-0003015,CUST-101014,2026-02-22,6.4,I don't understand the latest invoice.
FB-0003016,CUST-101014,2026-03-27,5.6,There appears to be an unexpected charge on my account.
FB-0003017,CUST-101015,2026-06-24,7.9,Everything worked well and the issue was resolved quickly.
FB-0003018,CUST-101015,2026-02-12,6.2,Everything worked well and the issue was resolved quickly.
FB-0003019,CUST-101015,2026-03-25,7.6,Everything worked well and the issue was resolved quickly.
FB-0003020,CUST-101016,2026-04-09,8.1,The platform has been reliable and support was helpful.
FB-0003021,CUST-101016,2026-07-04,9.0,The platform has been reliable and support was helpful.
FB-0003022,CUST-101016,2026-02-14,7.8,Everything worked well and the issue was resolved quickly.
FB-0003023,CUST-101016,2026-05-12,7.4,Everything worked well and the issue was resolved quickly.
FB-0003024,CUST-101017,2026-05-09,6.3,"I was frustrated by the new interface, but overall the product is valuable."
FB-0003025,CUST-101017,2026-07-27,8.6,"The issue was annoying, but the team resolved it quickly."
FB-0003026,CUST-101017,2026-07-16,8.2,"I was frustrated by the new interface, but overall the product is valuable."
FB-0003027,CUST-101018,2026-02-23,10.0,Everything worked well and the issue was resolved quickly.
FB-0003028,CUST-101018,2026-06-30,7.1,Everything worked well and the issue was resolved quickly.
FB-0003029,CUST-101018,2026-04-14,7.5,Everything worked well and the issue was resolved quickly.
FB-0003030,CUST-101018,2026-02-17,8.5,The platform has been reliable and support was helpful.
FB-0003031,CUST-101019,2026-04-17,5.0,We've had too many problems and are seriously considering alternatives.
FB-0003032,CUST-101019,2026-04-13,1.9,The service problems and billing issues make it difficult to justify continuing.
FB-0003033,CUST-101020,2026-02-13,8.9,Everything worked well and the issue was resolved quickly.
FB-0003034,CUST-101020,2026-05-13,10.0,The platform has been reliable and support was helpful.
FB-0003035,CUST-101021,2026-04-20,2.9,We are considering cancelling at renewal.
FB-0003036,CUST-101021,2026-04-15,2.0,We're evaluating alternatives and may move away from the platform.
FB-0003037,CUST-101022,2026-02-07,4.7,Several important features are not working as expected.
FB-0003038,CUST-101022,2026-02-15,5.2,The recent product changes made our workflow harder.
FB-0003039,CUST-101022,2026-06-01,5.2,The recent product changes made our workflow harder.
FB-0003040,CUST-101022,2026-02-11,4.6,The recent product changes made our workflow harder.
FB-0003041,CUST-101023,2026-05-28,6.0,I don't understand the latest invoice.
FB-0003042,CUST-101023,2026-03-14,5.2,I don't understand the latest invoice.
FB-0003043,CUST-101023,2026-07-08,6.5,I don't understand the latest invoice.
FB-0003044,CUST-101023,2026-04-18,5.3,I don't understand the latest invoice.
FB-0003045,CUST-101024,2026-05-10,7.0,We aren't using the platform as much as before.
FB-0003046,CUST-101024,2026-07-23,7.9,We aren't using the platform as much as before.
FB-0003047,CUST-101024,2026-04-13,7.2,I'm not sure we're getting enough value from the subscription.
FB-0003048,CUST-101024,2026-07-26,6.7,We aren't using the platform as much as before.
FB-0003049,CUST-101025,2026-05-03,6.2,The problem is still unresolved and this is becoming frustrating.
FB-0003050,CUST-101025,2026-05-04,4.7,I've contacted support multiple times for the same issue.
FB-0003051,CUST-101025,2026-02-11,5.5,I've contacted support multiple times for the same issue.
FB-0003052,CUST-101025,2026-04-10,4.9,The problem is still unresolved and this is becoming frustrating.
FB-0003053,CUST-101026,2026-02-24,8.7,Everything worked well and the issue was resolved quickly.
FB-0003054,CUST-101026,2026-04-01,8.5,The platform has been reliable and support was helpful.
FB-0003055,CUST-101026,2026-07-16,8.3,Everything worked well and the issue was resolved quickly.
FB-0003056,CUST-101026,2026-05-27,8.1,Everything worked well and the issue was resolved quickly.
FB-0003057,CUST-101027,2026-02-21,9.4,The platform has been reliable and support was helpful.
FB-0003058,CUST-101027,2026-07-24,8.0,The platform has been reliable and support was helpful.
FB-0003059,CUST-101028,2026-07-02,4.0,We're evaluating alternatives and may move away from the platform.
FB-0003060,CUST-101028,2026-03-14,3.2,We're evaluating alternatives and may move away from the platform.
FB-0003061,CUST-101029,2026-05-25,9.4,Everything worked well and the issue was resolved quickly.
FB-0003062,CUST-101029,2026-04-24,8.7,Everything worked well and the issue was resolved quickly.
FB-0003063,CUST-101029,2026-07-25,7.7,Everything worked well and the issue was resolved quickly.
FB-0003064,CUST-101030,2026-05-03,3.3,We've had too many problems and are seriously considering alternatives.
FB-0003065,CUST-101030,2026-03-29,2.4,We've had too many problems and are seriously considering alternatives.
FB-0003066,CUST-101030,2026-04-21,4.7,We've had too many problems and are seriously considering alternatives.
FB-0003067,CUST-101030,2026-03-30,3.6,We've had too many problems and are seriously considering alternatives.
FB-0003068,CUST-101031,2026-06-14,9.2,The platform has been reliable and support was helpful.
FB-0003069,CUST-101031,2026-03-12,7.8,The platform has been reliable and support was helpful.
FB-0003070,CUST-101031,2026-04-11,7.3,The platform has been reliable and support was helpful.
FB-0003071,CUST-101032,2026-03-01,10.0,Everything worked well and the issue was resolved quickly.
FB-0003072,CUST-101032,2026-03-08,9.0,Everything worked well and the issue was resolved quickly.
FB-0003073,CUST-101032,2026-04-13,8.7,Everything worked well and the issue was resolved quickly.
FB-0003074,CUST-101032,2026-07-20,8.3,Everything worked well and the issue was resolved quickly.
FB-0003075,CUST-101033,2026-04-24,4.6,The recent product changes made our workflow harder.
FB-0003076,CUST-101033,2026-03-15,5.3,Several important features are not working as expected.
FB-0003077,CUST-101033,2026-06-30,4.3,The recent product changes made our workflow harder.
FB-0003078,CUST-101034,2026-04-30,3.8,We've had too many problems and are seriously considering alternatives.
FB-0003079,CUST-101034,2026-06-07,6.1,We've had too many problems and are seriously considering alternatives.
FB-0003080,CUST-101034,2026-04-09,3.3,We've had too many problems and are seriously considering alternatives.
FB-0003081,CUST-101035,2026-07-11,10.0,The platform has been reliable and support was helpful.
FB-0003082,CUST-101035,2026-03-02,8.4,Everything worked well and the issue was resolved quickly.
FB-0003083,CUST-101035,2026-07-05,7.1,The platform has been reliable and support was helpful.
FB-0003084,CUST-101035,2026-02-19,6.9,The platform has been reliable and support was helpful.
FB-0003085,CUST-101036,2026-07-08,4.8,I don't understand the latest invoice.
FB-0003086,CUST-101036,2026-06-21,6.1,There appears to be an unexpected charge on my account.
FB-0003087,CUST-101037,2026-03-06,4.3,We've had too many problems and are seriously considering alternatives.
FB-0003088,CUST-101037,2026-02-07,4.0,The service problems and billing issues make it difficult to justify continuing.
FB-0003089,CUST-101037,2026-06-25,3.9,The service problems and billing issues make it difficult to justify continuing.
FB-0003090,CUST-101037,2026-04-07,2.8,The service problems and billing issues make it difficult to justify continuing.
FB-0003091,CUST-101038,2026-05-16,9.9,The platform has been reliable and support was helpful.
FB-0003092,CUST-101038,2026-05-18,7.2,Everything worked well and the issue was resolved quickly.
FB-0003093,CUST-101038,2026-02-25,10.0,The platform has been reliable and support was helpful.
FB-0003094,CUST-101039,2026-04-17,9.2,Everything worked well and the issue was resolved quickly.
FB-0003095,CUST-101039,2026-02-15,8.2,The platform has been reliable and support was helpful.
FB-0003096,CUST-101039,2026-06-08,7.9,The platform has been reliable and support was helpful.
FB-0003097,CUST-101040,2026-03-24,8.6,The platform has been reliable and support was helpful.
FB-0003098,CUST-101040,2026-06-19,7.3,Everything worked well and the issue was resolved quickly.
FB-0003099,CUST-101041,2026-05-11,7.5,Everything worked well and the issue was resolved quickly.
FB-0003100,CUST-101041,2026-07-01,7.9,Everything worked well and the issue was resolved quickly.
FB-0003101,CUST-101042,2026-04-12,3.8,The service problems and billing issues make it difficult to justify continuing.
FB-0003102,CUST-101042,2026-07-23,1.3,We've had too many problems and are seriously considering alternatives.
FB-0003103,CUST-101042,2026-06-08,2.9,The service problems and billing issues make it difficult to justify continuing.
FB-0003104,CUST-101043,2026-02-10,8.1,Everything worked well and the issue was resolved quickly.
FB-0003105,CUST-101043,2026-05-04,8.3,Everything worked well and the issue was resolved quickly.
FB-0003106,CUST-101043,2026-03-09,8.8,The platform has been reliable and support was helpful.
FB-0003107,CUST-101044,2026-05-08,6.4,There appears to be an unexpected charge on my account.
FB-0003108,CUST-101044,2026-03-27,5.1,There appears to be an unexpected charge on my account.
FB-0003109,CUST-101044,2026-04-02,5.6,I don't understand the latest invoice.
FB-0003110,CUST-101045,2026-07-25,7.5,We aren't using the platform as much as before.
FB-0003111,CUST-101045,2026-06-30,7.0,We aren't using the platform as much as before.
FB-0003112,CUST-101045,2026-04-14,10.0,I'm not sure we're getting enough value from the subscription.
FB-0003113,CUST-101046,2026-04-12,8.5,Everything worked well and the issue was resolved quickly.
FB-0003114,CUST-101046,2026-03-17,9.1,Everything worked well and the issue was resolved quickly.
FB-0003115,CUST-101047,2026-07-21,8.3,Everything worked well and the issue was resolved quickly.
FB-0003116,CUST-101047,2026-03-31,10.0,The platform has been reliable and support was helpful.
FB-0003117,CUST-101048,2026-04-26,7.8,Everything worked well and the issue was resolved quickly.
FB-0003118,CUST-101048,2026-06-21,9.3,Everything worked well and the issue was resolved quickly.
FB-0003119,CUST-101048,2026-04-22,8.4,Everything worked well and the issue was resolved quickly.
FB-0003120,CUST-101048,2026-06-23,8.9,Everything worked well and the issue was resolved quickly.
FB-0003121,CUST-101049,2026-06-01,4.6,I don't understand the latest invoice.
FB-0003122,CUST-101049,2026-04-02,5.4,There appears to be an unexpected charge on my account.
FB-0003123,CUST-101050,2026-02-16,7.8,We aren't using the platform as much as before.
FB-0003124,CUST-101050,2026-03-01,4.6,I'm not sure we're getting enough value from the subscription.
FB-0003125,CUST-101050,2026-03-13,7.1,We aren't using the platform as much as before.
FB-0003126,CUST-101050,2026-03-13,5.8,I'm not sure we're getting enough value from the subscription.
FB-0003127,CUST-101051,2026-02-10,6.3,Everything worked well and the issue was resolved quickly.
FB-0003128,CUST-101051,2026-05-07,8.0,Everything worked well and the issue was resolved quickly.
FB-0003129,CUST-101051,2026-03-13,7.9,Everything worked well and the issue was resolved quickly.
FB-0003130,CUST-101052,2026-06-11,8.6,The platform has been reliable and support was helpful.
FB-0003131,CUST-101052,2026-05-01,9.3,The platform has been reliable and support was helpful.
FB-0003132,CUST-101053,2026-07-03,7.1,We aren't using the platform as much as before.
FB-0003133,CUST-101053,2026-02-08,7.6,We aren't using the platform as much as before.
FB-0003134,CUST-101053,2026-07-22,5.5,We aren't using the platform as much as before.
FB-0003135,CUST-101054,2026-06-02,4.0,I've contacted support multiple times for the same issue.
FB-0003136,CUST-101054,2026-03-26,3.7,I've contacted support multiple times for the same issue.
FB-0003137,CUST-101054,2026-02-08,4.7,I've contacted support multiple times for the same issue.
FB-0003138,CUST-101055,2026-02-15,8.2,Everything worked well and the issue was resolved quickly.
FB-0003139,CUST-101055,2026-06-01,7.1,Everything worked well and the issue was resolved quickly.
FB-0003140,CUST-101055,2026-05-27,9.5,Everything worked well and the issue was resolved quickly.
FB-0003141,CUST-101056,2026-06-05,8.7,The platform has been reliable and support was helpful.
FB-0003142,CUST-101056,2026-06-21,8.3,The platform has been reliable and support was helpful.
FB-0003143,CUST-101057,2026-04-24,5.3,I don't understand the latest invoice.
FB-0003144,CUST-101057,2026-07-26,6.9,There appears to be an unexpected charge on my account.
FB-0003145,CUST-101057,2026-02-10,4.3,I don't understand the latest invoice.
FB-0003146,CUST-101058,2026-06-09,7.6,Everything worked well and the issue was resolved quickly.
FB-0003147,CUST-101058,2026-04-01,7.7,Everything worked well and the issue was resolved quickly.
FB-0003148,CUST-101058,2026-03-30,8.0,The platform has been reliable and support was helpful.
FB-0003149,CUST-101059,2026-06-10,8.9,The platform has been reliable and support was helpful.
FB-0003150,CUST-101059,2026-03-28,10.0,The platform has been reliable and support was helpful.
FB-0003151,CUST-101059,2026-03-05,9.5,Everything worked well and the issue was resolved quickly.
FB-0003152,CUST-101059,2026-06-09,9.3,The platform has been reliable and support was helpful.
FB-0003153,CUST-101060,2026-06-29,9.3,The platform has been reliable and support was helpful.
FB-0003154,CUST-101060,2026-07-07,8.8,The platform has been reliable and support was helpful.
FB-0003155,CUST-101060,2026-03-31,8.7,The platform has been reliable and support was helpful.
FB-0003156,CUST-101061,2026-07-24,5.5,The recent product changes made our workflow harder.
FB-0003157,CUST-101061,2026-07-26,4.6,Several important features are not working as expected.
FB-0003158,CUST-101061,2026-04-08,3.8,The recent product changes made our workflow harder.
FB-0003159,CUST-101061,2026-02-09,4.3,The recent product changes made our workflow harder.
FB-0003160,CUST-101062,2026-04-25,9.1,The platform has been reliable and support was helpful.
FB-0003161,CUST-101062,2026-06-09,8.3,Everything worked well and the issue was resolved quickly.
FB-0003162,CUST-101062,2026-06-18,7.4,The platform has been reliable and support was helpful.
FB-0003163,CUST-101063,2026-05-12,8.1,Everything worked well and the issue was resolved quickly.
FB-0003164,CUST-101063,2026-05-11,9.9,The platform has been reliable and support was helpful.
FB-0003165,CUST-101063,2026-06-01,8.8,Everything worked well and the issue was resolved quickly.
FB-0003166,CUST-101064,2026-05-22,3.8,I don't understand the latest invoice.
FB-0003167,CUST-101064,2026-03-10,7.3,I don't understand the latest invoice.
FB-0003168,CUST-101065,2026-03-10,4.6,We're evaluating alternatives and may move away from the platform.
FB-0003169,CUST-101065,2026-06-10,3.7,We are considering cancelling at renewal.
FB-0003170,CUST-101066,2026-06-05,1.6,We've had too many problems and are seriously considering alternatives.
FB-0003171,CUST-101066,2026-05-04,4.2,We've had too many problems and are seriously considering alternatives.
FB-0003172,CUST-101066,2026-04-01,4.6,We've had too many problems and are seriously considering alternatives.
FB-0003173,CUST-101066,2026-05-10,5.5,The service problems and billing issues make it difficult to justify continuing.
FB-0003174,CUST-101067,2026-07-10,4.0,Several important features are not working as expected.
FB-0003175,CUST-101067,2026-04-11,4.5,Several important features are not working as expected.
FB-0003176,CUST-101068,2026-03-13,3.5,The problem is still unresolved and this is becoming frustrating.
FB-0003177,CUST-101068,2026-02-04,5.1,I've contacted support multiple times for the same issue.
FB-0003178,CUST-101068,2026-07-10,3.1,I've contacted support multiple times for the same issue.
FB-0003179,CUST-101068,2026-03-08,4.0,I've contacted support multiple times for the same issue.
FB-0003180,CUST-101069,2026-02-07,6.1,I don't understand the latest invoice.
FB-0003181,CUST-101069,2026-03-06,3.9,I don't understand the latest invoice.
FB-0003182,CUST-101070,2026-05-15,3.1,The service problems and billing issues make it difficult to justify continuing.
FB-0003183,CUST-101070,2026-06-02,4.0,The service problems and billing issues make it difficult to justify continuing.
FB-0003184,CUST-101070,2026-04-30,2.2,The service problems and billing issues make it difficult to justify continuing.
FB-0003185,CUST-101071,2026-07-02,4.4,I've contacted support multiple times for the same issue.
FB-0003186,CUST-101071,2026-04-29,4.7,I've contacted support multiple times for the same issue.
FB-0003187,CUST-101071,2026-04-27,5.0,I've contacted support multiple times for the same issue.
FB-0003188,CUST-101072,2026-02-08,7.6,Everything worked well and the issue was resolved quickly.
FB-0003189,CUST-101072,2026-06-20,8.3,The platform has been reliable and support was helpful.
FB-0003190,CUST-101072,2026-05-31,8.4,The platform has been reliable and support was helpful.
FB-0003191,CUST-101073,2026-03-10,8.2,The platform has been reliable and support was helpful.
FB-0003192,CUST-101073,2026-02-10,7.4,Everything worked well and the issue was resolved quickly.
FB-0003193,CUST-101073,2026-02-03,8.4,The platform has been reliable and support was helpful.
FB-0003194,CUST-101073,2026-02-15,8.6,The platform has been reliable and support was helpful.
FB-0003195,CUST-101074,2026-03-30,9.6,The platform has been reliable and support was helpful.
FB-0003196,CUST-101074,2026-06-09,8.3,The platform has been reliable and support was helpful.
FB-0003197,CUST-101075,2026-06-10,10.0,The platform has been reliable and support was helpful.
FB-0003198,CUST-101075,2026-04-21,9.1,The platform has been reliable and support was helpful.
FB-0003199,CUST-101076,2026-02-11,7.7,"I was frustrated by the new interface, but overall the product is valuable."
FB-0003200,CUST-101076,2026-04-23,7.1,"The issue was annoying, but the team resolved it quickly."
FB-0003201,CUST-101076,2026-04-09,9.3,"I was frustrated by the new interface, but overall the product is valuable."
FB-0003202,CUST-101077,2026-04-28,4.5,The problem is still unresolved and this is becoming frustrating.
FB-0003203,CUST-101077,2026-03-28,5.3,I've contacted support multiple times for the same issue.
FB-0003204,CUST-101077,2026-06-11,4.6,I've contacted support multiple times for the same issue.
FB-0003205,CUST-101078,2026-03-02,7.5,The platform has been reliable and support was helpful.
FB-0003206,CUST-101078,2026-07-19,6.7,The platform has been reliable and support was helpful.
FB-0003207,CUST-101079,2026-05-29,4.4,I've contacted support multiple times for the same issue.
FB-0003208,CUST-101079,2026-04-10,4.8,The problem is still unresolved and this is becoming frustrating.
FB-0003209,CUST-101079,2026-05-20,4.1,The problem is still unresolved and this is becoming frustrating.
FB-0003210,CUST-101080,2026-03-07,7.7,The platform has been reliable and support was helpful.
FB-0003211,CUST-101080,2026-06-28,7.8,Everything worked well and the issue was resolved quickly.
FB-0003212,CUST-101080,2026-02-03,8.5,Everything worked well and the issue was resolved quickly.
FB-0003213,CUST-101080,2026-05-21,8.2,The platform has been reliable and support was helpful.
FB-0003214,CUST-101081,2026-03-05,4.7,Several important features are not working as expected.
FB-0003215,CUST-101081,2026-03-05,4.8,The recent product changes made our workflow harder.
FB-0003216,CUST-101081,2026-04-10,5.3,Several important features are not working as expected.
FB-0003217,CUST-101082,2026-07-14,4.0,We are considering cancelling at renewal.
FB-0003218,CUST-101082,2026-02-24,2.7,We're evaluating alternatives and may move away from the platform.
FB-0003219,CUST-101083,2026-06-03,5.3,I'm not sure we're getting enough value from the subscription.
FB-0003220,CUST-101083,2026-05-22,7.0,We aren't using the platform as much as before.
FB-0003221,CUST-101083,2026-02-24,5.7,We aren't using the platform as much as before.
FB-0003222,CUST-101083,2026-04-03,8.6,We aren't using the platform as much as before.
FB-0003223,CUST-101084,2026-05-28,8.1,The platform has been reliable and support was helpful.
FB-0003224,CUST-101084,2026-05-25,9.5,The platform has been reliable and support was helpful.
FB-0003225,CUST-101085,2026-06-20,8.4,Everything worked well and the issue was resolved quickly.
FB-0003226,CUST-101085,2026-04-09,7.9,The platform has been reliable and support was helpful.
FB-0003227,CUST-101085,2026-03-11,8.7,The platform has been reliable and support was helpful.
FB-0003228,CUST-101086,2026-03-02,8.9,The platform has been reliable and support was helpful.
FB-0003229,CUST-101086,2026-04-05,9.6,The platform has been reliable and support was helpful.
FB-0003230,CUST-101086,2026-04-14,7.1,The platform has been reliable and support was helpful.
FB-0003231,CUST-101086,2026-03-29,9.4,The platform has been reliable and support was helpful.
FB-0003232,CUST-101087,2026-06-12,5.1,Several important features are not working as expected.
FB-0003233,CUST-101087,2026-05-30,4.5,The recent product changes made our workflow harder.
FB-0003234,CUST-101088,2026-04-24,3.8,We're evaluating alternatives and may move away from the platform.
FB-0003235,CUST-101088,2026-04-02,2.6,We're evaluating alternatives and may move away from the platform.
FB-0003236,CUST-101088,2026-02-20,3.4,We're evaluating alternatives and may move away from the platform.
FB-0003237,CUST-101089,2026-03-28,4.8,The service problems and billing issues make it difficult to justify continuing.
FB-0003238,CUST-101089,2026-06-19,3.0,The service problems and billing issues make it difficult to justify continuing.
FB-0003239,CUST-101089,2026-04-08,4.5,We've had too many problems and are seriously considering alternatives.
FB-0003240,CUST-101090,2026-04-30,6.0,The recent product changes made our workflow harder.
FB-0003241,CUST-101090,2026-04-20,4.0,Several important features are not working as expected.
FB-0003242,CUST-101091,2026-03-17,4.8,We aren't using the platform as much as before.
FB-0003243,CUST-101091,2026-06-15,6.4,We aren't using the platform as much as before.
FB-0003244,CUST-101091,2026-02-25,7.8,I'm not sure we're getting enough value from the subscription.
FB-0003245,CUST-101092,2026-07-06,9.0,Everything worked well and the issue was resolved quickly.
FB-0003246,CUST-101092,2026-05-19,8.2,The platform has been reliable and support was helpful.
FB-0003247,CUST-101093,2026-05-08,7.4,Everything worked well and the issue was resolved quickly.
FB-0003248,CUST-101093,2026-04-26,7.7,Everything worked well and the issue was resolved quickly.
FB-0003249,CUST-101093,2026-05-10,8.1,Everything worked well and the issue was resolved quickly.
FB-0003250,CUST-101093,2026-02-17,7.8,Everything worked well and the issue was resolved quickly.
FB-0003251,CUST-101094,2026-04-13,4.9,The problem is still unresolved and this is becoming frustrating.
FB-0003252,CUST-101094,2026-03-21,5.2,I've contacted support multiple times for the same issue.
FB-0003253,CUST-101095,2026-02-27,7.7,Everything worked well and the issue was resolved quickly.
FB-0003254,CUST-101095,2026-07-14,8.9,The platform has been reliable and support was helpful.
FB-0003255,CUST-101096,2026-06-30,5.1,We're evaluating alternatives and may move away from the platform.
FB-0003256,CUST-101096,2026-06-07,4.0,We're evaluating alternatives and may move away from the platform.
FB-0003257,CUST-101097,2026-03-14,7.7,The platform has been reliable and support was helpful.
FB-0003258,CUST-101097,2026-07-21,10.0,Everything worked well and the issue was resolved quickly.
FB-0003259,CUST-101097,2026-04-04,7.7,The platform has been reliable and support was helpful.
FB-0003260,CUST-101097,2026-05-01,9.3,Everything worked well and the issue was resolved quickly.
FB-0003261,CUST-101098,2026-02-18,8.4,Everything worked well and the issue was resolved quickly.
FB-0003262,CUST-101098,2026-03-09,8.6,Everything worked well and the issue was resolved quickly.
FB-0003263,CUST-101099,2026-02-19,9.1,The platform has been reliable and support was helpful.
FB-0003264,CUST-101099,2026-04-05,6.5,Everything worked well and the issue was resolved quickly.
FB-0003265,CUST-101099,2026-03-27,7.9,Everything worked well and the issue was resolved quickly.
FB-0003266,CUST-101099,2026-04-01,7.2,The platform has been reliable and support was helpful.
FB-0003267,CUST-101100,2026-05-26,3.4,Several important features are not working as expected.
FB-0003268,CUST-101100,2026-06-13,3.3,The recent product changes made our workflow harder.
FB-0003269,CUST-101101,2026-02-15,10.0,Everything worked well and the issue was resolved quickly.
FB-0003270,CUST-101101,2026-06-09,9.5,Everything worked well and the issue was resolved quickly.
FB-0003271,CUST-101101,2026-02-22,7.4,Everything worked well and the issue was resolved quickly.
FB-0003272,CUST-101102,2026-04-05,8.3,"I was frustrated by the new interface, but overall the product is valuable."
FB-0003273,CUST-101102,2026-05-20,8.7,"The issue was annoying, but the team resolved it quickly."
FB-0003274,CUST-101102,2026-07-20,8.3,"I was frustrated by the new interface, but overall the product is valuable."
FB-0003275,CUST-101103,2026-07-14,7.9,The platform has been reliable and support was helpful.
FB-0003276,CUST-101103,2026-06-04,8.2,The platform has been reliable and support was helpful.
FB-0003277,CUST-101103,2026-03-18,9.9,The platform has been reliable and support was helpful.
FB-0003278,CUST-101103,2026-03-19,8.3,Everything worked well and the issue was resolved quickly.
FB-0003279,CUST-101104,2026-06-01,5.0,The recent product changes made our workflow harder.
FB-0003280,CUST-101104,2026-02-24,6.1,The recent product changes made our workflow harder.
FB-0003281,CUST-101104,2026-06-02,4.7,The recent product changes made our workflow harder.
FB-0003282,CUST-101105,2026-03-11,10.0,The platform has been reliable and support was helpful.
FB-0003283,CUST-101105,2026-06-22,10.0,The platform has been reliable and support was helpful.
FB-0003284,CUST-101106,2026-05-10,7.8,I'm not sure we're getting enough value from the subscription.
FB-0003285,CUST-101106,2026-07-04,5.9,We aren't using the platform as much as before.
FB-0003286,CUST-101107,2026-03-28,9.8,Everything worked well and the issue was resolved quickly.
FB-0003287,CUST-101107,2026-05-11,6.9,Everything worked well and the issue was resolved quickly.
FB-0003288,CUST-101107,2026-03-14,8.3,The platform has been reliable and support was helpful.
FB-0003289,CUST-101108,2026-06-20,4.3,The recent product changes made our workflow harder.
FB-0003290,CUST-101108,2026-07-14,6.1,The recent product changes made our workflow harder.
FB-0003291,CUST-101108,2026-04-11,4.9,Several important features are not working as expected.
FB-0003292,CUST-101108,2026-05-17,6.1,The recent product changes made our workflow harder.
FB-0003293,CUST-101109,2026-04-25,3.7,I've contacted support multiple times for the same issue.
FB-0003294,CUST-101109,2026-07-19,3.7,The problem is still unresolved and this is becoming frustrating.
FB-0003295,CUST-101110,2026-06-16,3.7,The recent product changes made our workflow harder.
FB-0003296,CUST-101110,2026-06-27,5.7,The recent product changes made our workflow harder.
FB-0003297,CUST-101110,2026-02-07,5.3,Several important features are not working as expected.
FB-0003298,CUST-101110,2026-03-14,5.9,Several important features are not working as expected.
FB-0003299,CUST-101111,2026-04-05,7.4,I don't understand the latest invoice.
FB-0003300,CUST-101111,2026-05-28,3.7,I don't understand the latest invoice.
FB-0003301,CUST-101112,2026-05-23,5.0,We aren't using the platform as much as before.
FB-0003302,CUST-101112,2026-03-11,6.0,We aren't using the platform as much as before.
FB-0003303,CUST-101112,2026-02-19,8.9,We aren't using the platform as much as before.
FB-0003304,CUST-101112,2026-07-18,9.3,I'm not sure we're getting enough value from the subscription.
FB-0003305,CUST-101113,2026-06-27,6.4,The platform has been reliable and support was helpful.
FB-0003306,CUST-101113,2026-02-05,10.0,The platform has been reliable and support was helpful.
FB-0003307,CUST-101113,2026-05-06,8.6,The platform has been reliable and support was helpful.
FB-0003308,CUST-101114,2026-05-30,3.5,The problem is still unresolved and this is becoming frustrating.
FB-0003309,CUST-101114,2026-02-03,3.4,I've contacted support multiple times for the same issue.
FB-0003310,CUST-101115,2026-03-09,9.6,Everything worked well and the issue was resolved quickly.
FB-0003311,CUST-101115,2026-05-26,8.6,The platform has been reliable and support was helpful.
FB-0003312,CUST-101116,2026-02-13,9.2,I'm not sure we're getting enough value from the subscription.
FB-0003313,CUST-101116,2026-05-27,6.9,We aren't using the platform as much as before.
FB-0003314,CUST-101117,2026-07-19,7.7,Everything worked well and the issue was resolved quickly.
FB-0003315,CUST-101117,2026-06-26,9.4,Everything worked well and the issue was resolved quickly.
FB-0003316,CUST-101117,2026-02-27,9.9,Everything worked well and the issue was resolved quickly.
FB-0003317,CUST-101117,2026-04-08,8.5,Everything worked well and the issue was resolved quickly.
FB-0003318,CUST-101118,2026-07-23,9.6,The platform has been reliable and support was helpful.
FB-0003319,CUST-101118,2026-02-25,8.7,The platform has been reliable and support was helpful.
FB-0003320,CUST-101119,2026-05-07,3.5,The service problems and billing issues make it difficult to justify continuing.
FB-0003321,CUST-101119,2026-07-07,4.1,We've had too many problems and are seriously considering alternatives.
FB-0003322,CUST-101119,2026-04-15,3.5,The service problems and billing issues make it difficult to justify continuing.
FB-0003323,CUST-101120,2026-05-07,4.0,I've contacted support multiple times for the same issue.
FB-0003324,CUST-101120,2026-06-22,5.2,The problem is still unresolved and this is becoming frustrating.
FB-0003325,CUST-101120,2026-05-13,5.4,The problem is still unresolved and this is becoming frustrating.
FB-0003326,CUST-101120,2026-06-19,4.4,The problem is still unresolved and this is becoming frustrating.
FB-0003327,CUST-101121,2026-06-29,6.0,Several important features are not working as expected.
FB-0003328,CUST-101121,2026-03-12,5.5,Several important features are not working as expected.
FB-0003329,CUST-101122,2026-04-14,5.5,The problem is still unresolved and this is becoming frustrating.
FB-0003330,CUST-101122,2026-03-10,2.6,I've contacted support multiple times for the same issue.
FB-0003331,CUST-101122,2026-05-14,4.8,I've contacted support multiple times for the same issue.
FB-0003332,CUST-101122,2026-04-03,4.4,The problem is still unresolved and this is becoming frustrating.
FB-0003333,CUST-101123,2026-07-15,9.0,Everything worked well and the issue was resolved quickly.
FB-0003334,CUST-101123,2026-04-18,7.9,Everything worked well and the issue was resolved quickly.
FB-0003335,CUST-101123,2026-02-05,10.0,The platform has been reliable and support was helpful.
FB-0003336,CUST-101124,2026-07-03,6.7,I'm not sure we're getting enough value from the subscription.
FB-0003337,CUST-101124,2026-03-27,7.7,We aren't using the platform as much as before.
FB-0003338,CUST-101124,2026-04-15,6.1,I'm not sure we're getting enough value from the subscription.
FB-0003339,CUST-101124,2026-04-04,6.5,We aren't using the platform as much as before.
FB-0003340,CUST-101125,2026-05-12,5.8,We aren't using the platform as much as before.
FB-0003341,CUST-101125,2026-04-05,6.6,I'm not sure we're getting enough value from the subscription.
FB-0003342,CUST-101125,2026-03-22,5.3,I'm not sure we're getting enough value from the subscription.
FB-0003343,CUST-101125,2026-02-17,7.7,I'm not sure we're getting enough value from the subscription.
FB-0003344,CUST-101126,2026-05-30,3.3,The recent product changes made our workflow harder.
FB-0003345,CUST-101126,2026-03-07,5.7,Several important features are not working as expected.
FB-0003346,CUST-101126,2026-02-07,3.8,The recent product changes made our workflow harder.
FB-0003347,CUST-101126,2026-06-08,5.9,Several important features are not working as expected.
FB-0003348,CUST-101127,2026-05-17,4.7,I don't understand the latest invoice.
FB-0003349,CUST-101127,2026-05-02,5.8,I don't understand the latest invoice.
FB-0003350,CUST-101128,2026-04-22,6.1,I don't understand the latest invoice.
FB-0003351,CUST-101128,2026-03-22,6.4,I don't understand the latest invoice.
FB-0003352,CUST-101128,2026-03-29,5.8,I don't understand the latest invoice.
FB-0003353,CUST-101128,2026-03-31,5.3,There appears to be an unexpected charge on my account.
FB-0003354,CUST-101129,2026-07-22,8.0,The platform has been reliable and support was helpful.
FB-0003355,CUST-101129,2026-06-13,7.6,Everything worked well and the issue was resolved quickly.
FB-0003356,CUST-101130,2026-02-15,5.8,There appears to be an unexpected charge on my account.
FB-0003357,CUST-101130,2026-02-26,5.3,I don't understand the latest invoice.
FB-0003358,CUST-101131,2026-04-13,5.0,I'm not sure we're getting enough value from the subscription.
FB-0003359,CUST-101131,2026-05-11,8.8,We aren't using the platform as much as before.
FB-0003360,CUST-101132,2026-05-08,8.9,The platform has been reliable and support was helpful.
FB-0003361,CUST-101132,2026-05-27,8.5,Everything worked well and the issue was resolved quickly.
FB-0003362,CUST-101132,2026-05-06,8.8,Everything worked well and the issue was resolved quickly.
FB-0003363,CUST-101132,2026-02-16,7.6,The platform has been reliable and support was helpful.
FB-0003364,CUST-101133,2026-03-07,8.5,Everything worked well and the issue was resolved quickly.
FB-0003365,CUST-101133,2026-04-29,9.4,The platform has been reliable and support was helpful.
FB-0003366,CUST-101133,2026-07-25,8.3,Everything worked well and the issue was resolved quickly.
FB-0003367,CUST-101134,2026-04-25,1.7,We've had too many problems and are seriously considering alternatives.
FB-0003368,CUST-101134,2026-03-06,5.1,The service problems and billing issues make it difficult to justify continuing.
FB-0003369,CUST-101134,2026-05-28,3.0,We've had too many problems and are seriously considering alternatives.
FB-0003370,CUST-101134,2026-03-27,4.8,The service problems and billing issues make it difficult to justify continuing.
FB-0003371,CUST-101135,2026-02-26,9.1,Everything worked well and the issue was resolved quickly.
FB-0003372,CUST-101135,2026-07-18,9.3,Everything worked well and the issue was resolved quickly.
FB-0003373,CUST-101135,2026-07-22,9.3,The platform has been reliable and support was helpful.
FB-0003374,CUST-101135,2026-03-02,8.3,Everything worked well and the issue was resolved quickly.
FB-0003375,CUST-101136,2026-07-20,6.4,I'm not sure we're getting enough value from the subscription.
FB-0003376,CUST-101136,2026-03-13,6.1,I'm not sure we're getting enough value from the subscription.
FB-0003377,CUST-101136,2026-03-25,6.5,I'm not sure we're getting enough value from the subscription.
FB-0003378,CUST-101137,2026-04-27,8.5,"I was frustrated by the new interface, but overall the product is valuable."
FB-0003379,CUST-101137,2026-07-15,10.0,"The issue was annoying, but the team resolved it quickly."
FB-0003380,CUST-101138,2026-03-19,3.8,We're evaluating alternatives and may move away from the platform.
FB-0003381,CUST-101138,2026-05-31,3.9,We're evaluating alternatives and may move away from the platform.
FB-0003382,CUST-101138,2026-04-03,5.0,We are considering cancelling at renewal.
FB-0003383,CUST-101138,2026-02-14,3.6,We are considering cancelling at renewal.
FB-0003384,CUST-101139,2026-03-03,1.6,The service problems and billing issues make it difficult to justify continuing.
FB-0003385,CUST-101139,2026-03-26,3.7,The service problems and billing issues make it difficult to justify continuing.
FB-0003386,CUST-101139,2026-02-04,5.1,We've had too many problems and are seriously considering alternatives.
FB-0003387,CUST-101140,2026-06-17,8.1,The platform has been reliable and support was helpful.
FB-0003388,CUST-101140,2026-02-17,9.5,Everything worked well and the issue was resolved quickly.
FB-0003389,CUST-101140,2026-04-19,8.3,The platform has been reliable and support was helpful.
FB-0003390,CUST-101140,2026-06-20,7.4,Everything worked well and the issue was resolved quickly.
FB-0003391,CUST-101141,2026-03-04,9.3,Everything worked well and the issue was resolved quickly.
FB-0003392,CUST-101141,2026-05-20,10.0,The platform has been reliable and support was helpful.
FB-0003393,CUST-101141,2026-06-29,7.8,The platform has been reliable and support was helpful.
FB-0003394,CUST-101142,2026-05-21,9.5,Everything worked well and the issue was resolved quickly.
FB-0003395,CUST-101142,2026-05-14,7.2,The platform has been reliable and support was helpful.
FB-0003396,CUST-101142,2026-03-21,7.6,Everything worked well and the issue was resolved quickly.
FB-0003397,CUST-101143,2026-06-22,4.7,We're evaluating alternatives and may move away from the platform.
FB-0003398,CUST-101143,2026-06-04,6.0,We're evaluating alternatives and may move away from the platform.
FB-0003399,CUST-101144,2026-05-19,4.1,The service problems and billing issues make it difficult to justify continuing.
FB-0003400,CUST-101144,2026-06-05,2.7,The service problems and billing issues make it difficult to justify continuing.
FB-0003401,CUST-101144,2026-05-15,5.0,We've had too many problems and are seriously considering alternatives.
FB-0003402,CUST-101145,2026-05-12,5.3,I've contacted support multiple times for the same issue.
FB-0003403,CUST-101145,2026-05-02,3.4,The problem is still unresolved and this is becoming frustrating.
FB-0003404,CUST-101145,2026-03-21,5.8,The problem is still unresolved and this is becoming frustrating.
FB-0003405,CUST-101145,2026-02-20,4.4,The problem is still unresolved and this is becoming frustrating.
FB-0003406,CUST-101146,2026-05-13,7.5,We aren't using the platform as much as before.
FB-0003407,CUST-101146,2026-04-01,8.3,We aren't using the platform as much as before.
FB-0003408,CUST-101146,2026-05-27,7.8,I'm not sure we're getting enough value from the subscription.
FB-0003409,CUST-101147,2026-04-16,8.4,"I was frustrated by the new interface, but overall the product is valuable."
FB-0003410,CUST-101147,2026-02-27,7.0,"The issue was annoying, but the team resolved it quickly."
FB-0003411,CUST-101147,2026-05-05,7.3,"I was frustrated by the new interface, but overall the product is valuable."
FB-0003412,CUST-101148,2026-06-13,5.1,I don't understand the latest invoice.
FB-0003413,CUST-101148,2026-04-02,5.1,I don't understand the latest invoice.
FB-0003414,CUST-101148,2026-05-16,6.0,I don't understand the latest invoice.
FB-0003415,CUST-101149,2026-06-14,7.1,There appears to be an unexpected charge on my account.
FB-0003416,CUST-101149,2026-04-25,4.4,There appears to be an unexpected charge on my account.
FB-0003417,CUST-101150,2026-05-10,10.0,The platform has been reliable and support was helpful.
FB-0003418,CUST-101150,2026-04-22,8.0,The platform has been reliable and support was helpful.
FB-0003419,CUST-101150,2026-05-23,9.4,Everything worked well and the issue was resolved quickly.
FB-0003420,CUST-101150,2026-02-19,8.7,The platform has been reliable and support was helpful.
FB-0003421,CUST-101151,2026-05-19,10.0,Everything worked well and the issue was resolved quickly.
FB-0003422,CUST-101151,2026-07-17,8.5,Everything worked well and the issue was resolved quickly.
FB-0003423,CUST-101151,2026-03-19,7.5,Everything worked well and the issue was resolved quickly.
FB-0003424,CUST-101152,2026-06-22,3.9,The service problems and billing issues make it difficult to justify continuing.
FB-0003425,CUST-101152,2026-03-01,3.6,We've had too many problems and are seriously considering alternatives.
FB-0003426,CUST-101152,2026-05-14,3.7,We've had too many problems and are seriously considering alternatives.
FB-0003427,CUST-101153,2026-06-25,4.2,The recent product changes made our workflow harder.
FB-0003428,CUST-101153,2026-02-20,3.0,The recent product changes made our workflow harder.
FB-0003429,CUST-101153,2026-07-22,4.7,Several important features are not working as expected.
FB-0003430,CUST-101154,2026-02-28,5.9,The problem is still unresolved and this is becoming frustrating.
FB-0003431,CUST-101154,2026-05-29,5.7,I've contacted support multiple times for the same issue.
FB-0003432,CUST-101154,2026-07-08,5.3,I've contacted support multiple times for the same issue.
FB-0003433,CUST-101155,2026-02-20,10.0,Everything worked well and the issue was resolved quickly.
FB-0003434,CUST-101155,2026-04-18,7.4,The platform has been reliable and support was helpful.
FB-0003435,CUST-101155,2026-06-10,8.9,The platform has been reliable and support was helpful.
FB-0003436,CUST-101156,2026-07-20,8.3,Everything worked well and the issue was resolved quickly.
FB-0003437,CUST-101156,2026-05-08,8.1,Everything worked well and the issue was resolved quickly.
FB-0003438,CUST-101157,2026-02-13,8.1,Everything worked well and the issue was resolved quickly.
FB-0003439,CUST-101157,2026-07-09,8.4,The platform has been reliable and support was helpful.
FB-0003440,CUST-101158,2026-04-26,4.9,Several important features are not working as expected.
FB-0003441,CUST-101158,2026-06-16,5.0,Several important features are not working as expected.
FB-0003442,CUST-101158,2026-07-22,5.4,The recent product changes made our workflow harder.
FB-0003443,CUST-101159,2026-05-21,5.5,The recent product changes made our workflow harder.
FB-0003444,CUST-101159,2026-02-20,6.3,Several important features are not working as expected.
FB-0003445,CUST-101160,2026-04-21,8.8,Everything worked well and the issue was resolved quickly.
FB-0003446,CUST-101160,2026-07-10,10.0,The platform has been reliable and support was helpful.
FB-0003447,CUST-101160,2026-06-13,6.7,Everything worked well and the issue was resolved quickly.
FB-0003448,CUST-101160,2026-03-15,7.4,The platform has been reliable and support was helpful.
FB-0003449,CUST-101161,2026-04-12,7.3,Everything worked well and the issue was resolved quickly.
FB-0003450,CUST-101161,2026-05-11,8.9,Everything worked well and the issue was resolved quickly.
FB-0003451,CUST-101161,2026-05-18,9.1,The platform has been reliable and support was helpful.
FB-0003452,CUST-101161,2026-07-16,9.0,The platform has been reliable and support was helpful.
FB-0003453,CUST-101162,2026-02-07,7.0,Everything worked well and the issue was resolved quickly.
FB-0003454,CUST-101162,2026-07-14,8.6,The platform has been reliable and support was helpful.
FB-0003455,CUST-101162,2026-07-01,8.1,Everything worked well and the issue was resolved quickly.
FB-0003456,CUST-101163,2026-05-03,8.9,Everything worked well and the issue was resolved quickly.
FB-0003457,CUST-101163,2026-07-26,9.3,The platform has been reliable and support was helpful.
FB-0003458,CUST-101163,2026-02-11,9.5,The platform has been reliable and support was helpful.
FB-0003459,CUST-101164,2026-06-21,7.1,I'm not sure we're getting enough value from the subscription.
FB-0003460,CUST-101164,2026-04-04,6.8,We aren't using the platform as much as before.
FB-0003461,CUST-101165,2026-07-03,10.0,The platform has been reliable and support was helpful.
FB-0003462,CUST-101165,2026-03-12,7.8,The platform has been reliable and support was helpful.
FB-0003463,CUST-101166,2026-07-09,7.7,There appears to be an unexpected charge on my account.
FB-0003464,CUST-101166,2026-02-26,5.6,There appears to be an unexpected charge on my account.
FB-0003465,CUST-101167,2026-03-31,6.9,I'm not sure we're getting enough value from the subscription.
FB-0003466,CUST-101167,2026-07-14,8.1,I'm not sure we're getting enough value from the subscription.
FB-0003467,CUST-101167,2026-05-15,7.4,I'm not sure we're getting enough value from the subscription.
FB-0003468,CUST-101167,2026-03-15,7.0,I'm not sure we're getting enough value from the subscription.
FB-0003469,CUST-101168,2026-07-20,6.2,We aren't using the platform as much as before.
FB-0003470,CUST-101168,2026-03-09,5.1,We aren't using the platform as much as before.
FB-0003471,CUST-101169,2026-05-12,7.3,We aren't using the platform as much as before.
FB-0003472,CUST-101169,2026-04-27,4.7,We aren't using the platform as much as before.
FB-0003473,CUST-101170,2026-03-01,4.9,The recent product changes made our workflow harder.
FB-0003474,CUST-101170,2026-06-24,6.4,Several important features are not working as expected.
FB-0003475,CUST-101170,2026-05-13,5.0,Several important features are not working as expected.
FB-0003476,CUST-101171,2026-04-17,7.3,We aren't using the platform as much as before.
FB-0003477,CUST-101171,2026-04-22,5.7,I'm not sure we're getting enough value from the subscription.
FB-0003478,CUST-101171,2026-05-08,7.9,I'm not sure we're getting enough value from the subscription.
FB-0003479,CUST-101172,2026-04-24,3.2,We've had too many problems and are seriously considering alternatives.
FB-0003480,CUST-101172,2026-03-27,4.4,We've had too many problems and are seriously considering alternatives.
FB-0003481,CUST-101173,2026-06-24,7.3,Everything worked well and the issue was resolved quickly.
FB-0003482,CUST-101173,2026-04-11,9.6,Everything worked well and the issue was resolved quickly.
FB-0003483,CUST-101174,2026-03-10,6.3,We aren't using the platform as much as before.
FB-0003484,CUST-101174,2026-05-29,6.1,We aren't using the platform as much as before.
FB-0003485,CUST-101174,2026-05-22,6.7,We aren't using the platform as much as before.
FB-0003486,CUST-101175,2026-03-22,9.6,The platform has been reliable and support was helpful.
FB-0003487,CUST-101175,2026-07-02,8.3,Everything worked well and the issue was resolved quickly.
FB-0003488,CUST-101175,2026-06-29,8.9,The platform has been reliable and support was helpful.
FB-0003489,CUST-101175,2026-02-09,9.0,Everything worked well and the issue was resolved quickly.
FB-0003490,CUST-101176,2026-05-12,7.0,There appears to be an unexpected charge on my account.
FB-0003491,CUST-101176,2026-02-15,4.8,I don't understand the latest invoice.
FB-0003492,CUST-101176,2026-07-21,6.3,There appears to be an unexpected charge on my account.
FB-0003493,CUST-101176,2026-05-23,6.7,I don't understand the latest invoice.
FB-0003494,CUST-101177,2026-04-25,6.5,I'm not sure we're getting enough value from the subscription.
FB-0003495,CUST-101177,2026-07-10,8.4,We aren't using the platform as much as before.
FB-0003496,CUST-101177,2026-04-22,7.8,I'm not sure we're getting enough value from the subscription.
FB-0003497,CUST-101177,2026-04-14,7.4,We aren't using the platform as much as before.
FB-0003498,CUST-101178,2026-07-19,9.1,Everything worked well and the issue was resolved quickly.
FB-0003499,CUST-101178,2026-06-21,8.4,Everything worked well and the issue was resolved quickly.
FB-0003500,CUST-101178,2026-05-05,8.4,Everything worked well and the issue was resolved quickly.
FB-0003501,CUST-101178,2026-04-01,7.1,The platform has been reliable and support was helpful.
FB-0003502,CUST-101179,2026-03-14,8.6,The platform has been reliable and support was helpful.
FB-0003503,CUST-101179,2026-05-16,7.8,The platform has been reliable and support was helpful.
FB-0003504,CUST-101180,2026-07-12,8.3,Everything worked well and the issue was resolved quickly.
FB-0003505,CUST-101180,2026-04-30,10.0,Everything worked well and the issue was resolved quickly.
FB-0003506,CUST-101180,2026-03-20,10.0,The platform has been reliable and support was helpful.
FB-0003507,CUST-101180,2026-04-09,7.7,Everything worked well and the issue was resolved quickly.
FB-0003508,CUST-101181,2026-04-18,5.4,I've contacted support multiple times for the same issue.
FB-0003509,CUST-101181,2026-05-18,5.3,I've contacted support multiple times for the same issue.
FB-0003510,CUST-101182,2026-06-07,3.7,The service problems and billing issues make it difficult to justify continuing.
FB-0003511,CUST-101182,2026-03-16,4.3,The service problems and billing issues make it difficult to justify continuing.
FB-0003512,CUST-101182,2026-03-28,2.4,The service problems and billing issues make it difficult to justify continuing.
FB-0003513,CUST-101182,2026-02-26,3.8,We've had too many problems and are seriously considering alternatives.
FB-0003514,CUST-101183,2026-03-15,4.0,I don't understand the latest invoice.
FB-0003515,CUST-101183,2026-05-25,5.9,There appears to be an unexpected charge on my account.
FB-0003516,CUST-101183,2026-04-11,5.1,I don't understand the latest invoice.
FB-0003517,CUST-101183,2026-03-13,7.2,I don't understand the latest invoice.
FB-0003518,CUST-101184,2026-03-03,7.1,We aren't using the platform as much as before.
FB-0003519,CUST-101184,2026-04-26,8.0,We aren't using the platform as much as before.
FB-0003520,CUST-101184,2026-04-13,6.7,We aren't using the platform as much as before.
FB-0003521,CUST-101185,2026-06-07,6.6,Everything worked well and the issue was resolved quickly.
FB-0003522,CUST-101185,2026-03-19,8.7,The platform has been reliable and support was helpful.
FB-0003523,CUST-101185,2026-03-01,6.8,Everything worked well and the issue was resolved quickly.
FB-0003524,CUST-101185,2026-04-27,9.7,The platform has been reliable and support was helpful.
FB-0003525,CUST-101186,2026-03-30,2.8,We've had too many problems and are seriously considering alternatives.
FB-0003526,CUST-101186,2026-03-01,2.7,We've had too many problems and are seriously considering alternatives.
FB-0003527,CUST-101186,2026-07-20,2.9,The service problems and billing issues make it difficult to justify continuing.
FB-0003528,CUST-101186,2026-05-28,4.7,We've had too many problems and are seriously considering alternatives.
FB-0003529,CUST-101187,2026-02-16,10.0,The platform has been reliable and support was helpful.
FB-0003530,CUST-101187,2026-05-23,8.4,The platform has been reliable and support was helpful.
FB-0003531,CUST-101187,2026-06-21,9.2,The platform has been reliable and support was helpful.
FB-0003532,CUST-101187,2026-02-17,7.6,The platform has been reliable and support was helpful.
FB-0003533,CUST-101188,2026-05-09,7.8,We aren't using the platform as much as before.
FB-0003534,CUST-101188,2026-06-23,6.6,I'm not sure we're getting enough value from the subscription.
FB-0003535,CUST-101188,2026-05-20,8.0,I'm not sure we're getting enough value from the subscription.
FB-0003536,CUST-101188,2026-04-15,7.7,I'm not sure we're getting enough value from the subscription.
FB-0003537,CUST-101189,2026-05-13,6.7,I'm not sure we're getting enough value from the subscription.
FB-0003538,CUST-101189,2026-04-01,6.7,We aren't using the platform as much as before.
FB-0003539,CUST-101189,2026-03-11,5.2,We aren't using the platform as much as before.
FB-0003540,CUST-101189,2026-03-06,5.6,We aren't using the platform as much as before.
FB-0003541,CUST-101190,2026-04-03,9.4,The platform has been reliable and support was helpful.
FB-0003542,CUST-101190,2026-06-30,9.8,Everything worked well and the issue was resolved quickly.
FB-0003543,CUST-101190,2026-04-25,7.7,The platform has been reliable and support was helpful.
FB-0003544,CUST-101190,2026-05-03,7.8,Everything worked well and the issue was resolved quickly.
FB-0003545,CUST-101191,2026-05-08,1.7,We're evaluating alternatives and may move away from the platform.
FB-0003546,CUST-101191,2026-06-16,3.7,We are considering cancelling at renewal.
FB-0003547,CUST-101191,2026-03-17,4.1,We are considering cancelling at renewal.
FB-0003548,CUST-101192,2026-05-24,4.1,I'm not sure we're getting enough value from the subscription.
FB-0003549,CUST-101192,2026-07-23,6.6,I'm not sure we're getting enough value from the subscription.
FB-0003550,CUST-101193,2026-07-26,7.1,The platform has been reliable and support was helpful.
FB-0003551,CUST-101193,2026-07-16,7.6,The platform has been reliable and support was helpful.
FB-0003552,CUST-101193,2026-02-20,8.7,Everything worked well and the issue was resolved quickly.
FB-0003553,CUST-101193,2026-03-15,8.5,The platform has been reliable and support was helpful.
FB-0003554,CUST-101194,2026-06-09,9.1,The platform has been reliable and support was helpful.
FB-0003555,CUST-101194,2026-05-13,9.8,The platform has been reliable and support was helpful.
FB-0003556,CUST-101195,2026-02-23,4.4,The recent product changes made our workflow harder.
FB-0003557,CUST-101195,2026-06-13,6.2,The recent product changes made our workflow harder.
FB-0003558,CUST-101195,2026-05-08,2.9,The recent product changes made our workflow harder.
FB-0003559,CUST-101195,2026-05-15,3.6,Several important features are not working as expected.
FB-0003560,CUST-101196,2026-03-29,8.6,There appears to be an unexpected charge on my account.
FB-0003561,CUST-101196,2026-05-08,5.1,There appears to be an unexpected charge on my account.
FB-0003562,CUST-101196,2026-06-25,6.1,There appears to be an unexpected charge on my account.
FB-0003563,CUST-101197,2026-03-30,8.2,The platform has been reliable and support was helpful.
FB-0003564,CUST-101197,2026-07-09,10.0,Everything worked well and the issue was resolved quickly.
FB-0003565,CUST-101198,2026-06-07,9.6,The platform has been reliable and support was helpful.
FB-0003566,CUST-101198,2026-05-22,10.0,The platform has been reliable and support was helpful.
FB-0003567,CUST-101198,2026-03-05,9.5,The platform has been reliable and support was helpful.
FB-0003568,CUST-101198,2026-02-12,7.8,The platform has been reliable and support was helpful.
FB-0003569,CUST-101199,2026-06-18,3.2,The recent product changes made our workflow harder.
FB-0003570,CUST-101199,2026-04-24,4.6,The recent product changes made our workflow harder.
FB-0003571,CUST-101199,2026-02-18,5.0,Several important features are not working as expected.
FB-0003572,CUST-101200,2026-03-05,8.4,The platform has been reliable and support was helpful.
FB-0003573,CUST-101200,2026-03-10,8.4,The platform has been reliable and support was helpful.
FB-0003574,CUST-101200,2026-07-09,7.9,Everything worked well and the issue was resolved quickly.
FB-0003575,CUST-101200,2026-06-30,6.5,The platform has been reliable and support was helpful.
FB-0003576,CUST-101201,2026-03-27,4.5,There appears to be an unexpected charge on my account.
FB-0003577,CUST-101201,2026-06-11,6.7,There appears to be an unexpected charge on my account.
FB-0003578,CUST-101201,2026-05-16,6.9,I don't understand the latest invoice.
FB-0003579,CUST-101202,2026-04-18,4.8,We're evaluating alternatives and may move away from the platform.
FB-0003580,CUST-101202,2026-03-28,3.6,We're evaluating alternatives and may move away from the platform.
FB-0003581,CUST-101202,2026-03-01,5.5,We are considering cancelling at renewal.
FB-0003582,CUST-101202,2026-07-07,4.6,We're evaluating alternatives and may move away from the platform.
FB-0003583,CUST-101203,2026-06-03,4.1,I've contacted support multiple times for the same issue.
FB-0003584,CUST-101203,2026-03-28,5.9,The problem is still unresolved and this is becoming frustrating.
FB-0003585,CUST-101203,2026-03-08,4.0,The problem is still unresolved and this is becoming frustrating.
FB-0003586,CUST-101203,2026-07-20,4.4,I've contacted support multiple times for the same issue.
FB-0003587,CUST-101204,2026-04-29,4.9,We are considering cancelling at renewal.
FB-0003588,CUST-101204,2026-04-14,3.7,We are considering cancelling at renewal.
FB-0003589,CUST-101204,2026-07-16,4.8,We're evaluating alternatives and may move away from the platform.
FB-0003590,CUST-101205,2026-04-09,5.8,There appears to be an unexpected charge on my account.
FB-0003591,CUST-101205,2026-06-12,5.1,I don't understand the latest invoice.
FB-0003592,CUST-101205,2026-05-22,5.0,There appears to be an unexpected charge on my account.
FB-0003593,CUST-101205,2026-02-15,4.3,I don't understand the latest invoice.
FB-0003594,CUST-101206,2026-04-26,2.9,The recent product changes made our workflow harder.
FB-0003595,CUST-101206,2026-07-24,5.2,The recent product changes made our workflow harder.
FB-0003596,CUST-101206,2026-05-18,2.4,Several important features are not working as expected.
FB-0003597,CUST-101207,2026-05-21,8.5,The platform has been reliable and support was helpful.
FB-0003598,CUST-101207,2026-07-01,8.2,The platform has been reliable and support was helpful.
FB-0003599,CUST-101208,2026-02-20,7.9,Everything worked well and the issue was resolved quickly.
FB-0003600,CUST-101208,2026-06-30,7.6,Everything worked well and the issue was resolved quickly.
FB-0003601,CUST-101208,2026-05-12,8.2,Everything worked well and the issue was resolved quickly.
FB-0003602,CUST-101209,2026-04-18,5.4,Several important features are not working as expected.
FB-0003603,CUST-101209,2026-02-07,4.1,Several important features are not working as expected.
FB-0003604,CUST-101209,2026-02-15,5.1,The recent product changes made our workflow harder.
FB-0003605,CUST-101209,2026-02-15,5.2,Several important features are not working as expected.
FB-0003606,CUST-101210,2026-06-15,8.2,Everything worked well and the issue was resolved quickly.
FB-0003607,CUST-101210,2026-05-05,8.5,Everything worked well and the issue was resolved quickly.
FB-0003608,CUST-101210,2026-04-17,9.0,Everything worked well and the issue was resolved quickly.
FB-0003609,CUST-101210,2026-05-21,8.1,Everything worked well and the issue was resolved quickly.
FB-0003610,CUST-101211,2026-03-24,10.0,Everything worked well and the issue was resolved quickly.
FB-0003611,CUST-101211,2026-07-03,8.5,Everything worked well and the issue was resolved quickly.
FB-0003612,CUST-101211,2026-07-13,8.2,The platform has been reliable and support was helpful.
FB-0003613,CUST-101211,2026-03-13,9.2,The platform has been reliable and support was helpful.
FB-0003614,CUST-101212,2026-07-24,4.5,The service problems and billing issues make it difficult to justify continuing.
FB-0003615,CUST-101212,2026-07-05,3.3,We've had too many problems and are seriously considering alternatives.
FB-0003616,CUST-101212,2026-07-12,3.5,The service problems and billing issues make it difficult to justify continuing.
FB-0003617,CUST-101213,2026-06-15,3.1,We've had too many problems and are seriously considering alternatives.
FB-0003618,CUST-101213,2026-07-23,3.4,We've had too many problems and are seriously considering alternatives.
FB-0003619,CUST-101213,2026-04-14,1.9,We've had too many problems and are seriously considering alternatives.
FB-0003620,CUST-101213,2026-03-14,3.5,The service problems and billing issues make it difficult to justify continuing.
FB-0003621,CUST-101214,2026-04-13,5.0,The service problems and billing issues make it difficult to justify continuing.
FB-0003622,CUST-101214,2026-04-19,5.3,We've had too many problems and are seriously considering alternatives.
FB-0003623,CUST-101215,2026-06-05,8.3,The platform has been reliable and support was helpful.
FB-0003624,CUST-101215,2026-05-03,9.2,The platform has been reliable and support was helpful.
FB-0003625,CUST-101215,2026-02-21,9.9,Everything worked well and the issue was resolved quickly.
FB-0003626,CUST-101216,2026-06-02,4.1,Several important features are not working as expected.
FB-0003627,CUST-101216,2026-03-18,3.5,Several important features are not working as expected.
FB-0003628,CUST-101217,2026-06-10,6.2,Everything worked well and the issue was resolved quickly.
FB-0003629,CUST-101217,2026-06-26,8.9,The platform has been reliable and support was helpful.
FB-0003630,CUST-101217,2026-04-02,5.9,Everything worked well and the issue was resolved quickly.
FB-0003631,CUST-101218,2026-04-23,2.5,The service problems and billing issues make it difficult to justify continuing.
FB-0003632,CUST-101218,2026-02-17,3.3,The service problems and billing issues make it difficult to justify continuing.
FB-0003633,CUST-101218,2026-05-06,2.9,The service problems and billing issues make it difficult to justify continuing.
FB-0003634,CUST-101219,2026-02-20,3.9,The service problems and billing issues make it difficult to justify continuing.
FB-0003635,CUST-101219,2026-02-23,3.1,The service problems and billing issues make it difficult to justify continuing.
FB-0003636,CUST-101219,2026-06-16,1.6,The service problems and billing issues make it difficult to justify continuing.
FB-0003637,CUST-101220,2026-06-27,5.4,The problem is still unresolved and this is becoming frustrating.
FB-0003638,CUST-101220,2026-03-28,5.0,The problem is still unresolved and this is becoming frustrating.
FB-0003639,CUST-101221,2026-07-10,9.5,The platform has been reliable and support was helpful.
FB-0003640,CUST-101221,2026-03-20,7.5,The platform has been reliable and support was helpful.
FB-0003641,CUST-101222,2026-07-21,4.7,I don't understand the latest invoice.
FB-0003642,CUST-101222,2026-06-19,7.2,There appears to be an unexpected charge on my account.
FB-0003643,CUST-101222,2026-05-30,5.7,I don't understand the latest invoice.
FB-0003644,CUST-101223,2026-06-26,7.8,Everything worked well and the issue was resolved quickly.
FB-0003645,CUST-101223,2026-05-22,8.2,Everything worked well and the issue was resolved quickly.
FB-0003646,CUST-101223,2026-06-04,8.6,The platform has been reliable and support was helpful.
FB-0003647,CUST-101223,2026-06-22,9.6,Everything worked well and the issue was resolved quickly.
FB-0003648,CUST-101224,2026-02-25,5.4,We aren't using the platform as much as before.
FB-0003649,CUST-101224,2026-05-22,6.1,We aren't using the platform as much as before.
FB-0003650,CUST-101225,2026-06-02,9.7,The platform has been reliable and support was helpful.
FB-0003651,CUST-101225,2026-06-06,7.8,Everything worked well and the issue was resolved quickly.
FB-0003652,CUST-101225,2026-07-02,8.2,The platform has been reliable and support was helpful.
FB-0003653,CUST-101225,2026-06-04,9.6,Everything worked well and the issue was resolved quickly.
FB-0003654,CUST-101226,2026-05-27,9.8,Everything worked well and the issue was resolved quickly.
FB-0003655,CUST-101226,2026-02-04,8.2,The platform has been reliable and support was helpful.
FB-0003656,CUST-101227,2026-07-25,4.2,We've had too many problems and are seriously considering alternatives.
FB-0003657,CUST-101227,2026-05-04,2.9,The service problems and billing issues make it difficult to justify continuing.
FB-0003658,CUST-101228,2026-06-28,8.0,The platform has been reliable and support was helpful.
FB-0003659,CUST-101228,2026-06-27,7.6,Everything worked well and the issue was resolved quickly.
FB-0003660,CUST-101228,2026-06-05,7.6,Everything worked well and the issue was resolved quickly.
FB-0003661,CUST-101229,2026-02-10,3.2,We're evaluating alternatives and may move away from the platform.
FB-0003662,CUST-101229,2026-05-28,4.3,We are considering cancelling at renewal.
FB-0003663,CUST-101230,2026-03-03,10.0,The platform has been reliable and support was helpful.
FB-0003664,CUST-101230,2026-04-18,10.0,Everything worked well and the issue was resolved quickly.
FB-0003665,CUST-101230,2026-02-21,10.0,The platform has been reliable and support was helpful.
FB-0003666,CUST-101231,2026-04-10,4.0,The service problems and billing issues make it difficult to justify continuing.
FB-0003667,CUST-101231,2026-05-15,4.0,The service problems and billing issues make it difficult to justify continuing.
FB-0003668,CUST-101231,2026-07-01,1.7,The service problems and billing issues make it difficult to justify continuing.
FB-0003669,CUST-101232,2026-04-24,5.9,We aren't using the platform as much as before.
FB-0003670,CUST-101232,2026-05-09,7.0,We aren't using the platform as much as before.
FB-0003671,CUST-101232,2026-06-02,6.1,We aren't using the platform as much as before.
FB-0003672,CUST-101233,2026-03-09,6.3,I'm not sure we're getting enough value from the subscription.
FB-0003673,CUST-101233,2026-07-17,7.6,We aren't using the platform as much as before.
FB-0003674,CUST-101233,2026-04-02,8.1,I'm not sure we're getting enough value from the subscription.
FB-0003675,CUST-101233,2026-05-26,7.6,We aren't using the platform as much as before.
FB-0003676,CUST-101234,2026-04-22,9.4,The platform has been reliable and support was helpful.
FB-0003677,CUST-101234,2026-07-05,9.9,The platform has been reliable and support was helpful.
FB-0003678,CUST-101235,2026-05-19,7.8,The platform has been reliable and support was helpful.
FB-0003679,CUST-101235,2026-07-02,8.3,The platform has been reliable and support was helpful.
FB-0003680,CUST-101235,2026-07-02,8.1,The platform has been reliable and support was helpful.
FB-0003681,CUST-101236,2026-04-27,7.3,Everything worked well and the issue was resolved quickly.
FB-0003682,CUST-101236,2026-07-16,8.1,Everything worked well and the issue was resolved quickly.
FB-0003683,CUST-101236,2026-05-30,9.1,The platform has been reliable and support was helpful.
FB-0003684,CUST-101236,2026-06-05,7.1,The platform has been reliable and support was helpful.
FB-0003685,CUST-101237,2026-06-29,8.4,Everything worked well and the issue was resolved quickly.
FB-0003686,CUST-101237,2026-03-22,7.8,Everything worked well and the issue was resolved quickly.
FB-0003687,CUST-101238,2026-06-10,8.4,The platform has been reliable and support was helpful.
FB-0003688,CUST-101238,2026-03-29,9.3,Everything worked well and the issue was resolved quickly.
FB-0003689,CUST-101238,2026-07-09,10.0,The platform has been reliable and support was helpful.
FB-0003690,CUST-101239,2026-06-28,3.6,I don't understand the latest invoice.
FB-0003691,CUST-101239,2026-07-24,7.0,I don't understand the latest invoice.
FB-0003692,CUST-101239,2026-05-25,5.9,There appears to be an unexpected charge on my account.
FB-0003693,CUST-101239,2026-04-23,6.0,I don't understand the latest invoice.
FB-0003694,CUST-101240,2026-03-12,6.1,There appears to be an unexpected charge on my account.
FB-0003695,CUST-101240,2026-02-13,5.1,I don't understand the latest invoice.
FB-0003696,CUST-101240,2026-02-04,7.2,I don't understand the latest invoice.
FB-0003697,CUST-101240,2026-06-21,6.1,I don't understand the latest invoice.
FB-0003698,CUST-101241,2026-07-24,9.2,Everything worked well and the issue was resolved quickly.
FB-0003699,CUST-101241,2026-07-04,7.9,Everything worked well and the issue was resolved quickly.
FB-0003700,CUST-101242,2026-07-06,6.4,I'm not sure we're getting enough value from the subscription.
FB-0003701,CUST-101242,2026-07-20,6.7,We aren't using the platform as much as before.
FB-0003702,CUST-101243,2026-06-19,3.3,The service problems and billing issues make it difficult to justify continuing.
FB-0003703,CUST-101243,2026-04-03,3.5,We've had too many problems and are seriously considering alternatives.
FB-0003704,CUST-101243,2026-06-02,4.3,The service problems and billing issues make it difficult to justify continuing.
FB-0003705,CUST-101244,2026-05-02,2.7,We're evaluating alternatives and may move away from the platform.
FB-0003706,CUST-101244,2026-07-20,4.7,We are considering cancelling at renewal.
FB-0003707,CUST-101244,2026-03-31,3.9,We're evaluating alternatives and may move away from the platform.
FB-0003708,CUST-101245,2026-07-02,6.5,I don't understand the latest invoice.
FB-0003709,CUST-101245,2026-05-17,5.0,I don't understand the latest invoice.
FB-0003710,CUST-101246,2026-02-19,8.3,Everything worked well and the issue was resolved quickly.
FB-0003711,CUST-101246,2026-05-15,8.6,Everything worked well and the issue was resolved quickly.
FB-0003712,CUST-101246,2026-02-24,9.5,Everything worked well and the issue was resolved quickly.
FB-0003713,CUST-101247,2026-06-06,9.8,Everything worked well and the issue was resolved quickly.
FB-0003714,CUST-101247,2026-04-14,9.2,The platform has been reliable and support was helpful.
FB-0003715,CUST-101248,2026-06-23,8.3,Everything worked well and the issue was resolved quickly.
FB-0003716,CUST-101248,2026-05-07,7.7,The platform has been reliable and support was helpful.
FB-0003717,CUST-101248,2026-06-30,8.4,The platform has been reliable and support was helpful.
FB-0003718,CUST-101248,2026-06-13,8.6,The platform has been reliable and support was helpful.
FB-0003719,CUST-101249,2026-06-17,7.7,The platform has been reliable and support was helpful.
FB-0003720,CUST-101249,2026-04-17,9.2,The platform has been reliable and support was helpful.
FB-0003721,CUST-101250,2026-03-17,10.0,Everything worked well and the issue was resolved quickly.
FB-0003722,CUST-101250,2026-06-06,7.9,The platform has been reliable and support was helpful.
FB-0003723,CUST-101250,2026-02-10,8.5,The platform has been reliable and support was helpful.
FB-0003724,CUST-101250,2026-03-20,6.6,Everything worked well and the issue was resolved quickly.
FB-0003725,CUST-101251,2026-03-22,10.0,Everything worked well and the issue was resolved quickly.
FB-0003726,CUST-101251,2026-03-25,8.8,The platform has been reliable and support was helpful.
FB-0003727,CUST-101251,2026-05-23,9.2,The platform has been reliable and support was helpful.
FB-0003728,CUST-101252,2026-05-31,8.6,The platform has been reliable and support was helpful.
FB-0003729,CUST-101252,2026-03-18,6.6,The platform has been reliable and support was helpful.
FB-0003730,CUST-101253,2026-07-10,2.9,We are considering cancelling at renewal.
FB-0003731,CUST-101253,2026-03-25,4.0,We are considering cancelling at renewal.
FB-0003732,CUST-101254,2026-06-17,7.1,Everything worked well and the issue was resolved quickly.
FB-0003733,CUST-101254,2026-05-04,7.3,Everything worked well and the issue was resolved quickly.
FB-0003734,CUST-101254,2026-07-18,8.3,The platform has been reliable and support was helpful.
FB-0003735,CUST-101255,2026-06-24,9.0,The platform has been reliable and support was helpful.
FB-0003736,CUST-101255,2026-03-29,9.7,Everything worked well and the issue was resolved quickly.
FB-0003737,CUST-101255,2026-07-23,9.9,Everything worked well and the issue was resolved quickly.
FB-0003738,CUST-101256,2026-06-16,6.9,Everything worked well and the issue was resolved quickly.
FB-0003739,CUST-101256,2026-06-23,7.3,Everything worked well and the issue was resolved quickly.
FB-0003740,CUST-101256,2026-07-02,9.5,The platform has been reliable and support was helpful.
FB-0003741,CUST-101257,2026-06-26,4.3,We're evaluating alternatives and may move away from the platform.
FB-0003742,CUST-101257,2026-03-22,4.9,We're evaluating alternatives and may move away from the platform.
FB-0003743,CUST-101257,2026-03-19,5.3,We're evaluating alternatives and may move away from the platform.
FB-0003744,CUST-101257,2026-06-26,2.9,We're evaluating alternatives and may move away from the platform.
FB-0003745,CUST-101258,2026-04-08,9.3,The platform has been reliable and support was helpful.
FB-0003746,CUST-101258,2026-06-13,9.1,The platform has been reliable and support was helpful.
FB-0003747,CUST-101258,2026-07-05,9.5,Everything worked well and the issue was resolved quickly.
FB-0003748,CUST-101259,2026-06-18,7.4,I'm not sure we're getting enough value from the subscription.
FB-0003749,CUST-101259,2026-05-13,6.0,We aren't using the platform as much as before.
FB-0003750,CUST-101260,2026-07-20,6.2,I'm not sure we're getting enough value from the subscription.
FB-0003751,CUST-101260,2026-03-09,5.3,I'm not sure we're getting enough value from the subscription.
FB-0003752,CUST-101261,2026-04-26,4.0,We're evaluating alternatives and may move away from the platform.
FB-0003753,CUST-101261,2026-07-02,2.8,We're evaluating alternatives and may move away from the platform.
FB-0003754,CUST-101262,2026-06-17,4.4,I've contacted support multiple times for the same issue.
FB-0003755,CUST-101262,2026-05-27,5.1,The problem is still unresolved and this is becoming frustrating.
FB-0003756,CUST-101262,2026-07-13,4.3,The problem is still unresolved and this is becoming frustrating.
FB-0003757,CUST-101263,2026-04-30,5.8,I've contacted support multiple times for the same issue.
FB-0003758,CUST-101263,2026-06-19,4.9,The problem is still unresolved and this is becoming frustrating.
FB-0003759,CUST-101263,2026-03-23,5.9,I've contacted support multiple times for the same issue.
FB-0003760,CUST-101263,2026-07-12,3.2,The problem is still unresolved and this is becoming frustrating.
FB-0003761,CUST-101264,2026-05-07,3.3,The recent product changes made our workflow harder.
FB-0003762,CUST-101264,2026-06-11,5.7,The recent product changes made our workflow harder.
FB-0003763,CUST-101265,2026-07-21,5.3,There appears to be an unexpected charge on my account.
FB-0003764,CUST-101265,2026-05-05,6.4,I don't understand the latest invoice.
FB-0003765,CUST-101266,2026-03-17,1.8,We've had too many problems and are seriously considering alternatives.
FB-0003766,CUST-101266,2026-03-11,3.2,The service problems and billing issues make it difficult to justify continuing.
FB-0003767,CUST-101266,2026-04-25,4.0,We've had too many problems and are seriously considering alternatives.
FB-0003768,CUST-101267,2026-02-11,9.8,The platform has been reliable and support was helpful.
FB-0003769,CUST-101267,2026-05-07,9.7,The platform has been reliable and support was helpful.
FB-0003770,CUST-101267,2026-04-30,9.2,The platform has been reliable and support was helpful.
FB-0003771,CUST-101267,2026-05-16,9.8,The platform has been reliable and support was helpful.
FB-0003772,CUST-101268,2026-03-14,7.2,We aren't using the platform as much as before.
FB-0003773,CUST-101268,2026-03-04,5.4,We aren't using the platform as much as before.
FB-0003774,CUST-101268,2026-03-06,8.0,I'm not sure we're getting enough value from the subscription.
FB-0003775,CUST-101268,2026-04-27,8.5,I'm not sure we're getting enough value from the subscription.
FB-0003776,CUST-101269,2026-06-07,9.6,Everything worked well and the issue was resolved quickly.
FB-0003777,CUST-101269,2026-07-03,8.4,Everything worked well and the issue was resolved quickly.
FB-0003778,CUST-101269,2026-07-10,7.9,The platform has been reliable and support was helpful.
FB-0003779,CUST-101269,2026-02-28,8.2,Everything worked well and the issue was resolved quickly.
FB-0003780,CUST-101270,2026-03-22,6.7,There appears to be an unexpected charge on my account.
FB-0003781,CUST-101270,2026-06-08,4.3,I don't understand the latest invoice.
FB-0003782,CUST-101270,2026-04-27,5.9,There appears to be an unexpected charge on my account.
FB-0003783,CUST-101271,2026-04-03,6.7,Several important features are not working as expected.
FB-0003784,CUST-101271,2026-04-23,5.6,Several important features are not working as expected.
FB-0003785,CUST-101271,2026-07-24,2.1,The recent product changes made our workflow harder.
FB-0003786,CUST-101271,2026-04-16,6.6,Several important features are not working as expected.
FB-0003787,CUST-101272,2026-05-30,2.2,The service problems and billing issues make it difficult to justify continuing.
FB-0003788,CUST-101272,2026-02-28,2.8,We've had too many problems and are seriously considering alternatives.
FB-0003789,CUST-101272,2026-05-22,2.6,We've had too many problems and are seriously considering alternatives.
FB-0003790,CUST-101273,2026-07-21,4.2,Several important features are not working as expected.
FB-0003791,CUST-101273,2026-06-05,4.8,The recent product changes made our workflow harder.
FB-0003792,CUST-101273,2026-05-06,4.5,The recent product changes made our workflow harder.
FB-0003793,CUST-101274,2026-07-27,7.0,We aren't using the platform as much as before.
FB-0003794,CUST-101274,2026-06-11,7.1,I'm not sure we're getting enough value from the subscription.
FB-0003795,CUST-101274,2026-06-19,5.1,We aren't using the platform as much as before.
FB-0003796,CUST-101275,2026-03-05,8.3,The platform has been reliable and support was helpful.
FB-0003797,CUST-101275,2026-06-27,8.8,The platform has been reliable and support was helpful.
FB-0003798,CUST-101276,2026-03-01,8.5,I'm not sure we're getting enough value from the subscription.
FB-0003799,CUST-101276,2026-06-21,8.5,I'm not sure we're getting enough value from the subscription.
FB-0003800,CUST-101276,2026-04-22,5.6,I'm not sure we're getting enough value from the subscription.
FB-0003801,CUST-101277,2026-07-16,7.7,Everything worked well and the issue was resolved quickly.
FB-0003802,CUST-101277,2026-07-08,7.7,The platform has been reliable and support was helpful.
FB-0003803,CUST-101278,2026-07-09,9.2,The platform has been reliable and support was helpful.
FB-0003804,CUST-101278,2026-06-14,7.6,The platform has been reliable and support was helpful.
FB-0003805,CUST-101278,2026-06-15,8.9,Everything worked well and the issue was resolved quickly.
FB-0003806,CUST-101278,2026-05-12,9.0,The platform has been reliable and support was helpful.
FB-0003807,CUST-101279,2026-02-19,7.7,Everything worked well and the issue was resolved quickly.
FB-0003808,CUST-101279,2026-04-14,8.3,Everything worked well and the issue was resolved quickly.
FB-0003809,CUST-101280,2026-04-24,5.2,We're evaluating alternatives and may move away from the platform.
FB-0003810,CUST-101280,2026-02-12,3.6,We're evaluating alternatives and may move away from the platform.
FB-0003811,CUST-101280,2026-02-23,5.1,We're evaluating alternatives and may move away from the platform.
FB-0003812,CUST-101281,2026-04-27,5.2,I'm not sure we're getting enough value from the subscription.
FB-0003813,CUST-101281,2026-04-06,8.1,I'm not sure we're getting enough value from the subscription.
FB-0003814,CUST-101281,2026-03-12,8.4,We aren't using the platform as much as before.
FB-0003815,CUST-101281,2026-06-11,8.5,We aren't using the platform as much as before.
FB-0003816,CUST-101282,2026-07-25,8.9,Everything worked well and the issue was resolved quickly.
FB-0003817,CUST-101282,2026-03-15,8.0,Everything worked well and the issue was resolved quickly.
FB-0003818,CUST-101283,2026-03-02,5.5,I've contacted support multiple times for the same issue.
FB-0003819,CUST-101283,2026-03-04,4.3,I've contacted support multiple times for the same issue.
FB-0003820,CUST-101283,2026-03-20,3.4,The problem is still unresolved and this is becoming frustrating.
FB-0003821,CUST-101284,2026-07-08,4.8,The problem is still unresolved and this is becoming frustrating.
FB-0003822,CUST-101284,2026-04-28,6.4,The problem is still unresolved and this is becoming frustrating.
FB-0003823,CUST-101284,2026-02-11,4.8,I've contacted support multiple times for the same issue.
FB-0003824,CUST-101285,2026-06-14,7.8,The platform has been reliable and support was helpful.
FB-0003825,CUST-101285,2026-07-10,8.8,The platform has been reliable and support was helpful.
FB-0003826,CUST-101285,2026-04-06,8.9,Everything worked well and the issue was resolved quickly.
FB-0003827,CUST-101286,2026-05-24,3.7,We are considering cancelling at renewal.
FB-0003828,CUST-101286,2026-05-06,3.2,We're evaluating alternatives and may move away from the platform.
FB-0003829,CUST-101286,2026-07-14,4.0,We're evaluating alternatives and may move away from the platform.
FB-0003830,CUST-101286,2026-05-10,2.6,We are considering cancelling at renewal.
FB-0003831,CUST-101287,2026-06-15,4.9,The service problems and billing issues make it difficult to justify continuing.
FB-0003832,CUST-101287,2026-02-13,4.3,We've had too many problems and are seriously considering alternatives.
FB-0003833,CUST-101287,2026-02-13,4.8,The service problems and billing issues make it difficult to justify continuing.
FB-0003834,CUST-101287,2026-02-13,4.8,The service problems and billing issues make it difficult to justify continuing.
FB-0003835,CUST-101288,2026-02-20,8.6,The platform has been reliable and support was helpful.
FB-0003836,CUST-101288,2026-02-17,7.0,Everything worked well and the issue was resolved quickly.
FB-0003837,CUST-101288,2026-04-08,8.4,The platform has been reliable and support was helpful.
FB-0003838,CUST-101289,2026-06-13,5.1,The problem is still unresolved and this is becoming frustrating.
FB-0003839,CUST-101289,2026-06-25,5.3,I've contacted support multiple times for the same issue.
FB-0003840,CUST-101290,2026-03-02,7.0,I don't understand the latest invoice.
FB-0003841,CUST-101290,2026-03-16,6.5,There appears to be an unexpected charge on my account.
FB-0003842,CUST-101290,2026-05-13,7.7,I don't understand the latest invoice.
FB-0003843,CUST-101291,2026-06-11,6.2,We aren't using the platform as much as before.
FB-0003844,CUST-101291,2026-04-19,7.3,I'm not sure we're getting enough value from the subscription.
FB-0003845,CUST-101292,2026-03-26,9.4,Everything worked well and the issue was resolved quickly.
FB-0003846,CUST-101292,2026-06-26,8.5,The platform has been reliable and support was helpful.
FB-0003847,CUST-101292,2026-06-04,7.5,Everything worked well and the issue was resolved quickly.
FB-0003848,CUST-101292,2026-07-26,7.7,Everything worked well and the issue was resolved quickly.
FB-0003849,CUST-101293,2026-06-30,8.1,I'm not sure we're getting enough value from the subscription.
FB-0003850,CUST-101293,2026-04-16,7.2,We aren't using the platform as much as before.
FB-0003851,CUST-101294,2026-03-20,3.3,We are considering cancelling at renewal.
FB-0003852,CUST-101294,2026-05-31,4.9,We are considering cancelling at renewal.
FB-0003853,CUST-101294,2026-03-12,5.7,We're evaluating alternatives and may move away from the platform.
FB-0003854,CUST-101295,2026-03-20,9.3,Everything worked well and the issue was resolved quickly.
FB-0003855,CUST-101295,2026-05-26,7.5,The platform has been reliable and support was helpful.
FB-0003856,CUST-101296,2026-06-24,4.3,The service problems and billing issues make it difficult to justify continuing.
FB-0003857,CUST-101296,2026-04-02,4.6,The service problems and billing issues make it difficult to justify continuing.
FB-0003858,CUST-101296,2026-06-16,3.1,The service problems and billing issues make it difficult to justify continuing.
FB-0003859,CUST-101296,2026-04-13,2.6,We've had too many problems and are seriously considering alternatives.
FB-0003860,CUST-101297,2026-05-14,3.7,Several important features are not working as expected.
FB-0003861,CUST-101297,2026-03-28,5.1,Several important features are not working as expected.
FB-0003862,CUST-101297,2026-05-11,5.9,Several important features are not working as expected.
FB-0003863,CUST-101298,2026-02-26,7.5,"I was frustrated by the new interface, but overall the product is valuable."
FB-0003864,CUST-101298,2026-07-02,7.5,"The issue was annoying, but the team resolved it quickly."
FB-0003865,CUST-101299,2026-04-21,8.2,The platform has been reliable and support was helpful.
FB-0003866,CUST-101299,2026-03-17,8.6,The platform has been reliable and support was helpful.
FB-0003867,CUST-101299,2026-03-25,9.0,Everything worked well and the issue was resolved quickly.
FB-0003868,CUST-101300,2026-04-26,10.0,Everything worked well and the issue was resolved quickly.
FB-0003869,CUST-101300,2026-05-27,10.0,Everything worked well and the issue was resolved quickly.
FB-0003870,CUST-101301,2026-05-25,8.1,The platform has been reliable and support was helpful.
FB-0003871,CUST-101301,2026-04-24,7.7,Everything worked well and the issue was resolved quickly.
FB-0003872,CUST-101302,2026-06-28,9.9,The platform has been reliable and support was helpful.
FB-0003873,CUST-101302,2026-06-06,10.0,The platform has been reliable and support was helpful.
FB-0003874,CUST-101302,2026-03-10,8.7,Everything worked well and the issue was resolved quickly.
FB-0003875,CUST-101303,2026-06-14,5.0,I've contacted support multiple times for the same issue.
FB-0003876,CUST-101303,2026-02-26,4.9,I've contacted support multiple times for the same issue.
FB-0003877,CUST-101303,2026-07-19,5.8,I've contacted support multiple times for the same issue.
FB-0003878,CUST-101303,2026-06-01,3.6,I've contacted support multiple times for the same issue.
FB-0003879,CUST-101304,2026-05-02,4.6,The recent product changes made our workflow harder.
FB-0003880,CUST-101304,2026-05-06,3.8,The recent product changes made our workflow harder.
FB-0003881,CUST-101304,2026-04-08,7.1,Several important features are not working as expected.
FB-0003882,CUST-101304,2026-07-21,3.7,Several important features are not working as expected.
FB-0003883,CUST-101305,2026-04-28,7.7,We aren't using the platform as much as before.
FB-0003884,CUST-101305,2026-02-15,6.8,I'm not sure we're getting enough value from the subscription.
FB-0003885,CUST-101305,2026-03-05,5.5,We aren't using the platform as much as before.
FB-0003886,CUST-101305,2026-06-14,6.6,We aren't using the platform as much as before.
FB-0003887,CUST-101306,2026-04-13,4.9,There appears to be an unexpected charge on my account.
FB-0003888,CUST-101306,2026-04-11,5.8,I don't understand the latest invoice.
FB-0003889,CUST-101306,2026-05-24,6.0,I don't understand the latest invoice.
FB-0003890,CUST-101306,2026-07-20,5.1,I don't understand the latest invoice.
FB-0003891,CUST-101307,2026-04-30,5.4,The problem is still unresolved and this is becoming frustrating.
FB-0003892,CUST-101307,2026-02-12,5.0,I've contacted support multiple times for the same issue.
FB-0003893,CUST-101307,2026-06-15,6.2,The problem is still unresolved and this is becoming frustrating.
FB-0003894,CUST-101308,2026-04-25,4.8,I've contacted support multiple times for the same issue.
FB-0003895,CUST-101308,2026-04-01,4.0,I've contacted support multiple times for the same issue.
FB-0003896,CUST-101309,2026-03-04,2.9,We've had too many problems and are seriously considering alternatives.
FB-0003897,CUST-101309,2026-06-07,5.1,We've had too many problems and are seriously considering alternatives.
FB-0003898,CUST-101310,2026-06-29,7.7,The platform has been reliable and support was helpful.
FB-0003899,CUST-101310,2026-06-24,9.9,Everything worked well and the issue was resolved quickly.
FB-0003900,CUST-101310,2026-06-13,9.8,The platform has been reliable and support was helpful.
FB-0003901,CUST-101311,2026-03-02,9.2,The platform has been reliable and support was helpful.
FB-0003902,CUST-101311,2026-02-20,9.1,The platform has been reliable and support was helpful.
FB-0003903,CUST-101311,2026-04-13,9.1,The platform has been reliable and support was helpful.
FB-0003904,CUST-101312,2026-05-18,9.6,The platform has been reliable and support was helpful.
FB-0003905,CUST-101312,2026-02-21,10.0,Everything worked well and the issue was resolved quickly.
FB-0003906,CUST-101312,2026-03-12,8.0,The platform has been reliable and support was helpful.
FB-0003907,CUST-101313,2026-02-24,5.4,We're evaluating alternatives and may move away from the platform.
FB-0003908,CUST-101313,2026-05-06,4.2,We're evaluating alternatives and may move away from the platform.
FB-0003909,CUST-101314,2026-04-05,5.7,The recent product changes made our workflow harder.
FB-0003910,CUST-101314,2026-07-02,3.7,Several important features are not working as expected.
FB-0003911,CUST-101314,2026-05-01,4.6,Several important features are not working as expected.
FB-0003912,CUST-101315,2026-02-16,7.0,There appears to be an unexpected charge on my account.
FB-0003913,CUST-101315,2026-07-26,3.9,There appears to be an unexpected charge on my account.
FB-0003914,CUST-101315,2026-04-19,4.6,There appears to be an unexpected charge on my account.
FB-0003915,CUST-101316,2026-03-17,6.3,I don't understand the latest invoice.
FB-0003916,CUST-101316,2026-02-19,8.5,I don't understand the latest invoice.
FB-0003917,CUST-101317,2026-07-24,8.9,"The issue was annoying, but the team resolved it quickly."
FB-0003918,CUST-101317,2026-07-24,7.8,"I was frustrated by the new interface, but overall the product is valuable."
FB-0003919,CUST-101318,2026-06-18,8.6,Everything worked well and the issue was resolved quickly.
FB-0003920,CUST-101318,2026-06-20,8.0,The platform has been reliable and support was helpful.
FB-0003921,CUST-101319,2026-06-28,3.4,The recent product changes made our workflow harder.
FB-0003922,CUST-101319,2026-05-16,5.0,The recent product changes made our workflow harder.
FB-0003923,CUST-101320,2026-04-17,6.0,We aren't using the platform as much as before.
FB-0003924,CUST-101320,2026-05-01,7.2,I'm not sure we're getting enough value from the subscription.
FB-0003925,CUST-101320,2026-02-03,6.8,We aren't using the platform as much as before.
FB-0003926,CUST-101320,2026-04-07,6.2,I'm not sure we're getting enough value from the subscription.
FB-0003927,CUST-101321,2026-02-17,8.4,The platform has been reliable and support was helpful.
FB-0003928,CUST-101321,2026-07-15,9.2,The platform has been reliable and support was helpful.
FB-0003929,CUST-101321,2026-03-19,7.4,Everything worked well and the issue was resolved quickly.
FB-0003930,CUST-101321,2026-06-05,9.1,The platform has been reliable and support was helpful.
FB-0003931,CUST-101322,2026-04-30,3.8,Several important features are not working as expected.
FB-0003932,CUST-101322,2026-04-25,6.2,The recent product changes made our workflow harder.
FB-0003933,CUST-101322,2026-02-15,3.4,The recent product changes made our workflow harder.
FB-0003934,CUST-101323,2026-03-24,5.3,I've contacted support multiple times for the same issue.
FB-0003935,CUST-101323,2026-07-21,5.2,I've contacted support multiple times for the same issue.
FB-0003936,CUST-101324,2026-07-10,7.0,The platform has been reliable and support was helpful.
FB-0003937,CUST-101324,2026-06-08,8.3,The platform has been reliable and support was helpful.
FB-0003938,CUST-101324,2026-02-16,10.0,Everything worked well and the issue was resolved quickly.
FB-0003939,CUST-101324,2026-03-13,8.3,The platform has been reliable and support was helpful.
FB-0003940,CUST-101325,2026-06-05,4.3,I've contacted support multiple times for the same issue.
FB-0003941,CUST-101325,2026-06-12,5.2,I've contacted support multiple times for the same issue.
FB-0003942,CUST-101326,2026-05-04,4.0,The problem is still unresolved and this is becoming frustrating.
FB-0003943,CUST-101326,2026-02-23,3.4,I've contacted support multiple times for the same issue.
FB-0003944,CUST-101327,2026-05-15,7.7,I'm not sure we're getting enough value from the subscription.
FB-0003945,CUST-101327,2026-07-05,5.2,We aren't using the platform as much as before.
FB-0003946,CUST-101327,2026-05-22,6.9,We aren't using the platform as much as before.
FB-0003947,CUST-101327,2026-03-16,5.8,I'm not sure we're getting enough value from the subscription.
FB-0003948,CUST-101328,2026-07-27,10.0,The platform has been reliable and support was helpful.
FB-0003949,CUST-101328,2026-03-25,9.1,Everything worked well and the issue was resolved quickly.
FB-0003950,CUST-101328,2026-03-18,8.4,Everything worked well and the issue was resolved quickly.
FB-0003951,CUST-101328,2026-04-29,9.7,The platform has been reliable and support was helpful.
FB-0003952,CUST-101329,2026-03-15,7.3,I'm not sure we're getting enough value from the subscription.
FB-0003953,CUST-101329,2026-04-27,6.8,We aren't using the platform as much as before.
FB-0003954,CUST-101330,2026-03-13,8.9,The platform has been reliable and support was helpful.
FB-0003955,CUST-101330,2026-02-15,8.0,The platform has been reliable and support was helpful.
FB-0003956,CUST-101331,2026-02-10,4.5,We are considering cancelling at renewal.
FB-0003957,CUST-101331,2026-03-20,5.0,We're evaluating alternatives and may move away from the platform.
FB-0003958,CUST-101331,2026-06-12,4.7,We're evaluating alternatives and may move away from the platform.
FB-0003959,CUST-101331,2026-03-03,3.1,We're evaluating alternatives and may move away from the platform.
FB-0003960,CUST-101332,2026-05-06,8.7,"I was frustrated by the new interface, but overall the product is valuable."
FB-0003961,CUST-101332,2026-04-14,8.2,"The issue was annoying, but the team resolved it quickly."
FB-0003962,CUST-101332,2026-04-14,9.4,"The issue was annoying, but the team resolved it quickly."
FB-0003963,CUST-101332,2026-05-26,9.0,"The issue was annoying, but the team resolved it quickly."
FB-0003964,CUST-101333,2026-05-23,9.2,Everything worked well and the issue was resolved quickly.
FB-0003965,CUST-101333,2026-07-19,8.3,The platform has been reliable and support was helpful.
FB-0003966,CUST-101333,2026-06-03,8.4,The platform has been reliable and support was helpful.
FB-0003967,CUST-101334,2026-04-23,8.4,We aren't using the platform as much as before.
FB-0003968,CUST-101334,2026-02-18,6.6,I'm not sure we're getting enough value from the subscription.
FB-0003969,CUST-101334,2026-07-20,6.4,We aren't using the platform as much as before.
FB-0003970,CUST-101335,2026-04-08,5.6,I've contacted support multiple times for the same issue.
FB-0003971,CUST-101335,2026-06-04,5.2,I've contacted support multiple times for the same issue.
FB-0003972,CUST-101336,2026-05-11,8.0,Everything worked well and the issue was resolved quickly.
FB-0003973,CUST-101336,2026-02-19,8.9,Everything worked well and the issue was resolved quickly.
FB-0003974,CUST-101337,2026-05-28,9.4,Everything worked well and the issue was resolved quickly.
FB-0003975,CUST-101337,2026-03-27,8.6,The platform has been reliable and support was helpful.
FB-0003976,CUST-101338,2026-03-20,8.5,The platform has been reliable and support was helpful.
FB-0003977,CUST-101338,2026-06-17,9.3,The platform has been reliable and support was helpful.
FB-0003978,CUST-101339,2026-02-25,7.5,The platform has been reliable and support was helpful.
FB-0003979,CUST-101339,2026-06-02,7.9,The platform has been reliable and support was helpful.
FB-0003980,CUST-101340,2026-07-25,7.8,The platform has been reliable and support was helpful.
FB-0003981,CUST-101340,2026-05-23,7.5,Everything worked well and the issue was resolved quickly.
FB-0003982,CUST-101341,2026-07-02,7.3,We aren't using the platform as much as before.
FB-0003983,CUST-101341,2026-04-11,6.5,I'm not sure we're getting enough value from the subscription.
FB-0003984,CUST-101342,2026-04-26,6.2,There appears to be an unexpected charge on my account.
FB-0003985,CUST-101342,2026-02-19,4.7,There appears to be an unexpected charge on my account.
FB-0003986,CUST-101342,2026-06-17,6.7,There appears to be an unexpected charge on my account.
FB-0003987,CUST-101342,2026-04-08,4.9,There appears to be an unexpected charge on my account.
FB-0003988,CUST-101343,2026-06-27,3.6,Several important features are not working as expected.
FB-0003989,CUST-101343,2026-03-19,5.1,The recent product changes made our workflow harder.
FB-0003990,CUST-101344,2026-05-31,9.4,The platform has been reliable and support was helpful.
FB-0003991,CUST-101344,2026-02-05,9.8,Everything worked well and the issue was resolved quickly.
FB-0003992,CUST-101344,2026-07-25,9.7,Everything worked well and the issue was resolved quickly.
FB-0003993,CUST-101345,2026-02-03,8.5,The platform has been reliable and support was helpful.
FB-0003994,CUST-101345,2026-06-02,10.0,The platform has been reliable and support was helpful.
FB-0003995,CUST-101346,2026-05-16,7.7,Everything worked well and the issue was resolved quickly.
FB-0003996,CUST-101346,2026-04-03,9.7,The platform has been reliable and support was helpful.
FB-0003997,CUST-101347,2026-07-06,4.2,We are considering cancelling at renewal.
FB-0003998,CUST-101347,2026-06-21,3.6,We are considering cancelling at renewal.
FB-0003999,CUST-101347,2026-04-25,4.0,We are considering cancelling at renewal.
FB-0004000,CUST-101348,2026-05-06,5.1,The problem is still unresolved and this is becoming frustrating.
FB-0004001,CUST-101348,2026-05-24,4.5,The problem is still unresolved and this is becoming frustrating.
FB-0004002,CUST-101348,2026-03-06,4.9,I've contacted support multiple times for the same issue.
FB-0004003,CUST-101348,2026-05-08,4.7,I've contacted support multiple times for the same issue.
FB-0004004,CUST-101349,2026-05-27,5.5,I'm not sure we're getting enough value from the subscription.
FB-0004005,CUST-101349,2026-04-15,6.3,We aren't using the platform as much as before.
FB-0004006,CUST-101349,2026-03-28,7.3,I'm not sure we're getting enough value from the subscription.
FB-0004007,CUST-101349,2026-07-12,5.9,We aren't using the platform as much as before.
FB-0004008,CUST-101350,2026-03-02,2.3,The service problems and billing issues make it difficult to justify continuing.
FB-0004009,CUST-101350,2026-06-03,6.2,The service problems and billing issues make it difficult to justify continuing.
FB-0004010,CUST-101351,2026-07-03,9.6,Everything worked well and the issue was resolved quickly.
FB-0004011,CUST-101351,2026-07-07,10.0,Everything worked well and the issue was resolved quickly.
FB-0004012,CUST-101352,2026-06-05,8.8,We aren't using the platform as much as before.
FB-0004013,CUST-101352,2026-06-06,5.9,We aren't using the platform as much as before.
FB-0004014,CUST-101352,2026-02-15,5.9,I'm not sure we're getting enough value from the subscription.
FB-0004015,CUST-101353,2026-06-27,4.4,I've contacted support multiple times for the same issue.
FB-0004016,CUST-101353,2026-06-19,3.9,The problem is still unresolved and this is becoming frustrating.
FB-0004017,CUST-101353,2026-05-09,5.3,I've contacted support multiple times for the same issue.
FB-0004018,CUST-101354,2026-04-07,6.9,The platform has been reliable and support was helpful.
FB-0004019,CUST-101354,2026-04-02,9.6,Everything worked well and the issue was resolved quickly.
FB-0004020,CUST-101354,2026-05-08,7.9,The platform has been reliable and support was helpful.
FB-0004021,CUST-101355,2026-07-13,6.0,Everything worked well and the issue was resolved quickly.
FB-0004022,CUST-101355,2026-03-27,8.1,The platform has been reliable and support was helpful.
FB-0004023,CUST-101356,2026-03-16,6.0,I'm not sure we're getting enough value from the subscription.
FB-0004024,CUST-101356,2026-05-12,6.5,I'm not sure we're getting enough value from the subscription.
FB-0004025,CUST-101356,2026-06-09,6.3,I'm not sure we're getting enough value from the subscription.
FB-0004026,CUST-101357,2026-04-07,5.7,I've contacted support multiple times for the same issue.
FB-0004027,CUST-101357,2026-07-03,5.0,I've contacted support multiple times for the same issue.
FB-0004028,CUST-101357,2026-07-09,5.6,The problem is still unresolved and this is becoming frustrating.
FB-0004029,CUST-101358,2026-04-09,8.0,Everything worked well and the issue was resolved quickly.
FB-0004030,CUST-101358,2026-02-15,10.0,Everything worked well and the issue was resolved quickly.
FB-0004031,CUST-101358,2026-04-04,8.7,Everything worked well and the issue was resolved quickly.
FB-0004032,CUST-101359,2026-05-03,4.5,The service problems and billing issues make it difficult to justify continuing.
FB-0004033,CUST-101359,2026-04-30,2.6,We've had too many problems and are seriously considering alternatives.
FB-0004034,CUST-101360,2026-02-22,7.9,The platform has been reliable and support was helpful.
FB-0004035,CUST-101360,2026-04-10,9.9,Everything worked well and the issue was resolved quickly.
FB-0004036,CUST-101361,2026-02-11,5.2,I've contacted support multiple times for the same issue.
FB-0004037,CUST-101361,2026-04-16,4.8,I've contacted support multiple times for the same issue.
FB-0004038,CUST-101361,2026-02-20,4.6,The problem is still unresolved and this is becoming frustrating.
FB-0004039,CUST-101362,2026-05-10,10.0,Everything worked well and the issue was resolved quickly.
FB-0004040,CUST-101362,2026-06-29,8.6,The platform has been reliable and support was helpful.
FB-0004041,CUST-101362,2026-04-18,8.6,The platform has been reliable and support was helpful.
FB-0004042,CUST-101362,2026-07-13,6.9,The platform has been reliable and support was helpful.
FB-0004043,CUST-101363,2026-07-21,9.8,Everything worked well and the issue was resolved quickly.
FB-0004044,CUST-101363,2026-07-05,8.3,The platform has been reliable and support was helpful.
FB-0004045,CUST-101363,2026-03-03,8.8,The platform has been reliable and support was helpful.
FB-0004046,CUST-101363,2026-04-04,6.7,Everything worked well and the issue was resolved quickly.
FB-0004047,CUST-101364,2026-04-08,2.9,The service problems and billing issues make it difficult to justify continuing.
FB-0004048,CUST-101364,2026-05-04,1.8,The service problems and billing issues make it difficult to justify continuing.
FB-0004049,CUST-101364,2026-02-04,2.8,We've had too many problems and are seriously considering alternatives.
FB-0004050,CUST-101365,2026-02-24,6.1,I've contacted support multiple times for the same issue.
FB-0004051,CUST-101365,2026-06-10,5.4,The problem is still unresolved and this is becoming frustrating.
FB-0004052,CUST-101365,2026-03-06,3.8,The problem is still unresolved and this is becoming frustrating.
FB-0004053,CUST-101366,2026-07-08,8.2,The platform has been reliable and support was helpful.
FB-0004054,CUST-101366,2026-03-21,6.5,The platform has been reliable and support was helpful.
FB-0004055,CUST-101366,2026-02-14,8.6,Everything worked well and the issue was resolved quickly.
FB-0004056,CUST-101367,2026-05-09,4.8,We've had too many problems and are seriously considering alternatives.
FB-0004057,CUST-101367,2026-07-07,3.9,We've had too many problems and are seriously considering alternatives.
FB-0004058,CUST-101367,2026-05-08,5.1,We've had too many problems and are seriously considering alternatives.
FB-0004059,CUST-101368,2026-03-24,3.9,We've had too many problems and are seriously considering alternatives.
FB-0004060,CUST-101368,2026-04-25,3.5,The service problems and billing issues make it difficult to justify continuing.
FB-0004061,CUST-101368,2026-07-06,3.8,The service problems and billing issues make it difficult to justify continuing.
FB-0004062,CUST-101369,2026-05-14,4.7,We're evaluating alternatives and may move away from the platform.
FB-0004063,CUST-101369,2026-04-03,4.6,We're evaluating alternatives and may move away from the platform.
FB-0004064,CUST-101369,2026-05-27,3.5,We're evaluating alternatives and may move away from the platform.
FB-0004065,CUST-101370,2026-05-22,4.7,I don't understand the latest invoice.
FB-0004066,CUST-101370,2026-05-06,6.5,There appears to be an unexpected charge on my account.
FB-0004067,CUST-101371,2026-03-05,6.5,I'm not sure we're getting enough value from the subscription.
FB-0004068,CUST-101371,2026-05-28,6.9,We aren't using the platform as much as before.
FB-0004069,CUST-101372,2026-05-26,4.6,I don't understand the latest invoice.
FB-0004070,CUST-101372,2026-05-17,6.2,There appears to be an unexpected charge on my account.
FB-0004071,CUST-101372,2026-03-03,6.9,I don't understand the latest invoice.
FB-0004072,CUST-101372,2026-07-17,4.9,I don't understand the latest invoice.
FB-0004073,CUST-101373,2026-07-07,6.3,I'm not sure we're getting enough value from the subscription.
FB-0004074,CUST-101373,2026-05-21,7.8,I'm not sure we're getting enough value from the subscription.
FB-0004075,CUST-101374,2026-03-22,3.0,We are considering cancelling at renewal.
FB-0004076,CUST-101374,2026-03-04,3.7,We're evaluating alternatives and may move away from the platform.
FB-0004077,CUST-101374,2026-03-02,3.9,We're evaluating alternatives and may move away from the platform.
FB-0004078,CUST-101375,2026-06-24,3.7,There appears to be an unexpected charge on my account.
FB-0004079,CUST-101375,2026-07-01,7.7,I don't understand the latest invoice.
FB-0004080,CUST-101376,2026-07-16,9.3,Everything worked well and the issue was resolved quickly.
FB-0004081,CUST-101376,2026-02-23,8.9,The platform has been reliable and support was helpful.
FB-0004082,CUST-101376,2026-06-10,7.8,The platform has been reliable and support was helpful.
FB-0004083,CUST-101376,2026-04-21,8.0,The platform has been reliable and support was helpful.
FB-0004084,CUST-101377,2026-03-29,5.7,The platform has been reliable and support was helpful.
FB-0004085,CUST-101377,2026-03-31,7.7,Everything worked well and the issue was resolved quickly.
FB-0004086,CUST-101377,2026-07-17,7.6,Everything worked well and the issue was resolved quickly.
FB-0004087,CUST-101378,2026-03-13,4.6,The recent product changes made our workflow harder.
FB-0004088,CUST-101378,2026-04-28,5.3,The recent product changes made our workflow harder.
FB-0004089,CUST-101379,2026-07-20,8.6,The platform has been reliable and support was helpful.
FB-0004090,CUST-101379,2026-06-22,9.4,Everything worked well and the issue was resolved quickly.
FB-0004091,CUST-101379,2026-02-10,8.8,The platform has been reliable and support was helpful.
FB-0004092,CUST-101380,2026-05-19,10.0,The platform has been reliable and support was helpful.
FB-0004093,CUST-101380,2026-02-09,8.6,Everything worked well and the issue was resolved quickly.
FB-0004094,CUST-101381,2026-04-14,6.6,I'm not sure we're getting enough value from the subscription.
FB-0004095,CUST-101381,2026-02-15,7.8,I'm not sure we're getting enough value from the subscription.
FB-0004096,CUST-101382,2026-02-17,5.0,I don't understand the latest invoice.
FB-0004097,CUST-101382,2026-03-09,7.0,I don't understand the latest invoice.
FB-0004098,CUST-101383,2026-04-02,9.2,"The issue was annoying, but the team resolved it quickly."
FB-0004099,CUST-101383,2026-03-01,9.3,"I was frustrated by the new interface, but overall the product is valuable."
FB-0004100,CUST-101383,2026-02-04,9.7,"I was frustrated by the new interface, but overall the product is valuable."
FB-0004101,CUST-101384,2026-05-08,3.1,The recent product changes made our workflow harder.
FB-0004102,CUST-101384,2026-03-31,2.0,Several important features are not working as expected.
FB-0004103,CUST-101385,2026-04-26,6.7,I'm not sure we're getting enough value from the subscription.
FB-0004104,CUST-101385,2026-04-06,6.4,I'm not sure we're getting enough value from the subscription.
FB-0004105,CUST-101385,2026-06-19,7.9,I'm not sure we're getting enough value from the subscription.
FB-0004106,CUST-101385,2026-02-03,7.6,I'm not sure we're getting enough value from the subscription.
FB-0004107,CUST-101386,2026-06-28,8.2,The platform has been reliable and support was helpful.
FB-0004108,CUST-101386,2026-07-16,6.7,Everything worked well and the issue was resolved quickly.
FB-0004109,CUST-101386,2026-05-05,7.1,The platform has been reliable and support was helpful.
FB-0004110,CUST-101387,2026-03-15,3.2,The recent product changes made our workflow harder.
FB-0004111,CUST-101387,2026-06-19,5.4,Several important features are not working as expected.
FB-0004112,CUST-101387,2026-07-13,5.4,The recent product changes made our workflow harder.
FB-0004113,CUST-101387,2026-06-27,6.3,The recent product changes made our workflow harder.
FB-0004114,CUST-101388,2026-07-24,2.3,The service problems and billing issues make it difficult to justify continuing.
FB-0004115,CUST-101388,2026-06-25,3.1,The service problems and billing issues make it difficult to justify continuing.
FB-0004116,CUST-101389,2026-06-02,5.6,Several important features are not working as expected.
FB-0004117,CUST-101389,2026-03-18,4.7,Several important features are not working as expected.
FB-0004118,CUST-101390,2026-06-25,8.0,The platform has been reliable and support was helpful.
FB-0004119,CUST-101390,2026-07-04,10.0,Everything worked well and the issue was resolved quickly.
FB-0004120,CUST-101390,2026-02-18,7.9,The platform has been reliable and support was helpful.
FB-0004121,CUST-101390,2026-03-26,8.8,The platform has been reliable and support was helpful.
FB-0004122,CUST-101391,2026-04-13,4.2,I don't understand the latest invoice.
FB-0004123,CUST-101391,2026-05-22,5.1,I don't understand the latest invoice.
FB-0004124,CUST-101391,2026-03-03,6.2,I don't understand the latest invoice.
FB-0004125,CUST-101391,2026-07-22,6.0,I don't understand the latest invoice.
FB-0004126,CUST-101392,2026-07-20,9.7,"The issue was annoying, but the team resolved it quickly."
FB-0004127,CUST-101392,2026-07-04,7.2,"I was frustrated by the new interface, but overall the product is valuable."
FB-0004128,CUST-101393,2026-03-26,8.6,Everything worked well and the issue was resolved quickly.
FB-0004129,CUST-101393,2026-05-07,9.4,Everything worked well and the issue was resolved quickly.
FB-0004130,CUST-101394,2026-03-09,6.9,We aren't using the platform as much as before.
FB-0004131,CUST-101394,2026-02-17,5.8,We aren't using the platform as much as before.
FB-0004132,CUST-101394,2026-04-17,5.6,I'm not sure we're getting enough value from the subscription.
FB-0004133,CUST-101395,2026-04-02,8.7,The platform has been reliable and support was helpful.
FB-0004134,CUST-101395,2026-06-11,8.6,Everything worked well and the issue was resolved quickly.
FB-0004135,CUST-101395,2026-04-14,8.4,Everything worked well and the issue was resolved quickly.
FB-0004136,CUST-101396,2026-07-19,5.9,The platform has been reliable and support was helpful.
FB-0004137,CUST-101396,2026-04-05,9.0,The platform has been reliable and support was helpful.
FB-0004138,CUST-101397,2026-05-21,8.1,I'm not sure we're getting enough value from the subscription.
FB-0004139,CUST-101397,2026-05-03,7.2,I'm not sure we're getting enough value from the subscription.
FB-0004140,CUST-101398,2026-05-10,9.5,Everything worked well and the issue was resolved quickly.
FB-0004141,CUST-101398,2026-03-23,9.1,Everything worked well and the issue was resolved quickly.
FB-0004142,CUST-101399,2026-06-01,6.1,There appears to be an unexpected charge on my account.
FB-0004143,CUST-101399,2026-04-28,8.5,There appears to be an unexpected charge on my account.
FB-0004144,CUST-101399,2026-02-13,5.8,I don't understand the latest invoice.
FB-0004145,CUST-101400,2026-07-25,5.4,I've contacted support multiple times for the same issue.
FB-0004146,CUST-101400,2026-06-29,4.1,I've contacted support multiple times for the same issue.
FB-0004147,CUST-101401,2026-03-10,5.9,The recent product changes made our workflow harder.
FB-0004148,CUST-101401,2026-07-04,6.6,Several important features are not working as expected.
FB-0004149,CUST-101402,2026-05-16,7.8,Everything worked well and the issue was resolved quickly.
FB-0004150,CUST-101402,2026-07-27,8.1,Everything worked well and the issue was resolved quickly.
FB-0004151,CUST-101403,2026-04-18,8.8,The platform has been reliable and support was helpful.
FB-0004152,CUST-101403,2026-06-10,7.7,The platform has been reliable and support was helpful.
FB-0004153,CUST-101403,2026-05-10,8.3,The platform has been reliable and support was helpful.
FB-0004154,CUST-101404,2026-04-19,5.8,I'm not sure we're getting enough value from the subscription.
FB-0004155,CUST-101404,2026-04-07,6.3,We aren't using the platform as much as before.
FB-0004156,CUST-101404,2026-07-21,6.5,We aren't using the platform as much as before.
FB-0004157,CUST-101404,2026-04-05,7.8,I'm not sure we're getting enough value from the subscription.
FB-0004158,CUST-101405,2026-02-14,8.8,Everything worked well and the issue was resolved quickly.
FB-0004159,CUST-101405,2026-06-07,6.7,Everything worked well and the issue was resolved quickly.
FB-0004160,CUST-101405,2026-03-30,8.7,Everything worked well and the issue was resolved quickly.
FB-0004161,CUST-101405,2026-04-10,5.9,The platform has been reliable and support was helpful.
FB-0004162,CUST-101406,2026-03-17,7.1,Everything worked well and the issue was resolved quickly.
FB-0004163,CUST-101406,2026-02-19,6.8,The platform has been reliable and support was helpful.
FB-0004164,CUST-101407,2026-07-04,3.2,We are considering cancelling at renewal.
FB-0004165,CUST-101407,2026-03-07,4.0,We're evaluating alternatives and may move away from the platform.
FB-0004166,CUST-101407,2026-04-15,2.5,We're evaluating alternatives and may move away from the platform.
FB-0004167,CUST-101408,2026-05-27,8.9,Everything worked well and the issue was resolved quickly.
FB-0004168,CUST-101408,2026-05-29,8.5,Everything worked well and the issue was resolved quickly.
FB-0004169,CUST-101408,2026-04-27,6.4,Everything worked well and the issue was resolved quickly.
FB-0004170,CUST-101408,2026-06-03,10.0,Everything worked well and the issue was resolved quickly.
FB-0004171,CUST-101409,2026-05-14,8.1,The platform has been reliable and support was helpful.
FB-0004172,CUST-101409,2026-05-17,8.1,Everything worked well and the issue was resolved quickly.
FB-0004173,CUST-101409,2026-06-30,8.5,Everything worked well and the issue was resolved quickly.
FB-0004174,CUST-101410,2026-03-16,9.4,Everything worked well and the issue was resolved quickly.
FB-0004175,CUST-101410,2026-04-06,8.2,Everything worked well and the issue was resolved quickly.
FB-0004176,CUST-101410,2026-03-05,7.1,Everything worked well and the issue was resolved quickly.
FB-0004177,CUST-101410,2026-04-04,10.0,Everything worked well and the issue was resolved quickly.
FB-0004178,CUST-101411,2026-03-16,4.1,We're evaluating alternatives and may move away from the platform.
FB-0004179,CUST-101411,2026-03-28,5.5,We're evaluating alternatives and may move away from the platform.
FB-0004180,CUST-101411,2026-07-02,4.6,We are considering cancelling at renewal.
FB-0004181,CUST-101412,2026-07-27,4.8,The recent product changes made our workflow harder.
FB-0004182,CUST-101412,2026-06-03,4.2,The recent product changes made our workflow harder.
FB-0004183,CUST-101412,2026-06-22,5.8,Several important features are not working as expected.
FB-0004184,CUST-101412,2026-07-11,5.1,Several important features are not working as expected.
FB-0004185,CUST-101413,2026-06-19,2.5,We are considering cancelling at renewal.
FB-0004186,CUST-101413,2026-06-25,3.2,We're evaluating alternatives and may move away from the platform.
FB-0004187,CUST-101413,2026-02-12,5.6,We're evaluating alternatives and may move away from the platform.
FB-0004188,CUST-101413,2026-05-17,4.9,We're evaluating alternatives and may move away from the platform.
FB-0004189,CUST-101414,2026-06-17,7.9,The platform has been reliable and support was helpful.
FB-0004190,CUST-101414,2026-04-26,8.9,Everything worked well and the issue was resolved quickly.
FB-0004191,CUST-101415,2026-02-27,8.7,Everything worked well and the issue was resolved quickly.
FB-0004192,CUST-101415,2026-03-16,8.2,The platform has been reliable and support was helpful.
FB-0004193,CUST-101416,2026-04-11,6.0,The problem is still unresolved and this is becoming frustrating.
FB-0004194,CUST-101416,2026-07-09,4.3,The problem is still unresolved and this is becoming frustrating.
FB-0004195,CUST-101417,2026-04-04,7.2,Everything worked well and the issue was resolved quickly.
FB-0004196,CUST-101417,2026-05-25,8.7,The platform has been reliable and support was helpful.
FB-0004197,CUST-101417,2026-06-09,8.0,The platform has been reliable and support was helpful.
FB-0004198,CUST-101418,2026-06-16,6.2,There appears to be an unexpected charge on my account.
FB-0004199,CUST-101418,2026-06-20,5.6,I don't understand the latest invoice.
FB-0004200,CUST-101418,2026-03-30,5.7,There appears to be an unexpected charge on my account.
FB-0004201,CUST-101419,2026-06-14,3.9,I've contacted support multiple times for the same issue.
FB-0004202,CUST-101419,2026-07-03,4.2,I've contacted support multiple times for the same issue.
FB-0004203,CUST-101420,2026-04-30,8.7,Everything worked well and the issue was resolved quickly.
FB-0004204,CUST-101420,2026-03-31,7.8,The platform has been reliable and support was helpful.
FB-0004205,CUST-101421,2026-05-01,8.6,Everything worked well and the issue was resolved quickly.
FB-0004206,CUST-101421,2026-04-06,7.8,The platform has been reliable and support was helpful.
FB-0004207,CUST-101422,2026-03-20,8.5,The platform has been reliable and support was helpful.
FB-0004208,CUST-101422,2026-04-28,9.5,The platform has been reliable and support was helpful.
FB-0004209,CUST-101423,2026-06-22,9.4,The platform has been reliable and support was helpful.
FB-0004210,CUST-101423,2026-03-09,6.7,Everything worked well and the issue was resolved quickly.
FB-0004211,CUST-101424,2026-02-24,4.9,Several important features are not working as expected.
FB-0004212,CUST-101424,2026-03-19,4.9,The recent product changes made our workflow harder.
FB-0004213,CUST-101424,2026-03-02,4.4,Several important features are not working as expected.
FB-0004214,CUST-101424,2026-02-20,4.2,Several important features are not working as expected.
FB-0004215,CUST-101425,2026-04-22,8.2,Everything worked well and the issue was resolved quickly.
FB-0004216,CUST-101425,2026-05-17,9.0,Everything worked well and the issue was resolved quickly.
FB-0004217,CUST-101425,2026-03-12,8.8,The platform has been reliable and support was helpful.
FB-0004218,CUST-101425,2026-03-14,8.1,The platform has been reliable and support was helpful.
FB-0004219,CUST-101426,2026-07-22,5.7,There appears to be an unexpected charge on my account.
FB-0004220,CUST-101426,2026-04-04,6.2,I don't understand the latest invoice.
FB-0004221,CUST-101426,2026-07-02,3.7,There appears to be an unexpected charge on my account.
FB-0004222,CUST-101426,2026-07-13,5.2,I don't understand the latest invoice.
FB-0004223,CUST-101427,2026-06-17,8.4,The platform has been reliable and support was helpful.
FB-0004224,CUST-101427,2026-07-05,7.5,The platform has been reliable and support was helpful.
FB-0004225,CUST-101427,2026-03-06,8.8,Everything worked well and the issue was resolved quickly.
FB-0004226,CUST-101428,2026-04-29,9.5,Everything worked well and the issue was resolved quickly.
FB-0004227,CUST-101428,2026-04-04,8.1,Everything worked well and the issue was resolved quickly.
FB-0004228,CUST-101428,2026-05-30,7.4,Everything worked well and the issue was resolved quickly.
FB-0004229,CUST-101429,2026-03-26,9.2,Everything worked well and the issue was resolved quickly.
FB-0004230,CUST-101429,2026-04-17,9.3,The platform has been reliable and support was helpful.
FB-0004231,CUST-101429,2026-06-06,6.6,Everything worked well and the issue was resolved quickly.
FB-0004232,CUST-101430,2026-06-20,5.9,There appears to be an unexpected charge on my account.
FB-0004233,CUST-101430,2026-02-10,5.5,I don't understand the latest invoice.
FB-0004234,CUST-101430,2026-04-23,6.2,There appears to be an unexpected charge on my account.
FB-0004235,CUST-101431,2026-04-29,4.3,The problem is still unresolved and this is becoming frustrating.
FB-0004236,CUST-101431,2026-06-26,4.6,I've contacted support multiple times for the same issue.
FB-0004237,CUST-101431,2026-04-03,4.1,I've contacted support multiple times for the same issue.
FB-0004238,CUST-101431,2026-06-07,6.8,The problem is still unresolved and this is becoming frustrating.
FB-0004239,CUST-101432,2026-05-03,6.2,We aren't using the platform as much as before.
FB-0004240,CUST-101432,2026-05-28,6.3,I'm not sure we're getting enough value from the subscription.
FB-0004241,CUST-101432,2026-06-11,7.7,I'm not sure we're getting enough value from the subscription.
FB-0004242,CUST-101433,2026-06-07,7.8,The platform has been reliable and support was helpful.
FB-0004243,CUST-101433,2026-06-13,7.8,Everything worked well and the issue was resolved quickly.
FB-0004244,CUST-101433,2026-06-03,9.9,The platform has been reliable and support was helpful.
FB-0004245,CUST-101434,2026-06-10,7.5,The platform has been reliable and support was helpful.
FB-0004246,CUST-101434,2026-03-20,8.8,The platform has been reliable and support was helpful.
FB-0004247,CUST-101435,2026-07-09,4.9,I've contacted support multiple times for the same issue.
FB-0004248,CUST-101435,2026-05-16,4.1,I've contacted support multiple times for the same issue.
FB-0004249,CUST-101435,2026-06-10,3.8,The problem is still unresolved and this is becoming frustrating.
FB-0004250,CUST-101436,2026-02-03,4.9,I've contacted support multiple times for the same issue.
FB-0004251,CUST-101436,2026-03-02,4.6,I've contacted support multiple times for the same issue.
FB-0004252,CUST-101437,2026-06-02,5.4,I've contacted support multiple times for the same issue.
FB-0004253,CUST-101437,2026-02-03,4.4,The problem is still unresolved and this is becoming frustrating.
FB-0004254,CUST-101437,2026-04-24,4.7,The problem is still unresolved and this is becoming frustrating.
FB-0004255,CUST-101438,2026-05-10,3.8,The recent product changes made our workflow harder.
FB-0004256,CUST-101438,2026-02-25,5.1,Several important features are not working as expected.
FB-0004257,CUST-101438,2026-04-09,3.5,The recent product changes made our workflow harder.
FB-0004258,CUST-101438,2026-05-12,5.9,Several important features are not working as expected.
FB-0004259,CUST-101439,2026-04-12,2.8,The service problems and billing issues make it difficult to justify continuing.
FB-0004260,CUST-101439,2026-04-26,3.5,We've had too many problems and are seriously considering alternatives.
FB-0004261,CUST-101439,2026-05-06,3.3,We've had too many problems and are seriously considering alternatives.
FB-0004262,CUST-101440,2026-05-01,4.7,The problem is still unresolved and this is becoming frustrating.
FB-0004263,CUST-101440,2026-04-04,5.8,The problem is still unresolved and this is becoming frustrating.
FB-0004264,CUST-101440,2026-04-20,6.2,The problem is still unresolved and this is becoming frustrating.
FB-0004265,CUST-101441,2026-05-16,3.8,The service problems and billing issues make it difficult to justify continuing.
FB-0004266,CUST-101441,2026-05-28,2.6,We've had too many problems and are seriously considering alternatives.
FB-0004267,CUST-101442,2026-04-30,10.0,"The issue was annoying, but the team resolved it quickly."
FB-0004268,CUST-101442,2026-04-02,10.0,"The issue was annoying, but the team resolved it quickly."
FB-0004269,CUST-101443,2026-06-19,8.9,Everything worked well and the issue was resolved quickly.
FB-0004270,CUST-101443,2026-02-18,7.4,The platform has been reliable and support was helpful.
FB-0004271,CUST-101444,2026-04-05,8.5,The platform has been reliable and support was helpful.
FB-0004272,CUST-101444,2026-04-26,8.1,Everything worked well and the issue was resolved quickly.
FB-0004273,CUST-101444,2026-03-12,7.9,The platform has been reliable and support was helpful.
FB-0004274,CUST-101444,2026-02-15,7.2,Everything worked well and the issue was resolved quickly.
FB-0004275,CUST-101445,2026-03-24,3.1,The service problems and billing issues make it difficult to justify continuing.
FB-0004276,CUST-101445,2026-06-27,5.7,We've had too many problems and are seriously considering alternatives.
FB-0004277,CUST-101446,2026-03-01,7.4,"The issue was annoying, but the team resolved it quickly."
FB-0004278,CUST-101446,2026-07-27,8.5,"The issue was annoying, but the team resolved it quickly."
FB-0004279,CUST-101446,2026-06-18,7.6,"I was frustrated by the new interface, but overall the product is valuable."
FB-0004280,CUST-101446,2026-06-20,8.2,"The issue was annoying, but the team resolved it quickly."
FB-0004281,CUST-101447,2026-04-28,9.8,Everything worked well and the issue was resolved quickly.
FB-0004282,CUST-101447,2026-03-16,8.1,Everything worked well and the issue was resolved quickly.
FB-0004283,CUST-101447,2026-02-11,6.8,The platform has been reliable and support was helpful.
FB-0004284,CUST-101448,2026-04-30,6.7,Everything worked well and the issue was resolved quickly.
FB-0004285,CUST-101448,2026-02-18,9.2,Everything worked well and the issue was resolved quickly.
FB-0004286,CUST-101448,2026-07-06,8.3,Everything worked well and the issue was resolved quickly.
FB-0004287,CUST-101448,2026-04-23,8.6,Everything worked well and the issue was resolved quickly.
FB-0004288,CUST-101449,2026-02-27,4.9,The problem is still unresolved and this is becoming frustrating.
FB-0004289,CUST-101449,2026-04-14,3.2,I've contacted support multiple times for the same issue.
FB-0004290,CUST-101449,2026-04-11,4.7,I've contacted support multiple times for the same issue.
FB-0004291,CUST-101449,2026-04-06,4.6,The problem is still unresolved and this is becoming frustrating.
FB-0004292,CUST-101450,2026-04-02,8.1,There appears to be an unexpected charge on my account.
FB-0004293,CUST-101450,2026-06-25,6.4,I don't understand the latest invoice.
FB-0004294,CUST-101451,2026-06-14,6.9,I'm not sure we're getting enough value from the subscription.
FB-0004295,CUST-101451,2026-07-14,5.2,I'm not sure we're getting enough value from the subscription.
FB-0004296,CUST-101451,2026-06-27,7.3,We aren't using the platform as much as before.
FB-0004297,CUST-101451,2026-06-28,6.7,I'm not sure we're getting enough value from the subscription.
FB-0004298,CUST-101452,2026-05-29,3.7,We are considering cancelling at renewal.
FB-0004299,CUST-101452,2026-05-22,2.6,We're evaluating alternatives and may move away from the platform.
FB-0004300,CUST-101452,2026-05-30,3.4,We are considering cancelling at renewal.
FB-0004301,CUST-101453,2026-02-21,5.1,There appears to be an unexpected charge on my account.
FB-0004302,CUST-101453,2026-04-22,6.5,There appears to be an unexpected charge on my account.
FB-0004303,CUST-101453,2026-04-10,5.1,There appears to be an unexpected charge on my account.
FB-0004304,CUST-101453,2026-07-23,6.1,There appears to be an unexpected charge on my account.
FB-0004305,CUST-101454,2026-04-13,10.0,The platform has been reliable and support was helpful.
FB-0004306,CUST-101454,2026-05-19,8.2,Everything worked well and the issue was resolved quickly.
FB-0004307,CUST-101454,2026-05-14,9.7,The platform has been reliable and support was helpful.
FB-0004308,CUST-101454,2026-05-03,7.9,Everything worked well and the issue was resolved quickly.
FB-0004309,CUST-101455,2026-06-05,8.2,The platform has been reliable and support was helpful.
FB-0004310,CUST-101455,2026-04-26,6.9,The platform has been reliable and support was helpful.
FB-0004311,CUST-101455,2026-02-06,9.3,Everything worked well and the issue was resolved quickly.
FB-0004312,CUST-101455,2026-06-10,9.7,The platform has been reliable and support was helpful.
FB-0004313,CUST-101456,2026-03-03,5.5,I've contacted support multiple times for the same issue.
FB-0004314,CUST-101456,2026-05-02,3.1,I've contacted support multiple times for the same issue.
FB-0004315,CUST-101456,2026-05-28,2.7,I've contacted support multiple times for the same issue.
FB-0004316,CUST-101457,2026-02-22,4.5,I've contacted support multiple times for the same issue.
FB-0004317,CUST-101457,2026-06-06,6.4,The problem is still unresolved and this is becoming frustrating.
FB-0004318,CUST-101458,2026-06-03,6.4,There appears to be an unexpected charge on my account.
FB-0004319,CUST-101458,2026-07-07,5.9,There appears to be an unexpected charge on my account.
FB-0004320,CUST-101458,2026-04-09,4.8,I don't understand the latest invoice.
FB-0004321,CUST-101458,2026-03-27,4.1,I don't understand the latest invoice.
FB-0004322,CUST-101459,2026-04-25,5.0,The problem is still unresolved and this is becoming frustrating.
FB-0004323,CUST-101459,2026-03-27,6.6,The problem is still unresolved and this is becoming frustrating.
FB-0004324,CUST-101460,2026-02-12,2.9,I don't understand the latest invoice.
FB-0004325,CUST-101460,2026-07-19,7.3,I don't understand the latest invoice.
FB-0004326,CUST-101461,2026-05-31,5.7,The recent product changes made our workflow harder.
FB-0004327,CUST-101461,2026-02-09,3.3,Several important features are not working as expected.
FB-0004328,CUST-101462,2026-03-04,10.0,Everything worked well and the issue was resolved quickly.
FB-0004329,CUST-101462,2026-04-09,10.0,Everything worked well and the issue was resolved quickly.
FB-0004330,CUST-101462,2026-05-21,7.6,The platform has been reliable and support was helpful.
FB-0004331,CUST-101462,2026-03-15,8.7,Everything worked well and the issue was resolved quickly.
FB-0004332,CUST-101463,2026-02-18,5.1,We've had too many problems and are seriously considering alternatives.
FB-0004333,CUST-101463,2026-05-16,4.5,The service problems and billing issues make it difficult to justify continuing.
FB-0004334,CUST-101463,2026-06-02,3.1,We've had too many problems and are seriously considering alternatives.
FB-0004335,CUST-101464,2026-05-09,7.6,The platform has been reliable and support was helpful.
FB-0004336,CUST-101464,2026-05-18,7.5,Everything worked well and the issue was resolved quickly.
FB-0004337,CUST-101464,2026-04-01,6.6,Everything worked well and the issue was resolved quickly.
FB-0004338,CUST-101464,2026-04-22,8.5,Everything worked well and the issue was resolved quickly.
FB-0004339,CUST-101465,2026-02-21,8.0,"The issue was annoying, but the team resolved it quickly."
FB-0004340,CUST-101465,2026-03-28,7.3,"The issue was annoying, but the team resolved it quickly."
FB-0004341,CUST-101465,2026-07-01,9.1,"I was frustrated by the new interface, but overall the product is valuable."
FB-0004342,CUST-101466,2026-04-15,9.4,The platform has been reliable and support was helpful.
FB-0004343,CUST-101466,2026-03-07,8.4,The platform has been reliable and support was helpful.
FB-0004344,CUST-101466,2026-03-12,7.7,The platform has been reliable and support was helpful.
FB-0004345,CUST-101467,2026-07-12,8.4,The platform has been reliable and support was helpful.
FB-0004346,CUST-101467,2026-04-02,6.7,The platform has been reliable and support was helpful.
FB-0004347,CUST-101467,2026-03-22,8.2,Everything worked well and the issue was resolved quickly.
FB-0004348,CUST-101467,2026-05-05,10.0,Everything worked well and the issue was resolved quickly.
FB-0004349,CUST-101468,2026-05-26,8.5,Everything worked well and the issue was resolved quickly.
FB-0004350,CUST-101468,2026-07-19,8.2,The platform has been reliable and support was helpful.
FB-0004351,CUST-101468,2026-04-28,9.0,Everything worked well and the issue was resolved quickly.
FB-0004352,CUST-101469,2026-03-25,3.7,The recent product changes made our workflow harder.
FB-0004353,CUST-101469,2026-05-27,3.7,Several important features are not working as expected.
FB-0004354,CUST-101470,2026-03-27,7.4,We aren't using the platform as much as before.
FB-0004355,CUST-101470,2026-05-26,6.6,We aren't using the platform as much as before.
FB-0004356,CUST-101470,2026-05-05,4.8,We aren't using the platform as much as before.
FB-0004357,CUST-101471,2026-05-02,7.1,I don't understand the latest invoice.
FB-0004358,CUST-101471,2026-06-21,5.8,There appears to be an unexpected charge on my account.
FB-0004359,CUST-101472,2026-04-26,8.6,Everything worked well and the issue was resolved quickly.
FB-0004360,CUST-101472,2026-04-16,9.8,The platform has been reliable and support was helpful.
FB-0004361,CUST-101472,2026-04-25,8.4,Everything worked well and the issue was resolved quickly.
FB-0004362,CUST-101473,2026-04-05,2.9,We are considering cancelling at renewal.
FB-0004363,CUST-101473,2026-04-18,4.5,We're evaluating alternatives and may move away from the platform.
FB-0004364,CUST-101473,2026-05-28,2.6,We are considering cancelling at renewal.
FB-0004365,CUST-101473,2026-07-21,5.2,We're evaluating alternatives and may move away from the platform.
FB-0004366,CUST-101474,2026-04-08,9.3,Everything worked well and the issue was resolved quickly.
FB-0004367,CUST-101474,2026-02-12,8.4,The platform has been reliable and support was helpful.
FB-0004368,CUST-101474,2026-07-16,7.5,Everything worked well and the issue was resolved quickly.
FB-0004369,CUST-101475,2026-05-30,9.6,Everything worked well and the issue was resolved quickly.
FB-0004370,CUST-101475,2026-06-04,8.4,Everything worked well and the issue was resolved quickly.
FB-0004371,CUST-101476,2026-04-19,3.9,We're evaluating alternatives and may move away from the platform.
FB-0004372,CUST-101476,2026-06-23,3.3,We're evaluating alternatives and may move away from the platform.
FB-0004373,CUST-101476,2026-02-19,2.8,We're evaluating alternatives and may move away from the platform.
FB-0004374,CUST-101476,2026-05-17,4.5,We are considering cancelling at renewal.
FB-0004375,CUST-101477,2026-02-10,6.2,There appears to be an unexpected charge on my account.
FB-0004376,CUST-101477,2026-05-12,6.7,I don't understand the latest invoice.
FB-0004377,CUST-101477,2026-02-17,5.1,I don't understand the latest invoice.
FB-0004378,CUST-101478,2026-06-29,4.5,The recent product changes made our workflow harder.
FB-0004379,CUST-101478,2026-06-11,4.7,The recent product changes made our workflow harder.
FB-0004380,CUST-101478,2026-07-16,6.8,Several important features are not working as expected.
FB-0004381,CUST-101478,2026-04-25,5.9,Several important features are not working as expected.
FB-0004382,CUST-101479,2026-02-10,2.6,We are considering cancelling at renewal.
FB-0004383,CUST-101479,2026-04-13,1.2,We're evaluating alternatives and may move away from the platform.
FB-0004384,CUST-101480,2026-05-01,8.9,Everything worked well and the issue was resolved quickly.
FB-0004385,CUST-101480,2026-02-25,10.0,Everything worked well and the issue was resolved quickly.
FB-0004386,CUST-101480,2026-05-06,8.3,Everything worked well and the issue was resolved quickly.
FB-0004387,CUST-101481,2026-07-06,9.5,The platform has been reliable and support was helpful.
FB-0004388,CUST-101481,2026-05-03,9.0,Everything worked well and the issue was resolved quickly.
FB-0004389,CUST-101481,2026-03-09,8.0,The platform has been reliable and support was helpful.
FB-0004390,CUST-101482,2026-02-15,7.7,Everything worked well and the issue was resolved quickly.
FB-0004391,CUST-101482,2026-03-05,8.5,Everything worked well and the issue was resolved quickly.
FB-0004392,CUST-101482,2026-04-24,9.6,Everything worked well and the issue was resolved quickly.
FB-0004393,CUST-101482,2026-04-05,10.0,The platform has been reliable and support was helpful.
FB-0004394,CUST-101483,2026-04-12,7.9,Everything worked well and the issue was resolved quickly.
FB-0004395,CUST-101483,2026-04-28,7.7,Everything worked well and the issue was resolved quickly.
FB-0004396,CUST-101483,2026-05-24,7.1,The platform has been reliable and support was helpful.
FB-0004397,CUST-101484,2026-04-24,3.0,I've contacted support multiple times for the same issue.
FB-0004398,CUST-101484,2026-06-14,6.4,I've contacted support multiple times for the same issue.
FB-0004399,CUST-101484,2026-07-16,5.0,The problem is still unresolved and this is becoming frustrating.
FB-0004400,CUST-101485,2026-06-11,8.1,Everything worked well and the issue was resolved quickly.
FB-0004401,CUST-101485,2026-03-18,8.9,The platform has been reliable and support was helpful.
FB-0004402,CUST-101485,2026-06-05,9.5,Everything worked well and the issue was resolved quickly.
FB-0004403,CUST-101486,2026-05-25,7.6,The platform has been reliable and support was helpful.
FB-0004404,CUST-101486,2026-03-05,9.0,The platform has been reliable and support was helpful.
FB-0004405,CUST-101487,2026-02-19,7.6,Everything worked well and the issue was resolved quickly.
FB-0004406,CUST-101487,2026-07-04,7.4,The platform has been reliable and support was helpful.
FB-0004407,CUST-101488,2026-05-16,2.9,We're evaluating alternatives and may move away from the platform.
FB-0004408,CUST-101488,2026-06-04,3.0,We're evaluating alternatives and may move away from the platform.
FB-0004409,CUST-101489,2026-06-22,9.5,Everything worked well and the issue was resolved quickly.
FB-0004410,CUST-101489,2026-06-08,6.7,Everything worked well and the issue was resolved quickly.
FB-0004411,CUST-101489,2026-05-25,7.9,The platform has been reliable and support was helpful.
FB-0004412,CUST-101490,2026-06-04,4.9,I've contacted support multiple times for the same issue.
FB-0004413,CUST-101490,2026-05-04,4.0,I've contacted support multiple times for the same issue.
FB-0004414,CUST-101490,2026-02-27,4.7,The problem is still unresolved and this is becoming frustrating.
FB-0004415,CUST-101491,2026-06-29,8.0,The platform has been reliable and support was helpful.
FB-0004416,CUST-101491,2026-05-26,7.7,Everything worked well and the issue was resolved quickly.
FB-0004417,CUST-101491,2026-03-09,6.6,Everything worked well and the issue was resolved quickly.
FB-0004418,CUST-101492,2026-02-27,4.7,There appears to be an unexpected charge on my account.
FB-0004419,CUST-101492,2026-06-03,5.7,I don't understand the latest invoice.
FB-0004420,CUST-101492,2026-04-18,7.4,There appears to be an unexpected charge on my account.
FB-0004421,CUST-101493,2026-07-12,7.7,The platform has been reliable and support was helpful.
FB-0004422,CUST-101493,2026-06-01,8.9,The platform has been reliable and support was helpful.
FB-0004423,CUST-101493,2026-03-06,10.0,The platform has been reliable and support was helpful.
FB-0004424,CUST-101493,2026-05-12,7.8,The platform has been reliable and support was helpful.
FB-0004425,CUST-101494,2026-04-29,6.0,The recent product changes made our workflow harder.
FB-0004426,CUST-101494,2026-04-12,4.3,Several important features are not working as expected.
FB-0004427,CUST-101495,2026-02-26,3.7,We're evaluating alternatives and may move away from the platform.
FB-0004428,CUST-101495,2026-03-11,4.1,We are considering cancelling at renewal.
FB-0004429,CUST-101495,2026-07-05,6.3,We are considering cancelling at renewal.
FB-0004430,CUST-101495,2026-04-18,4.6,We're evaluating alternatives and may move away from the platform.
FB-0004431,CUST-101496,2026-07-16,4.0,We're evaluating alternatives and may move away from the platform.
FB-0004432,CUST-101496,2026-06-22,2.3,We're evaluating alternatives and may move away from the platform.
FB-0004433,CUST-101496,2026-07-02,5.2,We're evaluating alternatives and may move away from the platform.
FB-0004434,CUST-101497,2026-05-27,5.7,The problem is still unresolved and this is becoming frustrating.
FB-0004435,CUST-101497,2026-05-14,4.3,I've contacted support multiple times for the same issue.
FB-0004436,CUST-101498,2026-05-30,6.2,We aren't using the platform as much as before.
FB-0004437,CUST-101498,2026-05-08,7.8,We aren't using the platform as much as before.
FB-0004438,CUST-101499,2026-04-11,5.8,There appears to be an unexpected charge on my account.
FB-0004439,CUST-101499,2026-07-02,5.7,I don't understand the latest invoice.
FB-0004440,CUST-101499,2026-05-28,4.9,I don't understand the latest invoice.
FB-0004441,CUST-101500,2026-07-21,4.5,We're evaluating alternatives and may move away from the platform.
FB-0004442,CUST-101500,2026-04-01,5.0,We're evaluating alternatives and may move away from the platform.
FB-0004443,CUST-101500,2026-04-11,4.7,We are considering cancelling at renewal.
FB-0004444,CUST-101500,2026-05-31,3.4,We're evaluating alternatives and may move away from the platform.
FB-0004445,CUST-101501,2026-02-21,9.4,The platform has been reliable and support was helpful.
FB-0004446,CUST-101501,2026-05-22,9.3,Everything worked well and the issue was resolved quickly.
FB-0004447,CUST-101501,2026-05-07,7.7,The platform has been reliable and support was helpful.
FB-0004448,CUST-101501,2026-04-07,7.3,Everything worked well and the issue was resolved quickly.
FB-0004449,CUST-101502,2026-02-06,8.7,Everything worked well and the issue was resolved quickly.
FB-0004450,CUST-101502,2026-03-16,8.9,Everything worked well and the issue was resolved quickly.
FB-0004451,CUST-101502,2026-06-09,8.0,The platform has been reliable and support was helpful.
FB-0004452,CUST-101502,2026-02-10,10.0,The platform has been reliable and support was helpful.
FB-0004453,CUST-101503,2026-02-17,7.5,The platform has been reliable and support was helpful.
FB-0004454,CUST-101503,2026-06-11,7.9,Everything worked well and the issue was resolved quickly.
FB-0004455,CUST-101503,2026-05-07,8.3,Everything worked well and the issue was resolved quickly.
FB-0004456,CUST-101504,2026-05-07,7.5,There appears to be an unexpected charge on my account.
FB-0004457,CUST-101504,2026-07-23,5.2,I don't understand the latest invoice.
FB-0004458,CUST-101504,2026-06-09,6.7,I don't understand the latest invoice.
FB-0004459,CUST-101505,2026-02-22,9.2,Everything worked well and the issue was resolved quickly.
FB-0004460,CUST-101505,2026-06-04,7.2,The platform has been reliable and support was helpful.
FB-0004461,CUST-101506,2026-04-13,7.6,Everything worked well and the issue was resolved quickly.
FB-0004462,CUST-101506,2026-04-18,6.8,The platform has been reliable and support was helpful.
FB-0004463,CUST-101507,2026-03-02,5.3,I've contacted support multiple times for the same issue.
FB-0004464,CUST-101507,2026-06-12,4.7,I've contacted support multiple times for the same issue.
FB-0004465,CUST-101507,2026-05-25,5.9,The problem is still unresolved and this is becoming frustrating.
FB-0004466,CUST-101508,2026-06-23,8.2,The platform has been reliable and support was helpful.
FB-0004467,CUST-101508,2026-02-15,9.2,The platform has been reliable and support was helpful.
FB-0004468,CUST-101508,2026-05-20,8.6,Everything worked well and the issue was resolved quickly.
FB-0004469,CUST-101508,2026-07-10,7.5,Everything worked well and the issue was resolved quickly.
FB-0004470,CUST-101509,2026-06-25,4.5,There appears to be an unexpected charge on my account.
FB-0004471,CUST-101509,2026-05-09,7.5,There appears to be an unexpected charge on my account.
FB-0004472,CUST-101510,2026-04-10,4.0,The recent product changes made our workflow harder.
FB-0004473,CUST-101510,2026-03-30,5.4,Several important features are not working as expected.
FB-0004474,CUST-101511,2026-05-23,5.1,There appears to be an unexpected charge on my account.
FB-0004475,CUST-101511,2026-05-10,5.7,There appears to be an unexpected charge on my account.
FB-0004476,CUST-101511,2026-02-10,5.8,There appears to be an unexpected charge on my account.
FB-0004477,CUST-101511,2026-06-03,6.2,There appears to be an unexpected charge on my account.
FB-0004478,CUST-101512,2026-02-05,4.1,Several important features are not working as expected.
FB-0004479,CUST-101512,2026-07-14,4.5,The recent product changes made our workflow harder.
FB-0004480,CUST-101513,2026-02-26,5.1,Several important features are not working as expected.
FB-0004481,CUST-101513,2026-02-14,3.5,The recent product changes made our workflow harder.
FB-0004482,CUST-101514,2026-04-23,3.9,I don't understand the latest invoice.
FB-0004483,CUST-101514,2026-05-06,4.8,I don't understand the latest invoice.
FB-0004484,CUST-101514,2026-05-24,5.4,There appears to be an unexpected charge on my account.
FB-0004485,CUST-101514,2026-02-07,4.7,I don't understand the latest invoice.
FB-0004486,CUST-101515,2026-06-01,6.7,I've contacted support multiple times for the same issue.
FB-0004487,CUST-101515,2026-02-07,5.2,I've contacted support multiple times for the same issue.
FB-0004488,CUST-101515,2026-03-24,6.3,The problem is still unresolved and this is becoming frustrating.
FB-0004489,CUST-101516,2026-07-27,8.0,The platform has been reliable and support was helpful.
FB-0004490,CUST-101516,2026-04-04,8.8,Everything worked well and the issue was resolved quickly.
FB-0004491,CUST-101517,2026-03-29,4.2,We're evaluating alternatives and may move away from the platform.
FB-0004492,CUST-101517,2026-05-25,5.9,We're evaluating alternatives and may move away from the platform.
FB-0004493,CUST-101517,2026-03-30,3.9,We're evaluating alternatives and may move away from the platform.
FB-0004494,CUST-101518,2026-04-01,2.7,Several important features are not working as expected.
FB-0004495,CUST-101518,2026-03-03,1.9,Several important features are not working as expected.
FB-0004496,CUST-101518,2026-07-14,3.8,Several important features are not working as expected.
FB-0004497,CUST-101519,2026-07-25,8.7,Everything worked well and the issue was resolved quickly.
FB-0004498,CUST-101519,2026-02-26,8.4,The platform has been reliable and support was helpful.
FB-0004499,CUST-101520,2026-05-14,3.5,The service problems and billing issues make it difficult to justify continuing.
FB-0004500,CUST-101520,2026-07-05,4.1,The service problems and billing issues make it difficult to justify continuing.
FB-0004501,CUST-101520,2026-06-12,5.9,We've had too many problems and are seriously considering alternatives.
FB-0004502,CUST-101521,2026-03-08,6.9,I'm not sure we're getting enough value from the subscription.
FB-0004503,CUST-101521,2026-03-06,5.0,I'm not sure we're getting enough value from the subscription.
FB-0004504,CUST-101522,2026-02-16,2.9,We're evaluating alternatives and may move away from the platform.
FB-0004505,CUST-101522,2026-06-02,4.1,We're evaluating alternatives and may move away from the platform.
FB-0004506,CUST-101523,2026-06-22,4.8,I don't understand the latest invoice.
FB-0004507,CUST-101523,2026-05-08,4.9,There appears to be an unexpected charge on my account.
FB-0004508,CUST-101524,2026-06-18,3.2,Several important features are not working as expected.
FB-0004509,CUST-101524,2026-04-10,4.3,The recent product changes made our workflow harder.
FB-0004510,CUST-101525,2026-03-05,4.9,We are considering cancelling at renewal.
FB-0004511,CUST-101525,2026-07-13,2.8,We are considering cancelling at renewal.
FB-0004512,CUST-101525,2026-06-29,3.5,We are considering cancelling at renewal.
FB-0004513,CUST-101526,2026-07-26,7.1,The platform has been reliable and support was helpful.
FB-0004514,CUST-101526,2026-03-04,7.3,The platform has been reliable and support was helpful.
FB-0004515,CUST-101527,2026-07-11,8.7,Everything worked well and the issue was resolved quickly.
FB-0004516,CUST-101527,2026-04-16,8.3,The platform has been reliable and support was helpful.
FB-0004517,CUST-101528,2026-02-16,10.0,The platform has been reliable and support was helpful.
FB-0004518,CUST-101528,2026-07-07,9.3,Everything worked well and the issue was resolved quickly.
FB-0004519,CUST-101529,2026-05-11,4.6,I've contacted support multiple times for the same issue.
FB-0004520,CUST-101529,2026-05-06,5.9,The problem is still unresolved and this is becoming frustrating.
FB-0004521,CUST-101530,2026-07-06,5.4,The problem is still unresolved and this is becoming frustrating.
FB-0004522,CUST-101530,2026-05-01,3.1,I've contacted support multiple times for the same issue.
FB-0004523,CUST-101530,2026-06-12,7.2,I've contacted support multiple times for the same issue.
FB-0004524,CUST-101530,2026-07-18,4.5,The problem is still unresolved and this is becoming frustrating.
FB-0004525,CUST-101531,2026-03-23,6.5,There appears to be an unexpected charge on my account.
FB-0004526,CUST-101531,2026-03-20,5.8,There appears to be an unexpected charge on my account.
FB-0004527,CUST-101531,2026-02-08,5.9,I don't understand the latest invoice.
FB-0004528,CUST-101532,2026-04-18,6.5,The platform has been reliable and support was helpful.
FB-0004529,CUST-101532,2026-02-26,7.8,Everything worked well and the issue was resolved quickly.
FB-0004530,CUST-101532,2026-06-07,7.1,The platform has been reliable and support was helpful.
FB-0004531,CUST-101532,2026-06-18,7.2,The platform has been reliable and support was helpful.
FB-0004532,CUST-101533,2026-03-17,9.0,Everything worked well and the issue was resolved quickly.
FB-0004533,CUST-101533,2026-05-05,7.9,The platform has been reliable and support was helpful.
FB-0004534,CUST-101533,2026-06-10,8.4,Everything worked well and the issue was resolved quickly.
FB-0004535,CUST-101534,2026-02-23,4.3,We're evaluating alternatives and may move away from the platform.
FB-0004536,CUST-101534,2026-05-03,3.9,We're evaluating alternatives and may move away from the platform.
FB-0004537,CUST-101534,2026-05-10,4.7,We are considering cancelling at renewal.
FB-0004538,CUST-101535,2026-02-13,6.7,I'm not sure we're getting enough value from the subscription.
FB-0004539,CUST-101535,2026-07-22,5.9,I'm not sure we're getting enough value from the subscription.
FB-0004540,CUST-101535,2026-06-04,6.7,We aren't using the platform as much as before.
FB-0004541,CUST-101535,2026-06-01,7.1,I'm not sure we're getting enough value from the subscription.
FB-0004542,CUST-101536,2026-07-03,6.9,There appears to be an unexpected charge on my account.
FB-0004543,CUST-101536,2026-02-20,5.5,I don't understand the latest invoice.
FB-0004544,CUST-101537,2026-02-28,6.5,There appears to be an unexpected charge on my account.
FB-0004545,CUST-101537,2026-03-15,5.7,There appears to be an unexpected charge on my account.
FB-0004546,CUST-101537,2026-02-11,6.5,There appears to be an unexpected charge on my account.
FB-0004547,CUST-101538,2026-06-04,4.6,Several important features are not working as expected.
FB-0004548,CUST-101538,2026-07-25,4.6,The recent product changes made our workflow harder.
FB-0004549,CUST-101538,2026-05-29,3.7,Several important features are not working as expected.
FB-0004550,CUST-101539,2026-02-09,7.2,I'm not sure we're getting enough value from the subscription.
FB-0004551,CUST-101539,2026-05-18,8.4,We aren't using the platform as much as before.
FB-0004552,CUST-101539,2026-02-04,8.6,I'm not sure we're getting enough value from the subscription.
FB-0004553,CUST-101539,2026-02-15,6.7,We aren't using the platform as much as before.
FB-0004554,CUST-101540,2026-05-20,7.0,I don't understand the latest invoice.
FB-0004555,CUST-101540,2026-06-30,6.1,There appears to be an unexpected charge on my account.
FB-0004556,CUST-101540,2026-06-23,5.2,I don't understand the latest invoice.
FB-0004557,CUST-101541,2026-05-05,6.2,I'm not sure we're getting enough value from the subscription.
FB-0004558,CUST-101541,2026-06-27,5.9,I'm not sure we're getting enough value from the subscription.
FB-0004559,CUST-101542,2026-04-15,4.5,Several important features are not working as expected.
FB-0004560,CUST-101542,2026-06-27,5.1,Several important features are not working as expected.
FB-0004561,CUST-101542,2026-04-01,6.2,Several important features are not working as expected.
FB-0004562,CUST-101543,2026-03-08,6.2,We aren't using the platform as much as before.
FB-0004563,CUST-101543,2026-05-08,4.6,We aren't using the platform as much as before.
FB-0004564,CUST-101543,2026-02-22,5.7,We aren't using the platform as much as before.
FB-0004565,CUST-101544,2026-04-26,6.1,I'm not sure we're getting enough value from the subscription.
FB-0004566,CUST-101544,2026-07-22,6.7,We aren't using the platform as much as before.
FB-0004567,CUST-101544,2026-03-16,6.4,I'm not sure we're getting enough value from the subscription.
FB-0004568,CUST-101545,2026-04-25,4.6,The recent product changes made our workflow harder.
FB-0004569,CUST-101545,2026-05-22,4.7,The recent product changes made our workflow harder.
FB-0004570,CUST-101545,2026-05-11,6.3,Several important features are not working as expected.
FB-0004571,CUST-101546,2026-07-27,7.1,The platform has been reliable and support was helpful.
FB-0004572,CUST-101546,2026-03-30,8.3,Everything worked well and the issue was resolved quickly.
FB-0004573,CUST-101546,2026-07-18,7.1,The platform has been reliable and support was helpful.
FB-0004574,CUST-101546,2026-05-18,8.3,Everything worked well and the issue was resolved quickly.
FB-0004575,CUST-101547,2026-07-14,4.3,We're evaluating alternatives and may move away from the platform.
FB-0004576,CUST-101547,2026-03-07,3.7,We're evaluating alternatives and may move away from the platform.
FB-0004577,CUST-101548,2026-07-06,9.4,"I was frustrated by the new interface, but overall the product is valuable."
FB-0004578,CUST-101548,2026-03-27,8.1,"The issue was annoying, but the team resolved it quickly."
FB-0004579,CUST-101549,2026-07-21,1.9,We've had too many problems and are seriously considering alternatives.
FB-0004580,CUST-101549,2026-02-23,4.4,We've had too many problems and are seriously considering alternatives.
FB-0004581,CUST-101549,2026-02-07,5.5,We've had too many problems and are seriously considering alternatives.
FB-0004582,CUST-101550,2026-05-28,5.9,The recent product changes made our workflow harder.
FB-0004583,CUST-101550,2026-03-27,3.9,Several important features are not working as expected.
FB-0004584,CUST-101550,2026-03-30,5.0,Several important features are not working as expected.
FB-0004585,CUST-101550,2026-02-03,5.9,Several important features are not working as expected.
FB-0004586,CUST-101551,2026-04-20,9.0,The platform has been reliable and support was helpful.
FB-0004587,CUST-101551,2026-05-18,7.5,The platform has been reliable and support was helpful.
FB-0004588,CUST-101551,2026-03-24,7.9,The platform has been reliable and support was helpful.
FB-0004589,CUST-101551,2026-04-21,9.0,The platform has been reliable and support was helpful.
FB-0004590,CUST-101552,2026-05-24,6.0,I'm not sure we're getting enough value from the subscription.
FB-0004591,CUST-101552,2026-07-16,6.7,I'm not sure we're getting enough value from the subscription.
FB-0004592,CUST-101553,2026-07-01,6.3,I don't understand the latest invoice.
FB-0004593,CUST-101553,2026-06-05,6.9,There appears to be an unexpected charge on my account.
FB-0004594,CUST-101553,2026-05-16,5.7,I don't understand the latest invoice.
FB-0004595,CUST-101554,2026-07-04,7.7,The platform has been reliable and support was helpful.
FB-0004596,CUST-101554,2026-06-17,8.5,Everything worked well and the issue was resolved quickly.
FB-0004597,CUST-101554,2026-04-24,9.1,Everything worked well and the issue was resolved quickly.
FB-0004598,CUST-101555,2026-02-13,4.4,The problem is still unresolved and this is becoming frustrating.
FB-0004599,CUST-101555,2026-07-20,4.3,The problem is still unresolved and this is becoming frustrating.
FB-0004600,CUST-101555,2026-07-12,3.1,I've contacted support multiple times for the same issue.
FB-0004601,CUST-101555,2026-06-03,6.8,The problem is still unresolved and this is becoming frustrating.
FB-0004602,CUST-101556,2026-03-20,4.7,I've contacted support multiple times for the same issue.
FB-0004603,CUST-101556,2026-02-24,4.5,The problem is still unresolved and this is becoming frustrating.
FB-0004604,CUST-101557,2026-05-13,8.4,Everything worked well and the issue was resolved quickly.
FB-0004605,CUST-101557,2026-07-18,7.8,The platform has been reliable and support was helpful.
FB-0004606,CUST-101558,2026-03-25,8.5,Everything worked well and the issue was resolved quickly.
FB-0004607,CUST-101558,2026-02-26,7.6,The platform has been reliable and support was helpful.
FB-0004608,CUST-101559,2026-02-19,7.6,We aren't using the platform as much as before.
FB-0004609,CUST-101559,2026-03-29,6.8,We aren't using the platform as much as before.
FB-0004610,CUST-101560,2026-03-04,7.4,I don't understand the latest invoice.
FB-0004611,CUST-101560,2026-03-23,4.7,I don't understand the latest invoice.
FB-0004612,CUST-101560,2026-06-15,6.9,There appears to be an unexpected charge on my account.
FB-0004613,CUST-101560,2026-04-30,5.6,There appears to be an unexpected charge on my account.
FB-0004614,CUST-101561,2026-03-31,6.4,Everything worked well and the issue was resolved quickly.
FB-0004615,CUST-101561,2026-03-22,9.4,The platform has been reliable and support was helpful.
FB-0004616,CUST-101561,2026-03-09,7.9,The platform has been reliable and support was helpful.
FB-0004617,CUST-101561,2026-02-22,8.0,Everything worked well and the issue was resolved quickly.
FB-0004618,CUST-101562,2026-06-18,4.9,The problem is still unresolved and this is becoming frustrating.
FB-0004619,CUST-101562,2026-05-31,5.1,The problem is still unresolved and this is becoming frustrating.
FB-0004620,CUST-101562,2026-02-15,4.3,The problem is still unresolved and this is becoming frustrating.
FB-0004621,CUST-101562,2026-03-06,3.6,The problem is still unresolved and this is becoming frustrating.
FB-0004622,CUST-101563,2026-04-20,9.8,The platform has been reliable and support was helpful.
FB-0004623,CUST-101563,2026-03-29,8.1,The platform has been reliable and support was helpful.
FB-0004624,CUST-101564,2026-07-16,3.5,The problem is still unresolved and this is becoming frustrating.
FB-0004625,CUST-101564,2026-05-31,5.8,The problem is still unresolved and this is becoming frustrating.
FB-0004626,CUST-101564,2026-05-22,6.1,I've contacted support multiple times for the same issue.
FB-0004627,CUST-101565,2026-07-27,8.2,Everything worked well and the issue was resolved quickly.
FB-0004628,CUST-101565,2026-07-04,7.8,The platform has been reliable and support was helpful.
FB-0004629,CUST-101565,2026-03-26,9.5,The platform has been reliable and support was helpful.
FB-0004630,CUST-101565,2026-07-06,9.6,Everything worked well and the issue was resolved quickly.
FB-0004631,CUST-101566,2026-03-22,8.8,Everything worked well and the issue was resolved quickly.
FB-0004632,CUST-101566,2026-06-22,9.5,The platform has been reliable and support was helpful.
FB-0004633,CUST-101567,2026-02-19,6.2,There appears to be an unexpected charge on my account.
FB-0004634,CUST-101567,2026-05-27,4.4,I don't understand the latest invoice.
FB-0004635,CUST-101568,2026-05-07,5.9,There appears to be an unexpected charge on my account.
FB-0004636,CUST-101568,2026-05-18,5.7,I don't understand the latest invoice.
FB-0004637,CUST-101568,2026-07-21,4.6,I don't understand the latest invoice.
FB-0004638,CUST-101569,2026-07-05,9.7,The platform has been reliable and support was helpful.
FB-0004639,CUST-101569,2026-06-06,9.1,Everything worked well and the issue was resolved quickly.
FB-0004640,CUST-101570,2026-06-12,3.0,We're evaluating alternatives and may move away from the platform.
FB-0004641,CUST-101570,2026-05-27,3.4,We're evaluating alternatives and may move away from the platform.
FB-0004642,CUST-101570,2026-04-19,3.2,We are considering cancelling at renewal.
FB-0004643,CUST-101571,2026-05-11,6.3,There appears to be an unexpected charge on my account.
FB-0004644,CUST-101571,2026-03-31,5.9,There appears to be an unexpected charge on my account.
FB-0004645,CUST-101571,2026-04-27,5.5,I don't understand the latest invoice.
FB-0004646,CUST-101571,2026-02-13,5.3,There appears to be an unexpected charge on my account.
FB-0004647,CUST-101572,2026-03-26,6.3,We aren't using the platform as much as before.
FB-0004648,CUST-101572,2026-03-11,7.1,We aren't using the platform as much as before.
FB-0004649,CUST-101572,2026-05-16,7.6,I'm not sure we're getting enough value from the subscription.
FB-0004650,CUST-101573,2026-07-22,8.1,The platform has been reliable and support was helpful.
FB-0004651,CUST-101573,2026-06-26,8.4,Everything worked well and the issue was resolved quickly.
FB-0004652,CUST-101573,2026-02-03,8.2,The platform has been reliable and support was helpful.
FB-0004653,CUST-101574,2026-03-27,7.5,The platform has been reliable and support was helpful.
FB-0004654,CUST-101574,2026-05-06,8.9,The platform has been reliable and support was helpful.
FB-0004655,CUST-101574,2026-05-06,10.0,The platform has been reliable and support was helpful.
FB-0004656,CUST-101575,2026-02-07,10.0,The platform has been reliable and support was helpful.
FB-0004657,CUST-101575,2026-05-31,9.9,The platform has been reliable and support was helpful.
FB-0004658,CUST-101575,2026-03-21,7.4,The platform has been reliable and support was helpful.
FB-0004659,CUST-101575,2026-03-17,8.7,The platform has been reliable and support was helpful.
FB-0004660,CUST-101576,2026-04-23,9.4,The platform has been reliable and support was helpful.
FB-0004661,CUST-101576,2026-07-22,8.9,The platform has been reliable and support was helpful.
FB-0004662,CUST-101577,2026-06-03,6.9,I'm not sure we're getting enough value from the subscription.
FB-0004663,CUST-101577,2026-07-17,7.7,I'm not sure we're getting enough value from the subscription.
FB-0004664,CUST-101577,2026-06-13,7.9,I'm not sure we're getting enough value from the subscription.
FB-0004665,CUST-101578,2026-03-14,9.6,The platform has been reliable and support was helpful.
FB-0004666,CUST-101578,2026-04-12,10.0,The platform has been reliable and support was helpful.
FB-0004667,CUST-101578,2026-07-27,8.2,The platform has been reliable and support was helpful.
FB-0004668,CUST-101578,2026-04-04,9.3,The platform has been reliable and support was helpful.
FB-0004669,CUST-101579,2026-06-12,3.3,I've contacted support multiple times for the same issue.
FB-0004670,CUST-101579,2026-03-03,5.3,I've contacted support multiple times for the same issue.
FB-0004671,CUST-101580,2026-04-30,7.5,"The issue was annoying, but the team resolved it quickly."
FB-0004672,CUST-101580,2026-02-11,8.7,"I was frustrated by the new interface, but overall the product is valuable."
FB-0004673,CUST-101580,2026-06-26,9.2,"I was frustrated by the new interface, but overall the product is valuable."
FB-0004674,CUST-101581,2026-02-26,8.6,Everything worked well and the issue was resolved quickly.
FB-0004675,CUST-101581,2026-03-18,9.2,Everything worked well and the issue was resolved quickly.
FB-0004676,CUST-101582,2026-02-12,4.2,The problem is still unresolved and this is becoming frustrating.
FB-0004677,CUST-101582,2026-05-17,3.6,I've contacted support multiple times for the same issue.
FB-0004678,CUST-101582,2026-03-21,3.6,The problem is still unresolved and this is becoming frustrating.
FB-0004679,CUST-101582,2026-06-30,5.3,The problem is still unresolved and this is becoming frustrating.
FB-0004680,CUST-101583,2026-03-03,7.9,The platform has been reliable and support was helpful.
FB-0004681,CUST-101583,2026-06-02,9.3,Everything worked well and the issue was resolved quickly.
FB-0004682,CUST-101583,2026-02-10,6.4,Everything worked well and the issue was resolved quickly.
FB-0004683,CUST-101584,2026-06-06,8.9,Everything worked well and the issue was resolved quickly.
FB-0004684,CUST-101584,2026-05-11,8.9,Everything worked well and the issue was resolved quickly.
FB-0004685,CUST-101584,2026-04-15,5.8,Everything worked well and the issue was resolved quickly.
FB-0004686,CUST-101585,2026-07-10,7.0,I'm not sure we're getting enough value from the subscription.
FB-0004687,CUST-101585,2026-06-27,6.4,We aren't using the platform as much as before.
FB-0004688,CUST-101586,2026-03-09,8.3,I'm not sure we're getting enough value from the subscription.
FB-0004689,CUST-101586,2026-07-11,5.1,We aren't using the platform as much as before.
FB-0004690,CUST-101586,2026-06-11,7.0,We aren't using the platform as much as before.
FB-0004691,CUST-101586,2026-04-08,8.5,We aren't using the platform as much as before.
FB-0004692,CUST-101587,2026-03-17,7.4,Everything worked well and the issue was resolved quickly.
FB-0004693,CUST-101587,2026-07-17,9.7,Everything worked well and the issue was resolved quickly.
FB-0004694,CUST-101587,2026-07-19,9.0,Everything worked well and the issue was resolved quickly.
FB-0004695,CUST-101587,2026-05-17,7.4,Everything worked well and the issue was resolved quickly.
FB-0004696,CUST-101588,2026-03-08,5.6,We aren't using the platform as much as before.
FB-0004697,CUST-101588,2026-07-15,6.5,We aren't using the platform as much as before.
FB-0004698,CUST-101588,2026-04-21,7.1,We aren't using the platform as much as before.
FB-0004699,CUST-101588,2026-06-12,8.4,We aren't using the platform as much as before.
FB-0004700,CUST-101589,2026-03-24,2.5,We've had too many problems and are seriously considering alternatives.
FB-0004701,CUST-101589,2026-02-21,2.4,The service problems and billing issues make it difficult to justify continuing.
FB-0004702,CUST-101589,2026-05-03,4.3,We've had too many problems and are seriously considering alternatives.
FB-0004703,CUST-101590,2026-07-25,7.9,The platform has been reliable and support was helpful.
FB-0004704,CUST-101590,2026-07-16,9.3,The platform has been reliable and support was helpful.
FB-0004705,CUST-101590,2026-03-17,8.5,The platform has been reliable and support was helpful.
FB-0004706,CUST-101591,2026-06-01,10.0,Everything worked well and the issue was resolved quickly.
FB-0004707,CUST-101591,2026-05-19,9.9,Everything worked well and the issue was resolved quickly.
FB-0004708,CUST-101591,2026-03-05,7.8,Everything worked well and the issue was resolved quickly.
FB-0004709,CUST-101592,2026-06-05,3.8,The recent product changes made our workflow harder.
FB-0004710,CUST-101592,2026-06-14,4.0,The recent product changes made our workflow harder.
FB-0004711,CUST-101592,2026-04-08,5.7,Several important features are not working as expected.
FB-0004712,CUST-101592,2026-04-29,4.1,Several important features are not working as expected.
FB-0004713,CUST-101593,2026-06-11,4.1,I've contacted support multiple times for the same issue.
FB-0004714,CUST-101593,2026-05-29,4.4,I've contacted support multiple times for the same issue.
FB-0004715,CUST-101593,2026-07-26,4.9,I've contacted support multiple times for the same issue.
FB-0004716,CUST-101593,2026-05-01,4.1,I've contacted support multiple times for the same issue.
FB-0004717,CUST-101594,2026-02-14,10.0,Everything worked well and the issue was resolved quickly.
FB-0004718,CUST-101594,2026-02-17,8.6,Everything worked well and the issue was resolved quickly.
FB-0004719,CUST-101594,2026-02-23,9.6,Everything worked well and the issue was resolved quickly.
FB-0004720,CUST-101595,2026-04-17,3.1,We've had too many problems and are seriously considering alternatives.
FB-0004721,CUST-101595,2026-03-12,3.4,The service problems and billing issues make it difficult to justify continuing.
FB-0004722,CUST-101595,2026-04-12,3.8,The service problems and billing issues make it difficult to justify continuing.
FB-0004723,CUST-101595,2026-07-14,4.3,We've had too many problems and are seriously considering alternatives.
FB-0004724,CUST-101596,2026-07-20,5.3,Several important features are not working as expected.
FB-0004725,CUST-101596,2026-06-05,5.0,Several important features are not working as expected.
FB-0004726,CUST-101596,2026-06-07,4.8,Several important features are not working as expected.
FB-0004727,CUST-101596,2026-05-15,3.9,The recent product changes made our workflow harder.
FB-0004728,CUST-101597,2026-05-03,10.0,The platform has been reliable and support was helpful.
FB-0004729,CUST-101597,2026-05-16,7.7,The platform has been reliable and support was helpful.
FB-0004730,CUST-101597,2026-07-07,8.6,Everything worked well and the issue was resolved quickly.
FB-0004731,CUST-101597,2026-07-06,8.4,The platform has been reliable and support was helpful.
FB-0004732,CUST-101598,2026-06-03,9.3,Everything worked well and the issue was resolved quickly.
FB-0004733,CUST-101598,2026-04-06,8.0,Everything worked well and the issue was resolved quickly.
FB-0004734,CUST-101598,2026-04-22,10.0,The platform has been reliable and support was helpful.
FB-0004735,CUST-101598,2026-04-23,10.0,The platform has been reliable and support was helpful.
FB-0004736,CUST-101599,2026-07-08,9.0,Everything worked well and the issue was resolved quickly.
FB-0004737,CUST-101599,2026-02-27,9.6,The platform has been reliable and support was helpful.
FB-0004738,CUST-101600,2026-06-13,2.9,We are considering cancelling at renewal.
FB-0004739,CUST-101600,2026-02-27,4.1,We're evaluating alternatives and may move away from the platform.
FB-0004740,CUST-101601,2026-06-02,5.4,I don't understand the latest invoice.
FB-0004741,CUST-101601,2026-03-31,6.2,There appears to be an unexpected charge on my account.
FB-0004742,CUST-101601,2026-07-05,5.4,I don't understand the latest invoice.
FB-0004743,CUST-101601,2026-03-13,5.8,There appears to be an unexpected charge on my account.
FB-0004744,CUST-101602,2026-07-24,10.0,Everything worked well and the issue was resolved quickly.
FB-0004745,CUST-101602,2026-05-11,7.7,The platform has been reliable and support was helpful.
FB-0004746,CUST-101603,2026-06-03,7.2,The platform has been reliable and support was helpful.
FB-0004747,CUST-101603,2026-04-01,10.0,Everything worked well and the issue was resolved quickly.
FB-0004748,CUST-101604,2026-05-09,7.0,We aren't using the platform as much as before.
FB-0004749,CUST-101604,2026-07-23,8.0,I'm not sure we're getting enough value from the subscription.
FB-0004750,CUST-101604,2026-05-09,8.0,I'm not sure we're getting enough value from the subscription.
FB-0004751,CUST-101605,2026-04-27,8.6,The platform has been reliable and support was helpful.
FB-0004752,CUST-101605,2026-02-22,9.1,Everything worked well and the issue was resolved quickly.
FB-0004753,CUST-101605,2026-03-27,8.1,Everything worked well and the issue was resolved quickly.
FB-0004754,CUST-101606,2026-07-24,9.0,The platform has been reliable and support was helpful.
FB-0004755,CUST-101606,2026-02-12,8.8,The platform has been reliable and support was helpful.
FB-0004756,CUST-101607,2026-06-25,8.3,We aren't using the platform as much as before.
FB-0004757,CUST-101607,2026-02-14,6.5,We aren't using the platform as much as before.
FB-0004758,CUST-101607,2026-02-15,8.3,I'm not sure we're getting enough value from the subscription.
FB-0004759,CUST-101607,2026-04-12,6.7,We aren't using the platform as much as before.
FB-0004760,CUST-101608,2026-06-10,5.8,I don't understand the latest invoice.
FB-0004761,CUST-101608,2026-05-26,5.7,There appears to be an unexpected charge on my account.
FB-0004762,CUST-101608,2026-04-18,5.5,There appears to be an unexpected charge on my account.
FB-0004763,CUST-101609,2026-03-30,4.7,I've contacted support multiple times for the same issue.
FB-0004764,CUST-101609,2026-07-01,5.4,I've contacted support multiple times for the same issue.
FB-0004765,CUST-101610,2026-07-21,5.1,The problem is still unresolved and this is becoming frustrating.
FB-0004766,CUST-101610,2026-03-10,3.6,I've contacted support multiple times for the same issue.
FB-0004767,CUST-101610,2026-02-22,4.9,I've contacted support multiple times for the same issue.
FB-0004768,CUST-101610,2026-04-05,5.0,I've contacted support multiple times for the same issue.
FB-0004769,CUST-101611,2026-03-22,5.9,I don't understand the latest invoice.
FB-0004770,CUST-101611,2026-03-24,4.6,There appears to be an unexpected charge on my account.
FB-0004771,CUST-101611,2026-06-09,4.3,There appears to be an unexpected charge on my account.
FB-0004772,CUST-101611,2026-07-05,4.9,There appears to be an unexpected charge on my account.
FB-0004773,CUST-101612,2026-06-01,2.7,We are considering cancelling at renewal.
FB-0004774,CUST-101612,2026-04-12,5.2,We're evaluating alternatives and may move away from the platform.
FB-0004775,CUST-101612,2026-07-24,4.2,We are considering cancelling at renewal.
FB-0004776,CUST-101613,2026-06-07,6.1,There appears to be an unexpected charge on my account.
FB-0004777,CUST-101613,2026-07-05,5.7,I don't understand the latest invoice.
FB-0004778,CUST-101613,2026-02-17,6.3,I don't understand the latest invoice.
FB-0004779,CUST-101614,2026-05-25,7.2,Everything worked well and the issue was resolved quickly.
FB-0004780,CUST-101614,2026-03-06,7.2,The platform has been reliable and support was helpful.
FB-0004781,CUST-101614,2026-06-16,9.6,Everything worked well and the issue was resolved quickly.
FB-0004782,CUST-101614,2026-03-12,9.2,The platform has been reliable and support was helpful.
FB-0004783,CUST-101615,2026-05-29,7.0,We aren't using the platform as much as before.
FB-0004784,CUST-101615,2026-02-28,6.7,I'm not sure we're getting enough value from the subscription.
FB-0004785,CUST-101615,2026-04-06,5.6,I'm not sure we're getting enough value from the subscription.
FB-0004786,CUST-101615,2026-03-28,4.8,I'm not sure we're getting enough value from the subscription.
FB-0004787,CUST-101616,2026-04-22,7.8,There appears to be an unexpected charge on my account.
FB-0004788,CUST-101616,2026-03-23,5.6,There appears to be an unexpected charge on my account.
FB-0004789,CUST-101617,2026-06-28,3.8,I've contacted support multiple times for the same issue.
FB-0004790,CUST-101617,2026-03-26,4.8,The problem is still unresolved and this is becoming frustrating.
FB-0004791,CUST-101617,2026-02-10,4.6,The problem is still unresolved and this is becoming frustrating.
FB-0004792,CUST-101618,2026-07-05,9.0,Everything worked well and the issue was resolved quickly.
FB-0004793,CUST-101618,2026-07-23,7.7,Everything worked well and the issue was resolved quickly.
FB-0004794,CUST-101619,2026-06-25,7.2,There appears to be an unexpected charge on my account.
FB-0004795,CUST-101619,2026-03-07,7.2,There appears to be an unexpected charge on my account.
FB-0004796,CUST-101619,2026-05-23,6.0,There appears to be an unexpected charge on my account.
FB-0004797,CUST-101620,2026-07-13,8.6,Everything worked well and the issue was resolved quickly.
FB-0004798,CUST-101620,2026-03-25,8.1,Everything worked well and the issue was resolved quickly.
FB-0004799,CUST-101620,2026-05-22,7.7,The platform has been reliable and support was helpful.
FB-0004800,CUST-101620,2026-05-22,7.6,The platform has been reliable and support was helpful.
FB-0004801,CUST-101621,2026-05-15,4.7,The recent product changes made our workflow harder.
FB-0004802,CUST-101621,2026-05-30,4.9,The recent product changes made our workflow harder.
FB-0004803,CUST-101621,2026-02-20,4.8,The recent product changes made our workflow harder.
FB-0004804,CUST-101621,2026-05-17,4.7,The recent product changes made our workflow harder.
FB-0004805,CUST-101622,2026-07-01,9.6,The platform has been reliable and support was helpful.
FB-0004806,CUST-101622,2026-05-27,8.1,The platform has been reliable and support was helpful.
FB-0004807,CUST-101623,2026-04-26,8.9,Everything worked well and the issue was resolved quickly.
FB-0004808,CUST-101623,2026-06-18,8.2,The platform has been reliable and support was helpful.
FB-0004809,CUST-101623,2026-03-30,7.9,The platform has been reliable and support was helpful.
FB-0004810,CUST-101623,2026-03-16,6.4,Everything worked well and the issue was resolved quickly.
FB-0004811,CUST-101624,2026-06-06,6.9,I'm not sure we're getting enough value from the subscription.
FB-0004812,CUST-101624,2026-06-16,6.7,We aren't using the platform as much as before.
FB-0004813,CUST-101624,2026-07-05,6.8,We aren't using the platform as much as before.
FB-0004814,CUST-101625,2026-06-19,3.3,The recent product changes made our workflow harder.
FB-0004815,CUST-101625,2026-05-27,3.9,Several important features are not working as expected.
FB-0004816,CUST-101626,2026-03-07,4.8,The problem is still unresolved and this is becoming frustrating.
FB-0004817,CUST-101626,2026-07-01,4.3,I've contacted support multiple times for the same issue.
FB-0004818,CUST-101627,2026-04-27,5.6,There appears to be an unexpected charge on my account.
FB-0004819,CUST-101627,2026-02-18,6.5,There appears to be an unexpected charge on my account.
FB-0004820,CUST-101627,2026-07-09,5.6,I don't understand the latest invoice.
FB-0004821,CUST-101627,2026-02-12,7.2,There appears to be an unexpected charge on my account.
FB-0004822,CUST-101628,2026-07-07,9.0,The platform has been reliable and support was helpful.
FB-0004823,CUST-101628,2026-02-25,8.2,The platform has been reliable and support was helpful.
FB-0004824,CUST-101628,2026-05-23,8.1,Everything worked well and the issue was resolved quickly.
FB-0004825,CUST-101628,2026-04-16,9.1,The platform has been reliable and support was helpful.
FB-0004826,CUST-101629,2026-06-15,3.2,The problem is still unresolved and this is becoming frustrating.
FB-0004827,CUST-101629,2026-03-08,5.6,The problem is still unresolved and this is becoming frustrating.
FB-0004828,CUST-101629,2026-06-15,5.1,I've contacted support multiple times for the same issue.
FB-0004829,CUST-101629,2026-06-18,2.8,I've contacted support multiple times for the same issue.
FB-0004830,CUST-101630,2026-05-04,5.3,We aren't using the platform as much as before.
FB-0004831,CUST-101630,2026-02-04,5.8,I'm not sure we're getting enough value from the subscription.
FB-0004832,CUST-101631,2026-02-24,6.5,There appears to be an unexpected charge on my account.
FB-0004833,CUST-101631,2026-03-08,4.5,I don't understand the latest invoice.
FB-0004834,CUST-101632,2026-05-01,9.4,Everything worked well and the issue was resolved quickly.
FB-0004835,CUST-101632,2026-06-14,9.5,Everything worked well and the issue was resolved quickly.
FB-0004836,CUST-101632,2026-06-29,9.7,Everything worked well and the issue was resolved quickly.
FB-0004837,CUST-101632,2026-04-20,9.3,Everything worked well and the issue was resolved quickly.
FB-0004838,CUST-101633,2026-06-20,4.3,We are considering cancelling at renewal.
FB-0004839,CUST-101633,2026-05-24,2.9,We are considering cancelling at renewal.
FB-0004840,CUST-101633,2026-06-02,5.8,We're evaluating alternatives and may move away from the platform.
FB-0004841,CUST-101633,2026-04-08,1.6,We are considering cancelling at renewal.
FB-0004842,CUST-101634,2026-03-12,7.1,We aren't using the platform as much as before.
FB-0004843,CUST-101634,2026-05-03,6.7,I'm not sure we're getting enough value from the subscription.
FB-0004844,CUST-101634,2026-02-14,6.4,We aren't using the platform as much as before.
FB-0004845,CUST-101634,2026-04-18,6.5,We aren't using the platform as much as before.
FB-0004846,CUST-101635,2026-06-05,8.2,Everything worked well and the issue was resolved quickly.
FB-0004847,CUST-101635,2026-05-16,10.0,Everything worked well and the issue was resolved quickly.
FB-0004848,CUST-101635,2026-02-26,10.0,Everything worked well and the issue was resolved quickly.
FB-0004849,CUST-101635,2026-07-06,7.5,The platform has been reliable and support was helpful.
FB-0004850,CUST-101636,2026-02-27,7.0,I'm not sure we're getting enough value from the subscription.
FB-0004851,CUST-101636,2026-02-24,5.5,I'm not sure we're getting enough value from the subscription.
FB-0004852,CUST-101636,2026-06-15,6.1,We aren't using the platform as much as before.
FB-0004853,CUST-101636,2026-06-27,6.5,We aren't using the platform as much as before.
FB-0004854,CUST-101637,2026-05-29,8.4,The platform has been reliable and support was helpful.
FB-0004855,CUST-101637,2026-05-15,9.4,Everything worked well and the issue was resolved quickly.
FB-0004856,CUST-101637,2026-03-15,8.4,Everything worked well and the issue was resolved quickly.
FB-0004857,CUST-101637,2026-02-27,7.3,The platform has been reliable and support was helpful.
FB-0004858,CUST-101638,2026-04-24,7.7,The platform has been reliable and support was helpful.
FB-0004859,CUST-101638,2026-07-04,8.5,Everything worked well and the issue was resolved quickly.
FB-0004860,CUST-101639,2026-04-17,5.5,There appears to be an unexpected charge on my account.
FB-0004861,CUST-101639,2026-05-31,5.5,There appears to be an unexpected charge on my account.
FB-0004862,CUST-101639,2026-05-10,6.2,There appears to be an unexpected charge on my account.
FB-0004863,CUST-101640,2026-05-11,7.9,"I was frustrated by the new interface, but overall the product is valuable."
FB-0004864,CUST-101640,2026-07-02,9.5,"I was frustrated by the new interface, but overall the product is valuable."
FB-0004865,CUST-101641,2026-05-24,8.3,Everything worked well and the issue was resolved quickly.
FB-0004866,CUST-101641,2026-06-13,8.3,The platform has been reliable and support was helpful.
FB-0004867,CUST-101641,2026-05-26,9.1,Everything worked well and the issue was resolved quickly.
FB-0004868,CUST-101642,2026-05-01,8.8,The platform has been reliable and support was helpful.
FB-0004869,CUST-101642,2026-04-14,8.1,The platform has been reliable and support was helpful.
FB-0004870,CUST-101642,2026-07-07,9.9,Everything worked well and the issue was resolved quickly.
FB-0004871,CUST-101642,2026-02-04,6.7,The platform has been reliable and support was helpful.
FB-0004872,CUST-101643,2026-05-10,4.7,Several important features are not working as expected.
FB-0004873,CUST-101643,2026-05-19,7.6,The recent product changes made our workflow harder.
FB-0004874,CUST-101644,2026-03-21,7.0,The problem is still unresolved and this is becoming frustrating.
FB-0004875,CUST-101644,2026-05-07,4.5,The problem is still unresolved and this is becoming frustrating.
FB-0004876,CUST-101645,2026-05-05,6.1,I'm not sure we're getting enough value from the subscription.
FB-0004877,CUST-101645,2026-03-13,6.8,I'm not sure we're getting enough value from the subscription.
FB-0004878,CUST-101646,2026-06-20,7.9,"I was frustrated by the new interface, but overall the product is valuable."
FB-0004879,CUST-101646,2026-02-09,8.4,"The issue was annoying, but the team resolved it quickly."
FB-0004880,CUST-101646,2026-05-20,8.7,"I was frustrated by the new interface, but overall the product is valuable."
FB-0004881,CUST-101646,2026-02-12,9.0,"I was frustrated by the new interface, but overall the product is valuable."
FB-0004882,CUST-101647,2026-03-02,6.6,I've contacted support multiple times for the same issue.
FB-0004883,CUST-101647,2026-02-20,5.8,The problem is still unresolved and this is becoming frustrating.
FB-0004884,CUST-101647,2026-05-11,5.4,The problem is still unresolved and this is becoming frustrating.
FB-0004885,CUST-101648,2026-05-24,6.8,The platform has been reliable and support was helpful.
FB-0004886,CUST-101648,2026-07-11,7.1,The platform has been reliable and support was helpful.
FB-0004887,CUST-101648,2026-05-08,8.4,The platform has been reliable and support was helpful.
FB-0004888,CUST-101649,2026-03-11,4.7,The recent product changes made our workflow harder.
FB-0004889,CUST-101649,2026-07-11,2.9,The recent product changes made our workflow harder.
FB-0004890,CUST-101649,2026-07-09,4.9,Several important features are not working as expected.
FB-0004891,CUST-101650,2026-02-08,3.3,The service problems and billing issues make it difficult to justify continuing.
FB-0004892,CUST-101650,2026-02-16,5.7,We've had too many problems and are seriously considering alternatives.
FB-0004893,CUST-101650,2026-02-28,2.8,We've had too many problems and are seriously considering alternatives.
FB-0004894,CUST-101651,2026-06-19,3.0,The problem is still unresolved and this is becoming frustrating.
FB-0004895,CUST-101651,2026-04-06,3.4,I've contacted support multiple times for the same issue.
FB-0004896,CUST-101651,2026-02-10,5.8,I've contacted support multiple times for the same issue.
FB-0004897,CUST-101652,2026-04-28,9.7,Everything worked well and the issue was resolved quickly.
FB-0004898,CUST-101652,2026-04-26,9.7,The platform has been reliable and support was helpful.
FB-0004899,CUST-101652,2026-07-02,8.0,The platform has been reliable and support was helpful.
FB-0004900,CUST-101652,2026-04-19,9.2,Everything worked well and the issue was resolved quickly.
FB-0004901,CUST-101653,2026-02-19,6.4,Several important features are not working as expected.
FB-0004902,CUST-101653,2026-04-19,5.3,Several important features are not working as expected.
FB-0004903,CUST-101653,2026-06-22,7.4,Several important features are not working as expected.
FB-0004904,CUST-101654,2026-02-03,4.2,The problem is still unresolved and this is becoming frustrating.
FB-0004905,CUST-101654,2026-06-05,1.5,I've contacted support multiple times for the same issue.
FB-0004906,CUST-101654,2026-04-02,3.0,I've contacted support multiple times for the same issue.
FB-0004907,CUST-101654,2026-02-24,5.4,I've contacted support multiple times for the same issue.
FB-0004908,CUST-101655,2026-07-26,9.8,The platform has been reliable and support was helpful.
FB-0004909,CUST-101655,2026-03-19,7.8,Everything worked well and the issue was resolved quickly.
FB-0004910,CUST-101656,2026-05-29,5.0,The problem is still unresolved and this is becoming frustrating.
FB-0004911,CUST-101656,2026-04-13,3.8,The problem is still unresolved and this is becoming frustrating.
FB-0004912,CUST-101656,2026-02-23,5.2,The problem is still unresolved and this is becoming frustrating.
FB-0004913,CUST-101656,2026-02-17,4.3,I've contacted support multiple times for the same issue.
FB-0004914,CUST-101657,2026-02-22,6.8,The platform has been reliable and support was helpful.
FB-0004915,CUST-101657,2026-04-11,7.1,The platform has been reliable and support was helpful.
FB-0004916,CUST-101658,2026-03-29,3.5,The service problems and billing issues make it difficult to justify continuing.
FB-0004917,CUST-101658,2026-06-18,3.4,We've had too many problems and are seriously considering alternatives.
FB-0004918,CUST-101658,2026-06-23,4.7,We've had too many problems and are seriously considering alternatives.
FB-0004919,CUST-101658,2026-05-01,3.1,The service problems and billing issues make it difficult to justify continuing.
FB-0004920,CUST-101659,2026-07-03,1.8,The service problems and billing issues make it difficult to justify continuing.
FB-0004921,CUST-101659,2026-03-14,5.1,The service problems and billing issues make it difficult to justify continuing.
FB-0004922,CUST-101660,2026-06-09,7.4,"I was frustrated by the new interface, but overall the product is valuable."
FB-0004923,CUST-101660,2026-07-16,8.2,"I was frustrated by the new interface, but overall the product is valuable."
FB-0004924,CUST-101660,2026-05-27,9.3,"The issue was annoying, but the team resolved it quickly."
FB-0004925,CUST-101660,2026-02-22,9.5,"The issue was annoying, but the team resolved it quickly."
FB-0004926,CUST-101661,2026-05-21,7.3,We aren't using the platform as much as before.
FB-0004927,CUST-101661,2026-05-18,6.2,I'm not sure we're getting enough value from the subscription.
FB-0004928,CUST-101661,2026-03-23,7.5,I'm not sure we're getting enough value from the subscription.
FB-0004929,CUST-101661,2026-02-22,8.2,We aren't using the platform as much as before.
FB-0004930,CUST-101662,2026-07-17,9.0,Everything worked well and the issue was resolved quickly.
FB-0004931,CUST-101662,2026-02-24,6.9,The platform has been reliable and support was helpful.
FB-0004932,CUST-101662,2026-06-28,8.8,Everything worked well and the issue was resolved quickly.
FB-0004933,CUST-101662,2026-05-23,7.4,The platform has been reliable and support was helpful.
FB-0004934,CUST-101663,2026-06-30,9.6,Everything worked well and the issue was resolved quickly.
FB-0004935,CUST-101663,2026-04-18,10.0,Everything worked well and the issue was resolved quickly.
FB-0004936,CUST-101663,2026-06-23,10.0,The platform has been reliable and support was helpful.
FB-0004937,CUST-101664,2026-06-13,9.2,Everything worked well and the issue was resolved quickly.
FB-0004938,CUST-101664,2026-05-25,6.9,The platform has been reliable and support was helpful.
FB-0004939,CUST-101665,2026-04-19,4.5,Several important features are not working as expected.
FB-0004940,CUST-101665,2026-05-11,5.6,Several important features are not working as expected.
FB-0004941,CUST-101666,2026-04-16,5.9,I've contacted support multiple times for the same issue.
FB-0004942,CUST-101666,2026-04-07,4.3,The problem is still unresolved and this is becoming frustrating.
FB-0004943,CUST-101666,2026-02-05,5.7,I've contacted support multiple times for the same issue.
FB-0004944,CUST-101666,2026-05-11,4.4,The problem is still unresolved and this is becoming frustrating.
FB-0004945,CUST-101667,2026-07-02,8.3,The platform has been reliable and support was helpful.
FB-0004946,CUST-101667,2026-03-14,6.9,Everything worked well and the issue was resolved quickly.
FB-0004947,CUST-101667,2026-06-21,8.7,The platform has been reliable and support was helpful.
FB-0004948,CUST-101667,2026-06-05,10.0,Everything worked well and the issue was resolved quickly.
FB-0004949,CUST-101668,2026-04-26,5.7,I've contacted support multiple times for the same issue.
FB-0004950,CUST-101668,2026-07-14,5.8,I've contacted support multiple times for the same issue.
FB-0004951,CUST-101668,2026-06-12,5.1,The problem is still unresolved and this is becoming frustrating.
FB-0004952,CUST-101668,2026-03-31,5.5,I've contacted support multiple times for the same issue.
FB-0004953,CUST-101669,2026-02-17,5.6,We aren't using the platform as much as before.
FB-0004954,CUST-101669,2026-05-15,5.6,I'm not sure we're getting enough value from the subscription.
FB-0004955,CUST-101669,2026-07-27,7.3,I'm not sure we're getting enough value from the subscription.
FB-0004956,CUST-101669,2026-02-08,8.9,We aren't using the platform as much as before.
FB-0004957,CUST-101670,2026-05-15,8.9,Everything worked well and the issue was resolved quickly.
FB-0004958,CUST-101670,2026-05-23,7.3,The platform has been reliable and support was helpful.
FB-0004959,CUST-101671,2026-03-25,7.2,We aren't using the platform as much as before.
FB-0004960,CUST-101671,2026-05-08,7.2,We aren't using the platform as much as before.
FB-0004961,CUST-101671,2026-04-12,8.0,We aren't using the platform as much as before.
FB-0004962,CUST-101671,2026-02-23,8.3,I'm not sure we're getting enough value from the subscription.
FB-0004963,CUST-101672,2026-02-27,8.2,Everything worked well and the issue was resolved quickly.
FB-0004964,CUST-101672,2026-06-05,7.1,Everything worked well and the issue was resolved quickly.
FB-0004965,CUST-101672,2026-02-24,8.4,The platform has been reliable and support was helpful.
FB-0004966,CUST-101673,2026-07-16,6.3,The recent product changes made our workflow harder.
FB-0004967,CUST-101673,2026-04-30,5.5,Several important features are not working as expected.
FB-0004968,CUST-101673,2026-05-23,4.4,The recent product changes made our workflow harder.
FB-0004969,CUST-101674,2026-05-10,4.9,Several important features are not working as expected.
FB-0004970,CUST-101674,2026-07-08,4.4,The recent product changes made our workflow harder.
FB-0004971,CUST-101674,2026-02-07,4.0,Several important features are not working as expected.
FB-0004972,CUST-101675,2026-05-06,6.4,The platform has been reliable and support was helpful.
FB-0004973,CUST-101675,2026-05-03,8.0,The platform has been reliable and support was helpful.
FB-0004974,CUST-101675,2026-04-25,9.0,The platform has been reliable and support was helpful.
FB-0004975,CUST-101675,2026-03-09,9.4,Everything worked well and the issue was resolved quickly.
FB-0004976,CUST-101676,2026-05-19,8.1,Everything worked well and the issue was resolved quickly.
FB-0004977,CUST-101676,2026-05-20,10.0,Everything worked well and the issue was resolved quickly.
FB-0004978,CUST-101676,2026-05-14,7.4,Everything worked well and the issue was resolved quickly.
FB-0004979,CUST-101677,2026-03-13,5.0,The problem is still unresolved and this is becoming frustrating.
FB-0004980,CUST-101677,2026-07-23,4.8,I've contacted support multiple times for the same issue.
FB-0004981,CUST-101678,2026-06-10,7.8,The platform has been reliable and support was helpful.
FB-0004982,CUST-101678,2026-04-03,9.8,The platform has been reliable and support was helpful.
FB-0004983,CUST-101678,2026-07-17,8.4,Everything worked well and the issue was resolved quickly.
FB-0004984,CUST-101678,2026-05-10,8.2,Everything worked well and the issue was resolved quickly.
FB-0004985,CUST-101679,2026-03-06,8.0,The platform has been reliable and support was helpful.
FB-0004986,CUST-101679,2026-03-17,7.8,Everything worked well and the issue was resolved quickly.
FB-0004987,CUST-101679,2026-05-13,10.0,The platform has been reliable and support was helpful.
FB-0004988,CUST-101680,2026-02-03,7.4,Everything worked well and the issue was resolved quickly.
FB-0004989,CUST-101680,2026-07-02,9.1,Everything worked well and the issue was resolved quickly.
FB-0004990,CUST-101680,2026-05-21,7.7,The platform has been reliable and support was helpful.
FB-0004991,CUST-101680,2026-02-27,8.4,Everything worked well and the issue was resolved quickly.
FB-0004992,CUST-101681,2026-05-30,3.0,The service problems and billing issues make it difficult to justify continuing.
FB-0004993,CUST-101681,2026-02-03,4.6,The service problems and billing issues make it difficult to justify continuing.
FB-0004994,CUST-101681,2026-05-09,2.4,We've had too many problems and are seriously considering alternatives.
FB-0004995,CUST-101682,2026-07-17,4.1,The problem is still unresolved and this is becoming frustrating.
FB-0004996,CUST-101682,2026-05-11,7.4,The problem is still unresolved and this is becoming frustrating.
FB-0004997,CUST-101683,2026-06-04,8.6,Everything worked well and the issue was resolved quickly.
FB-0004998,CUST-101683,2026-06-27,8.7,Everything worked well and the issue was resolved quickly.
FB-0004999,CUST-101683,2026-05-28,9.6,Everything worked well and the issue was resolved quickly.
FB-0005000,CUST-101683,2026-06-02,7.8,Everything worked well and the issue was resolved quickly.
FB-0005001,CUST-101684,2026-05-06,6.3,Everything worked well and the issue was resolved quickly.
FB-0005002,CUST-101684,2026-05-22,8.1,The platform has been reliable and support was helpful.
FB-0005003,CUST-101684,2026-04-05,8.1,Everything worked well and the issue was resolved quickly.
FB-0005004,CUST-101685,2026-03-03,8.9,The platform has been reliable and support was helpful.
FB-0005005,CUST-101685,2026-07-15,8.8,Everything worked well and the issue was resolved quickly.
FB-0005006,CUST-101685,2026-03-19,7.6,The platform has been reliable and support was helpful.
FB-0005007,CUST-101685,2026-03-14,8.4,Everything worked well and the issue was resolved quickly.
FB-0005008,CUST-101686,2026-05-16,9.5,Everything worked well and the issue was resolved quickly.
FB-0005009,CUST-101686,2026-07-25,7.6,Everything worked well and the issue was resolved quickly.
FB-0005010,CUST-101686,2026-06-27,7.8,The platform has been reliable and support was helpful.
FB-0005011,CUST-101687,2026-07-18,8.8,The platform has been reliable and support was helpful.
FB-0005012,CUST-101687,2026-05-25,8.3,The platform has been reliable and support was helpful.
FB-0005013,CUST-101688,2026-05-15,4.0,Several important features are not working as expected.
FB-0005014,CUST-101688,2026-07-02,4.9,Several important features are not working as expected.
FB-0005015,CUST-101689,2026-04-28,3.1,We are considering cancelling at renewal.
FB-0005016,CUST-101689,2026-03-27,5.2,We are considering cancelling at renewal.
FB-0005017,CUST-101690,2026-02-06,8.0,The platform has been reliable and support was helpful.
FB-0005018,CUST-101690,2026-07-14,8.5,Everything worked well and the issue was resolved quickly.
FB-0005019,CUST-101690,2026-05-12,8.9,Everything worked well and the issue was resolved quickly.
FB-0005020,CUST-101691,2026-03-05,3.4,The problem is still unresolved and this is becoming frustrating.
FB-0005021,CUST-101691,2026-05-17,4.0,I've contacted support multiple times for the same issue.
FB-0005022,CUST-101691,2026-07-17,5.1,I've contacted support multiple times for the same issue.
FB-0005023,CUST-101691,2026-03-23,5.2,I've contacted support multiple times for the same issue.
FB-0005024,CUST-101692,2026-03-06,3.9,The service problems and billing issues make it difficult to justify continuing.
FB-0005025,CUST-101692,2026-06-12,4.2,The service problems and billing issues make it difficult to justify continuing.
FB-0005026,CUST-101692,2026-06-28,3.2,The service problems and billing issues make it difficult to justify continuing.
FB-0005027,CUST-101693,2026-07-12,9.4,The platform has been reliable and support was helpful.
FB-0005028,CUST-101693,2026-07-02,8.2,Everything worked well and the issue was resolved quickly.
FB-0005029,CUST-101693,2026-07-06,6.9,Everything worked well and the issue was resolved quickly.
FB-0005030,CUST-101694,2026-05-31,4.8,I've contacted support multiple times for the same issue.
FB-0005031,CUST-101694,2026-03-27,6.3,I've contacted support multiple times for the same issue.
FB-0005032,CUST-101694,2026-05-05,4.3,I've contacted support multiple times for the same issue.
FB-0005033,CUST-101694,2026-03-17,3.7,The problem is still unresolved and this is becoming frustrating.
FB-0005034,CUST-101695,2026-03-19,10.0,Everything worked well and the issue was resolved quickly.
FB-0005035,CUST-101695,2026-02-17,8.4,The platform has been reliable and support was helpful.
FB-0005036,CUST-101696,2026-02-23,8.1,Everything worked well and the issue was resolved quickly.
FB-0005037,CUST-101696,2026-05-13,8.8,The platform has been reliable and support was helpful.
FB-0005038,CUST-101696,2026-07-22,9.0,Everything worked well and the issue was resolved quickly.
FB-0005039,CUST-101696,2026-03-22,8.9,The platform has been reliable and support was helpful.
FB-0005040,CUST-101697,2026-02-05,5.9,We aren't using the platform as much as before.
FB-0005041,CUST-101697,2026-07-05,7.2,I'm not sure we're getting enough value from the subscription.
FB-0005042,CUST-101697,2026-02-11,7.5,We aren't using the platform as much as before.
FB-0005043,CUST-101697,2026-06-21,7.0,We aren't using the platform as much as before.
FB-0005044,CUST-101698,2026-03-25,9.4,The platform has been reliable and support was helpful.
FB-0005045,CUST-101698,2026-03-08,9.6,The platform has been reliable and support was helpful.
FB-0005046,CUST-101699,2026-04-19,4.6,I've contacted support multiple times for the same issue.
FB-0005047,CUST-101699,2026-06-01,3.4,The problem is still unresolved and this is becoming frustrating.
FB-0005048,CUST-101699,2026-02-04,5.6,I've contacted support multiple times for the same issue.
FB-0005049,CUST-101699,2026-04-27,5.5,I've contacted support multiple times for the same issue.
FB-0005050,CUST-101700,2026-04-28,7.9,The platform has been reliable and support was helpful.
FB-0005051,CUST-101700,2026-04-28,8.2,Everything worked well and the issue was resolved quickly.
FB-0005052,CUST-101701,2026-03-27,2.9,We've had too many problems and are seriously considering alternatives.
FB-0005053,CUST-101701,2026-07-02,4.2,We've had too many problems and are seriously considering alternatives.
FB-0005054,CUST-101701,2026-04-07,4.4,We've had too many problems and are seriously considering alternatives.
FB-0005055,CUST-101701,2026-05-19,3.2,We've had too many problems and are seriously considering alternatives.
FB-0005056,CUST-101702,2026-02-25,4.0,Several important features are not working as expected.
FB-0005057,CUST-101702,2026-02-17,3.9,The recent product changes made our workflow harder.
FB-0005058,CUST-101702,2026-03-26,8.0,Several important features are not working as expected.
FB-0005059,CUST-101703,2026-07-08,7.3,Everything worked well and the issue was resolved quickly.
FB-0005060,CUST-101703,2026-03-14,9.3,The platform has been reliable and support was helpful.
FB-0005061,CUST-101703,2026-02-28,9.4,Everything worked well and the issue was resolved quickly.
FB-0005062,CUST-101703,2026-07-21,8.3,Everything worked well and the issue was resolved quickly.
FB-0005063,CUST-101704,2026-03-15,7.9,Everything worked well and the issue was resolved quickly.
FB-0005064,CUST-101704,2026-04-06,7.9,Everything worked well and the issue was resolved quickly.
FB-0005065,CUST-101704,2026-04-11,7.2,The platform has been reliable and support was helpful.
FB-0005066,CUST-101705,2026-07-19,7.0,We aren't using the platform as much as before.
FB-0005067,CUST-101705,2026-02-21,7.3,We aren't using the platform as much as before.
FB-0005068,CUST-101705,2026-04-10,6.5,We aren't using the platform as much as before.
FB-0005069,CUST-101706,2026-03-11,8.2,Everything worked well and the issue was resolved quickly.
FB-0005070,CUST-101706,2026-07-25,9.6,The platform has been reliable and support was helpful.
FB-0005071,CUST-101706,2026-06-30,9.2,Everything worked well and the issue was resolved quickly.
FB-0005072,CUST-101706,2026-07-27,8.1,Everything worked well and the issue was resolved quickly.
FB-0005073,CUST-101707,2026-02-11,2.6,We are considering cancelling at renewal.
FB-0005074,CUST-101707,2026-05-18,4.7,We are considering cancelling at renewal.
FB-0005075,CUST-101708,2026-05-24,8.6,The platform has been reliable and support was helpful.
FB-0005076,CUST-101708,2026-06-17,9.5,Everything worked well and the issue was resolved quickly.
FB-0005077,CUST-101709,2026-03-20,5.6,We aren't using the platform as much as before.
FB-0005078,CUST-101709,2026-06-25,8.2,We aren't using the platform as much as before.
FB-0005079,CUST-101709,2026-02-04,6.5,We aren't using the platform as much as before.
FB-0005080,CUST-101709,2026-03-06,7.0,We aren't using the platform as much as before.
FB-0005081,CUST-101710,2026-03-19,6.8,Everything worked well and the issue was resolved quickly.
FB-0005082,CUST-101710,2026-02-11,8.2,Everything worked well and the issue was resolved quickly.
FB-0005083,CUST-101711,2026-03-05,9.1,Everything worked well and the issue was resolved quickly.
FB-0005084,CUST-101711,2026-05-29,9.0,The platform has been reliable and support was helpful.
FB-0005085,CUST-101711,2026-07-02,8.3,Everything worked well and the issue was resolved quickly.
FB-0005086,CUST-101711,2026-05-17,9.5,The platform has been reliable and support was helpful.
FB-0005087,CUST-101712,2026-06-24,8.3,Everything worked well and the issue was resolved quickly.
FB-0005088,CUST-101712,2026-06-23,9.4,Everything worked well and the issue was resolved quickly.
FB-0005089,CUST-101712,2026-04-04,9.5,The platform has been reliable and support was helpful.
FB-0005090,CUST-101713,2026-02-12,8.6,"The issue was annoying, but the team resolved it quickly."
FB-0005091,CUST-101713,2026-02-27,6.1,"The issue was annoying, but the team resolved it quickly."
FB-0005092,CUST-101714,2026-05-25,7.2,The platform has been reliable and support was helpful.
FB-0005093,CUST-101714,2026-03-08,7.8,Everything worked well and the issue was resolved quickly.
FB-0005094,CUST-101714,2026-04-07,8.0,Everything worked well and the issue was resolved quickly.
FB-0005095,CUST-101715,2026-06-11,7.1,There appears to be an unexpected charge on my account.
FB-0005096,CUST-101715,2026-02-24,4.9,I don't understand the latest invoice.
FB-0005097,CUST-101716,2026-02-18,8.7,Everything worked well and the issue was resolved quickly.
FB-0005098,CUST-101716,2026-05-12,10.0,Everything worked well and the issue was resolved quickly.
FB-0005099,CUST-101716,2026-07-08,9.3,Everything worked well and the issue was resolved quickly.
FB-0005100,CUST-101717,2026-07-26,8.9,Everything worked well and the issue was resolved quickly.
FB-0005101,CUST-101717,2026-04-22,8.2,Everything worked well and the issue was resolved quickly.
FB-0005102,CUST-101717,2026-06-05,7.7,Everything worked well and the issue was resolved quickly.
FB-0005103,CUST-101717,2026-03-08,10.0,The platform has been reliable and support was helpful.
FB-0005104,CUST-101718,2026-04-12,4.5,The service problems and billing issues make it difficult to justify continuing.
FB-0005105,CUST-101718,2026-06-26,3.5,The service problems and billing issues make it difficult to justify continuing.
FB-0005106,CUST-101719,2026-05-24,9.5,Everything worked well and the issue was resolved quickly.
FB-0005107,CUST-101719,2026-07-05,8.2,The platform has been reliable and support was helpful.
FB-0005108,CUST-101719,2026-04-10,9.5,The platform has been reliable and support was helpful.
FB-0005109,CUST-101720,2026-04-09,4.8,We've had too many problems and are seriously considering alternatives.
FB-0005110,CUST-101720,2026-02-17,2.5,The service problems and billing issues make it difficult to justify continuing.
FB-0005111,CUST-101720,2026-07-07,4.1,We've had too many problems and are seriously considering alternatives.
FB-0005112,CUST-101720,2026-06-24,4.6,We've had too many problems and are seriously considering alternatives.
FB-0005113,CUST-101721,2026-07-21,7.0,I don't understand the latest invoice.
FB-0005114,CUST-101721,2026-02-19,4.6,There appears to be an unexpected charge on my account.
FB-0005115,CUST-101722,2026-04-01,5.4,I don't understand the latest invoice.
FB-0005116,CUST-101722,2026-04-09,6.4,I don't understand the latest invoice.
FB-0005117,CUST-101722,2026-05-19,6.8,I don't understand the latest invoice.
FB-0005118,CUST-101722,2026-07-15,6.2,I don't understand the latest invoice.
FB-0005119,CUST-101723,2026-02-10,10.0,Everything worked well and the issue was resolved quickly.
FB-0005120,CUST-101723,2026-02-17,8.0,The platform has been reliable and support was helpful.
FB-0005121,CUST-101723,2026-02-24,8.5,Everything worked well and the issue was resolved quickly.
FB-0005122,CUST-101724,2026-03-11,7.3,I'm not sure we're getting enough value from the subscription.
FB-0005123,CUST-101724,2026-03-06,6.8,I'm not sure we're getting enough value from the subscription.
FB-0005124,CUST-101724,2026-03-29,6.5,I'm not sure we're getting enough value from the subscription.
FB-0005125,CUST-101724,2026-06-16,7.4,We aren't using the platform as much as before.
FB-0005126,CUST-101725,2026-07-01,6.4,Everything worked well and the issue was resolved quickly.
FB-0005127,CUST-101725,2026-03-09,7.3,The platform has been reliable and support was helpful.
FB-0005128,CUST-101725,2026-05-20,9.3,The platform has been reliable and support was helpful.
FB-0005129,CUST-101726,2026-05-21,2.8,The problem is still unresolved and this is becoming frustrating.
FB-0005130,CUST-101726,2026-02-06,6.5,The problem is still unresolved and this is becoming frustrating.
FB-0005131,CUST-101726,2026-07-09,2.4,I've contacted support multiple times for the same issue.
FB-0005132,CUST-101727,2026-03-02,8.8,Everything worked well and the issue was resolved quickly.
FB-0005133,CUST-101727,2026-04-07,8.6,Everything worked well and the issue was resolved quickly.
FB-0005134,CUST-101727,2026-04-18,9.9,Everything worked well and the issue was resolved quickly.
FB-0005135,CUST-101728,2026-02-21,6.0,I'm not sure we're getting enough value from the subscription.
FB-0005136,CUST-101728,2026-03-03,7.4,I'm not sure we're getting enough value from the subscription.
FB-0005137,CUST-101729,2026-03-04,8.2,The platform has been reliable and support was helpful.
FB-0005138,CUST-101729,2026-06-08,8.7,The platform has been reliable and support was helpful.
FB-0005139,CUST-101729,2026-05-14,9.6,Everything worked well and the issue was resolved quickly.
FB-0005140,CUST-101729,2026-07-12,9.5,Everything worked well and the issue was resolved quickly.
FB-0005141,CUST-101730,2026-05-08,3.4,We are considering cancelling at renewal.
FB-0005142,CUST-101730,2026-03-06,4.2,We are considering cancelling at renewal.
FB-0005143,CUST-101731,2026-02-14,7.6,The platform has been reliable and support was helpful.
FB-0005144,CUST-101731,2026-04-18,9.0,The platform has been reliable and support was helpful.
FB-0005145,CUST-101732,2026-05-14,4.7,We are considering cancelling at renewal.
FB-0005146,CUST-101732,2026-02-14,4.0,We are considering cancelling at renewal.
FB-0005147,CUST-101732,2026-07-23,5.9,We're evaluating alternatives and may move away from the platform.
FB-0005148,CUST-101732,2026-06-07,6.2,We're evaluating alternatives and may move away from the platform.
FB-0005149,CUST-101733,2026-03-08,9.4,The platform has been reliable and support was helpful.
FB-0005150,CUST-101733,2026-02-03,8.2,Everything worked well and the issue was resolved quickly.
FB-0005151,CUST-101734,2026-05-29,2.6,The problem is still unresolved and this is becoming frustrating.
FB-0005152,CUST-101734,2026-07-24,6.7,The problem is still unresolved and this is becoming frustrating.
FB-0005153,CUST-101735,2026-06-03,8.5,Everything worked well and the issue was resolved quickly.
FB-0005154,CUST-101735,2026-05-20,8.4,Everything worked well and the issue was resolved quickly.
FB-0005155,CUST-101736,2026-02-19,4.2,We're evaluating alternatives and may move away from the platform.
FB-0005156,CUST-101736,2026-04-09,3.0,We're evaluating alternatives and may move away from the platform.
FB-0005157,CUST-101737,2026-04-08,7.0,The platform has been reliable and support was helpful.
FB-0005158,CUST-101737,2026-03-31,9.6,The platform has been reliable and support was helpful.
FB-0005159,CUST-101737,2026-03-01,7.6,The platform has been reliable and support was helpful.
FB-0005160,CUST-101738,2026-06-21,9.8,Everything worked well and the issue was resolved quickly.
FB-0005161,CUST-101738,2026-06-28,10.0,Everything worked well and the issue was resolved quickly.
FB-0005162,CUST-101738,2026-03-09,7.4,Everything worked well and the issue was resolved quickly.
FB-0005163,CUST-101738,2026-07-03,9.5,The platform has been reliable and support was helpful.
FB-0005164,CUST-101739,2026-02-28,6.0,We aren't using the platform as much as before.
FB-0005165,CUST-101739,2026-04-06,6.0,I'm not sure we're getting enough value from the subscription.
FB-0005166,CUST-101740,2026-06-19,8.4,Everything worked well and the issue was resolved quickly.
FB-0005167,CUST-101740,2026-06-05,7.0,Everything worked well and the issue was resolved quickly.
FB-0005168,CUST-101740,2026-04-14,8.4,The platform has been reliable and support was helpful.
FB-0005169,CUST-101740,2026-05-23,9.1,The platform has been reliable and support was helpful.
FB-0005170,CUST-101741,2026-05-01,6.2,I'm not sure we're getting enough value from the subscription.
FB-0005171,CUST-101741,2026-03-24,6.7,I'm not sure we're getting enough value from the subscription.
FB-0005172,CUST-101741,2026-02-12,7.3,We aren't using the platform as much as before.
FB-0005173,CUST-101742,2026-07-14,4.5,Several important features are not working as expected.
FB-0005174,CUST-101742,2026-04-07,5.7,The recent product changes made our workflow harder.
FB-0005175,CUST-101743,2026-02-09,8.9,"The issue was annoying, but the team resolved it quickly."
FB-0005176,CUST-101743,2026-02-09,7.9,"I was frustrated by the new interface, but overall the product is valuable."
FB-0005177,CUST-101744,2026-06-03,8.7,"I was frustrated by the new interface, but overall the product is valuable."
FB-0005178,CUST-101744,2026-02-13,8.4,"The issue was annoying, but the team resolved it quickly."
FB-0005179,CUST-101745,2026-04-19,4.8,I've contacted support multiple times for the same issue.
FB-0005180,CUST-101745,2026-05-26,6.0,The problem is still unresolved and this is becoming frustrating.
FB-0005181,CUST-101745,2026-04-24,4.1,I've contacted support multiple times for the same issue.
FB-0005182,CUST-101745,2026-07-09,5.1,I've contacted support multiple times for the same issue.
FB-0005183,CUST-101746,2026-05-16,7.0,Everything worked well and the issue was resolved quickly.
FB-0005184,CUST-101746,2026-02-19,8.8,The platform has been reliable and support was helpful.
FB-0005185,CUST-101746,2026-06-16,8.7,Everything worked well and the issue was resolved quickly.
FB-0005186,CUST-101747,2026-02-08,5.7,I've contacted support multiple times for the same issue.
FB-0005187,CUST-101747,2026-04-23,5.2,I've contacted support multiple times for the same issue.
FB-0005188,CUST-101747,2026-07-16,5.8,The problem is still unresolved and this is becoming frustrating.
FB-0005189,CUST-101747,2026-02-18,6.1,I've contacted support multiple times for the same issue.
FB-0005190,CUST-101748,2026-07-11,2.2,The service problems and billing issues make it difficult to justify continuing.
FB-0005191,CUST-101748,2026-05-23,2.6,We've had too many problems and are seriously considering alternatives.
FB-0005192,CUST-101749,2026-05-23,8.5,The platform has been reliable and support was helpful.
FB-0005193,CUST-101749,2026-06-26,8.4,The platform has been reliable and support was helpful.
FB-0005194,CUST-101749,2026-02-21,7.2,The platform has been reliable and support was helpful.
FB-0005195,CUST-101749,2026-07-16,6.8,Everything worked well and the issue was resolved quickly.
FB-0005196,CUST-101750,2026-03-03,7.6,There appears to be an unexpected charge on my account.
FB-0005197,CUST-101750,2026-04-16,4.3,I don't understand the latest invoice.
FB-0005198,CUST-101750,2026-02-07,6.2,There appears to be an unexpected charge on my account.
FB-0005199,CUST-101751,2026-02-28,9.2,The platform has been reliable and support was helpful.
FB-0005200,CUST-101751,2026-03-22,8.9,The platform has been reliable and support was helpful.
FB-0005201,CUST-101752,2026-04-26,5.0,I've contacted support multiple times for the same issue.
FB-0005202,CUST-101752,2026-05-28,6.1,I've contacted support multiple times for the same issue.
FB-0005203,CUST-101753,2026-06-06,9.2,Everything worked well and the issue was resolved quickly.
FB-0005204,CUST-101753,2026-04-19,8.4,Everything worked well and the issue was resolved quickly.
FB-0005205,CUST-101754,2026-06-16,6.7,Everything worked well and the issue was resolved quickly.
FB-0005206,CUST-101754,2026-03-08,7.0,Everything worked well and the issue was resolved quickly.
FB-0005207,CUST-101754,2026-06-22,6.8,Everything worked well and the issue was resolved quickly.
FB-0005208,CUST-101754,2026-05-14,9.2,Everything worked well and the issue was resolved quickly.
FB-0005209,CUST-101755,2026-02-20,7.5,"The issue was annoying, but the team resolved it quickly."
FB-0005210,CUST-101755,2026-03-14,9.3,"I was frustrated by the new interface, but overall the product is valuable."
FB-0005211,CUST-101756,2026-02-17,10.0,The platform has been reliable and support was helpful.
FB-0005212,CUST-101756,2026-03-08,7.3,Everything worked well and the issue was resolved quickly.
FB-0005213,CUST-101756,2026-03-28,7.7,Everything worked well and the issue was resolved quickly.
FB-0005214,CUST-101757,2026-07-05,6.7,"The issue was annoying, but the team resolved it quickly."
FB-0005215,CUST-101757,2026-06-21,7.3,"I was frustrated by the new interface, but overall the product is valuable."
FB-0005216,CUST-101757,2026-06-16,8.5,"The issue was annoying, but the team resolved it quickly."
FB-0005217,CUST-101758,2026-06-06,7.6,Everything worked well and the issue was resolved quickly.
FB-0005218,CUST-101758,2026-07-24,7.8,The platform has been reliable and support was helpful.
FB-0005219,CUST-101758,2026-07-22,6.4,The platform has been reliable and support was helpful.
FB-0005220,CUST-101758,2026-05-30,8.7,Everything worked well and the issue was resolved quickly.
FB-0005221,CUST-101759,2026-06-11,8.8,The platform has been reliable and support was helpful.
FB-0005222,CUST-101759,2026-07-26,7.9,The platform has been reliable and support was helpful.
FB-0005223,CUST-101760,2026-03-03,8.6,The platform has been reliable and support was helpful.
FB-0005224,CUST-101760,2026-04-26,9.1,The platform has been reliable and support was helpful.
FB-0005225,CUST-101761,2026-05-08,5.0,There appears to be an unexpected charge on my account.
FB-0005226,CUST-101761,2026-04-16,5.3,There appears to be an unexpected charge on my account.
FB-0005227,CUST-101761,2026-04-06,5.2,I don't understand the latest invoice.
FB-0005228,CUST-101761,2026-04-20,6.4,There appears to be an unexpected charge on my account.
FB-0005229,CUST-101762,2026-05-29,7.2,I'm not sure we're getting enough value from the subscription.
FB-0005230,CUST-101762,2026-07-24,6.9,We aren't using the platform as much as before.
FB-0005231,CUST-101762,2026-04-18,6.2,I'm not sure we're getting enough value from the subscription.
FB-0005232,CUST-101763,2026-07-15,6.9,Everything worked well and the issue was resolved quickly.
FB-0005233,CUST-101763,2026-06-26,8.1,The platform has been reliable and support was helpful.
FB-0005234,CUST-101763,2026-04-27,9.7,The platform has been reliable and support was helpful.
FB-0005235,CUST-101763,2026-04-10,9.1,Everything worked well and the issue was resolved quickly.
FB-0005236,CUST-101764,2026-05-31,7.9,The platform has been reliable and support was helpful.
FB-0005237,CUST-101764,2026-03-04,7.2,Everything worked well and the issue was resolved quickly.
FB-0005238,CUST-101764,2026-07-18,9.2,Everything worked well and the issue was resolved quickly.
FB-0005239,CUST-101765,2026-04-17,6.3,We aren't using the platform as much as before.
FB-0005240,CUST-101765,2026-06-07,8.0,We aren't using the platform as much as before.
FB-0005241,CUST-101766,2026-02-04,7.3,"I was frustrated by the new interface, but overall the product is valuable."
FB-0005242,CUST-101766,2026-06-22,9.5,"The issue was annoying, but the team resolved it quickly."
FB-0005243,CUST-101767,2026-03-08,8.0,I'm not sure we're getting enough value from the subscription.
FB-0005244,CUST-101767,2026-06-03,5.5,I'm not sure we're getting enough value from the subscription.
FB-0005245,CUST-101767,2026-02-07,8.1,I'm not sure we're getting enough value from the subscription.
FB-0005246,CUST-101768,2026-05-28,6.3,There appears to be an unexpected charge on my account.
FB-0005247,CUST-101768,2026-05-28,5.2,I don't understand the latest invoice.
FB-0005248,CUST-101768,2026-03-02,4.4,I don't understand the latest invoice.
FB-0005249,CUST-101768,2026-06-24,4.4,I don't understand the latest invoice.
FB-0005250,CUST-101769,2026-07-26,3.9,The problem is still unresolved and this is becoming frustrating.
FB-0005251,CUST-101769,2026-06-23,6.8,I've contacted support multiple times for the same issue.
FB-0005252,CUST-101769,2026-04-08,6.0,The problem is still unresolved and this is becoming frustrating.
FB-0005253,CUST-101769,2026-02-13,3.9,The problem is still unresolved and this is becoming frustrating.
FB-0005254,CUST-101770,2026-06-02,7.1,The platform has been reliable and support was helpful.
FB-0005255,CUST-101770,2026-02-13,9.7,Everything worked well and the issue was resolved quickly.
FB-0005256,CUST-101770,2026-02-22,9.3,The platform has been reliable and support was helpful.
FB-0005257,CUST-101770,2026-03-14,6.7,The platform has been reliable and support was helpful.
FB-0005258,CUST-101771,2026-02-22,6.1,We're evaluating alternatives and may move away from the platform.
FB-0005259,CUST-101771,2026-07-13,3.8,We are considering cancelling at renewal.
FB-0005260,CUST-101772,2026-04-07,6.9,The platform has been reliable and support was helpful.
FB-0005261,CUST-101772,2026-05-10,9.9,The platform has been reliable and support was helpful.
FB-0005262,CUST-101772,2026-05-22,9.7,Everything worked well and the issue was resolved quickly.
FB-0005263,CUST-101772,2026-04-05,9.2,The platform has been reliable and support was helpful.
FB-0005264,CUST-101773,2026-03-28,7.1,We aren't using the platform as much as before.
FB-0005265,CUST-101773,2026-04-16,6.4,I'm not sure we're getting enough value from the subscription.
FB-0005266,CUST-101773,2026-06-17,6.4,I'm not sure we're getting enough value from the subscription.
FB-0005267,CUST-101773,2026-02-14,6.9,I'm not sure we're getting enough value from the subscription.
FB-0005268,CUST-101774,2026-06-21,7.1,I'm not sure we're getting enough value from the subscription.
FB-0005269,CUST-101774,2026-07-03,6.7,I'm not sure we're getting enough value from the subscription.
FB-0005270,CUST-101774,2026-02-16,6.7,We aren't using the platform as much as before.
FB-0005271,CUST-101775,2026-07-01,3.6,Several important features are not working as expected.
FB-0005272,CUST-101775,2026-04-12,4.3,The recent product changes made our workflow harder.
FB-0005273,CUST-101775,2026-06-29,5.3,The recent product changes made our workflow harder.
FB-0005274,CUST-101775,2026-03-02,6.1,Several important features are not working as expected.
FB-0005275,CUST-101776,2026-04-16,9.8,Everything worked well and the issue was resolved quickly.
FB-0005276,CUST-101776,2026-06-30,8.2,Everything worked well and the issue was resolved quickly.
FB-0005277,CUST-101776,2026-06-16,10.0,The platform has been reliable and support was helpful.
FB-0005278,CUST-101776,2026-02-20,8.3,Everything worked well and the issue was resolved quickly.
FB-0005279,CUST-101777,2026-05-28,7.9,Everything worked well and the issue was resolved quickly.
FB-0005280,CUST-101777,2026-03-25,7.9,The platform has been reliable and support was helpful.
FB-0005281,CUST-101777,2026-07-26,9.1,The platform has been reliable and support was helpful.
FB-0005282,CUST-101777,2026-06-10,9.4,Everything worked well and the issue was resolved quickly.
FB-0005283,CUST-101778,2026-05-01,8.7,Everything worked well and the issue was resolved quickly.
FB-0005284,CUST-101778,2026-03-13,7.4,The platform has been reliable and support was helpful.
FB-0005285,CUST-101778,2026-05-26,8.9,The platform has been reliable and support was helpful.
FB-0005286,CUST-101779,2026-06-29,8.8,The platform has been reliable and support was helpful.
FB-0005287,CUST-101779,2026-06-21,8.3,Everything worked well and the issue was resolved quickly.
FB-0005288,CUST-101779,2026-07-21,7.6,Everything worked well and the issue was resolved quickly.
FB-0005289,CUST-101780,2026-04-02,3.2,The problem is still unresolved and this is becoming frustrating.
FB-0005290,CUST-101780,2026-07-22,1.7,The problem is still unresolved and this is becoming frustrating.
FB-0005291,CUST-101780,2026-05-10,3.7,The problem is still unresolved and this is becoming frustrating.
FB-0005292,CUST-101780,2026-07-18,4.6,The problem is still unresolved and this is becoming frustrating.
FB-0005293,CUST-101781,2026-05-21,8.2,"I was frustrated by the new interface, but overall the product is valuable."
FB-0005294,CUST-101781,2026-02-11,7.1,"The issue was annoying, but the team resolved it quickly."
FB-0005295,CUST-101782,2026-03-05,8.7,Everything worked well and the issue was resolved quickly.
FB-0005296,CUST-101782,2026-02-09,6.9,Everything worked well and the issue was resolved quickly.
FB-0005297,CUST-101782,2026-06-16,10.0,Everything worked well and the issue was resolved quickly.
FB-0005298,CUST-101783,2026-05-21,7.8,"The issue was annoying, but the team resolved it quickly."
FB-0005299,CUST-101783,2026-06-09,9.3,"I was frustrated by the new interface, but overall the product is valuable."
FB-0005300,CUST-101784,2026-04-30,9.2,Everything worked well and the issue was resolved quickly.
FB-0005301,CUST-101784,2026-06-21,7.6,Everything worked well and the issue was resolved quickly.
FB-0005302,CUST-101784,2026-05-24,9.1,The platform has been reliable and support was helpful.
FB-0005303,CUST-101784,2026-03-11,10.0,Everything worked well and the issue was resolved quickly.
FB-0005304,CUST-101785,2026-05-16,10.0,Everything worked well and the issue was resolved quickly.
FB-0005305,CUST-101785,2026-05-10,8.1,Everything worked well and the issue was resolved quickly.
FB-0005306,CUST-101785,2026-07-14,8.4,Everything worked well and the issue was resolved quickly.
FB-0005307,CUST-101786,2026-02-28,8.4,The platform has been reliable and support was helpful.
FB-0005308,CUST-101786,2026-06-24,8.5,The platform has been reliable and support was helpful.
FB-0005309,CUST-101786,2026-04-24,7.6,Everything worked well and the issue was resolved quickly.
FB-0005310,CUST-101787,2026-05-15,1.3,We've had too many problems and are seriously considering alternatives.
FB-0005311,CUST-101787,2026-04-25,4.3,We've had too many problems and are seriously considering alternatives.
FB-0005312,CUST-101787,2026-02-19,5.1,The service problems and billing issues make it difficult to justify continuing.
FB-0005313,CUST-101787,2026-04-17,2.1,The service problems and billing issues make it difficult to justify continuing.
FB-0005314,CUST-101788,2026-05-31,3.7,I don't understand the latest invoice.
FB-0005315,CUST-101788,2026-04-13,5.4,I don't understand the latest invoice.
FB-0005316,CUST-101789,2026-06-30,7.5,Everything worked well and the issue was resolved quickly.
FB-0005317,CUST-101789,2026-07-22,8.4,Everything worked well and the issue was resolved quickly.
FB-0005318,CUST-101790,2026-03-26,8.2,Everything worked well and the issue was resolved quickly.
FB-0005319,CUST-101790,2026-04-19,9.5,Everything worked well and the issue was resolved quickly.
FB-0005320,CUST-101790,2026-03-11,8.4,Everything worked well and the issue was resolved quickly.
FB-0005321,CUST-101791,2026-03-21,5.5,Several important features are not working as expected.
FB-0005322,CUST-101791,2026-06-02,4.8,The recent product changes made our workflow harder.
FB-0005323,CUST-101791,2026-02-03,4.4,Several important features are not working as expected.
FB-0005324,CUST-101792,2026-07-15,8.1,Everything worked well and the issue was resolved quickly.
FB-0005325,CUST-101792,2026-05-06,8.1,The platform has been reliable and support was helpful.
FB-0005326,CUST-101792,2026-03-19,8.5,Everything worked well and the issue was resolved quickly.
FB-0005327,CUST-101793,2026-03-16,9.7,The platform has been reliable and support was helpful.
FB-0005328,CUST-101793,2026-06-30,8.6,The platform has been reliable and support was helpful.
FB-0005329,CUST-101793,2026-05-10,8.1,Everything worked well and the issue was resolved quickly.
FB-0005330,CUST-101794,2026-06-12,5.3,The problem is still unresolved and this is becoming frustrating.
FB-0005331,CUST-101794,2026-07-06,4.3,The problem is still unresolved and this is becoming frustrating.
FB-0005332,CUST-101794,2026-05-12,6.5,I've contacted support multiple times for the same issue.
FB-0005333,CUST-101794,2026-06-15,4.6,I've contacted support multiple times for the same issue.
FB-0005334,CUST-101795,2026-05-01,10.0,The platform has been reliable and support was helpful.
FB-0005335,CUST-101795,2026-04-06,10.0,Everything worked well and the issue was resolved quickly.
FB-0005336,CUST-101795,2026-03-30,7.1,The platform has been reliable and support was helpful.
FB-0005337,CUST-101796,2026-07-24,10.0,The platform has been reliable and support was helpful.
FB-0005338,CUST-101796,2026-04-24,7.2,The platform has been reliable and support was helpful.
FB-0005339,CUST-101796,2026-06-05,8.9,The platform has been reliable and support was helpful.
FB-0005340,CUST-101796,2026-07-05,8.9,The platform has been reliable and support was helpful.
FB-0005341,CUST-101797,2026-07-12,4.9,We are considering cancelling at renewal.
FB-0005342,CUST-101797,2026-07-09,4.7,We are considering cancelling at renewal.
FB-0005343,CUST-101797,2026-03-30,3.6,We are considering cancelling at renewal.
FB-0005344,CUST-101798,2026-05-24,7.5,Everything worked well and the issue was resolved quickly.
FB-0005345,CUST-101798,2026-06-06,8.1,The platform has been reliable and support was helpful.
FB-0005346,CUST-101799,2026-07-04,5.6,The problem is still unresolved and this is becoming frustrating.
FB-0005347,CUST-101799,2026-02-15,4.3,I've contacted support multiple times for the same issue.
FB-0005348,CUST-101799,2026-05-20,4.2,I've contacted support multiple times for the same issue.
FB-0005349,CUST-101800,2026-03-05,5.2,The problem is still unresolved and this is becoming frustrating.
FB-0005350,CUST-101800,2026-04-07,4.3,I've contacted support multiple times for the same issue.
FB-0005351,CUST-101800,2026-06-22,5.2,I've contacted support multiple times for the same issue.
FB-0005352,CUST-101801,2026-04-04,9.9,Everything worked well and the issue was resolved quickly.
FB-0005353,CUST-101801,2026-03-29,8.6,The platform has been reliable and support was helpful.
FB-0005354,CUST-101802,2026-03-04,7.8,"I was frustrated by the new interface, but overall the product is valuable."
FB-0005355,CUST-101802,2026-06-09,7.9,"The issue was annoying, but the team resolved it quickly."
FB-0005356,CUST-101802,2026-05-29,7.4,"The issue was annoying, but the team resolved it quickly."
FB-0005357,CUST-101803,2026-07-03,6.4,I'm not sure we're getting enough value from the subscription.
FB-0005358,CUST-101803,2026-03-01,7.6,We aren't using the platform as much as before.
FB-0005359,CUST-101804,2026-03-30,7.7,Everything worked well and the issue was resolved quickly.
FB-0005360,CUST-101804,2026-07-07,8.9,Everything worked well and the issue was resolved quickly.
FB-0005361,CUST-101804,2026-06-28,8.3,The platform has been reliable and support was helpful.
FB-0005362,CUST-101805,2026-04-22,6.9,We aren't using the platform as much as before.
FB-0005363,CUST-101805,2026-02-03,8.0,We aren't using the platform as much as before.
FB-0005364,CUST-101805,2026-06-12,5.1,I'm not sure we're getting enough value from the subscription.
FB-0005365,CUST-101805,2026-02-08,5.8,I'm not sure we're getting enough value from the subscription.
FB-0005366,CUST-101806,2026-07-27,8.2,Everything worked well and the issue was resolved quickly.
FB-0005367,CUST-101806,2026-04-25,7.0,Everything worked well and the issue was resolved quickly.
FB-0005368,CUST-101806,2026-07-07,9.4,The platform has been reliable and support was helpful.
FB-0005369,CUST-101807,2026-06-01,7.0,"I was frustrated by the new interface, but overall the product is valuable."
FB-0005370,CUST-101807,2026-05-17,9.0,"The issue was annoying, but the team resolved it quickly."
FB-0005371,CUST-101807,2026-07-15,8.1,"I was frustrated by the new interface, but overall the product is valuable."
FB-0005372,CUST-101808,2026-06-05,8.4,Everything worked well and the issue was resolved quickly.
FB-0005373,CUST-101808,2026-04-03,10.0,Everything worked well and the issue was resolved quickly.
FB-0005374,CUST-101808,2026-07-02,9.7,Everything worked well and the issue was resolved quickly.
FB-0005375,CUST-101809,2026-04-29,5.8,"I was frustrated by the new interface, but overall the product is valuable."
FB-0005376,CUST-101809,2026-02-11,7.1,"I was frustrated by the new interface, but overall the product is valuable."
FB-0005377,CUST-101809,2026-06-15,8.6,"I was frustrated by the new interface, but overall the product is valuable."
FB-0005378,CUST-101809,2026-03-10,9.1,"The issue was annoying, but the team resolved it quickly."
FB-0005379,CUST-101810,2026-03-11,5.7,I don't understand the latest invoice.
FB-0005380,CUST-101810,2026-06-25,5.3,There appears to be an unexpected charge on my account.
FB-0005381,CUST-101811,2026-03-30,9.1,Everything worked well and the issue was resolved quickly.
FB-0005382,CUST-101811,2026-02-13,7.8,Everything worked well and the issue was resolved quickly.
FB-0005383,CUST-101811,2026-05-19,8.8,The platform has been reliable and support was helpful.
FB-0005384,CUST-101812,2026-07-26,4.7,Several important features are not working as expected.
FB-0005385,CUST-101812,2026-04-18,5.5,Several important features are not working as expected.
FB-0005386,CUST-101812,2026-03-29,4.1,The recent product changes made our workflow harder.
FB-0005387,CUST-101812,2026-06-23,5.6,The recent product changes made our workflow harder.
FB-0005388,CUST-101813,2026-06-16,5.0,We've had too many problems and are seriously considering alternatives.
FB-0005389,CUST-101813,2026-04-07,4.1,The service problems and billing issues make it difficult to justify continuing.
FB-0005390,CUST-101813,2026-02-17,5.0,The service problems and billing issues make it difficult to justify continuing.
FB-0005391,CUST-101814,2026-02-25,3.9,The recent product changes made our workflow harder.
FB-0005392,CUST-101814,2026-04-09,6.6,The recent product changes made our workflow harder.
FB-0005393,CUST-101815,2026-03-16,4.9,I've contacted support multiple times for the same issue.
FB-0005394,CUST-101815,2026-06-15,4.3,The problem is still unresolved and this is becoming frustrating.
FB-0005395,CUST-101815,2026-04-24,4.1,The problem is still unresolved and this is becoming frustrating.
FB-0005396,CUST-101815,2026-04-05,4.5,The problem is still unresolved and this is becoming frustrating.
FB-0005397,CUST-101816,2026-05-20,7.5,Everything worked well and the issue was resolved quickly.
FB-0005398,CUST-101816,2026-05-07,7.4,Everything worked well and the issue was resolved quickly.
FB-0005399,CUST-101816,2026-06-25,7.9,Everything worked well and the issue was resolved quickly.
FB-0005400,CUST-101816,2026-03-22,8.4,The platform has been reliable and support was helpful.
FB-0005401,CUST-101817,2026-07-11,5.6,We aren't using the platform as much as before.
FB-0005402,CUST-101817,2026-04-29,8.4,I'm not sure we're getting enough value from the subscription.
FB-0005403,CUST-101818,2026-07-16,4.8,We're evaluating alternatives and may move away from the platform.
FB-0005404,CUST-101818,2026-02-26,5.0,We are considering cancelling at renewal.
FB-0005405,CUST-101818,2026-06-16,2.7,We're evaluating alternatives and may move away from the platform.
FB-0005406,CUST-101818,2026-05-27,3.1,We are considering cancelling at renewal.
FB-0005407,CUST-101819,2026-05-01,4.7,We are considering cancelling at renewal.
FB-0005408,CUST-101819,2026-06-23,5.2,We are considering cancelling at renewal.
FB-0005409,CUST-101819,2026-07-24,3.2,We are considering cancelling at renewal.
FB-0005410,CUST-101819,2026-05-08,4.0,We are considering cancelling at renewal.
FB-0005411,CUST-101820,2026-03-24,4.9,We are considering cancelling at renewal.
FB-0005412,CUST-101820,2026-03-30,3.3,We're evaluating alternatives and may move away from the platform.
FB-0005413,CUST-101820,2026-06-13,3.8,We are considering cancelling at renewal.
FB-0005414,CUST-101821,2026-07-11,7.1,The platform has been reliable and support was helpful.
FB-0005415,CUST-101821,2026-03-19,9.2,The platform has been reliable and support was helpful.
FB-0005416,CUST-101822,2026-07-06,9.3,Everything worked well and the issue was resolved quickly.
FB-0005417,CUST-101822,2026-05-20,9.7,Everything worked well and the issue was resolved quickly.
FB-0005418,CUST-101822,2026-02-11,9.0,The platform has been reliable and support was helpful.
FB-0005419,CUST-101822,2026-03-17,8.1,The platform has been reliable and support was helpful.
FB-0005420,CUST-101823,2026-03-12,7.3,Everything worked well and the issue was resolved quickly.
FB-0005421,CUST-101823,2026-06-07,8.1,The platform has been reliable and support was helpful.
FB-0005422,CUST-101823,2026-04-03,7.6,The platform has been reliable and support was helpful.
FB-0005423,CUST-101824,2026-07-08,8.1,Everything worked well and the issue was resolved quickly.
FB-0005424,CUST-101824,2026-07-15,6.8,Everything worked well and the issue was resolved quickly.
FB-0005425,CUST-101824,2026-02-08,8.7,Everything worked well and the issue was resolved quickly.
FB-0005426,CUST-101825,2026-05-16,4.0,I don't understand the latest invoice.
FB-0005427,CUST-101825,2026-02-22,5.3,There appears to be an unexpected charge on my account.
FB-0005428,CUST-101825,2026-03-21,7.2,There appears to be an unexpected charge on my account.
FB-0005429,CUST-101826,2026-02-17,8.7,Everything worked well and the issue was resolved quickly.
FB-0005430,CUST-101826,2026-03-28,7.9,The platform has been reliable and support was helpful.
FB-0005431,CUST-101826,2026-07-26,5.9,The platform has been reliable and support was helpful.
FB-0005432,CUST-101827,2026-02-16,4.1,We've had too many problems and are seriously considering alternatives.
FB-0005433,CUST-101827,2026-03-11,2.2,The service problems and billing issues make it difficult to justify continuing.
FB-0005434,CUST-101827,2026-03-21,4.5,The service problems and billing issues make it difficult to justify continuing.
FB-0005435,CUST-101828,2026-07-21,4.8,I've contacted support multiple times for the same issue.
FB-0005436,CUST-101828,2026-06-19,2.8,I've contacted support multiple times for the same issue.
FB-0005437,CUST-101829,2026-03-11,4.4,Several important features are not working as expected.
FB-0005438,CUST-101829,2026-07-19,5.5,Several important features are not working as expected.
FB-0005439,CUST-101829,2026-03-15,5.7,The recent product changes made our workflow harder.
FB-0005440,CUST-101829,2026-05-02,5.1,Several important features are not working as expected.
FB-0005441,CUST-101830,2026-06-20,2.8,We've had too many problems and are seriously considering alternatives.
FB-0005442,CUST-101830,2026-05-19,4.2,We've had too many problems and are seriously considering alternatives.
FB-0005443,CUST-101831,2026-05-04,6.9,I don't understand the latest invoice.
FB-0005444,CUST-101831,2026-02-22,7.3,I don't understand the latest invoice.
FB-0005445,CUST-101831,2026-05-13,5.6,I don't understand the latest invoice.
FB-0005446,CUST-101832,2026-04-29,8.8,Everything worked well and the issue was resolved quickly.
FB-0005447,CUST-101832,2026-02-28,8.7,The platform has been reliable and support was helpful.
FB-0005448,CUST-101832,2026-05-05,6.4,The platform has been reliable and support was helpful.
FB-0005449,CUST-101832,2026-04-17,10.0,The platform has been reliable and support was helpful.
FB-0005450,CUST-101833,2026-05-02,4.4,Several important features are not working as expected.
FB-0005451,CUST-101833,2026-07-18,3.0,The recent product changes made our workflow harder.
FB-0005452,CUST-101834,2026-04-25,8.4,Everything worked well and the issue was resolved quickly.
FB-0005453,CUST-101834,2026-06-16,9.8,The platform has been reliable and support was helpful.
FB-0005454,CUST-101834,2026-05-31,6.5,Everything worked well and the issue was resolved quickly.
FB-0005455,CUST-101834,2026-04-09,7.5,The platform has been reliable and support was helpful.
FB-0005456,CUST-101835,2026-06-10,2.5,The service problems and billing issues make it difficult to justify continuing.
FB-0005457,CUST-101835,2026-05-11,3.9,The service problems and billing issues make it difficult to justify continuing.
FB-0005458,CUST-101835,2026-07-13,3.2,The service problems and billing issues make it difficult to justify continuing.
FB-0005459,CUST-101835,2026-02-17,3.1,We've had too many problems and are seriously considering alternatives.
FB-0005460,CUST-101836,2026-04-13,7.3,Everything worked well and the issue was resolved quickly.
FB-0005461,CUST-101836,2026-02-23,8.9,The platform has been reliable and support was helpful.
FB-0005462,CUST-101836,2026-02-20,8.3,Everything worked well and the issue was resolved quickly.
FB-0005463,CUST-101836,2026-05-07,8.7,The platform has been reliable and support was helpful.
FB-0005464,CUST-101837,2026-03-09,9.5,"The issue was annoying, but the team resolved it quickly."
FB-0005465,CUST-101837,2026-04-08,7.6,"I was frustrated by the new interface, but overall the product is valuable."
FB-0005466,CUST-101837,2026-07-22,8.0,"The issue was annoying, but the team resolved it quickly."
FB-0005467,CUST-101838,2026-07-11,3.4,The service problems and billing issues make it difficult to justify continuing.
FB-0005468,CUST-101838,2026-04-06,3.7,The service problems and billing issues make it difficult to justify continuing.
FB-0005469,CUST-101838,2026-02-15,3.4,The service problems and billing issues make it difficult to justify continuing.
FB-0005470,CUST-101839,2026-04-30,7.6,The platform has been reliable and support was helpful.
FB-0005471,CUST-101839,2026-07-22,8.5,The platform has been reliable and support was helpful.
FB-0005472,CUST-101840,2026-02-17,8.5,The platform has been reliable and support was helpful.
FB-0005473,CUST-101840,2026-07-04,7.4,The platform has been reliable and support was helpful.
FB-0005474,CUST-101840,2026-07-27,7.6,The platform has been reliable and support was helpful.
FB-0005475,CUST-101840,2026-07-19,9.3,The platform has been reliable and support was helpful.
FB-0005476,CUST-101841,2026-05-14,4.1,The service problems and billing issues make it difficult to justify continuing.
FB-0005477,CUST-101841,2026-05-25,2.7,We've had too many problems and are seriously considering alternatives.
FB-0005478,CUST-101841,2026-02-21,2.5,We've had too many problems and are seriously considering alternatives.
FB-0005479,CUST-101842,2026-07-24,7.3,We aren't using the platform as much as before.
FB-0005480,CUST-101842,2026-07-04,6.0,I'm not sure we're getting enough value from the subscription.
FB-0005481,CUST-101842,2026-06-17,7.0,I'm not sure we're getting enough value from the subscription.
FB-0005482,CUST-101842,2026-03-28,7.0,I'm not sure we're getting enough value from the subscription.
FB-0005483,CUST-101843,2026-05-19,4.6,I don't understand the latest invoice.
FB-0005484,CUST-101843,2026-04-14,4.7,I don't understand the latest invoice.
FB-0005485,CUST-101843,2026-05-12,6.0,I don't understand the latest invoice.
FB-0005486,CUST-101843,2026-04-26,5.3,There appears to be an unexpected charge on my account.
FB-0005487,CUST-101844,2026-03-14,4.5,The service problems and billing issues make it difficult to justify continuing.
FB-0005488,CUST-101844,2026-05-29,3.5,The service problems and billing issues make it difficult to justify continuing.
FB-0005489,CUST-101844,2026-03-31,4.9,The service problems and billing issues make it difficult to justify continuing.
FB-0005490,CUST-101845,2026-05-25,9.8,The platform has been reliable and support was helpful.
FB-0005491,CUST-101845,2026-05-16,8.5,Everything worked well and the issue was resolved quickly.
FB-0005492,CUST-101846,2026-03-07,8.6,Everything worked well and the issue was resolved quickly.
FB-0005493,CUST-101846,2026-02-07,7.6,Everything worked well and the issue was resolved quickly.
FB-0005494,CUST-101847,2026-06-21,10.0,The platform has been reliable and support was helpful.
FB-0005495,CUST-101847,2026-05-10,7.7,The platform has been reliable and support was helpful.
FB-0005496,CUST-101847,2026-06-25,7.3,Everything worked well and the issue was resolved quickly.
FB-0005497,CUST-101848,2026-04-12,9.3,Everything worked well and the issue was resolved quickly.
FB-0005498,CUST-101848,2026-06-15,10.0,Everything worked well and the issue was resolved quickly.
FB-0005499,CUST-101849,2026-06-03,2.8,The service problems and billing issues make it difficult to justify continuing.
FB-0005500,CUST-101849,2026-06-19,3.7,We've had too many problems and are seriously considering alternatives.
FB-0005501,CUST-101849,2026-02-25,4.6,The service problems and billing issues make it difficult to justify continuing.
FB-0005502,CUST-101849,2026-02-27,4.0,We've had too many problems and are seriously considering alternatives.
FB-0005503,CUST-101850,2026-04-05,5.7,There appears to be an unexpected charge on my account.
FB-0005504,CUST-101850,2026-03-23,5.1,I don't understand the latest invoice.
FB-0005505,CUST-101850,2026-05-03,6.9,There appears to be an unexpected charge on my account.
FB-0005506,CUST-101851,2026-04-03,5.4,The problem is still unresolved and this is becoming frustrating.
FB-0005507,CUST-101851,2026-07-09,3.6,The problem is still unresolved and this is becoming frustrating.
FB-0005508,CUST-101852,2026-02-15,8.6,The platform has been reliable and support was helpful.
FB-0005509,CUST-101852,2026-06-29,9.4,Everything worked well and the issue was resolved quickly.
FB-0005510,CUST-101852,2026-06-24,9.3,The platform has been reliable and support was helpful.
FB-0005511,CUST-101852,2026-07-09,9.3,Everything worked well and the issue was resolved quickly.
FB-0005512,CUST-101853,2026-04-09,7.8,We aren't using the platform as much as before.
FB-0005513,CUST-101853,2026-07-03,6.6,We aren't using the platform as much as before.
FB-0005514,CUST-101853,2026-07-10,7.2,We aren't using the platform as much as before.
FB-0005515,CUST-101853,2026-04-12,6.9,I'm not sure we're getting enough value from the subscription.
FB-0005516,CUST-101854,2026-05-26,9.7,We aren't using the platform as much as before.
FB-0005517,CUST-101854,2026-07-10,6.1,I'm not sure we're getting enough value from the subscription.
FB-0005518,CUST-101855,2026-06-24,7.1,The platform has been reliable and support was helpful.
FB-0005519,CUST-101855,2026-02-27,9.7,Everything worked well and the issue was resolved quickly.
FB-0005520,CUST-101855,2026-03-31,9.1,The platform has been reliable and support was helpful.
FB-0005521,CUST-101856,2026-05-10,8.6,The platform has been reliable and support was helpful.
FB-0005522,CUST-101856,2026-05-23,9.3,The platform has been reliable and support was helpful.
FB-0005523,CUST-101856,2026-07-03,9.3,The platform has been reliable and support was helpful.
FB-0005524,CUST-101857,2026-07-17,8.5,Everything worked well and the issue was resolved quickly.
FB-0005525,CUST-101857,2026-02-11,6.3,The platform has been reliable and support was helpful.
FB-0005526,CUST-101857,2026-02-13,6.9,The platform has been reliable and support was helpful.
FB-0005527,CUST-101858,2026-06-23,4.1,I've contacted support multiple times for the same issue.
FB-0005528,CUST-101858,2026-03-14,4.8,The problem is still unresolved and this is becoming frustrating.
FB-0005529,CUST-101859,2026-03-30,8.7,Everything worked well and the issue was resolved quickly.
FB-0005530,CUST-101859,2026-03-30,8.0,Everything worked well and the issue was resolved quickly.
FB-0005531,CUST-101859,2026-03-17,8.6,Everything worked well and the issue was resolved quickly.
FB-0005532,CUST-101859,2026-04-10,7.8,The platform has been reliable and support was helpful.
FB-0005533,CUST-101860,2026-04-24,7.1,We aren't using the platform as much as before.
FB-0005534,CUST-101860,2026-06-22,7.1,We aren't using the platform as much as before.
FB-0005535,CUST-101861,2026-07-22,6.2,I've contacted support multiple times for the same issue.
FB-0005536,CUST-101861,2026-04-02,6.0,I've contacted support multiple times for the same issue.
FB-0005537,CUST-101861,2026-02-28,4.8,I've contacted support multiple times for the same issue.
FB-0005538,CUST-101861,2026-07-15,3.5,I've contacted support multiple times for the same issue.
FB-0005539,CUST-101862,2026-03-04,5.3,I don't understand the latest invoice.
FB-0005540,CUST-101862,2026-03-21,6.6,I don't understand the latest invoice.
FB-0005541,CUST-101863,2026-03-26,7.6,The platform has been reliable and support was helpful.
FB-0005542,CUST-101863,2026-07-07,7.5,Everything worked well and the issue was resolved quickly.
FB-0005543,CUST-101864,2026-02-03,5.7,The problem is still unresolved and this is becoming frustrating.
FB-0005544,CUST-101864,2026-07-03,4.7,I've contacted support multiple times for the same issue.
FB-0005545,CUST-101865,2026-03-01,9.1,The platform has been reliable and support was helpful.
FB-0005546,CUST-101865,2026-03-12,9.9,The platform has been reliable and support was helpful.
FB-0005547,CUST-101865,2026-02-16,8.9,The platform has been reliable and support was helpful.
FB-0005548,CUST-101866,2026-05-24,4.1,We're evaluating alternatives and may move away from the platform.
FB-0005549,CUST-101866,2026-03-21,2.8,We're evaluating alternatives and may move away from the platform.
FB-0005550,CUST-101866,2026-02-24,2.3,We are considering cancelling at renewal.
FB-0005551,CUST-101867,2026-02-08,8.5,Everything worked well and the issue was resolved quickly.
FB-0005552,CUST-101867,2026-04-05,8.1,The platform has been reliable and support was helpful.
FB-0005553,CUST-101868,2026-06-30,8.5,Everything worked well and the issue was resolved quickly.
FB-0005554,CUST-101868,2026-02-26,9.2,Everything worked well and the issue was resolved quickly.
FB-0005555,CUST-101868,2026-02-11,7.2,Everything worked well and the issue was resolved quickly.
FB-0005556,CUST-101869,2026-07-03,6.2,The recent product changes made our workflow harder.
FB-0005557,CUST-101869,2026-03-01,2.7,The recent product changes made our workflow harder.
FB-0005558,CUST-101869,2026-07-27,3.5,The recent product changes made our workflow harder.
FB-0005559,CUST-101870,2026-06-04,2.9,We've had too many problems and are seriously considering alternatives.
FB-0005560,CUST-101870,2026-05-02,4.5,The service problems and billing issues make it difficult to justify continuing.
FB-0005561,CUST-101870,2026-07-14,2.8,The service problems and billing issues make it difficult to justify continuing.
FB-0005562,CUST-101870,2026-07-08,4.2,The service problems and billing issues make it difficult to justify continuing.
FB-0005563,CUST-101871,2026-07-08,8.7,The platform has been reliable and support was helpful.
FB-0005564,CUST-101871,2026-04-09,9.3,Everything worked well and the issue was resolved quickly.
FB-0005565,CUST-101871,2026-02-15,9.5,Everything worked well and the issue was resolved quickly.
FB-0005566,CUST-101872,2026-06-27,5.0,I'm not sure we're getting enough value from the subscription.
FB-0005567,CUST-101872,2026-06-19,6.3,We aren't using the platform as much as before.
FB-0005568,CUST-101873,2026-02-14,8.6,The platform has been reliable and support was helpful.
FB-0005569,CUST-101873,2026-02-19,7.4,Everything worked well and the issue was resolved quickly.
FB-0005570,CUST-101873,2026-03-15,10.0,Everything worked well and the issue was resolved quickly.
FB-0005571,CUST-101873,2026-06-23,9.6,The platform has been reliable and support was helpful.
FB-0005572,CUST-101874,2026-03-01,2.5,We've had too many problems and are seriously considering alternatives.
FB-0005573,CUST-101874,2026-05-28,3.6,The service problems and billing issues make it difficult to justify continuing.
FB-0005574,CUST-101875,2026-02-21,5.2,I've contacted support multiple times for the same issue.
FB-0005575,CUST-101875,2026-04-21,5.1,The problem is still unresolved and this is becoming frustrating.
FB-0005576,CUST-101876,2026-07-22,4.0,The service problems and billing issues make it difficult to justify continuing.
FB-0005577,CUST-101876,2026-02-27,3.4,We've had too many problems and are seriously considering alternatives.
FB-0005578,CUST-101876,2026-04-01,3.0,The service problems and billing issues make it difficult to justify continuing.
FB-0005579,CUST-101876,2026-04-10,4.0,The service problems and billing issues make it difficult to justify continuing.
FB-0005580,CUST-101877,2026-07-13,3.9,We are considering cancelling at renewal.
FB-0005581,CUST-101877,2026-04-21,3.1,We're evaluating alternatives and may move away from the platform.
FB-0005582,CUST-101877,2026-03-22,4.2,We are considering cancelling at renewal.
FB-0005583,CUST-101878,2026-05-27,6.9,The platform has been reliable and support was helpful.
FB-0005584,CUST-101878,2026-06-26,8.6,Everything worked well and the issue was resolved quickly.
FB-0005585,CUST-101878,2026-07-13,5.6,The platform has been reliable and support was helpful.
FB-0005586,CUST-101879,2026-03-22,10.0,Everything worked well and the issue was resolved quickly.
FB-0005587,CUST-101879,2026-05-10,7.3,The platform has been reliable and support was helpful.
FB-0005588,CUST-101879,2026-06-07,8.3,Everything worked well and the issue was resolved quickly.
FB-0005589,CUST-101879,2026-04-25,7.2,The platform has been reliable and support was helpful.
FB-0005590,CUST-101880,2026-07-26,5.5,I don't understand the latest invoice.
FB-0005591,CUST-101880,2026-03-16,6.7,There appears to be an unexpected charge on my account.
FB-0005592,CUST-101880,2026-04-18,3.4,I don't understand the latest invoice.
FB-0005593,CUST-101881,2026-06-20,4.3,We are considering cancelling at renewal.
FB-0005594,CUST-101881,2026-05-04,3.2,We're evaluating alternatives and may move away from the platform.
FB-0005595,CUST-101881,2026-04-15,3.3,We're evaluating alternatives and may move away from the platform.
FB-0005596,CUST-101882,2026-06-06,7.4,The platform has been reliable and support was helpful.
FB-0005597,CUST-101882,2026-03-13,9.1,Everything worked well and the issue was resolved quickly.
FB-0005598,CUST-101882,2026-02-05,9.7,Everything worked well and the issue was resolved quickly.
FB-0005599,CUST-101883,2026-05-18,4.2,There appears to be an unexpected charge on my account.
FB-0005600,CUST-101883,2026-05-05,5.5,There appears to be an unexpected charge on my account.
FB-0005601,CUST-101883,2026-04-03,5.8,I don't understand the latest invoice.
FB-0005602,CUST-101883,2026-03-16,5.7,I don't understand the latest invoice.
FB-0005603,CUST-101884,2026-06-26,5.0,The problem is still unresolved and this is becoming frustrating.
FB-0005604,CUST-101884,2026-06-22,5.0,The problem is still unresolved and this is becoming frustrating.
FB-0005605,CUST-101885,2026-02-10,5.0,I've contacted support multiple times for the same issue.
FB-0005606,CUST-101885,2026-02-12,5.4,I've contacted support multiple times for the same issue.
FB-0005607,CUST-101885,2026-06-24,4.8,The problem is still unresolved and this is becoming frustrating.
FB-0005608,CUST-101886,2026-07-26,7.3,"The issue was annoying, but the team resolved it quickly."
FB-0005609,CUST-101886,2026-06-14,9.4,"I was frustrated by the new interface, but overall the product is valuable."
FB-0005610,CUST-101886,2026-03-29,6.3,"I was frustrated by the new interface, but overall the product is valuable."
FB-0005611,CUST-101887,2026-06-18,8.2,"I was frustrated by the new interface, but overall the product is valuable."
FB-0005612,CUST-101887,2026-03-18,8.5,"I was frustrated by the new interface, but overall the product is valuable."
FB-0005613,CUST-101887,2026-07-25,7.4,"I was frustrated by the new interface, but overall the product is valuable."
FB-0005614,CUST-101887,2026-06-13,9.6,"I was frustrated by the new interface, but overall the product is valuable."
FB-0005615,CUST-101888,2026-06-16,5.1,The platform has been reliable and support was helpful.
FB-0005616,CUST-101888,2026-04-26,7.8,Everything worked well and the issue was resolved quickly.
FB-0005617,CUST-101888,2026-04-05,8.7,Everything worked well and the issue was resolved quickly.
FB-0005618,CUST-101889,2026-07-18,5.1,We aren't using the platform as much as before.
FB-0005619,CUST-101889,2026-03-19,7.6,We aren't using the platform as much as before.
FB-0005620,CUST-101889,2026-07-16,6.9,We aren't using the platform as much as before.
FB-0005621,CUST-101889,2026-03-17,5.1,I'm not sure we're getting enough value from the subscription.
FB-0005622,CUST-101890,2026-06-21,7.2,We aren't using the platform as much as before.
FB-0005623,CUST-101890,2026-06-19,7.8,We aren't using the platform as much as before.
FB-0005624,CUST-101890,2026-07-08,5.7,I'm not sure we're getting enough value from the subscription.
FB-0005625,CUST-101890,2026-02-10,7.5,We aren't using the platform as much as before.
FB-0005626,CUST-101891,2026-02-08,5.6,I've contacted support multiple times for the same issue.
FB-0005627,CUST-101891,2026-06-08,4.9,I've contacted support multiple times for the same issue.
FB-0005628,CUST-101891,2026-05-19,5.2,The problem is still unresolved and this is becoming frustrating.
FB-0005629,CUST-101892,2026-03-31,3.1,We're evaluating alternatives and may move away from the platform.
FB-0005630,CUST-101892,2026-05-24,4.1,We're evaluating alternatives and may move away from the platform.
FB-0005631,CUST-101893,2026-02-20,5.8,There appears to be an unexpected charge on my account.
FB-0005632,CUST-101893,2026-02-09,5.3,I don't understand the latest invoice.
FB-0005633,CUST-101893,2026-03-10,5.2,There appears to be an unexpected charge on my account.
FB-0005634,CUST-101894,2026-04-02,6.5,We aren't using the platform as much as before.
FB-0005635,CUST-101894,2026-02-25,7.1,I'm not sure we're getting enough value from the subscription.
FB-0005636,CUST-101895,2026-03-15,3.0,We are considering cancelling at renewal.
FB-0005637,CUST-101895,2026-04-17,4.1,We're evaluating alternatives and may move away from the platform.
FB-0005638,CUST-101895,2026-07-09,3.9,We are considering cancelling at renewal.
FB-0005639,CUST-101895,2026-04-07,3.5,We are considering cancelling at renewal.
FB-0005640,CUST-101896,2026-02-07,7.9,Everything worked well and the issue was resolved quickly.
FB-0005641,CUST-101896,2026-06-13,8.4,Everything worked well and the issue was resolved quickly.
FB-0005642,CUST-101896,2026-07-07,9.2,The platform has been reliable and support was helpful.
FB-0005643,CUST-101896,2026-02-15,7.0,The platform has been reliable and support was helpful.
FB-0005644,CUST-101897,2026-05-01,10.0,Everything worked well and the issue was resolved quickly.
FB-0005645,CUST-101897,2026-04-19,9.5,The platform has been reliable and support was helpful.
FB-0005646,CUST-101897,2026-07-15,9.9,The platform has been reliable and support was helpful.
FB-0005647,CUST-101898,2026-06-13,3.6,We're evaluating alternatives and may move away from the platform.
FB-0005648,CUST-101898,2026-04-25,2.7,We are considering cancelling at renewal.
FB-0005649,CUST-101899,2026-07-24,5.7,There appears to be an unexpected charge on my account.
FB-0005650,CUST-101899,2026-05-05,6.1,I don't understand the latest invoice.
FB-0005651,CUST-101899,2026-04-26,6.4,There appears to be an unexpected charge on my account.
FB-0005652,CUST-101899,2026-02-18,5.9,I don't understand the latest invoice.
FB-0005653,CUST-101900,2026-05-05,4.2,I've contacted support multiple times for the same issue.
FB-0005654,CUST-101900,2026-07-06,4.7,I've contacted support multiple times for the same issue.
FB-0005655,CUST-101900,2026-07-22,4.0,I've contacted support multiple times for the same issue.
FB-0005656,CUST-101901,2026-04-04,6.0,There appears to be an unexpected charge on my account.
FB-0005657,CUST-101901,2026-04-11,6.4,I don't understand the latest invoice.
FB-0005658,CUST-101901,2026-02-16,5.5,I don't understand the latest invoice.
FB-0005659,CUST-101901,2026-06-13,6.1,I don't understand the latest invoice.
FB-0005660,CUST-101902,2026-05-24,5.1,We've had too many problems and are seriously considering alternatives.
FB-0005661,CUST-101902,2026-02-23,2.3,We've had too many problems and are seriously considering alternatives.
FB-0005662,CUST-101902,2026-05-17,2.3,The service problems and billing issues make it difficult to justify continuing.
FB-0005663,CUST-101902,2026-03-07,3.7,The service problems and billing issues make it difficult to justify continuing.
FB-0005664,CUST-101903,2026-06-07,6.2,The platform has been reliable and support was helpful.
FB-0005665,CUST-101903,2026-06-20,7.7,The platform has been reliable and support was helpful.
FB-0005666,CUST-101903,2026-04-03,10.0,The platform has been reliable and support was helpful.
FB-0005667,CUST-101903,2026-06-17,8.9,The platform has been reliable and support was helpful.
FB-0005668,CUST-101904,2026-07-04,6.4,I'm not sure we're getting enough value from the subscription.
FB-0005669,CUST-101904,2026-06-04,7.5,We aren't using the platform as much as before.
FB-0005670,CUST-101905,2026-03-01,7.8,The platform has been reliable and support was helpful.
FB-0005671,CUST-101905,2026-04-25,8.5,Everything worked well and the issue was resolved quickly.
FB-0005672,CUST-101905,2026-04-21,8.3,The platform has been reliable and support was helpful.
FB-0005673,CUST-101905,2026-04-09,9.8,The platform has been reliable and support was helpful.
FB-0005674,CUST-101906,2026-03-31,10.0,The platform has been reliable and support was helpful.
FB-0005675,CUST-101906,2026-03-05,8.8,Everything worked well and the issue was resolved quickly.
FB-0005676,CUST-101906,2026-06-28,8.0,The platform has been reliable and support was helpful.
FB-0005677,CUST-101907,2026-07-19,9.4,Everything worked well and the issue was resolved quickly.
FB-0005678,CUST-101907,2026-03-27,8.8,Everything worked well and the issue was resolved quickly.
FB-0005679,CUST-101908,2026-06-24,6.9,There appears to be an unexpected charge on my account.
FB-0005680,CUST-101908,2026-04-02,4.6,I don't understand the latest invoice.
FB-0005681,CUST-101908,2026-07-25,6.2,There appears to be an unexpected charge on my account.
FB-0005682,CUST-101908,2026-02-16,4.7,I don't understand the latest invoice.
FB-0005683,CUST-101909,2026-05-11,4.2,The recent product changes made our workflow harder.
FB-0005684,CUST-101909,2026-06-13,3.5,Several important features are not working as expected.
FB-0005685,CUST-101909,2026-05-20,4.5,The recent product changes made our workflow harder.
FB-0005686,CUST-101909,2026-06-28,6.8,Several important features are not working as expected.
FB-0005687,CUST-101910,2026-03-14,7.5,Everything worked well and the issue was resolved quickly.
FB-0005688,CUST-101910,2026-06-21,6.8,Everything worked well and the issue was resolved quickly.
FB-0005689,CUST-101910,2026-05-29,8.6,The platform has been reliable and support was helpful.
FB-0005690,CUST-101911,2026-06-18,5.5,I don't understand the latest invoice.
FB-0005691,CUST-101911,2026-07-16,4.9,There appears to be an unexpected charge on my account.
FB-0005692,CUST-101911,2026-07-05,4.6,There appears to be an unexpected charge on my account.
FB-0005693,CUST-101912,2026-03-25,10.0,Everything worked well and the issue was resolved quickly.
FB-0005694,CUST-101912,2026-05-13,8.5,The platform has been reliable and support was helpful.
FB-0005695,CUST-101912,2026-02-20,9.4,Everything worked well and the issue was resolved quickly.
FB-0005696,CUST-101912,2026-07-12,8.2,Everything worked well and the issue was resolved quickly.
FB-0005697,CUST-101913,2026-04-02,3.5,The problem is still unresolved and this is becoming frustrating.
FB-0005698,CUST-101913,2026-07-23,6.2,The problem is still unresolved and this is becoming frustrating.
FB-0005699,CUST-101914,2026-07-05,7.2,The platform has been reliable and support was helpful.
FB-0005700,CUST-101914,2026-04-16,6.5,The platform has been reliable and support was helpful.
FB-0005701,CUST-101915,2026-03-07,8.1,The platform has been reliable and support was helpful.
FB-0005702,CUST-101915,2026-06-06,7.4,The platform has been reliable and support was helpful.
FB-0005703,CUST-101916,2026-03-16,7.1,We aren't using the platform as much as before.
FB-0005704,CUST-101916,2026-03-29,6.1,I'm not sure we're getting enough value from the subscription.
FB-0005705,CUST-101917,2026-06-06,4.0,The problem is still unresolved and this is becoming frustrating.
FB-0005706,CUST-101917,2026-06-19,3.6,I've contacted support multiple times for the same issue.
FB-0005707,CUST-101918,2026-02-08,8.2,Everything worked well and the issue was resolved quickly.
FB-0005708,CUST-101918,2026-03-12,8.1,The platform has been reliable and support was helpful.
FB-0005709,CUST-101919,2026-06-24,9.3,The platform has been reliable and support was helpful.
FB-0005710,CUST-101919,2026-04-17,7.1,The platform has been reliable and support was helpful.
FB-0005711,CUST-101919,2026-05-16,7.5,Everything worked well and the issue was resolved quickly.
FB-0005712,CUST-101919,2026-07-04,7.8,Everything worked well and the issue was resolved quickly.
FB-0005713,CUST-101920,2026-04-20,4.2,I've contacted support multiple times for the same issue.
FB-0005714,CUST-101920,2026-05-05,4.5,The problem is still unresolved and this is becoming frustrating.
FB-0005715,CUST-101920,2026-02-12,4.5,The problem is still unresolved and this is becoming frustrating.
FB-0005716,CUST-101921,2026-07-12,6.1,The problem is still unresolved and this is becoming frustrating.
FB-0005717,CUST-101921,2026-05-18,4.5,I've contacted support multiple times for the same issue.
FB-0005718,CUST-101921,2026-04-05,4.5,The problem is still unresolved and this is becoming frustrating.
FB-0005719,CUST-101921,2026-03-05,4.4,I've contacted support multiple times for the same issue.
FB-0005720,CUST-101922,2026-06-20,8.7,Everything worked well and the issue was resolved quickly.
FB-0005721,CUST-101922,2026-05-29,6.8,The platform has been reliable and support was helpful.
FB-0005722,CUST-101923,2026-02-19,9.9,Everything worked well and the issue was resolved quickly.
FB-0005723,CUST-101923,2026-06-01,9.6,Everything worked well and the issue was resolved quickly.
FB-0005724,CUST-101923,2026-02-23,7.8,Everything worked well and the issue was resolved quickly.
FB-0005725,CUST-101923,2026-07-21,7.9,Everything worked well and the issue was resolved quickly.
FB-0005726,CUST-101924,2026-06-01,9.3,Everything worked well and the issue was resolved quickly.
FB-0005727,CUST-101924,2026-06-16,9.4,The platform has been reliable and support was helpful.
FB-0005728,CUST-101924,2026-05-07,8.7,The platform has been reliable and support was helpful.
FB-0005729,CUST-101925,2026-06-17,9.0,Everything worked well and the issue was resolved quickly.
FB-0005730,CUST-101925,2026-03-18,9.5,The platform has been reliable and support was helpful.
FB-0005731,CUST-101925,2026-05-21,8.6,The platform has been reliable and support was helpful.
FB-0005732,CUST-101925,2026-07-07,9.3,The platform has been reliable and support was helpful.
FB-0005733,CUST-101926,2026-03-16,4.7,The service problems and billing issues make it difficult to justify continuing.
FB-0005734,CUST-101926,2026-03-11,5.1,The service problems and billing issues make it difficult to justify continuing.
FB-0005735,CUST-101926,2026-02-19,3.7,We've had too many problems and are seriously considering alternatives.
FB-0005736,CUST-101926,2026-02-23,2.9,We've had too many problems and are seriously considering alternatives.
FB-0005737,CUST-101927,2026-04-13,6.8,I've contacted support multiple times for the same issue.
FB-0005738,CUST-101927,2026-02-06,5.8,I've contacted support multiple times for the same issue.
FB-0005739,CUST-101928,2026-04-28,8.4,Everything worked well and the issue was resolved quickly.
FB-0005740,CUST-101928,2026-05-28,8.6,The platform has been reliable and support was helpful.
FB-0005741,CUST-101929,2026-04-08,9.9,The platform has been reliable and support was helpful.
FB-0005742,CUST-101929,2026-07-22,8.8,Everything worked well and the issue was resolved quickly.
FB-0005743,CUST-101929,2026-05-20,8.7,The platform has been reliable and support was helpful.
FB-0005744,CUST-101929,2026-04-03,9.3,The platform has been reliable and support was helpful.
FB-0005745,CUST-101930,2026-06-16,1.8,The service problems and billing issues make it difficult to justify continuing.
FB-0005746,CUST-101930,2026-04-10,3.0,The service problems and billing issues make it difficult to justify continuing.
FB-0005747,CUST-101930,2026-03-11,3.6,The service problems and billing issues make it difficult to justify continuing.
FB-0005748,CUST-101931,2026-02-08,2.6,The service problems and billing issues make it difficult to justify continuing.
FB-0005749,CUST-101931,2026-05-06,3.4,We've had too many problems and are seriously considering alternatives.
FB-0005750,CUST-101931,2026-03-11,5.0,We've had too many problems and are seriously considering alternatives.
FB-0005751,CUST-101931,2026-05-17,5.7,We've had too many problems and are seriously considering alternatives.
FB-0005752,CUST-101932,2026-02-09,4.6,The problem is still unresolved and this is becoming frustrating.
FB-0005753,CUST-101932,2026-05-24,3.8,The problem is still unresolved and this is becoming frustrating.
FB-0005754,CUST-101933,2026-02-13,7.4,The platform has been reliable and support was helpful.
FB-0005755,CUST-101933,2026-07-21,7.7,The platform has been reliable and support was helpful.
FB-0005756,CUST-101933,2026-03-24,10.0,The platform has been reliable and support was helpful.
FB-0005757,CUST-101934,2026-05-08,4.8,The service problems and billing issues make it difficult to justify continuing.
FB-0005758,CUST-101934,2026-05-29,5.1,We've had too many problems and are seriously considering alternatives.
FB-0005759,CUST-101934,2026-06-12,3.2,We've had too many problems and are seriously considering alternatives.
FB-0005760,CUST-101934,2026-06-11,2.6,We've had too many problems and are seriously considering alternatives.
FB-0005761,CUST-101935,2026-07-27,5.9,There appears to be an unexpected charge on my account.
FB-0005762,CUST-101935,2026-02-21,5.2,I don't understand the latest invoice.
FB-0005763,CUST-101935,2026-02-26,6.3,I don't understand the latest invoice.
FB-0005764,CUST-101935,2026-05-28,4.6,I don't understand the latest invoice.
FB-0005765,CUST-101936,2026-03-04,5.0,We're evaluating alternatives and may move away from the platform.
FB-0005766,CUST-101936,2026-03-01,3.7,We're evaluating alternatives and may move away from the platform.
FB-0005767,CUST-101936,2026-06-18,3.7,We're evaluating alternatives and may move away from the platform.
FB-0005768,CUST-101936,2026-06-12,5.1,We're evaluating alternatives and may move away from the platform.
FB-0005769,CUST-101937,2026-05-05,3.0,Several important features are not working as expected.
FB-0005770,CUST-101937,2026-06-04,5.8,Several important features are not working as expected.
FB-0005771,CUST-101938,2026-02-26,6.6,I'm not sure we're getting enough value from the subscription.
FB-0005772,CUST-101938,2026-03-03,7.7,We aren't using the platform as much as before.
FB-0005773,CUST-101938,2026-06-28,7.3,I'm not sure we're getting enough value from the subscription.
FB-0005774,CUST-101939,2026-05-02,8.3,We aren't using the platform as much as before.
FB-0005775,CUST-101939,2026-07-21,7.3,We aren't using the platform as much as before.
FB-0005776,CUST-101939,2026-06-26,7.3,I'm not sure we're getting enough value from the subscription.
FB-0005777,CUST-101940,2026-03-18,3.1,The service problems and billing issues make it difficult to justify continuing.
FB-0005778,CUST-101940,2026-05-28,2.7,We've had too many problems and are seriously considering alternatives.
FB-0005779,CUST-101940,2026-03-09,6.7,We've had too many problems and are seriously considering alternatives.
FB-0005780,CUST-101940,2026-02-20,1.4,The service problems and billing issues make it difficult to justify continuing.
FB-0005781,CUST-101941,2026-04-08,2.4,The recent product changes made our workflow harder.
FB-0005782,CUST-101941,2026-03-02,5.6,Several important features are not working as expected.
FB-0005783,CUST-101941,2026-05-05,6.0,The recent product changes made our workflow harder.
FB-0005784,CUST-101942,2026-06-30,7.8,Everything worked well and the issue was resolved quickly.
FB-0005785,CUST-101942,2026-03-08,9.4,Everything worked well and the issue was resolved quickly.
FB-0005786,CUST-101942,2026-05-13,8.7,Everything worked well and the issue was resolved quickly.
FB-0005787,CUST-101943,2026-05-28,8.4,The platform has been reliable and support was helpful.
FB-0005788,CUST-101943,2026-06-19,8.7,The platform has been reliable and support was helpful.
FB-0005789,CUST-101943,2026-05-25,7.5,The platform has been reliable and support was helpful.
FB-0005790,CUST-101943,2026-05-22,10.0,The platform has been reliable and support was helpful.
FB-0005791,CUST-101944,2026-04-29,9.2,The platform has been reliable and support was helpful.
FB-0005792,CUST-101944,2026-06-17,9.3,The platform has been reliable and support was helpful.
FB-0005793,CUST-101944,2026-05-30,8.0,Everything worked well and the issue was resolved quickly.
FB-0005794,CUST-101945,2026-04-05,5.9,I've contacted support multiple times for the same issue.
FB-0005795,CUST-101945,2026-03-05,4.8,I've contacted support multiple times for the same issue.
FB-0005796,CUST-101945,2026-04-14,4.7,I've contacted support multiple times for the same issue.
FB-0005797,CUST-101945,2026-05-06,5.4,The problem is still unresolved and this is becoming frustrating.
FB-0005798,CUST-101946,2026-03-08,8.9,Everything worked well and the issue was resolved quickly.
FB-0005799,CUST-101946,2026-04-25,10.0,The platform has been reliable and support was helpful.
FB-0005800,CUST-101946,2026-05-17,8.8,The platform has been reliable and support was helpful.
FB-0005801,CUST-101946,2026-04-22,7.8,Everything worked well and the issue was resolved quickly.
FB-0005802,CUST-101947,2026-06-30,3.1,We're evaluating alternatives and may move away from the platform.
FB-0005803,CUST-101947,2026-07-17,2.0,We are considering cancelling at renewal.
FB-0005804,CUST-101947,2026-05-13,1.8,We are considering cancelling at renewal.
FB-0005805,CUST-101947,2026-05-01,7.2,We're evaluating alternatives and may move away from the platform.
FB-0005806,CUST-101948,2026-02-11,4.5,There appears to be an unexpected charge on my account.
FB-0005807,CUST-101948,2026-06-17,6.4,There appears to be an unexpected charge on my account.
FB-0005808,CUST-101948,2026-04-04,6.8,There appears to be an unexpected charge on my account.
FB-0005809,CUST-101949,2026-05-05,6.4,Everything worked well and the issue was resolved quickly.
FB-0005810,CUST-101949,2026-05-10,7.9,Everything worked well and the issue was resolved quickly.
FB-0005811,CUST-101950,2026-07-26,8.7,The platform has been reliable and support was helpful.
FB-0005812,CUST-101950,2026-02-12,8.7,Everything worked well and the issue was resolved quickly.
FB-0005813,CUST-101951,2026-05-18,10.0,Everything worked well and the issue was resolved quickly.
FB-0005814,CUST-101951,2026-07-24,7.5,Everything worked well and the issue was resolved quickly.
FB-0005815,CUST-101951,2026-03-23,9.4,Everything worked well and the issue was resolved quickly.
FB-0005816,CUST-101951,2026-05-13,9.5,Everything worked well and the issue was resolved quickly.
FB-0005817,CUST-101952,2026-05-10,7.8,The platform has been reliable and support was helpful.
FB-0005818,CUST-101952,2026-05-27,9.3,The platform has been reliable and support was helpful.
FB-0005819,CUST-101952,2026-03-26,9.1,The platform has been reliable and support was helpful.
FB-0005820,CUST-101953,2026-04-21,4.7,The problem is still unresolved and this is becoming frustrating.
FB-0005821,CUST-101953,2026-07-26,6.1,The problem is still unresolved and this is becoming frustrating.
FB-0005822,CUST-101953,2026-05-13,5.6,I've contacted support multiple times for the same issue.
FB-0005823,CUST-101953,2026-04-23,5.1,I've contacted support multiple times for the same issue.
FB-0005824,CUST-101954,2026-06-20,8.2,The platform has been reliable and support was helpful.
FB-0005825,CUST-101954,2026-02-08,8.2,The platform has been reliable and support was helpful.
FB-0005826,CUST-101954,2026-02-25,8.4,Everything worked well and the issue was resolved quickly.
FB-0005827,CUST-101954,2026-05-06,8.6,The platform has been reliable and support was helpful.
FB-0005828,CUST-101955,2026-06-11,8.3,Everything worked well and the issue was resolved quickly.
FB-0005829,CUST-101955,2026-04-09,9.1,Everything worked well and the issue was resolved quickly.
FB-0005830,CUST-101955,2026-03-17,7.7,Everything worked well and the issue was resolved quickly.
FB-0005831,CUST-101956,2026-04-02,7.2,The platform has been reliable and support was helpful.
FB-0005832,CUST-101956,2026-07-07,6.8,The platform has been reliable and support was helpful.
FB-0005833,CUST-101956,2026-03-09,9.5,Everything worked well and the issue was resolved quickly.
FB-0005834,CUST-101957,2026-03-22,3.6,I've contacted support multiple times for the same issue.
FB-0005835,CUST-101957,2026-04-22,4.1,I've contacted support multiple times for the same issue.
FB-0005836,CUST-101958,2026-05-28,7.5,The platform has been reliable and support was helpful.
FB-0005837,CUST-101958,2026-07-02,6.9,Everything worked well and the issue was resolved quickly.
FB-0005838,CUST-101958,2026-06-21,7.8,Everything worked well and the issue was resolved quickly.
FB-0005839,CUST-101958,2026-06-21,8.8,Everything worked well and the issue was resolved quickly.
FB-0005840,CUST-101959,2026-05-30,8.0,The platform has been reliable and support was helpful.
FB-0005841,CUST-101959,2026-06-18,9.4,Everything worked well and the issue was resolved quickly.
FB-0005842,CUST-101959,2026-03-09,8.6,Everything worked well and the issue was resolved quickly.
FB-0005843,CUST-101960,2026-02-04,5.5,The problem is still unresolved and this is becoming frustrating.
FB-0005844,CUST-101960,2026-03-08,4.7,The problem is still unresolved and this is becoming frustrating.
FB-0005845,CUST-101961,2026-02-09,8.1,I'm not sure we're getting enough value from the subscription.
FB-0005846,CUST-101961,2026-03-09,5.7,We aren't using the platform as much as before.
FB-0005847,CUST-101961,2026-03-12,5.8,We aren't using the platform as much as before.
FB-0005848,CUST-101962,2026-07-05,7.8,Everything worked well and the issue was resolved quickly.
FB-0005849,CUST-101962,2026-02-11,9.2,Everything worked well and the issue was resolved quickly.
FB-0005850,CUST-101963,2026-02-22,5.4,I've contacted support multiple times for the same issue.
FB-0005851,CUST-101963,2026-05-26,4.8,I've contacted support multiple times for the same issue.
FB-0005852,CUST-101963,2026-06-08,4.9,I've contacted support multiple times for the same issue.
FB-0005853,CUST-101963,2026-04-21,6.0,The problem is still unresolved and this is becoming frustrating.
FB-0005854,CUST-101964,2026-07-06,3.6,I don't understand the latest invoice.
FB-0005855,CUST-101964,2026-05-24,5.0,I don't understand the latest invoice.
FB-0005856,CUST-101964,2026-07-19,5.3,I don't understand the latest invoice.
FB-0005857,CUST-101965,2026-07-08,9.4,Everything worked well and the issue was resolved quickly.
FB-0005858,CUST-101965,2026-05-27,9.2,The platform has been reliable and support was helpful.
FB-0005859,CUST-101966,2026-02-15,4.1,Several important features are not working as expected.
FB-0005860,CUST-101966,2026-03-23,5.7,The recent product changes made our workflow harder.
FB-0005861,CUST-101966,2026-04-23,5.6,The recent product changes made our workflow harder.
FB-0005862,CUST-101967,2026-02-04,8.5,The platform has been reliable and support was helpful.
FB-0005863,CUST-101967,2026-07-21,8.7,Everything worked well and the issue was resolved quickly.
FB-0005864,CUST-101967,2026-03-10,7.8,Everything worked well and the issue was resolved quickly.
FB-0005865,CUST-101968,2026-03-06,3.5,The service problems and billing issues make it difficult to justify continuing.
FB-0005866,CUST-101968,2026-02-25,4.8,The service problems and billing issues make it difficult to justify continuing.
FB-0005867,CUST-101968,2026-04-29,3.4,The service problems and billing issues make it difficult to justify continuing.
FB-0005868,CUST-101969,2026-06-23,4.6,I've contacted support multiple times for the same issue.
FB-0005869,CUST-101969,2026-06-22,5.3,The problem is still unresolved and this is becoming frustrating.
FB-0005870,CUST-101969,2026-06-29,6.0,I've contacted support multiple times for the same issue.
FB-0005871,CUST-101970,2026-05-06,9.8,Everything worked well and the issue was resolved quickly.
FB-0005872,CUST-101970,2026-07-01,8.5,Everything worked well and the issue was resolved quickly.
FB-0005873,CUST-101970,2026-07-16,8.3,Everything worked well and the issue was resolved quickly.
FB-0005874,CUST-101970,2026-06-25,9.9,The platform has been reliable and support was helpful.
FB-0005875,CUST-101971,2026-05-22,4.8,There appears to be an unexpected charge on my account.
FB-0005876,CUST-101971,2026-06-22,6.3,I don't understand the latest invoice.
FB-0005877,CUST-101972,2026-02-07,4.9,We're evaluating alternatives and may move away from the platform.
FB-0005878,CUST-101972,2026-03-11,2.9,We are considering cancelling at renewal.
FB-0005879,CUST-101972,2026-02-18,4.8,We are considering cancelling at renewal.
FB-0005880,CUST-101973,2026-03-21,9.8,Everything worked well and the issue was resolved quickly.
FB-0005881,CUST-101973,2026-03-30,9.4,The platform has been reliable and support was helpful.
FB-0005882,CUST-101973,2026-05-06,8.5,The platform has been reliable and support was helpful.
FB-0005883,CUST-101974,2026-03-22,7.1,The platform has been reliable and support was helpful.
FB-0005884,CUST-101974,2026-05-31,8.6,Everything worked well and the issue was resolved quickly.
FB-0005885,CUST-101974,2026-04-29,8.5,The platform has been reliable and support was helpful.
FB-0005886,CUST-101974,2026-06-19,8.4,The platform has been reliable and support was helpful.
FB-0005887,CUST-101975,2026-04-22,2.5,The service problems and billing issues make it difficult to justify continuing.
FB-0005888,CUST-101975,2026-05-17,4.6,The service problems and billing issues make it difficult to justify continuing.
FB-0005889,CUST-101975,2026-03-13,2.7,The service problems and billing issues make it difficult to justify continuing.
FB-0005890,CUST-101975,2026-04-16,4.2,The service problems and billing issues make it difficult to justify continuing.
FB-0005891,CUST-101976,2026-06-15,4.8,There appears to be an unexpected charge on my account.
FB-0005892,CUST-101976,2026-03-06,7.1,I don't understand the latest invoice.
FB-0005893,CUST-101977,2026-07-26,6.8,The platform has been reliable and support was helpful.
FB-0005894,CUST-101977,2026-07-11,7.6,Everything worked well and the issue was resolved quickly.
FB-0005895,CUST-101977,2026-07-07,7.9,The platform has been reliable and support was helpful.
FB-0005896,CUST-101978,2026-07-07,6.1,I don't understand the latest invoice.
FB-0005897,CUST-101978,2026-03-11,6.2,I don't understand the latest invoice.
FB-0005898,CUST-101978,2026-03-04,7.1,There appears to be an unexpected charge on my account.
FB-0005899,CUST-101978,2026-05-09,4.9,There appears to be an unexpected charge on my account.
FB-0005900,CUST-101979,2026-07-11,10.0,Everything worked well and the issue was resolved quickly.
FB-0005901,CUST-101979,2026-06-16,8.0,Everything worked well and the issue was resolved quickly.
FB-0005902,CUST-101979,2026-06-23,8.0,Everything worked well and the issue was resolved quickly.
FB-0005903,CUST-101979,2026-07-14,10.0,The platform has been reliable and support was helpful.
FB-0005904,CUST-101980,2026-03-13,4.6,I don't understand the latest invoice.
FB-0005905,CUST-101980,2026-03-16,5.9,There appears to be an unexpected charge on my account.
FB-0005906,CUST-101980,2026-04-22,6.7,There appears to be an unexpected charge on my account.
FB-0005907,CUST-101981,2026-04-11,9.8,The platform has been reliable and support was helpful.
FB-0005908,CUST-101981,2026-05-10,9.2,The platform has been reliable and support was helpful.
FB-0005909,CUST-101982,2026-05-25,6.4,Everything worked well and the issue was resolved quickly.
FB-0005910,CUST-101982,2026-02-20,7.9,The platform has been reliable and support was helpful.
FB-0005911,CUST-101982,2026-04-01,9.3,The platform has been reliable and support was helpful.
FB-0005912,CUST-101982,2026-06-24,9.5,Everything worked well and the issue was resolved quickly.
FB-0005913,CUST-101983,2026-07-27,9.9,The platform has been reliable and support was helpful.
FB-0005914,CUST-101983,2026-03-20,8.4,The platform has been reliable and support was helpful.
FB-0005915,CUST-101983,2026-05-16,7.9,The platform has been reliable and support was helpful.
FB-0005916,CUST-101983,2026-07-02,9.7,Everything worked well and the issue was resolved quickly.
FB-0005917,CUST-101984,2026-05-03,9.0,Everything worked well and the issue was resolved quickly.
FB-0005918,CUST-101984,2026-06-29,8.9,The platform has been reliable and support was helpful.
FB-0005919,CUST-101984,2026-06-15,6.3,Everything worked well and the issue was resolved quickly.
FB-0005920,CUST-101984,2026-06-28,9.2,Everything worked well and the issue was resolved quickly.
FB-0005921,CUST-101985,2026-07-22,5.4,There appears to be an unexpected charge on my account.
FB-0005922,CUST-101985,2026-06-30,6.6,I don't understand the latest invoice.
FB-0005923,CUST-101985,2026-02-18,6.2,There appears to be an unexpected charge on my account.
FB-0005924,CUST-101986,2026-02-27,4.9,The problem is still unresolved and this is becoming frustrating.
FB-0005925,CUST-101986,2026-02-22,6.1,The problem is still unresolved and this is becoming frustrating.
FB-0005926,CUST-101987,2026-06-30,9.3,"The issue was annoying, but the team resolved it quickly."
FB-0005927,CUST-101987,2026-05-14,8.1,"I was frustrated by the new interface, but overall the product is valuable."
FB-0005928,CUST-101987,2026-07-17,8.3,"The issue was annoying, but the team resolved it quickly."
FB-0005929,CUST-101988,2026-07-27,7.8,We aren't using the platform as much as before.
FB-0005930,CUST-101988,2026-07-24,6.5,I'm not sure we're getting enough value from the subscription.
FB-0005931,CUST-101988,2026-04-25,6.7,I'm not sure we're getting enough value from the subscription.
FB-0005932,CUST-101988,2026-04-04,5.2,We aren't using the platform as much as before.
FB-0005933,CUST-101989,2026-04-09,9.0,The platform has been reliable and support was helpful.
FB-0005934,CUST-101989,2026-06-15,9.7,The platform has been reliable and support was helpful.
FB-0005935,CUST-101989,2026-04-03,9.2,The platform has been reliable and support was helpful.
FB-0005936,CUST-101990,2026-02-27,8.2,The platform has been reliable and support was helpful.
FB-0005937,CUST-101990,2026-05-06,7.3,The platform has been reliable and support was helpful.
FB-0005938,CUST-101990,2026-02-17,10.0,The platform has been reliable and support was helpful.
FB-0005939,CUST-101991,2026-04-03,2.5,We're evaluating alternatives and may move away from the platform.
FB-0005940,CUST-101991,2026-06-28,2.7,We're evaluating alternatives and may move away from the platform.
FB-0005941,CUST-101991,2026-05-19,5.0,We are considering cancelling at renewal.
FB-0005942,CUST-101991,2026-06-21,4.8,We are considering cancelling at renewal.
FB-0005943,CUST-101992,2026-05-08,4.0,The recent product changes made our workflow harder.
FB-0005944,CUST-101992,2026-06-04,4.8,The recent product changes made our workflow harder.
FB-0005945,CUST-101992,2026-05-02,4.5,The recent product changes made our workflow harder.
FB-0005946,CUST-101992,2026-02-16,6.4,Several important features are not working as expected.
FB-0005947,CUST-101993,2026-05-08,6.2,We aren't using the platform as much as before.
FB-0005948,CUST-101993,2026-05-02,7.7,I'm not sure we're getting enough value from the subscription.
FB-0005949,CUST-101993,2026-07-01,6.3,I'm not sure we're getting enough value from the subscription.
FB-0005950,CUST-101994,2026-04-28,9.0,Everything worked well and the issue was resolved quickly.
FB-0005951,CUST-101994,2026-02-09,9.7,Everything worked well and the issue was resolved quickly.
FB-0005952,CUST-101994,2026-02-11,9.5,Everything worked well and the issue was resolved quickly.
FB-0005953,CUST-101994,2026-06-09,7.5,The platform has been reliable and support was helpful.
FB-0005954,CUST-101995,2026-02-14,8.8,Everything worked well and the issue was resolved quickly.
FB-0005955,CUST-101995,2026-07-22,7.9,Everything worked well and the issue was resolved quickly.
FB-0005956,CUST-101995,2026-06-15,7.6,The platform has been reliable and support was helpful.
FB-0005957,CUST-101996,2026-06-18,4.8,I've contacted support multiple times for the same issue.
FB-0005958,CUST-101996,2026-04-12,5.0,The problem is still unresolved and this is becoming frustrating.
FB-0005959,CUST-101996,2026-06-23,4.6,I've contacted support multiple times for the same issue.
FB-0005960,CUST-101996,2026-02-20,4.4,I've contacted support multiple times for the same issue.
FB-0005961,CUST-101997,2026-05-11,9.3,The platform has been reliable and support was helpful.
FB-0005962,CUST-101997,2026-04-22,10.0,Everything worked well and the issue was resolved quickly.
FB-0005963,CUST-101997,2026-04-24,8.9,The platform has been reliable and support was helpful.
FB-0005964,CUST-101998,2026-04-18,5.3,I don't understand the latest invoice.
FB-0005965,CUST-101998,2026-02-12,6.9,I don't understand the latest invoice.
FB-0005966,CUST-101999,2026-06-10,7.6,Everything worked well and the issue was resolved quickly.
FB-0005967,CUST-101999,2026-07-21,8.5,Everything worked well and the issue was resolved quickly.
FB-0005968,CUST-101999,2026-03-25,7.5,Everything worked well and the issue was resolved quickly.
FB-0005969,CUST-101999,2026-02-08,8.6,Everything worked well and the issue was resolved quickly.
FB-0005970,CUST-102000,2026-05-04,8.1,The platform has been reliable and support was helpful.
FB-0005971,CUST-102000,2026-07-13,9.1,Everything worked well and the issue was resolved quickly.
FB-0005972,CUST-102000,2026-04-01,8.4,The platform has been reliable and support was helpful.
FB-0005973,CUST-102000,2026-02-08,7.5,The platform has been reliable and support was helpful.
FB-0005974,CUST-102001,2026-03-09,6.0,I'm not sure we're getting enough value from the subscription.
FB-0005975,CUST-102001,2026-05-05,7.0,I'm not sure we're getting enough value from the subscription.
FB-0005976,CUST-102001,2026-04-02,7.6,We aren't using the platform as much as before.
FB-0005977,CUST-102001,2026-05-23,5.9,I'm not sure we're getting enough value from the subscription.
FB-0005978,CUST-102002,2026-06-01,2.5,We're evaluating alternatives and may move away from the platform.
FB-0005979,CUST-102002,2026-02-22,5.1,We are considering cancelling at renewal.
FB-0005980,CUST-102002,2026-06-22,2.9,We're evaluating alternatives and may move away from the platform.
FB-0005981,CUST-102002,2026-06-03,4.0,We are considering cancelling at renewal.
FB-0005982,CUST-102003,2026-04-11,7.4,The platform has been reliable and support was helpful.
FB-0005983,CUST-102003,2026-02-13,8.4,The platform has been reliable and support was helpful.
FB-0005984,CUST-102004,2026-07-22,7.8,I'm not sure we're getting enough value from the subscription.
FB-0005985,CUST-102004,2026-02-26,7.3,We aren't using the platform as much as before.
FB-0005986,CUST-102004,2026-03-04,6.4,I'm not sure we're getting enough value from the subscription.
FB-0005987,CUST-102005,2026-03-08,8.8,The platform has been reliable and support was helpful.
FB-0005988,CUST-102005,2026-02-27,9.4,Everything worked well and the issue was resolved quickly.
FB-0005989,CUST-102006,2026-03-24,10.0,Everything worked well and the issue was resolved quickly.
FB-0005990,CUST-102006,2026-06-26,7.1,Everything worked well and the issue was resolved quickly.
FB-0005991,CUST-102006,2026-06-07,8.3,The platform has been reliable and support was helpful.
FB-0005992,CUST-102007,2026-05-05,5.6,We aren't using the platform as much as before.
FB-0005993,CUST-102007,2026-03-28,7.2,I'm not sure we're getting enough value from the subscription.
FB-0005994,CUST-102007,2026-06-19,6.8,I'm not sure we're getting enough value from the subscription.
FB-0005995,CUST-102008,2026-07-06,5.9,Everything worked well and the issue was resolved quickly.
FB-0005996,CUST-102008,2026-03-10,7.3,The platform has been reliable and support was helpful.
FB-0005997,CUST-102008,2026-03-19,9.1,The platform has been reliable and support was helpful.
FB-0005998,CUST-102008,2026-06-15,10.0,The platform has been reliable and support was helpful.
FB-0005999,CUST-102009,2026-07-11,4.5,We're evaluating alternatives and may move away from the platform.
FB-0006000,CUST-102009,2026-03-30,3.6,We're evaluating alternatives and may move away from the platform.
FB-0006001,CUST-102010,2026-07-24,6.0,The problem is still unresolved and this is becoming frustrating.
FB-0006002,CUST-102010,2026-02-18,2.4,The problem is still unresolved and this is becoming frustrating.
FB-0006003,CUST-102011,2026-07-20,5.4,I've contacted support multiple times for the same issue.
FB-0006004,CUST-102011,2026-04-20,5.7,I've contacted support multiple times for the same issue.
FB-0006005,CUST-102011,2026-04-21,5.7,The problem is still unresolved and this is becoming frustrating.
FB-0006006,CUST-102011,2026-06-18,5.8,The problem is still unresolved and this is becoming frustrating.
FB-0006007,CUST-102012,2026-06-16,6.1,I don't understand the latest invoice.
FB-0006008,CUST-102012,2026-07-12,4.6,I don't understand the latest invoice.
FB-0006009,CUST-102012,2026-05-11,4.8,There appears to be an unexpected charge on my account.
FB-0006010,CUST-102012,2026-05-02,7.3,I don't understand the latest invoice.
FB-0006011,CUST-102013,2026-05-06,5.6,The problem is still unresolved and this is becoming frustrating.
FB-0006012,CUST-102013,2026-06-26,3.1,I've contacted support multiple times for the same issue.
FB-0006013,CUST-102013,2026-06-05,5.2,The problem is still unresolved and this is becoming frustrating.
FB-0006014,CUST-102014,2026-03-07,5.5,I'm not sure we're getting enough value from the subscription.
FB-0006015,CUST-102014,2026-02-06,8.4,We aren't using the platform as much as before.
FB-0006016,CUST-102014,2026-02-05,6.7,I'm not sure we're getting enough value from the subscription.
FB-0006017,CUST-102014,2026-03-22,7.8,We aren't using the platform as much as before.
FB-0006018,CUST-102015,2026-02-15,5.5,The problem is still unresolved and this is becoming frustrating.
FB-0006019,CUST-102015,2026-03-02,5.4,The problem is still unresolved and this is becoming frustrating.
FB-0006020,CUST-102015,2026-05-02,4.1,The problem is still unresolved and this is becoming frustrating.
FB-0006021,CUST-102015,2026-05-13,5.6,The problem is still unresolved and this is becoming frustrating.
FB-0006022,CUST-102016,2026-06-18,7.6,Everything worked well and the issue was resolved quickly.
FB-0006023,CUST-102016,2026-02-14,7.8,The platform has been reliable and support was helpful.
FB-0006024,CUST-102016,2026-04-21,9.0,Everything worked well and the issue was resolved quickly.
FB-0006025,CUST-102016,2026-06-04,10.0,The platform has been reliable and support was helpful.
FB-0006026,CUST-102017,2026-04-02,9.5,The platform has been reliable and support was helpful.
FB-0006027,CUST-102017,2026-03-10,9.1,Everything worked well and the issue was resolved quickly.
FB-0006028,CUST-102017,2026-05-25,8.3,Everything worked well and the issue was resolved quickly.
FB-0006029,CUST-102017,2026-03-02,8.4,The platform has been reliable and support was helpful.
FB-0006030,CUST-102018,2026-04-11,7.6,Everything worked well and the issue was resolved quickly.
FB-0006031,CUST-102018,2026-03-01,9.2,Everything worked well and the issue was resolved quickly.
FB-0006032,CUST-102018,2026-06-08,9.1,Everything worked well and the issue was resolved quickly.
FB-0006033,CUST-102019,2026-07-15,3.3,We've had too many problems and are seriously considering alternatives.
FB-0006034,CUST-102019,2026-03-23,3.2,The service problems and billing issues make it difficult to justify continuing.
FB-0006035,CUST-102020,2026-04-14,8.5,Everything worked well and the issue was resolved quickly.
FB-0006036,CUST-102020,2026-04-28,9.3,The platform has been reliable and support was helpful.
FB-0006037,CUST-102021,2026-04-14,4.5,The recent product changes made our workflow harder.
FB-0006038,CUST-102021,2026-03-30,4.6,The recent product changes made our workflow harder.
FB-0006039,CUST-102021,2026-05-12,4.8,The recent product changes made our workflow harder.
FB-0006040,CUST-102021,2026-02-08,6.0,The recent product changes made our workflow harder.
FB-0006041,CUST-102022,2026-03-20,3.5,We've had too many problems and are seriously considering alternatives.
FB-0006042,CUST-102022,2026-02-17,3.7,The service problems and billing issues make it difficult to justify continuing.
FB-0006043,CUST-102023,2026-05-21,3.3,Several important features are not working as expected.
FB-0006044,CUST-102023,2026-02-16,2.9,The recent product changes made our workflow harder.
FB-0006045,CUST-102023,2026-03-04,4.3,Several important features are not working as expected.
FB-0006046,CUST-102024,2026-04-08,3.1,The recent product changes made our workflow harder.
FB-0006047,CUST-102024,2026-04-25,4.5,The recent product changes made our workflow harder.
FB-0006048,CUST-102024,2026-04-28,3.7,The recent product changes made our workflow harder.
FB-0006049,CUST-102024,2026-03-14,4.8,Several important features are not working as expected.
FB-0006050,CUST-102025,2026-02-19,8.5,The platform has been reliable and support was helpful.
FB-0006051,CUST-102025,2026-04-09,8.6,The platform has been reliable and support was helpful.
FB-0006052,CUST-102025,2026-05-07,9.6,Everything worked well and the issue was resolved quickly.
FB-0006053,CUST-102025,2026-04-28,9.8,Everything worked well and the issue was resolved quickly.
FB-0006054,CUST-102026,2026-03-21,9.3,The platform has been reliable and support was helpful.
FB-0006055,CUST-102026,2026-07-12,9.5,The platform has been reliable and support was helpful.
FB-0006056,CUST-102027,2026-04-29,8.8,The platform has been reliable and support was helpful.
FB-0006057,CUST-102027,2026-02-12,9.7,The platform has been reliable and support was helpful.
FB-0006058,CUST-102028,2026-06-24,9.0,Everything worked well and the issue was resolved quickly.
FB-0006059,CUST-102028,2026-07-23,8.4,The platform has been reliable and support was helpful.
FB-0006060,CUST-102029,2026-04-02,7.0,There appears to be an unexpected charge on my account.
FB-0006061,CUST-102029,2026-03-05,5.9,I don't understand the latest invoice.
FB-0006062,CUST-102029,2026-03-21,8.5,There appears to be an unexpected charge on my account.
FB-0006063,CUST-102030,2026-04-27,8.9,The platform has been reliable and support was helpful.
FB-0006064,CUST-102030,2026-02-28,10.0,Everything worked well and the issue was resolved quickly.
FB-0006065,CUST-102030,2026-03-19,9.3,Everything worked well and the issue was resolved quickly.
FB-0006066,CUST-102030,2026-06-09,9.0,Everything worked well and the issue was resolved quickly.
FB-0006067,CUST-102031,2026-06-28,9.4,Everything worked well and the issue was resolved quickly.
FB-0006068,CUST-102031,2026-05-20,6.5,The platform has been reliable and support was helpful.
FB-0006069,CUST-102031,2026-06-07,7.7,Everything worked well and the issue was resolved quickly.
FB-0006070,CUST-102032,2026-06-10,6.2,The problem is still unresolved and this is becoming frustrating.
FB-0006071,CUST-102032,2026-02-21,6.7,I've contacted support multiple times for the same issue.
FB-0006072,CUST-102033,2026-05-16,3.8,We are considering cancelling at renewal.
FB-0006073,CUST-102033,2026-03-13,3.9,We're evaluating alternatives and may move away from the platform.
FB-0006074,CUST-102033,2026-07-16,3.7,We are considering cancelling at renewal.
FB-0006075,CUST-102034,2026-02-08,6.5,I've contacted support multiple times for the same issue.
FB-0006076,CUST-102034,2026-02-10,5.6,The problem is still unresolved and this is becoming frustrating.
FB-0006077,CUST-102035,2026-03-30,8.8,"I was frustrated by the new interface, but overall the product is valuable."
FB-0006078,CUST-102035,2026-03-06,8.6,"The issue was annoying, but the team resolved it quickly."
FB-0006079,CUST-102035,2026-07-20,8.6,"I was frustrated by the new interface, but overall the product is valuable."
FB-0006080,CUST-102036,2026-03-20,8.7,Everything worked well and the issue was resolved quickly.
FB-0006081,CUST-102036,2026-03-02,10.0,The platform has been reliable and support was helpful.
FB-0006082,CUST-102036,2026-07-22,8.2,The platform has been reliable and support was helpful.
FB-0006083,CUST-102037,2026-04-28,8.9,The platform has been reliable and support was helpful.
FB-0006084,CUST-102037,2026-06-12,9.4,The platform has been reliable and support was helpful.
FB-0006085,CUST-102037,2026-03-07,7.0,The platform has been reliable and support was helpful.
FB-0006086,CUST-102037,2026-06-05,10.0,The platform has been reliable and support was helpful.
FB-0006087,CUST-102038,2026-07-21,3.8,The service problems and billing issues make it difficult to justify continuing.
FB-0006088,CUST-102038,2026-06-04,3.3,We've had too many problems and are seriously considering alternatives.
FB-0006089,CUST-102039,2026-07-20,2.6,We've had too many problems and are seriously considering alternatives.
FB-0006090,CUST-102039,2026-03-28,4.8,The service problems and billing issues make it difficult to justify continuing.
FB-0006091,CUST-102039,2026-06-13,3.9,The service problems and billing issues make it difficult to justify continuing.
FB-0006092,CUST-102039,2026-02-10,2.0,The service problems and billing issues make it difficult to justify continuing.
FB-0006093,CUST-102040,2026-03-21,8.7,Everything worked well and the issue was resolved quickly.
FB-0006094,CUST-102040,2026-07-07,8.0,Everything worked well and the issue was resolved quickly.
FB-0006095,CUST-102041,2026-03-22,9.1,The platform has been reliable and support was helpful.
FB-0006096,CUST-102041,2026-05-10,8.2,Everything worked well and the issue was resolved quickly.
FB-0006097,CUST-102041,2026-06-04,8.2,Everything worked well and the issue was resolved quickly.
FB-0006098,CUST-102042,2026-04-03,8.0,The platform has been reliable and support was helpful.
FB-0006099,CUST-102042,2026-03-19,8.2,Everything worked well and the issue was resolved quickly.
FB-0006100,CUST-102042,2026-05-02,6.9,Everything worked well and the issue was resolved quickly.
FB-0006101,CUST-102043,2026-06-14,7.7,Everything worked well and the issue was resolved quickly.
FB-0006102,CUST-102043,2026-07-04,8.7,The platform has been reliable and support was helpful.
FB-0006103,CUST-102043,2026-05-17,8.9,The platform has been reliable and support was helpful.
FB-0006104,CUST-102044,2026-04-19,10.0,The platform has been reliable and support was helpful.
FB-0006105,CUST-102044,2026-03-22,9.6,Everything worked well and the issue was resolved quickly.
FB-0006106,CUST-102045,2026-02-04,3.5,The problem is still unresolved and this is becoming frustrating.
FB-0006107,CUST-102045,2026-04-21,6.5,The problem is still unresolved and this is becoming frustrating.
FB-0006108,CUST-102046,2026-07-20,5.1,We are considering cancelling at renewal.
FB-0006109,CUST-102046,2026-05-22,2.9,We're evaluating alternatives and may move away from the platform.
FB-0006110,CUST-102046,2026-04-24,4.3,We're evaluating alternatives and may move away from the platform.
FB-0006111,CUST-102047,2026-03-16,7.7,Everything worked well and the issue was resolved quickly.
FB-0006112,CUST-102047,2026-07-11,7.6,Everything worked well and the issue was resolved quickly.
FB-0006113,CUST-102048,2026-02-22,5.5,The recent product changes made our workflow harder.
FB-0006114,CUST-102048,2026-02-18,4.6,The recent product changes made our workflow harder.
FB-0006115,CUST-102048,2026-04-27,4.5,Several important features are not working as expected.
FB-0006116,CUST-102048,2026-02-27,6.1,The recent product changes made our workflow harder.
FB-0006117,CUST-102049,2026-03-13,4.1,The service problems and billing issues make it difficult to justify continuing.
FB-0006118,CUST-102049,2026-04-08,4.1,We've had too many problems and are seriously considering alternatives.
FB-0006119,CUST-102050,2026-02-17,6.2,We aren't using the platform as much as before.
FB-0006120,CUST-102050,2026-04-15,8.8,We aren't using the platform as much as before.
FB-0006121,CUST-102051,2026-04-03,6.9,"The issue was annoying, but the team resolved it quickly."
FB-0006122,CUST-102051,2026-05-16,8.2,"The issue was annoying, but the team resolved it quickly."
FB-0006123,CUST-102051,2026-04-02,8.5,"The issue was annoying, but the team resolved it quickly."
FB-0006124,CUST-102051,2026-03-20,7.7,"I was frustrated by the new interface, but overall the product is valuable."
FB-0006125,CUST-102052,2026-04-18,9.7,The platform has been reliable and support was helpful.
FB-0006126,CUST-102052,2026-07-06,8.9,Everything worked well and the issue was resolved quickly.
FB-0006127,CUST-102052,2026-05-19,7.5,Everything worked well and the issue was resolved quickly.
FB-0006128,CUST-102053,2026-06-01,7.0,I'm not sure we're getting enough value from the subscription.
FB-0006129,CUST-102053,2026-02-08,5.4,I'm not sure we're getting enough value from the subscription.
FB-0006130,CUST-102053,2026-04-28,4.5,I'm not sure we're getting enough value from the subscription.
FB-0006131,CUST-102053,2026-05-31,6.6,We aren't using the platform as much as before.
FB-0006132,CUST-102054,2026-07-09,4.4,We're evaluating alternatives and may move away from the platform.
FB-0006133,CUST-102054,2026-04-27,3.9,We are considering cancelling at renewal.
FB-0006134,CUST-102055,2026-05-05,6.4,There appears to be an unexpected charge on my account.
FB-0006135,CUST-102055,2026-05-20,6.1,There appears to be an unexpected charge on my account.
FB-0006136,CUST-102056,2026-02-21,7.1,There appears to be an unexpected charge on my account.
FB-0006137,CUST-102056,2026-06-08,4.9,I don't understand the latest invoice.
FB-0006138,CUST-102057,2026-02-25,7.6,The platform has been reliable and support was helpful.
FB-0006139,CUST-102057,2026-07-04,10.0,Everything worked well and the issue was resolved quickly.
FB-0006140,CUST-102057,2026-03-31,6.9,Everything worked well and the issue was resolved quickly.
FB-0006141,CUST-102057,2026-04-14,9.6,The platform has been reliable and support was helpful.
FB-0006142,CUST-102058,2026-04-24,2.1,We've had too many problems and are seriously considering alternatives.
FB-0006143,CUST-102058,2026-06-22,3.9,We've had too many problems and are seriously considering alternatives.
FB-0006144,CUST-102058,2026-02-13,3.3,We've had too many problems and are seriously considering alternatives.
FB-0006145,CUST-102059,2026-06-09,4.9,The problem is still unresolved and this is becoming frustrating.
FB-0006146,CUST-102059,2026-06-28,4.1,The problem is still unresolved and this is becoming frustrating.
FB-0006147,CUST-102060,2026-02-10,5.1,The problem is still unresolved and this is becoming frustrating.
FB-0006148,CUST-102060,2026-04-18,4.6,I've contacted support multiple times for the same issue.
FB-0006149,CUST-102060,2026-05-09,2.2,I've contacted support multiple times for the same issue.
FB-0006150,CUST-102060,2026-02-21,5.4,I've contacted support multiple times for the same issue.
FB-0006151,CUST-102061,2026-06-08,3.4,The problem is still unresolved and this is becoming frustrating.
FB-0006152,CUST-102061,2026-07-06,5.4,I've contacted support multiple times for the same issue.
FB-0006153,CUST-102061,2026-06-23,5.1,I've contacted support multiple times for the same issue.
FB-0006154,CUST-102061,2026-04-07,3.9,The problem is still unresolved and this is becoming frustrating.
FB-0006155,CUST-102062,2026-02-21,8.8,"I was frustrated by the new interface, but overall the product is valuable."
FB-0006156,CUST-102062,2026-04-16,7.0,"I was frustrated by the new interface, but overall the product is valuable."
FB-0006157,CUST-102062,2026-06-14,9.9,"The issue was annoying, but the team resolved it quickly."
FB-0006158,CUST-102062,2026-07-12,6.6,"I was frustrated by the new interface, but overall the product is valuable."
FB-0006159,CUST-102063,2026-04-28,7.8,The platform has been reliable and support was helpful.
FB-0006160,CUST-102063,2026-04-13,8.4,The platform has been reliable and support was helpful.
FB-0006161,CUST-102063,2026-02-22,8.5,Everything worked well and the issue was resolved quickly.
FB-0006162,CUST-102064,2026-04-09,3.9,There appears to be an unexpected charge on my account.
FB-0006163,CUST-102064,2026-06-06,6.3,I don't understand the latest invoice.
FB-0006164,CUST-102064,2026-04-09,5.7,There appears to be an unexpected charge on my account.
FB-0006165,CUST-102064,2026-04-02,7.2,There appears to be an unexpected charge on my account.
FB-0006166,CUST-102065,2026-04-03,7.8,Everything worked well and the issue was resolved quickly.
FB-0006167,CUST-102065,2026-05-02,8.5,The platform has been reliable and support was helpful.
FB-0006168,CUST-102065,2026-07-01,6.2,Everything worked well and the issue was resolved quickly.
FB-0006169,CUST-102065,2026-05-08,8.1,Everything worked well and the issue was resolved quickly.
FB-0006170,CUST-102066,2026-05-20,7.9,The platform has been reliable and support was helpful.
FB-0006171,CUST-102066,2026-06-19,8.4,The platform has been reliable and support was helpful.
FB-0006172,CUST-102067,2026-04-05,8.2,The platform has been reliable and support was helpful.
FB-0006173,CUST-102067,2026-04-03,8.5,The platform has been reliable and support was helpful.
FB-0006174,CUST-102067,2026-07-17,8.6,The platform has been reliable and support was helpful.
FB-0006175,CUST-102068,2026-02-09,8.2,The platform has been reliable and support was helpful.
FB-0006176,CUST-102068,2026-03-15,9.0,Everything worked well and the issue was resolved quickly.
FB-0006177,CUST-102068,2026-06-07,9.5,Everything worked well and the issue was resolved quickly.
FB-0006178,CUST-102069,2026-07-02,8.0,Everything worked well and the issue was resolved quickly.
FB-0006179,CUST-102069,2026-05-16,7.9,Everything worked well and the issue was resolved quickly.
FB-0006180,CUST-102069,2026-07-16,8.6,Everything worked well and the issue was resolved quickly.
FB-0006181,CUST-102070,2026-04-28,8.6,The platform has been reliable and support was helpful.
FB-0006182,CUST-102070,2026-02-03,9.4,Everything worked well and the issue was resolved quickly.
FB-0006183,CUST-102070,2026-03-31,9.2,Everything worked well and the issue was resolved quickly.
FB-0006184,CUST-102071,2026-05-19,8.4,The platform has been reliable and support was helpful.
FB-0006185,CUST-102071,2026-04-30,10.0,The platform has been reliable and support was helpful.
FB-0006186,CUST-102071,2026-05-18,7.7,The platform has been reliable and support was helpful.
FB-0006187,CUST-102072,2026-03-21,3.7,We've had too many problems and are seriously considering alternatives.
FB-0006188,CUST-102072,2026-04-14,7.3,We've had too many problems and are seriously considering alternatives.
FB-0006189,CUST-102072,2026-05-18,3.0,We've had too many problems and are seriously considering alternatives.
FB-0006190,CUST-102072,2026-05-05,1.0,The service problems and billing issues make it difficult to justify continuing.
FB-0006191,CUST-102073,2026-07-19,5.1,I've contacted support multiple times for the same issue.
FB-0006192,CUST-102073,2026-03-14,4.2,I've contacted support multiple times for the same issue.
FB-0006193,CUST-102074,2026-03-24,4.4,I'm not sure we're getting enough value from the subscription.
FB-0006194,CUST-102074,2026-07-14,5.9,We aren't using the platform as much as before.
FB-0006195,CUST-102074,2026-03-13,8.3,We aren't using the platform as much as before.
FB-0006196,CUST-102075,2026-03-17,7.6,The platform has been reliable and support was helpful.
FB-0006197,CUST-102075,2026-04-26,8.4,Everything worked well and the issue was resolved quickly.
FB-0006198,CUST-102075,2026-05-03,9.7,Everything worked well and the issue was resolved quickly.
FB-0006199,CUST-102076,2026-05-08,9.6,Everything worked well and the issue was resolved quickly.
FB-0006200,CUST-102076,2026-07-16,6.9,Everything worked well and the issue was resolved quickly.
FB-0006201,CUST-102076,2026-05-16,8.1,Everything worked well and the issue was resolved quickly.
FB-0006202,CUST-102077,2026-05-28,8.5,I'm not sure we're getting enough value from the subscription.
FB-0006203,CUST-102077,2026-05-22,6.9,I'm not sure we're getting enough value from the subscription.
FB-0006204,CUST-102077,2026-03-15,7.2,We aren't using the platform as much as before.
FB-0006205,CUST-102078,2026-02-25,5.4,The problem is still unresolved and this is becoming frustrating.
FB-0006206,CUST-102078,2026-06-01,3.3,I've contacted support multiple times for the same issue.
FB-0006207,CUST-102079,2026-07-16,8.3,Everything worked well and the issue was resolved quickly.
FB-0006208,CUST-102079,2026-04-15,8.0,Everything worked well and the issue was resolved quickly.
FB-0006209,CUST-102079,2026-06-11,8.6,The platform has been reliable and support was helpful.
FB-0006210,CUST-102080,2026-04-08,6.6,Everything worked well and the issue was resolved quickly.
FB-0006211,CUST-102080,2026-03-03,7.5,The platform has been reliable and support was helpful.
FB-0006212,CUST-102080,2026-06-07,8.9,The platform has been reliable and support was helpful.
FB-0006213,CUST-102080,2026-05-14,9.9,Everything worked well and the issue was resolved quickly.
FB-0006214,CUST-102081,2026-03-17,2.9,We've had too many problems and are seriously considering alternatives.
FB-0006215,CUST-102081,2026-02-08,3.4,We've had too many problems and are seriously considering alternatives.
FB-0006216,CUST-102081,2026-02-19,2.6,The service problems and billing issues make it difficult to justify continuing.
FB-0006217,CUST-102081,2026-02-09,4.2,We've had too many problems and are seriously considering alternatives.
FB-0006218,CUST-102082,2026-05-03,5.4,I don't understand the latest invoice.
FB-0006219,CUST-102082,2026-03-17,6.0,I don't understand the latest invoice.
FB-0006220,CUST-102083,2026-06-19,6.7,We aren't using the platform as much as before.
FB-0006221,CUST-102083,2026-03-25,7.2,I'm not sure we're getting enough value from the subscription.
FB-0006222,CUST-102084,2026-05-31,9.9,Everything worked well and the issue was resolved quickly.
FB-0006223,CUST-102084,2026-02-16,8.9,Everything worked well and the issue was resolved quickly.
FB-0006224,CUST-102085,2026-06-08,8.9,The platform has been reliable and support was helpful.
FB-0006225,CUST-102085,2026-02-04,8.3,The platform has been reliable and support was helpful.
FB-0006226,CUST-102086,2026-02-16,7.1,The platform has been reliable and support was helpful.
FB-0006227,CUST-102086,2026-03-28,8.4,The platform has been reliable and support was helpful.
FB-0006228,CUST-102087,2026-07-26,8.2,Everything worked well and the issue was resolved quickly.
FB-0006229,CUST-102087,2026-04-18,8.8,Everything worked well and the issue was resolved quickly.
FB-0006230,CUST-102088,2026-04-22,9.1,Everything worked well and the issue was resolved quickly.
FB-0006231,CUST-102088,2026-03-24,8.8,The platform has been reliable and support was helpful.
FB-0006232,CUST-102089,2026-02-10,4.3,Several important features are not working as expected.
FB-0006233,CUST-102089,2026-03-07,5.0,The recent product changes made our workflow harder.
FB-0006234,CUST-102089,2026-03-12,5.5,Several important features are not working as expected.
FB-0006235,CUST-102090,2026-03-10,9.3,Everything worked well and the issue was resolved quickly.
FB-0006236,CUST-102090,2026-07-26,8.4,Everything worked well and the issue was resolved quickly.
FB-0006237,CUST-102090,2026-04-21,8.7,Everything worked well and the issue was resolved quickly.
FB-0006238,CUST-102090,2026-05-29,9.9,The platform has been reliable and support was helpful.
FB-0006239,CUST-102091,2026-02-26,7.7,The platform has been reliable and support was helpful.
FB-0006240,CUST-102091,2026-04-28,9.6,Everything worked well and the issue was resolved quickly.
FB-0006241,CUST-102091,2026-05-31,8.2,Everything worked well and the issue was resolved quickly.
FB-0006242,CUST-102091,2026-04-19,8.4,Everything worked well and the issue was resolved quickly.
FB-0006243,CUST-102092,2026-06-20,9.1,Everything worked well and the issue was resolved quickly.
FB-0006244,CUST-102092,2026-04-29,8.4,Everything worked well and the issue was resolved quickly.
FB-0006245,CUST-102092,2026-06-18,7.9,Everything worked well and the issue was resolved quickly.
FB-0006246,CUST-102092,2026-02-18,8.8,The platform has been reliable and support was helpful.
FB-0006247,CUST-102093,2026-07-24,4.1,The service problems and billing issues make it difficult to justify continuing.
FB-0006248,CUST-102093,2026-07-17,2.8,The service problems and billing issues make it difficult to justify continuing.
FB-0006249,CUST-102093,2026-04-28,3.4,The service problems and billing issues make it difficult to justify continuing.
FB-0006250,CUST-102093,2026-06-19,4.2,We've had too many problems and are seriously considering alternatives.
FB-0006251,CUST-102094,2026-04-26,4.6,The recent product changes made our workflow harder.
FB-0006252,CUST-102094,2026-03-06,5.2,Several important features are not working as expected.
FB-0006253,CUST-102094,2026-07-16,4.3,The recent product changes made our workflow harder.
FB-0006254,CUST-102094,2026-06-22,4.0,The recent product changes made our workflow harder.
FB-0006255,CUST-102095,2026-06-16,9.1,Everything worked well and the issue was resolved quickly.
FB-0006256,CUST-102095,2026-06-23,10.0,The platform has been reliable and support was helpful.
FB-0006257,CUST-102095,2026-02-07,9.8,Everything worked well and the issue was resolved quickly.
FB-0006258,CUST-102096,2026-05-08,4.9,We are considering cancelling at renewal.
FB-0006259,CUST-102096,2026-02-09,5.1,We're evaluating alternatives and may move away from the platform.
FB-0006260,CUST-102097,2026-03-12,2.6,The service problems and billing issues make it difficult to justify continuing.
FB-0006261,CUST-102097,2026-03-17,6.0,The service problems and billing issues make it difficult to justify continuing.
FB-0006262,CUST-102097,2026-05-16,4.1,We've had too many problems and are seriously considering alternatives.
FB-0006263,CUST-102097,2026-07-03,2.3,We've had too many problems and are seriously considering alternatives.
FB-0006264,CUST-102098,2026-07-16,5.4,I don't understand the latest invoice.
FB-0006265,CUST-102098,2026-05-10,6.6,I don't understand the latest invoice.
FB-0006266,CUST-102098,2026-06-11,4.7,I don't understand the latest invoice.
FB-0006267,CUST-102099,2026-05-13,8.9,The platform has been reliable and support was helpful.
FB-0006268,CUST-102099,2026-07-11,8.4,The platform has been reliable and support was helpful.
FB-0006269,CUST-102099,2026-06-17,7.0,The platform has been reliable and support was helpful.
FB-0006270,CUST-102099,2026-05-14,8.2,The platform has been reliable and support was helpful.
FB-0006271,CUST-102100,2026-06-17,4.7,We are considering cancelling at renewal.
FB-0006272,CUST-102100,2026-07-16,5.0,We're evaluating alternatives and may move away from the platform.
FB-0006273,CUST-102101,2026-03-13,9.5,Everything worked well and the issue was resolved quickly.
FB-0006274,CUST-102101,2026-07-26,8.4,The platform has been reliable and support was helpful.
FB-0006275,CUST-102101,2026-04-10,9.1,The platform has been reliable and support was helpful.
FB-0006276,CUST-102102,2026-02-12,5.6,I've contacted support multiple times for the same issue.
FB-0006277,CUST-102102,2026-04-18,4.2,The problem is still unresolved and this is becoming frustrating.
FB-0006278,CUST-102102,2026-06-27,4.6,The problem is still unresolved and this is becoming frustrating.
FB-0006279,CUST-102102,2026-06-23,3.2,The problem is still unresolved and this is becoming frustrating.
FB-0006280,CUST-102103,2026-05-27,8.3,The platform has been reliable and support was helpful.
FB-0006281,CUST-102103,2026-06-24,10.0,The platform has been reliable and support was helpful.
FB-0006282,CUST-102104,2026-07-14,9.0,The platform has been reliable and support was helpful.
FB-0006283,CUST-102104,2026-05-16,7.9,The platform has been reliable and support was helpful.
FB-0006284,CUST-102104,2026-06-11,10.0,The platform has been reliable and support was helpful.
FB-0006285,CUST-102104,2026-06-01,8.6,Everything worked well and the issue was resolved quickly.
FB-0006286,CUST-102105,2026-02-24,7.6,The platform has been reliable and support was helpful.
FB-0006287,CUST-102105,2026-06-28,8.8,The platform has been reliable and support was helpful.
FB-0006288,CUST-102105,2026-05-12,7.2,The platform has been reliable and support was helpful.
FB-0006289,CUST-102106,2026-03-20,8.8,Everything worked well and the issue was resolved quickly.
FB-0006290,CUST-102106,2026-03-29,8.5,The platform has been reliable and support was helpful.
FB-0006291,CUST-102106,2026-02-17,9.5,Everything worked well and the issue was resolved quickly.
FB-0006292,CUST-102106,2026-02-27,7.4,Everything worked well and the issue was resolved quickly.
FB-0006293,CUST-102107,2026-06-02,8.8,Everything worked well and the issue was resolved quickly.
FB-0006294,CUST-102107,2026-02-06,7.2,Everything worked well and the issue was resolved quickly.
FB-0006295,CUST-102108,2026-03-04,7.9,Everything worked well and the issue was resolved quickly.
FB-0006296,CUST-102108,2026-04-16,7.8,Everything worked well and the issue was resolved quickly.
FB-0006297,CUST-102108,2026-07-06,8.7,The platform has been reliable and support was helpful.
FB-0006298,CUST-102109,2026-06-05,7.5,"I was frustrated by the new interface, but overall the product is valuable."
FB-0006299,CUST-102109,2026-06-26,7.6,"I was frustrated by the new interface, but overall the product is valuable."
FB-0006300,CUST-102110,2026-06-01,5.0,I don't understand the latest invoice.
FB-0006301,CUST-102110,2026-07-18,6.9,There appears to be an unexpected charge on my account.
FB-0006302,CUST-102111,2026-02-28,4.2,The recent product changes made our workflow harder.
FB-0006303,CUST-102111,2026-03-09,4.2,The recent product changes made our workflow harder.
FB-0006304,CUST-102111,2026-04-11,6.1,The recent product changes made our workflow harder.
FB-0006305,CUST-102111,2026-03-03,1.9,The recent product changes made our workflow harder.
FB-0006306,CUST-102112,2026-03-05,4.5,We've had too many problems and are seriously considering alternatives.
FB-0006307,CUST-102112,2026-03-08,3.4,The service problems and billing issues make it difficult to justify continuing.
FB-0006308,CUST-102112,2026-06-10,3.5,The service problems and billing issues make it difficult to justify continuing.
FB-0006309,CUST-102113,2026-03-29,4.1,I've contacted support multiple times for the same issue.
FB-0006310,CUST-102113,2026-06-14,4.6,The problem is still unresolved and this is becoming frustrating.
FB-0006311,CUST-102113,2026-07-23,5.2,I've contacted support multiple times for the same issue.
FB-0006312,CUST-102114,2026-07-17,6.6,We aren't using the platform as much as before.
FB-0006313,CUST-102114,2026-05-19,7.1,We aren't using the platform as much as before.
FB-0006314,CUST-102114,2026-04-13,7.1,We aren't using the platform as much as before.
FB-0006315,CUST-102115,2026-06-30,8.4,The platform has been reliable and support was helpful.
FB-0006316,CUST-102115,2026-05-12,9.0,Everything worked well and the issue was resolved quickly.
FB-0006317,CUST-102115,2026-04-02,8.6,The platform has been reliable and support was helpful.
FB-0006318,CUST-102115,2026-07-21,9.2,Everything worked well and the issue was resolved quickly.
FB-0006319,CUST-102116,2026-02-04,8.9,The platform has been reliable and support was helpful.
FB-0006320,CUST-102116,2026-02-06,9.0,Everything worked well and the issue was resolved quickly.
FB-0006321,CUST-102116,2026-06-03,7.6,The platform has been reliable and support was helpful.
FB-0006322,CUST-102116,2026-06-18,8.5,Everything worked well and the issue was resolved quickly.
FB-0006323,CUST-102117,2026-03-01,7.2,The platform has been reliable and support was helpful.
FB-0006324,CUST-102117,2026-03-21,8.2,Everything worked well and the issue was resolved quickly.
FB-0006325,CUST-102117,2026-05-25,7.6,The platform has been reliable and support was helpful.
FB-0006326,CUST-102118,2026-06-30,4.4,The problem is still unresolved and this is becoming frustrating.
FB-0006327,CUST-102118,2026-03-23,4.1,I've contacted support multiple times for the same issue.
FB-0006328,CUST-102118,2026-03-31,5.2,I've contacted support multiple times for the same issue.
FB-0006329,CUST-102118,2026-05-09,4.4,I've contacted support multiple times for the same issue.
FB-0006330,CUST-102119,2026-02-04,5.7,I'm not sure we're getting enough value from the subscription.
FB-0006331,CUST-102119,2026-06-22,6.8,I'm not sure we're getting enough value from the subscription.
FB-0006332,CUST-102120,2026-06-02,7.0,Everything worked well and the issue was resolved quickly.
FB-0006333,CUST-102120,2026-02-07,7.8,The platform has been reliable and support was helpful.
FB-0006334,CUST-102121,2026-06-09,9.9,Everything worked well and the issue was resolved quickly.
FB-0006335,CUST-102121,2026-02-13,9.1,Everything worked well and the issue was resolved quickly.
FB-0006336,CUST-102122,2026-02-17,8.0,Everything worked well and the issue was resolved quickly.
FB-0006337,CUST-102122,2026-06-12,6.6,The platform has been reliable and support was helpful.
FB-0006338,CUST-102122,2026-07-16,9.0,Everything worked well and the issue was resolved quickly.
FB-0006339,CUST-102123,2026-02-26,6.3,I'm not sure we're getting enough value from the subscription.
FB-0006340,CUST-102123,2026-04-20,6.3,I'm not sure we're getting enough value from the subscription.
FB-0006341,CUST-102124,2026-03-26,7.4,I don't understand the latest invoice.
FB-0006342,CUST-102124,2026-07-24,8.6,I don't understand the latest invoice.
FB-0006343,CUST-102124,2026-04-27,6.2,I don't understand the latest invoice.
FB-0006344,CUST-102124,2026-05-15,6.7,I don't understand the latest invoice.
FB-0006345,CUST-102125,2026-03-28,5.7,The recent product changes made our workflow harder.
FB-0006346,CUST-102125,2026-07-16,4.8,The recent product changes made our workflow harder.
FB-0006347,CUST-102126,2026-05-26,8.2,Everything worked well and the issue was resolved quickly.
FB-0006348,CUST-102126,2026-07-14,9.4,Everything worked well and the issue was resolved quickly.
FB-0006349,CUST-102127,2026-07-13,7.8,The platform has been reliable and support was helpful.
FB-0006350,CUST-102127,2026-07-18,8.7,The platform has been reliable and support was helpful.
FB-0006351,CUST-102128,2026-07-09,6.9,Everything worked well and the issue was resolved quickly.
FB-0006352,CUST-102128,2026-02-12,7.7,The platform has been reliable and support was helpful.
FB-0006353,CUST-102128,2026-03-18,8.6,The platform has been reliable and support was helpful.
FB-0006354,CUST-102128,2026-04-13,9.2,Everything worked well and the issue was resolved quickly.
FB-0006355,CUST-102129,2026-06-18,7.7,Everything worked well and the issue was resolved quickly.
FB-0006356,CUST-102129,2026-03-17,7.3,The platform has been reliable and support was helpful.
FB-0006357,CUST-102130,2026-05-21,8.1,The platform has been reliable and support was helpful.
FB-0006358,CUST-102130,2026-06-19,9.3,The platform has been reliable and support was helpful.
FB-0006359,CUST-102130,2026-06-28,8.8,The platform has been reliable and support was helpful.
FB-0006360,CUST-102130,2026-06-27,8.4,Everything worked well and the issue was resolved quickly.
FB-0006361,CUST-102131,2026-07-09,9.3,The platform has been reliable and support was helpful.
FB-0006362,CUST-102131,2026-06-20,9.4,The platform has been reliable and support was helpful.
FB-0006363,CUST-102131,2026-05-28,6.9,The platform has been reliable and support was helpful.
FB-0006364,CUST-102132,2026-03-24,7.8,The platform has been reliable and support was helpful.
FB-0006365,CUST-102132,2026-06-06,10.0,Everything worked well and the issue was resolved quickly.
FB-0006366,CUST-102132,2026-05-20,8.8,Everything worked well and the issue was resolved quickly.
FB-0006367,CUST-102133,2026-05-08,4.1,We are considering cancelling at renewal.
FB-0006368,CUST-102133,2026-04-14,2.9,We are considering cancelling at renewal.
FB-0006369,CUST-102133,2026-05-05,3.6,We are considering cancelling at renewal.
FB-0006370,CUST-102133,2026-04-07,3.1,We are considering cancelling at renewal.
FB-0006371,CUST-102134,2026-02-20,6.0,The problem is still unresolved and this is becoming frustrating.
FB-0006372,CUST-102134,2026-05-08,5.5,The problem is still unresolved and this is becoming frustrating.
FB-0006373,CUST-102134,2026-05-28,1.4,The problem is still unresolved and this is becoming frustrating.
FB-0006374,CUST-102134,2026-05-22,5.6,The problem is still unresolved and this is becoming frustrating.
FB-0006375,CUST-102135,2026-07-16,6.5,I've contacted support multiple times for the same issue.
FB-0006376,CUST-102135,2026-05-30,4.4,The problem is still unresolved and this is becoming frustrating.
FB-0006377,CUST-102135,2026-02-05,3.7,The problem is still unresolved and this is becoming frustrating.
FB-0006378,CUST-102136,2026-03-06,5.9,The problem is still unresolved and this is becoming frustrating.
FB-0006379,CUST-102136,2026-04-06,5.2,I've contacted support multiple times for the same issue.
FB-0006380,CUST-102136,2026-06-25,5.2,I've contacted support multiple times for the same issue.
FB-0006381,CUST-102136,2026-05-09,4.1,I've contacted support multiple times for the same issue.
FB-0006382,CUST-102137,2026-06-13,6.3,I don't understand the latest invoice.
FB-0006383,CUST-102137,2026-06-29,3.6,I don't understand the latest invoice.
FB-0006384,CUST-102138,2026-04-24,5.6,The recent product changes made our workflow harder.
FB-0006385,CUST-102138,2026-02-05,3.0,Several important features are not working as expected.
FB-0006386,CUST-102138,2026-03-14,5.3,Several important features are not working as expected.
FB-0006387,CUST-102138,2026-02-11,4.9,Several important features are not working as expected.
FB-0006388,CUST-102139,2026-02-10,5.0,The recent product changes made our workflow harder.
FB-0006389,CUST-102139,2026-03-20,5.5,Several important features are not working as expected.
FB-0006390,CUST-102140,2026-02-23,4.2,The service problems and billing issues make it difficult to justify continuing.
FB-0006391,CUST-102140,2026-02-08,5.4,We've had too many problems and are seriously considering alternatives.
FB-0006392,CUST-102141,2026-06-10,8.8,Everything worked well and the issue was resolved quickly.
FB-0006393,CUST-102141,2026-03-14,7.6,Everything worked well and the issue was resolved quickly.
FB-0006394,CUST-102142,2026-05-24,6.3,I'm not sure we're getting enough value from the subscription.
FB-0006395,CUST-102142,2026-06-24,6.4,I'm not sure we're getting enough value from the subscription.
FB-0006396,CUST-102142,2026-06-06,6.3,We aren't using the platform as much as before.
FB-0006397,CUST-102142,2026-02-13,7.8,We aren't using the platform as much as before.
FB-0006398,CUST-102143,2026-03-04,9.3,The platform has been reliable and support was helpful.
FB-0006399,CUST-102143,2026-04-18,9.2,The platform has been reliable and support was helpful.
FB-0006400,CUST-102143,2026-07-19,9.1,Everything worked well and the issue was resolved quickly.
FB-0006401,CUST-102144,2026-02-18,8.1,The platform has been reliable and support was helpful.
FB-0006402,CUST-102144,2026-05-08,10.0,The platform has been reliable and support was helpful.
FB-0006403,CUST-102145,2026-04-17,8.6,Everything worked well and the issue was resolved quickly.
FB-0006404,CUST-102145,2026-02-14,8.6,The platform has been reliable and support was helpful.
FB-0006405,CUST-102145,2026-05-23,9.4,The platform has been reliable and support was helpful.
FB-0006406,CUST-102146,2026-05-21,4.2,I've contacted support multiple times for the same issue.
FB-0006407,CUST-102146,2026-03-28,6.6,The problem is still unresolved and this is becoming frustrating.
FB-0006408,CUST-102147,2026-05-19,2.7,We're evaluating alternatives and may move away from the platform.
FB-0006409,CUST-102147,2026-06-14,3.1,We are considering cancelling at renewal.
FB-0006410,CUST-102148,2026-04-23,5.8,I'm not sure we're getting enough value from the subscription.
FB-0006411,CUST-102148,2026-03-03,8.6,We aren't using the platform as much as before.
FB-0006412,CUST-102149,2026-07-07,6.0,There appears to be an unexpected charge on my account.
FB-0006413,CUST-102149,2026-07-03,7.2,There appears to be an unexpected charge on my account.
FB-0006414,CUST-102150,2026-07-05,3.9,The recent product changes made our workflow harder.
FB-0006415,CUST-102150,2026-06-14,6.0,The recent product changes made our workflow harder.
FB-0006416,CUST-102150,2026-05-25,6.1,Several important features are not working as expected.
FB-0006417,CUST-102151,2026-06-09,4.8,The service problems and billing issues make it difficult to justify continuing.
FB-0006418,CUST-102151,2026-06-28,3.4,The service problems and billing issues make it difficult to justify continuing.
FB-0006419,CUST-102152,2026-02-27,10.0,The platform has been reliable and support was helpful.
FB-0006420,CUST-102152,2026-05-16,8.5,Everything worked well and the issue was resolved quickly.
FB-0006421,CUST-102152,2026-06-17,8.5,Everything worked well and the issue was resolved quickly.
FB-0006422,CUST-102152,2026-04-15,7.9,The platform has been reliable and support was helpful.
FB-0006423,CUST-102153,2026-06-24,4.5,I don't understand the latest invoice.
FB-0006424,CUST-102153,2026-06-09,5.5,There appears to be an unexpected charge on my account.
FB-0006425,CUST-102154,2026-03-27,9.0,Everything worked well and the issue was resolved quickly.
FB-0006426,CUST-102154,2026-03-02,8.2,Everything worked well and the issue was resolved quickly.
FB-0006427,CUST-102154,2026-04-05,7.4,The platform has been reliable and support was helpful.
FB-0006428,CUST-102155,2026-07-09,9.0,The platform has been reliable and support was helpful.
FB-0006429,CUST-102155,2026-04-30,10.0,Everything worked well and the issue was resolved quickly.
FB-0006430,CUST-102156,2026-03-26,2.8,We are considering cancelling at renewal.
FB-0006431,CUST-102156,2026-04-11,3.8,We are considering cancelling at renewal.
FB-0006432,CUST-102156,2026-03-02,3.8,We're evaluating alternatives and may move away from the platform.
FB-0006433,CUST-102157,2026-06-29,6.1,We aren't using the platform as much as before.
FB-0006434,CUST-102157,2026-04-11,6.5,We aren't using the platform as much as before.
FB-0006435,CUST-102157,2026-03-05,6.5,We aren't using the platform as much as before.
FB-0006436,CUST-102157,2026-07-08,7.7,We aren't using the platform as much as before.
FB-0006437,CUST-102158,2026-07-17,8.2,We aren't using the platform as much as before.
FB-0006438,CUST-102158,2026-05-25,7.7,I'm not sure we're getting enough value from the subscription.
FB-0006439,CUST-102158,2026-03-17,7.2,We aren't using the platform as much as before.
FB-0006440,CUST-102158,2026-06-02,6.5,We aren't using the platform as much as before.
FB-0006441,CUST-102159,2026-06-12,5.0,There appears to be an unexpected charge on my account.
FB-0006442,CUST-102159,2026-05-08,4.6,I don't understand the latest invoice.
FB-0006443,CUST-102159,2026-05-03,6.1,There appears to be an unexpected charge on my account.
FB-0006444,CUST-102159,2026-05-09,4.8,There appears to be an unexpected charge on my account.
FB-0006445,CUST-102160,2026-06-23,6.1,There appears to be an unexpected charge on my account.
FB-0006446,CUST-102160,2026-02-15,7.5,I don't understand the latest invoice.
FB-0006447,CUST-102160,2026-05-26,5.8,There appears to be an unexpected charge on my account.
FB-0006448,CUST-102160,2026-04-11,6.1,I don't understand the latest invoice.
FB-0006449,CUST-102161,2026-03-18,9.0,The platform has been reliable and support was helpful.
FB-0006450,CUST-102161,2026-06-06,9.1,The platform has been reliable and support was helpful.
FB-0006451,CUST-102161,2026-06-07,8.6,Everything worked well and the issue was resolved quickly.
FB-0006452,CUST-102161,2026-02-09,6.7,Everything worked well and the issue was resolved quickly.
FB-0006453,CUST-102162,2026-02-18,8.0,Everything worked well and the issue was resolved quickly.
FB-0006454,CUST-102162,2026-04-12,7.2,Everything worked well and the issue was resolved quickly.
FB-0006455,CUST-102163,2026-06-03,5.1,We aren't using the platform as much as before.
FB-0006456,CUST-102163,2026-03-20,6.2,I'm not sure we're getting enough value from the subscription.
FB-0006457,CUST-102163,2026-06-01,6.7,We aren't using the platform as much as before.
FB-0006458,CUST-102163,2026-06-21,6.0,I'm not sure we're getting enough value from the subscription.
FB-0006459,CUST-102164,2026-05-04,8.4,Everything worked well and the issue was resolved quickly.
FB-0006460,CUST-102164,2026-04-01,9.0,Everything worked well and the issue was resolved quickly.
FB-0006461,CUST-102164,2026-06-01,7.5,Everything worked well and the issue was resolved quickly.
FB-0006462,CUST-102165,2026-04-01,8.0,Everything worked well and the issue was resolved quickly.
FB-0006463,CUST-102165,2026-05-22,7.0,The platform has been reliable and support was helpful.
FB-0006464,CUST-102165,2026-07-08,9.1,Everything worked well and the issue was resolved quickly.
FB-0006465,CUST-102165,2026-05-16,9.1,Everything worked well and the issue was resolved quickly.
FB-0006466,CUST-102166,2026-02-18,5.6,There appears to be an unexpected charge on my account.
FB-0006467,CUST-102166,2026-06-26,2.8,There appears to be an unexpected charge on my account.
FB-0006468,CUST-102167,2026-05-15,5.7,We've had too many problems and are seriously considering alternatives.
FB-0006469,CUST-102167,2026-05-14,2.9,We've had too many problems and are seriously considering alternatives.
FB-0006470,CUST-102168,2026-06-16,9.9,Everything worked well and the issue was resolved quickly.
FB-0006471,CUST-102168,2026-06-18,8.3,Everything worked well and the issue was resolved quickly.
FB-0006472,CUST-102169,2026-05-30,4.1,We've had too many problems and are seriously considering alternatives.
FB-0006473,CUST-102169,2026-03-11,3.5,The service problems and billing issues make it difficult to justify continuing.
FB-0006474,CUST-102169,2026-05-26,3.3,The service problems and billing issues make it difficult to justify continuing.
FB-0006475,CUST-102170,2026-07-10,8.7,Everything worked well and the issue was resolved quickly.
FB-0006476,CUST-102170,2026-04-18,8.9,The platform has been reliable and support was helpful.
FB-0006477,CUST-102170,2026-03-22,8.1,Everything worked well and the issue was resolved quickly.
FB-0006478,CUST-102170,2026-03-24,7.6,Everything worked well and the issue was resolved quickly.
FB-0006479,CUST-102171,2026-03-25,3.1,We're evaluating alternatives and may move away from the platform.
FB-0006480,CUST-102171,2026-03-26,3.6,We're evaluating alternatives and may move away from the platform.
FB-0006481,CUST-102171,2026-05-27,4.3,We are considering cancelling at renewal.
FB-0006482,CUST-102172,2026-06-10,7.6,Everything worked well and the issue was resolved quickly.
FB-0006483,CUST-102172,2026-03-09,9.2,Everything worked well and the issue was resolved quickly.
FB-0006484,CUST-102172,2026-06-12,8.1,Everything worked well and the issue was resolved quickly.
FB-0006485,CUST-102172,2026-06-13,9.4,Everything worked well and the issue was resolved quickly.
FB-0006486,CUST-102173,2026-02-25,8.6,Everything worked well and the issue was resolved quickly.
FB-0006487,CUST-102173,2026-02-21,8.4,The platform has been reliable and support was helpful.
FB-0006488,CUST-102173,2026-05-25,8.4,The platform has been reliable and support was helpful.
FB-0006489,CUST-102174,2026-07-15,5.0,I don't understand the latest invoice.
FB-0006490,CUST-102174,2026-05-10,5.0,I don't understand the latest invoice.
FB-0006491,CUST-102174,2026-02-10,5.4,There appears to be an unexpected charge on my account.
FB-0006492,CUST-102175,2026-02-24,7.4,We aren't using the platform as much as before.
FB-0006493,CUST-102175,2026-06-11,8.0,We aren't using the platform as much as before.
FB-0006494,CUST-102175,2026-02-26,7.2,I'm not sure we're getting enough value from the subscription.
FB-0006495,CUST-102175,2026-05-15,6.1,I'm not sure we're getting enough value from the subscription.
FB-0006496,CUST-102176,2026-05-18,5.7,The recent product changes made our workflow harder.
FB-0006497,CUST-102176,2026-03-09,5.0,Several important features are not working as expected.
FB-0006498,CUST-102176,2026-03-24,6.3,Several important features are not working as expected.
FB-0006499,CUST-102177,2026-02-22,4.7,We are considering cancelling at renewal.
FB-0006500,CUST-102177,2026-02-12,4.3,We are considering cancelling at renewal.
FB-0006501,CUST-102178,2026-02-19,8.2,The platform has been reliable and support was helpful.
FB-0006502,CUST-102178,2026-02-12,9.8,The platform has been reliable and support was helpful.
FB-0006503,CUST-102178,2026-05-24,8.8,The platform has been reliable and support was helpful.
FB-0006504,CUST-102178,2026-04-20,9.7,The platform has been reliable and support was helpful.
FB-0006505,CUST-102179,2026-07-21,10.0,The platform has been reliable and support was helpful.
FB-0006506,CUST-102179,2026-04-17,7.9,Everything worked well and the issue was resolved quickly.
FB-0006507,CUST-102179,2026-03-07,9.1,The platform has been reliable and support was helpful.
FB-0006508,CUST-102180,2026-05-12,5.1,Several important features are not working as expected.
FB-0006509,CUST-102180,2026-03-18,3.8,The recent product changes made our workflow harder.
FB-0006510,CUST-102180,2026-07-10,5.8,Several important features are not working as expected.
FB-0006511,CUST-102181,2026-03-23,9.1,The platform has been reliable and support was helpful.
FB-0006512,CUST-102181,2026-05-12,8.4,Everything worked well and the issue was resolved quickly.
FB-0006513,CUST-102181,2026-06-11,9.9,The platform has been reliable and support was helpful.
FB-0006514,CUST-102182,2026-04-17,10.0,The platform has been reliable and support was helpful.
FB-0006515,CUST-102182,2026-07-09,10.0,Everything worked well and the issue was resolved quickly.
FB-0006516,CUST-102183,2026-03-30,9.4,The platform has been reliable and support was helpful.
FB-0006517,CUST-102183,2026-04-22,9.8,The platform has been reliable and support was helpful.
FB-0006518,CUST-102183,2026-03-23,10.0,The platform has been reliable and support was helpful.
FB-0006519,CUST-102183,2026-05-06,9.4,Everything worked well and the issue was resolved quickly.
FB-0006520,CUST-102184,2026-05-08,4.9,The recent product changes made our workflow harder.
FB-0006521,CUST-102184,2026-03-28,5.9,Several important features are not working as expected.
FB-0006522,CUST-102185,2026-05-02,8.6,The platform has been reliable and support was helpful.
FB-0006523,CUST-102185,2026-04-13,8.0,The platform has been reliable and support was helpful.
FB-0006524,CUST-102185,2026-05-31,6.8,The platform has been reliable and support was helpful.
FB-0006525,CUST-102185,2026-02-25,7.9,Everything worked well and the issue was resolved quickly.
FB-0006526,CUST-102186,2026-04-19,3.9,We've had too many problems and are seriously considering alternatives.
FB-0006527,CUST-102186,2026-05-09,4.8,We've had too many problems and are seriously considering alternatives.
FB-0006528,CUST-102187,2026-06-11,6.8,"The issue was annoying, but the team resolved it quickly."
FB-0006529,CUST-102187,2026-05-19,8.4,"I was frustrated by the new interface, but overall the product is valuable."
FB-0006530,CUST-102188,2026-07-10,4.8,The recent product changes made our workflow harder.
FB-0006531,CUST-102188,2026-04-15,5.1,Several important features are not working as expected.
FB-0006532,CUST-102189,2026-06-06,3.4,We've had too many problems and are seriously considering alternatives.
FB-0006533,CUST-102189,2026-03-16,3.7,The service problems and billing issues make it difficult to justify continuing.
FB-0006534,CUST-102189,2026-07-17,2.9,The service problems and billing issues make it difficult to justify continuing.
FB-0006535,CUST-102189,2026-04-16,3.8,We've had too many problems and are seriously considering alternatives.
FB-0006536,CUST-102190,2026-07-27,8.2,Everything worked well and the issue was resolved quickly.
FB-0006537,CUST-102190,2026-04-28,7.9,Everything worked well and the issue was resolved quickly.
FB-0006538,CUST-102191,2026-05-14,6.1,We aren't using the platform as much as before.
FB-0006539,CUST-102191,2026-07-19,6.2,We aren't using the platform as much as before.
FB-0006540,CUST-102192,2026-03-27,7.6,Everything worked well and the issue was resolved quickly.
FB-0006541,CUST-102192,2026-03-04,8.3,The platform has been reliable and support was helpful.
FB-0006542,CUST-102193,2026-07-11,3.0,We've had too many problems and are seriously considering alternatives.
FB-0006543,CUST-102193,2026-02-12,5.3,The service problems and billing issues make it difficult to justify continuing.
FB-0006544,CUST-102194,2026-04-05,3.8,We are considering cancelling at renewal.
FB-0006545,CUST-102194,2026-04-07,3.5,We're evaluating alternatives and may move away from the platform.
FB-0006546,CUST-102195,2026-04-05,7.8,Everything worked well and the issue was resolved quickly.
FB-0006547,CUST-102195,2026-05-18,8.5,Everything worked well and the issue was resolved quickly.
FB-0006548,CUST-102195,2026-04-08,7.8,The platform has been reliable and support was helpful.
FB-0006549,CUST-102196,2026-05-17,4.0,We are considering cancelling at renewal.
FB-0006550,CUST-102196,2026-04-30,3.4,We are considering cancelling at renewal.
FB-0006551,CUST-102196,2026-04-29,2.6,We're evaluating alternatives and may move away from the platform.
FB-0006552,CUST-102196,2026-05-09,3.1,We're evaluating alternatives and may move away from the platform.
FB-0006553,CUST-102197,2026-07-12,4.9,I've contacted support multiple times for the same issue.
FB-0006554,CUST-102197,2026-07-07,3.6,I've contacted support multiple times for the same issue.
FB-0006555,CUST-102198,2026-02-11,4.0,The problem is still unresolved and this is becoming frustrating.
FB-0006556,CUST-102198,2026-06-18,5.0,The problem is still unresolved and this is becoming frustrating.
FB-0006557,CUST-102199,2026-03-07,7.7,The platform has been reliable and support was helpful.
FB-0006558,CUST-102199,2026-04-29,6.8,The platform has been reliable and support was helpful.
FB-0006559,CUST-102199,2026-07-12,8.2,Everything worked well and the issue was resolved quickly.
FB-0006560,CUST-102199,2026-06-18,8.9,The platform has been reliable and support was helpful.
FB-0006561,CUST-102200,2026-06-02,8.6,Everything worked well and the issue was resolved quickly.
FB-0006562,CUST-102200,2026-04-02,9.4,The platform has been reliable and support was helpful.
FB-0006563,CUST-102200,2026-07-10,8.2,The platform has been reliable and support was helpful.
FB-0006564,CUST-102201,2026-04-01,7.1,Everything worked well and the issue was resolved quickly.
FB-0006565,CUST-102201,2026-02-05,8.8,Everything worked well and the issue was resolved quickly.
FB-0006566,CUST-102201,2026-03-30,8.6,Everything worked well and the issue was resolved quickly.
FB-0006567,CUST-102201,2026-06-03,9.4,Everything worked well and the issue was resolved quickly.
FB-0006568,CUST-102202,2026-02-06,6.0,We aren't using the platform as much as before.
FB-0006569,CUST-102202,2026-07-04,6.7,I'm not sure we're getting enough value from the subscription.
FB-0006570,CUST-102202,2026-04-21,7.8,I'm not sure we're getting enough value from the subscription.
FB-0006571,CUST-102203,2026-04-22,9.8,Everything worked well and the issue was resolved quickly.
FB-0006572,CUST-102203,2026-03-15,9.1,Everything worked well and the issue was resolved quickly.
FB-0006573,CUST-102203,2026-04-25,7.2,The platform has been reliable and support was helpful.
FB-0006574,CUST-102204,2026-05-24,7.6,Everything worked well and the issue was resolved quickly.
FB-0006575,CUST-102204,2026-05-05,9.2,Everything worked well and the issue was resolved quickly.
FB-0006576,CUST-102204,2026-07-05,7.9,Everything worked well and the issue was resolved quickly.
FB-0006577,CUST-102205,2026-06-03,5.7,The service problems and billing issues make it difficult to justify continuing.
FB-0006578,CUST-102205,2026-06-05,4.1,The service problems and billing issues make it difficult to justify continuing.
FB-0006579,CUST-102205,2026-04-30,1.9,We've had too many problems and are seriously considering alternatives.
FB-0006580,CUST-102205,2026-05-05,3.6,We've had too many problems and are seriously considering alternatives.
FB-0006581,CUST-102206,2026-07-17,5.3,I don't understand the latest invoice.
FB-0006582,CUST-102206,2026-03-15,3.7,There appears to be an unexpected charge on my account.
FB-0006583,CUST-102207,2026-06-03,6.5,There appears to be an unexpected charge on my account.
FB-0006584,CUST-102207,2026-06-15,5.4,There appears to be an unexpected charge on my account.
FB-0006585,CUST-102208,2026-02-25,8.6,The platform has been reliable and support was helpful.
FB-0006586,CUST-102208,2026-05-05,8.7,The platform has been reliable and support was helpful.
FB-0006587,CUST-102208,2026-07-24,9.1,Everything worked well and the issue was resolved quickly.
FB-0006588,CUST-102209,2026-05-18,5.5,I'm not sure we're getting enough value from the subscription.
FB-0006589,CUST-102209,2026-03-24,9.1,We aren't using the platform as much as before.
FB-0006590,CUST-102209,2026-07-04,6.7,I'm not sure we're getting enough value from the subscription.
FB-0006591,CUST-102209,2026-07-25,6.1,We aren't using the platform as much as before.
FB-0006592,CUST-102210,2026-04-06,8.3,Everything worked well and the issue was resolved quickly.
FB-0006593,CUST-102210,2026-04-18,8.8,Everything worked well and the issue was resolved quickly.
FB-0006594,CUST-102210,2026-06-18,7.4,The platform has been reliable and support was helpful.
FB-0006595,CUST-102210,2026-05-25,7.6,The platform has been reliable and support was helpful.
FB-0006596,CUST-102211,2026-03-27,6.3,I don't understand the latest invoice.
FB-0006597,CUST-102211,2026-06-11,4.7,I don't understand the latest invoice.
FB-0006598,CUST-102211,2026-05-27,4.6,I don't understand the latest invoice.
FB-0006599,CUST-102212,2026-06-13,9.0,"The issue was annoying, but the team resolved it quickly."
FB-0006600,CUST-102212,2026-02-17,7.5,"The issue was annoying, but the team resolved it quickly."
FB-0006601,CUST-102212,2026-04-09,8.8,"The issue was annoying, but the team resolved it quickly."
FB-0006602,CUST-102212,2026-07-05,9.8,"I was frustrated by the new interface, but overall the product is valuable."
FB-0006603,CUST-102213,2026-03-23,9.3,Everything worked well and the issue was resolved quickly.
FB-0006604,CUST-102213,2026-07-03,8.9,The platform has been reliable and support was helpful.
FB-0006605,CUST-102213,2026-02-07,7.9,The platform has been reliable and support was helpful.
FB-0006606,CUST-102213,2026-02-03,8.9,The platform has been reliable and support was helpful.
FB-0006607,CUST-102214,2026-02-05,5.6,I've contacted support multiple times for the same issue.
FB-0006608,CUST-102214,2026-05-17,5.2,The problem is still unresolved and this is becoming frustrating.
FB-0006609,CUST-102214,2026-03-23,3.6,I've contacted support multiple times for the same issue.
FB-0006610,CUST-102215,2026-03-18,9.2,Everything worked well and the issue was resolved quickly.
FB-0006611,CUST-102215,2026-06-13,7.5,Everything worked well and the issue was resolved quickly.
FB-0006612,CUST-102216,2026-04-15,6.4,We aren't using the platform as much as before.
FB-0006613,CUST-102216,2026-04-20,7.3,I'm not sure we're getting enough value from the subscription.
FB-0006614,CUST-102217,2026-04-15,7.3,I'm not sure we're getting enough value from the subscription.
FB-0006615,CUST-102217,2026-04-28,6.8,We aren't using the platform as much as before.
FB-0006616,CUST-102217,2026-06-29,7.6,We aren't using the platform as much as before.
FB-0006617,CUST-102217,2026-07-23,7.0,I'm not sure we're getting enough value from the subscription.
FB-0006618,CUST-102218,2026-02-24,10.0,Everything worked well and the issue was resolved quickly.
FB-0006619,CUST-102218,2026-03-06,9.6,The platform has been reliable and support was helpful.
FB-0006620,CUST-102219,2026-03-30,9.3,Everything worked well and the issue was resolved quickly.
FB-0006621,CUST-102219,2026-07-04,9.1,The platform has been reliable and support was helpful.
FB-0006622,CUST-102219,2026-07-01,8.7,Everything worked well and the issue was resolved quickly.
FB-0006623,CUST-102220,2026-02-18,9.3,The platform has been reliable and support was helpful.
FB-0006624,CUST-102220,2026-02-15,8.6,Everything worked well and the issue was resolved quickly.
FB-0006625,CUST-102220,2026-02-18,9.2,Everything worked well and the issue was resolved quickly.
FB-0006626,CUST-102220,2026-07-15,7.1,Everything worked well and the issue was resolved quickly.
FB-0006627,CUST-102221,2026-03-29,8.6,We aren't using the platform as much as before.
FB-0006628,CUST-102221,2026-04-26,5.9,I'm not sure we're getting enough value from the subscription.
FB-0006629,CUST-102221,2026-07-25,6.7,I'm not sure we're getting enough value from the subscription.
FB-0006630,CUST-102222,2026-03-16,9.5,Everything worked well and the issue was resolved quickly.
FB-0006631,CUST-102222,2026-04-07,7.4,The platform has been reliable and support was helpful.
FB-0006632,CUST-102223,2026-02-14,3.6,We've had too many problems and are seriously considering alternatives.
FB-0006633,CUST-102223,2026-07-27,3.7,The service problems and billing issues make it difficult to justify continuing.
FB-0006634,CUST-102224,2026-06-02,6.6,We aren't using the platform as much as before.
FB-0006635,CUST-102224,2026-06-08,6.7,We aren't using the platform as much as before.
FB-0006636,CUST-102225,2026-06-18,10.0,The platform has been reliable and support was helpful.
FB-0006637,CUST-102225,2026-03-10,9.3,Everything worked well and the issue was resolved quickly.
FB-0006638,CUST-102225,2026-02-23,7.8,Everything worked well and the issue was resolved quickly.
FB-0006639,CUST-102225,2026-06-30,8.1,Everything worked well and the issue was resolved quickly.
FB-0006640,CUST-102226,2026-05-26,7.8,We aren't using the platform as much as before.
FB-0006641,CUST-102226,2026-06-25,6.2,I'm not sure we're getting enough value from the subscription.
FB-0006642,CUST-102226,2026-07-14,6.4,We aren't using the platform as much as before.
FB-0006643,CUST-102227,2026-07-10,7.7,The platform has been reliable and support was helpful.
FB-0006644,CUST-102227,2026-04-28,9.8,Everything worked well and the issue was resolved quickly.
FB-0006645,CUST-102227,2026-03-08,9.6,Everything worked well and the issue was resolved quickly.
FB-0006646,CUST-102228,2026-03-20,3.4,We're evaluating alternatives and may move away from the platform.
FB-0006647,CUST-102228,2026-03-24,4.8,We are considering cancelling at renewal.
FB-0006648,CUST-102229,2026-03-14,4.4,Several important features are not working as expected.
FB-0006649,CUST-102229,2026-02-04,5.5,Several important features are not working as expected.
FB-0006650,CUST-102230,2026-03-01,4.8,There appears to be an unexpected charge on my account.
FB-0006651,CUST-102230,2026-04-22,5.1,I don't understand the latest invoice.
FB-0006652,CUST-102231,2026-03-11,3.8,I've contacted support multiple times for the same issue.
FB-0006653,CUST-102231,2026-04-07,3.0,I've contacted support multiple times for the same issue.
FB-0006654,CUST-102231,2026-06-09,4.8,I've contacted support multiple times for the same issue.
FB-0006655,CUST-102232,2026-07-02,10.0,The platform has been reliable and support was helpful.
FB-0006656,CUST-102232,2026-04-25,7.3,Everything worked well and the issue was resolved quickly.
FB-0006657,CUST-102232,2026-02-08,8.5,The platform has been reliable and support was helpful.
FB-0006658,CUST-102233,2026-06-22,8.7,The platform has been reliable and support was helpful.
FB-0006659,CUST-102233,2026-07-25,8.3,Everything worked well and the issue was resolved quickly.
FB-0006660,CUST-102234,2026-03-22,2.9,We are considering cancelling at renewal.
FB-0006661,CUST-102234,2026-03-18,3.0,We are considering cancelling at renewal.
FB-0006662,CUST-102234,2026-07-09,5.9,We are considering cancelling at renewal.
FB-0006663,CUST-102234,2026-07-01,4.6,We are considering cancelling at renewal.
FB-0006664,CUST-102235,2026-07-04,7.4,"The issue was annoying, but the team resolved it quickly."
FB-0006665,CUST-102235,2026-05-07,7.8,"I was frustrated by the new interface, but overall the product is valuable."
FB-0006666,CUST-102236,2026-07-24,6.3,Everything worked well and the issue was resolved quickly.
FB-0006667,CUST-102236,2026-06-07,7.1,The platform has been reliable and support was helpful.
FB-0006668,CUST-102236,2026-02-18,9.1,The platform has been reliable and support was helpful.
FB-0006669,CUST-102236,2026-02-12,7.9,Everything worked well and the issue was resolved quickly.
FB-0006670,CUST-102237,2026-03-17,4.5,There appears to be an unexpected charge on my account.
FB-0006671,CUST-102237,2026-06-18,5.2,I don't understand the latest invoice.
FB-0006672,CUST-102237,2026-02-06,5.2,I don't understand the latest invoice.
FB-0006673,CUST-102237,2026-02-26,4.9,There appears to be an unexpected charge on my account.
FB-0006674,CUST-102238,2026-03-25,6.3,I don't understand the latest invoice.
FB-0006675,CUST-102238,2026-03-03,5.8,I don't understand the latest invoice.
FB-0006676,CUST-102239,2026-02-04,4.2,I don't understand the latest invoice.
FB-0006677,CUST-102239,2026-07-14,6.2,I don't understand the latest invoice.
FB-0006678,CUST-102239,2026-03-24,6.0,I don't understand the latest invoice.
FB-0006679,CUST-102240,2026-04-26,10.0,The platform has been reliable and support was helpful.
FB-0006680,CUST-102240,2026-07-04,6.3,Everything worked well and the issue was resolved quickly.
FB-0006681,CUST-102241,2026-06-01,4.7,I don't understand the latest invoice.
FB-0006682,CUST-102241,2026-03-07,5.0,I don't understand the latest invoice.
FB-0006683,CUST-102241,2026-05-17,6.3,I don't understand the latest invoice.
FB-0006684,CUST-102242,2026-06-27,2.6,I've contacted support multiple times for the same issue.
FB-0006685,CUST-102242,2026-04-25,5.1,I've contacted support multiple times for the same issue.
FB-0006686,CUST-102242,2026-06-10,2.0,I've contacted support multiple times for the same issue.
FB-0006687,CUST-102243,2026-06-12,9.4,Everything worked well and the issue was resolved quickly.
FB-0006688,CUST-102243,2026-06-24,9.9,Everything worked well and the issue was resolved quickly.
FB-0006689,CUST-102244,2026-04-22,9.4,The platform has been reliable and support was helpful.
FB-0006690,CUST-102244,2026-07-27,9.5,Everything worked well and the issue was resolved quickly.
FB-0006691,CUST-102245,2026-06-25,5.5,The problem is still unresolved and this is becoming frustrating.
FB-0006692,CUST-102245,2026-05-02,4.7,I've contacted support multiple times for the same issue.
FB-0006693,CUST-102246,2026-04-23,9.2,Everything worked well and the issue was resolved quickly.
FB-0006694,CUST-102246,2026-06-03,8.5,Everything worked well and the issue was resolved quickly.
FB-0006695,CUST-102246,2026-02-04,9.0,The platform has been reliable and support was helpful.
FB-0006696,CUST-102246,2026-03-02,8.5,The platform has been reliable and support was helpful.
FB-0006697,CUST-102247,2026-02-03,6.1,The platform has been reliable and support was helpful.
FB-0006698,CUST-102247,2026-04-18,9.2,Everything worked well and the issue was resolved quickly.
FB-0006699,CUST-102247,2026-05-26,8.8,Everything worked well and the issue was resolved quickly.
FB-0006700,CUST-102248,2026-04-28,7.6,The platform has been reliable and support was helpful.
FB-0006701,CUST-102248,2026-04-05,7.3,The platform has been reliable and support was helpful.
FB-0006702,CUST-102248,2026-02-15,9.6,The platform has been reliable and support was helpful.
FB-0006703,CUST-102249,2026-06-29,7.3,I've contacted support multiple times for the same issue.
FB-0006704,CUST-102249,2026-03-05,4.8,The problem is still unresolved and this is becoming frustrating.
FB-0006705,CUST-102250,2026-06-28,9.3,Everything worked well and the issue was resolved quickly.
FB-0006706,CUST-102250,2026-03-19,9.3,The platform has been reliable and support was helpful.
FB-0006707,CUST-102250,2026-03-25,8.6,Everything worked well and the issue was resolved quickly.
FB-0006708,CUST-102251,2026-06-20,4.7,We're evaluating alternatives and may move away from the platform.
FB-0006709,CUST-102251,2026-07-19,2.6,We're evaluating alternatives and may move away from the platform.
FB-0006710,CUST-102251,2026-02-23,4.1,We are considering cancelling at renewal.
FB-0006711,CUST-102252,2026-03-16,7.1,We aren't using the platform as much as before.
FB-0006712,CUST-102252,2026-04-08,7.4,We aren't using the platform as much as before.
FB-0006713,CUST-102252,2026-02-11,6.4,I'm not sure we're getting enough value from the subscription.
FB-0006714,CUST-102253,2026-06-16,6.3,I'm not sure we're getting enough value from the subscription.
FB-0006715,CUST-102253,2026-03-04,7.2,We aren't using the platform as much as before.
FB-0006716,CUST-102254,2026-07-27,3.9,The recent product changes made our workflow harder.
FB-0006717,CUST-102254,2026-04-21,5.3,The recent product changes made our workflow harder.
FB-0006718,CUST-102254,2026-05-06,4.5,The recent product changes made our workflow harder.
FB-0006719,CUST-102255,2026-04-09,8.6,Everything worked well and the issue was resolved quickly.
FB-0006720,CUST-102255,2026-02-15,7.6,The platform has been reliable and support was helpful.
FB-0006721,CUST-102256,2026-05-20,4.2,We are considering cancelling at renewal.
FB-0006722,CUST-102256,2026-07-05,4.6,We are considering cancelling at renewal.
FB-0006723,CUST-102257,2026-06-02,3.8,We are considering cancelling at renewal.
FB-0006724,CUST-102257,2026-05-10,4.2,We're evaluating alternatives and may move away from the platform.
FB-0006725,CUST-102258,2026-06-29,8.5,Everything worked well and the issue was resolved quickly.
FB-0006726,CUST-102258,2026-02-21,9.0,Everything worked well and the issue was resolved quickly.
FB-0006727,CUST-102258,2026-03-04,6.4,Everything worked well and the issue was resolved quickly.
FB-0006728,CUST-102258,2026-04-29,8.7,Everything worked well and the issue was resolved quickly.
FB-0006729,CUST-102259,2026-07-17,6.9,Everything worked well and the issue was resolved quickly.
FB-0006730,CUST-102259,2026-02-26,9.6,Everything worked well and the issue was resolved quickly.
FB-0006731,CUST-102259,2026-04-22,7.9,Everything worked well and the issue was resolved quickly.
FB-0006732,CUST-102260,2026-06-12,8.5,The platform has been reliable and support was helpful.
FB-0006733,CUST-102260,2026-03-29,9.7,Everything worked well and the issue was resolved quickly.
FB-0006734,CUST-102260,2026-07-18,9.4,The platform has been reliable and support was helpful.
FB-0006735,CUST-102261,2026-05-26,3.8,We're evaluating alternatives and may move away from the platform.
FB-0006736,CUST-102261,2026-06-28,4.2,We're evaluating alternatives and may move away from the platform.
FB-0006737,CUST-102261,2026-03-11,4.1,We're evaluating alternatives and may move away from the platform.
FB-0006738,CUST-102261,2026-07-16,5.0,We're evaluating alternatives and may move away from the platform.
FB-0006739,CUST-102262,2026-02-25,6.4,"The issue was annoying, but the team resolved it quickly."
FB-0006740,CUST-102262,2026-04-04,8.8,"The issue was annoying, but the team resolved it quickly."
FB-0006741,CUST-102262,2026-03-08,7.9,"The issue was annoying, but the team resolved it quickly."
FB-0006742,CUST-102263,2026-02-25,9.3,Everything worked well and the issue was resolved quickly.
FB-0006743,CUST-102263,2026-05-24,8.9,The platform has been reliable and support was helpful.
FB-0006744,CUST-102263,2026-06-14,7.9,Everything worked well and the issue was resolved quickly.
FB-0006745,CUST-102264,2026-07-09,9.3,Everything worked well and the issue was resolved quickly.
FB-0006746,CUST-102264,2026-07-27,9.2,Everything worked well and the issue was resolved quickly.
FB-0006747,CUST-102264,2026-04-01,9.9,The platform has been reliable and support was helpful.
FB-0006748,CUST-102264,2026-04-08,9.1,The platform has been reliable and support was helpful.
FB-0006749,CUST-102265,2026-03-02,5.1,I don't understand the latest invoice.
FB-0006750,CUST-102265,2026-04-07,5.2,I don't understand the latest invoice.
FB-0006751,CUST-102265,2026-05-04,5.6,I don't understand the latest invoice.
FB-0006752,CUST-102265,2026-03-04,5.6,I don't understand the latest invoice.
FB-0006753,CUST-102266,2026-05-01,10.0,The platform has been reliable and support was helpful.
FB-0006754,CUST-102266,2026-07-01,7.4,Everything worked well and the issue was resolved quickly.
FB-0006755,CUST-102266,2026-02-08,8.6,Everything worked well and the issue was resolved quickly.
FB-0006756,CUST-102266,2026-05-13,10.0,The platform has been reliable and support was helpful.
FB-0006757,CUST-102267,2026-04-01,5.2,The problem is still unresolved and this is becoming frustrating.
FB-0006758,CUST-102267,2026-04-20,4.7,I've contacted support multiple times for the same issue.
FB-0006759,CUST-102268,2026-07-26,10.0,The platform has been reliable and support was helpful.
FB-0006760,CUST-102268,2026-02-22,9.7,The platform has been reliable and support was helpful.
FB-0006761,CUST-102269,2026-02-10,8.9,The platform has been reliable and support was helpful.
FB-0006762,CUST-102269,2026-05-10,10.0,The platform has been reliable and support was helpful.
FB-0006763,CUST-102269,2026-03-07,8.8,Everything worked well and the issue was resolved quickly.
FB-0006764,CUST-102269,2026-04-03,7.8,Everything worked well and the issue was resolved quickly.
FB-0006765,CUST-102270,2026-07-02,3.8,We are considering cancelling at renewal.
FB-0006766,CUST-102270,2026-03-09,4.0,We're evaluating alternatives and may move away from the platform.
FB-0006767,CUST-102270,2026-05-17,4.3,We're evaluating alternatives and may move away from the platform.
FB-0006768,CUST-102270,2026-07-26,4.4,We are considering cancelling at renewal.
FB-0006769,CUST-102271,2026-03-25,8.9,Everything worked well and the issue was resolved quickly.
FB-0006770,CUST-102271,2026-05-26,8.5,The platform has been reliable and support was helpful.
FB-0006771,CUST-102271,2026-06-17,8.7,The platform has been reliable and support was helpful.
FB-0006772,CUST-102272,2026-04-16,4.6,I've contacted support multiple times for the same issue.
FB-0006773,CUST-102272,2026-02-13,4.3,I've contacted support multiple times for the same issue.
FB-0006774,CUST-102272,2026-03-28,3.6,The problem is still unresolved and this is becoming frustrating.
FB-0006775,CUST-102272,2026-02-08,5.8,The problem is still unresolved and this is becoming frustrating.
FB-0006776,CUST-102273,2026-04-26,9.3,The platform has been reliable and support was helpful.
FB-0006777,CUST-102273,2026-03-14,8.0,Everything worked well and the issue was resolved quickly.
FB-0006778,CUST-102274,2026-03-26,8.1,The platform has been reliable and support was helpful.
FB-0006779,CUST-102274,2026-02-25,7.0,The platform has been reliable and support was helpful.
FB-0006780,CUST-102274,2026-03-06,7.9,The platform has been reliable and support was helpful.
FB-0006781,CUST-102274,2026-06-12,7.8,Everything worked well and the issue was resolved quickly.
FB-0006782,CUST-102275,2026-05-27,7.9,Everything worked well and the issue was resolved quickly.
FB-0006783,CUST-102275,2026-03-15,10.0,The platform has been reliable and support was helpful.
FB-0006784,CUST-102275,2026-03-10,7.8,The platform has been reliable and support was helpful.
FB-0006785,CUST-102275,2026-03-05,8.0,The platform has been reliable and support was helpful.
FB-0006786,CUST-102276,2026-04-02,8.6,Everything worked well and the issue was resolved quickly.
FB-0006787,CUST-102276,2026-04-09,8.9,Everything worked well and the issue was resolved quickly.
FB-0006788,CUST-102276,2026-06-22,8.6,Everything worked well and the issue was resolved quickly.
FB-0006789,CUST-102276,2026-03-24,6.9,Everything worked well and the issue was resolved quickly.
FB-0006790,CUST-102277,2026-04-01,6.9,We aren't using the platform as much as before.
FB-0006791,CUST-102277,2026-03-08,7.5,We aren't using the platform as much as before.
FB-0006792,CUST-102277,2026-05-05,6.0,I'm not sure we're getting enough value from the subscription.
FB-0006793,CUST-102277,2026-02-14,7.5,I'm not sure we're getting enough value from the subscription.
FB-0006794,CUST-102278,2026-03-29,8.9,The platform has been reliable and support was helpful.
FB-0006795,CUST-102278,2026-04-26,7.9,Everything worked well and the issue was resolved quickly.
FB-0006796,CUST-102279,2026-02-23,3.9,We've had too many problems and are seriously considering alternatives.
FB-0006797,CUST-102279,2026-07-10,5.4,The service problems and billing issues make it difficult to justify continuing.
FB-0006798,CUST-102280,2026-04-20,6.5,I'm not sure we're getting enough value from the subscription.
FB-0006799,CUST-102280,2026-03-17,6.5,We aren't using the platform as much as before.
FB-0006800,CUST-102280,2026-05-26,4.8,We aren't using the platform as much as before.
FB-0006801,CUST-102280,2026-06-12,5.9,I'm not sure we're getting enough value from the subscription.
FB-0006802,CUST-102281,2026-06-17,7.1,The platform has been reliable and support was helpful.
FB-0006803,CUST-102281,2026-07-15,8.2,Everything worked well and the issue was resolved quickly.
FB-0006804,CUST-102281,2026-04-17,9.8,The platform has been reliable and support was helpful.
FB-0006805,CUST-102282,2026-04-13,8.1,Everything worked well and the issue was resolved quickly.
FB-0006806,CUST-102282,2026-07-14,7.3,The platform has been reliable and support was helpful.
FB-0006807,CUST-102282,2026-03-28,9.0,The platform has been reliable and support was helpful.
FB-0006808,CUST-102283,2026-03-10,8.4,The platform has been reliable and support was helpful.
FB-0006809,CUST-102283,2026-07-06,8.3,The platform has been reliable and support was helpful.
FB-0006810,CUST-102283,2026-03-18,6.0,The platform has been reliable and support was helpful.
FB-0006811,CUST-102284,2026-06-09,8.4,Everything worked well and the issue was resolved quickly.
FB-0006812,CUST-102284,2026-05-07,8.3,The platform has been reliable and support was helpful.
FB-0006813,CUST-102284,2026-06-10,7.9,Everything worked well and the issue was resolved quickly.
FB-0006814,CUST-102285,2026-05-21,5.3,Several important features are not working as expected.
FB-0006815,CUST-102285,2026-04-10,5.5,Several important features are not working as expected.
FB-0006816,CUST-102286,2026-05-26,4.1,We are considering cancelling at renewal.
FB-0006817,CUST-102286,2026-05-24,1.4,We are considering cancelling at renewal.
FB-0006818,CUST-102287,2026-06-10,3.5,Several important features are not working as expected.
FB-0006819,CUST-102287,2026-07-10,5.9,The recent product changes made our workflow harder.
FB-0006820,CUST-102287,2026-03-16,5.6,The recent product changes made our workflow harder.
FB-0006821,CUST-102288,2026-05-12,8.5,Everything worked well and the issue was resolved quickly.
FB-0006822,CUST-102288,2026-05-21,9.2,Everything worked well and the issue was resolved quickly.
FB-0006823,CUST-102288,2026-05-10,9.3,Everything worked well and the issue was resolved quickly.
FB-0006824,CUST-102289,2026-06-21,10.0,The platform has been reliable and support was helpful.
FB-0006825,CUST-102289,2026-04-10,10.0,The platform has been reliable and support was helpful.
FB-0006826,CUST-102290,2026-02-10,5.4,I don't understand the latest invoice.
FB-0006827,CUST-102290,2026-05-31,6.5,I don't understand the latest invoice.
FB-0006828,CUST-102290,2026-05-31,5.3,I don't understand the latest invoice.
FB-0006829,CUST-102290,2026-06-15,6.0,I don't understand the latest invoice.
FB-0006830,CUST-102291,2026-03-26,4.7,We aren't using the platform as much as before.
FB-0006831,CUST-102291,2026-07-12,3.6,We aren't using the platform as much as before.
FB-0006832,CUST-102291,2026-07-20,6.8,We aren't using the platform as much as before.
FB-0006833,CUST-102292,2026-04-11,7.5,"I was frustrated by the new interface, but overall the product is valuable."
FB-0006834,CUST-102292,2026-05-26,7.8,"The issue was annoying, but the team resolved it quickly."
FB-0006835,CUST-102292,2026-03-28,7.6,"I was frustrated by the new interface, but overall the product is valuable."
FB-0006836,CUST-102292,2026-07-05,9.0,"I was frustrated by the new interface, but overall the product is valuable."
FB-0006837,CUST-102293,2026-02-27,3.4,Several important features are not working as expected.
FB-0006838,CUST-102293,2026-04-26,3.7,The recent product changes made our workflow harder.
FB-0006839,CUST-102293,2026-03-24,4.6,Several important features are not working as expected.
FB-0006840,CUST-102293,2026-04-20,4.2,The recent product changes made our workflow harder.
FB-0006841,CUST-102294,2026-05-15,7.3,"I was frustrated by the new interface, but overall the product is valuable."
FB-0006842,CUST-102294,2026-02-28,7.8,"The issue was annoying, but the team resolved it quickly."
FB-0006843,CUST-102294,2026-04-11,7.3,"The issue was annoying, but the team resolved it quickly."
FB-0006844,CUST-102294,2026-04-07,8.1,"I was frustrated by the new interface, but overall the product is valuable."
FB-0006845,CUST-102295,2026-02-14,6.9,Everything worked well and the issue was resolved quickly.
FB-0006846,CUST-102295,2026-02-25,9.4,Everything worked well and the issue was resolved quickly.
FB-0006847,CUST-102295,2026-03-22,9.5,The platform has been reliable and support was helpful.
FB-0006848,CUST-102296,2026-02-25,9.1,Everything worked well and the issue was resolved quickly.
FB-0006849,CUST-102296,2026-06-08,10.0,The platform has been reliable and support was helpful.
FB-0006850,CUST-102296,2026-04-15,8.7,The platform has been reliable and support was helpful.
FB-0006851,CUST-102296,2026-04-04,8.0,The platform has been reliable and support was helpful.
FB-0006852,CUST-102297,2026-03-14,8.9,Everything worked well and the issue was resolved quickly.
FB-0006853,CUST-102297,2026-06-26,10.0,Everything worked well and the issue was resolved quickly.
FB-0006854,CUST-102297,2026-02-23,6.9,Everything worked well and the issue was resolved quickly.
FB-0006855,CUST-102298,2026-04-03,2.7,I've contacted support multiple times for the same issue.
FB-0006856,CUST-102298,2026-04-23,5.4,The problem is still unresolved and this is becoming frustrating.
FB-0006857,CUST-102298,2026-06-05,4.3,I've contacted support multiple times for the same issue.
FB-0006858,CUST-102299,2026-04-03,1.9,We are considering cancelling at renewal.
FB-0006859,CUST-102299,2026-02-03,3.6,We're evaluating alternatives and may move away from the platform.
FB-0006860,CUST-102299,2026-05-01,4.0,We are considering cancelling at renewal.
FB-0006861,CUST-102299,2026-06-22,3.7,We're evaluating alternatives and may move away from the platform.
FB-0006862,CUST-102300,2026-07-19,8.8,Everything worked well and the issue was resolved quickly.
FB-0006863,CUST-102300,2026-03-12,8.7,The platform has been reliable and support was helpful.
FB-0006864,CUST-102300,2026-03-07,8.2,Everything worked well and the issue was resolved quickly.
FB-0006865,CUST-102301,2026-04-17,7.2,I've contacted support multiple times for the same issue.
FB-0006866,CUST-102301,2026-04-10,4.2,I've contacted support multiple times for the same issue.
FB-0006867,CUST-102302,2026-03-18,4.0,I've contacted support multiple times for the same issue.
FB-0006868,CUST-102302,2026-03-27,4.2,The problem is still unresolved and this is becoming frustrating.
FB-0006869,CUST-102302,2026-04-28,4.8,I've contacted support multiple times for the same issue.
FB-0006870,CUST-102303,2026-04-15,7.3,Everything worked well and the issue was resolved quickly.
FB-0006871,CUST-102303,2026-05-15,9.4,Everything worked well and the issue was resolved quickly.
FB-0006872,CUST-102304,2026-06-24,4.3,The service problems and billing issues make it difficult to justify continuing.
FB-0006873,CUST-102304,2026-07-26,4.9,The service problems and billing issues make it difficult to justify continuing.
FB-0006874,CUST-102304,2026-02-20,3.1,We've had too many problems and are seriously considering alternatives.
FB-0006875,CUST-102304,2026-03-15,3.5,We've had too many problems and are seriously considering alternatives.
FB-0006876,CUST-102305,2026-03-20,9.5,Everything worked well and the issue was resolved quickly.
FB-0006877,CUST-102305,2026-04-17,8.7,Everything worked well and the issue was resolved quickly.
FB-0006878,CUST-102306,2026-04-05,3.3,Several important features are not working as expected.
FB-0006879,CUST-102306,2026-06-30,5.5,The recent product changes made our workflow harder.
FB-0006880,CUST-102307,2026-07-19,2.9,We've had too many problems and are seriously considering alternatives.
FB-0006881,CUST-102307,2026-07-10,4.1,The service problems and billing issues make it difficult to justify continuing.
FB-0006882,CUST-102307,2026-06-16,3.7,The service problems and billing issues make it difficult to justify continuing.
FB-0006883,CUST-102308,2026-04-07,6.3,We aren't using the platform as much as before.
FB-0006884,CUST-102308,2026-06-30,8.7,I'm not sure we're getting enough value from the subscription.
FB-0006885,CUST-102309,2026-07-02,5.6,I've contacted support multiple times for the same issue.
FB-0006886,CUST-102309,2026-03-02,4.9,I've contacted support multiple times for the same issue.
FB-0006887,CUST-102310,2026-04-10,7.6,Everything worked well and the issue was resolved quickly.
FB-0006888,CUST-102310,2026-07-02,8.6,Everything worked well and the issue was resolved quickly.
FB-0006889,CUST-102310,2026-05-01,8.0,The platform has been reliable and support was helpful.
FB-0006890,CUST-102310,2026-02-25,8.6,The platform has been reliable and support was helpful.
FB-0006891,CUST-102311,2026-07-06,4.3,We are considering cancelling at renewal.
FB-0006892,CUST-102311,2026-02-23,4.0,We are considering cancelling at renewal.
FB-0006893,CUST-102312,2026-04-23,5.2,I'm not sure we're getting enough value from the subscription.
FB-0006894,CUST-102312,2026-02-25,4.6,I'm not sure we're getting enough value from the subscription.
FB-0006895,CUST-102312,2026-06-11,7.2,I'm not sure we're getting enough value from the subscription.
FB-0006896,CUST-102312,2026-03-06,6.4,I'm not sure we're getting enough value from the subscription.
FB-0006897,CUST-102313,2026-06-09,8.2,Everything worked well and the issue was resolved quickly.
FB-0006898,CUST-102313,2026-04-27,7.7,Everything worked well and the issue was resolved quickly.
FB-0006899,CUST-102313,2026-03-04,8.9,Everything worked well and the issue was resolved quickly.
FB-0006900,CUST-102313,2026-03-04,9.0,The platform has been reliable and support was helpful.
FB-0006901,CUST-102314,2026-07-20,8.4,The platform has been reliable and support was helpful.
FB-0006902,CUST-102314,2026-07-02,9.1,Everything worked well and the issue was resolved quickly.
FB-0006903,CUST-102314,2026-03-27,8.5,Everything worked well and the issue was resolved quickly.
FB-0006904,CUST-102315,2026-04-03,5.6,There appears to be an unexpected charge on my account.
FB-0006905,CUST-102315,2026-04-12,3.8,There appears to be an unexpected charge on my account.
FB-0006906,CUST-102315,2026-03-28,3.8,I don't understand the latest invoice.
FB-0006907,CUST-102315,2026-03-09,4.6,There appears to be an unexpected charge on my account.
FB-0006908,CUST-102316,2026-05-03,7.1,The platform has been reliable and support was helpful.
FB-0006909,CUST-102316,2026-03-30,8.0,The platform has been reliable and support was helpful.
FB-0006910,CUST-102316,2026-04-03,8.5,Everything worked well and the issue was resolved quickly.
FB-0006911,CUST-102316,2026-05-10,7.6,Everything worked well and the issue was resolved quickly.
FB-0006912,CUST-102317,2026-07-07,3.7,We're evaluating alternatives and may move away from the platform.
FB-0006913,CUST-102317,2026-07-27,4.7,We are considering cancelling at renewal.
FB-0006914,CUST-102317,2026-07-10,4.9,We are considering cancelling at renewal.
FB-0006915,CUST-102317,2026-04-17,2.3,We're evaluating alternatives and may move away from the platform.
FB-0006916,CUST-102318,2026-07-09,5.9,We aren't using the platform as much as before.
FB-0006917,CUST-102318,2026-04-09,6.3,We aren't using the platform as much as before.
FB-0006918,CUST-102318,2026-05-02,5.9,I'm not sure we're getting enough value from the subscription.
FB-0006919,CUST-102318,2026-07-22,7.6,We aren't using the platform as much as before.
FB-0006920,CUST-102319,2026-04-18,7.5,The platform has been reliable and support was helpful.
FB-0006921,CUST-102319,2026-04-20,7.7,The platform has been reliable and support was helpful.
FB-0006922,CUST-102319,2026-04-05,9.8,The platform has been reliable and support was helpful.
FB-0006923,CUST-102319,2026-02-08,9.9,The platform has been reliable and support was helpful.
FB-0006924,CUST-102320,2026-04-14,8.0,Everything worked well and the issue was resolved quickly.
FB-0006925,CUST-102320,2026-04-26,8.6,Everything worked well and the issue was resolved quickly.
FB-0006926,CUST-102320,2026-06-27,9.7,The platform has been reliable and support was helpful.
FB-0006927,CUST-102321,2026-02-18,6.3,We aren't using the platform as much as before.
FB-0006928,CUST-102321,2026-05-29,3.8,I'm not sure we're getting enough value from the subscription.
FB-0006929,CUST-102322,2026-04-14,5.7,There appears to be an unexpected charge on my account.
FB-0006930,CUST-102322,2026-05-16,4.1,There appears to be an unexpected charge on my account.
FB-0006931,CUST-102322,2026-07-15,5.5,There appears to be an unexpected charge on my account.
FB-0006932,CUST-102322,2026-03-18,6.4,There appears to be an unexpected charge on my account.
FB-0006933,CUST-102323,2026-04-22,4.3,I've contacted support multiple times for the same issue.
FB-0006934,CUST-102323,2026-03-09,7.4,I've contacted support multiple times for the same issue.
FB-0006935,CUST-102323,2026-07-10,4.7,I've contacted support multiple times for the same issue.
FB-0006936,CUST-102323,2026-07-04,5.4,I've contacted support multiple times for the same issue.
FB-0006937,CUST-102324,2026-03-29,7.6,The platform has been reliable and support was helpful.
FB-0006938,CUST-102324,2026-06-16,7.8,The platform has been reliable and support was helpful.
FB-0006939,CUST-102324,2026-05-30,7.3,Everything worked well and the issue was resolved quickly.
FB-0006940,CUST-102325,2026-05-27,6.9,Everything worked well and the issue was resolved quickly.
FB-0006941,CUST-102325,2026-06-19,8.9,Everything worked well and the issue was resolved quickly.
FB-0006942,CUST-102325,2026-02-26,8.9,Everything worked well and the issue was resolved quickly.
FB-0006943,CUST-102325,2026-05-23,7.2,Everything worked well and the issue was resolved quickly.
FB-0006944,CUST-102326,2026-07-14,6.0,I've contacted support multiple times for the same issue.
FB-0006945,CUST-102326,2026-07-18,4.8,The problem is still unresolved and this is becoming frustrating.
FB-0006946,CUST-102326,2026-02-19,5.3,I've contacted support multiple times for the same issue.
FB-0006947,CUST-102327,2026-04-20,3.4,We've had too many problems and are seriously considering alternatives.
FB-0006948,CUST-102327,2026-06-22,2.3,We've had too many problems and are seriously considering alternatives.
FB-0006949,CUST-102327,2026-02-20,4.7,We've had too many problems and are seriously considering alternatives.
FB-0006950,CUST-102327,2026-03-30,3.7,We've had too many problems and are seriously considering alternatives.
FB-0006951,CUST-102328,2026-07-24,9.6,The platform has been reliable and support was helpful.
FB-0006952,CUST-102328,2026-06-26,7.1,The platform has been reliable and support was helpful.
FB-0006953,CUST-102328,2026-03-30,9.2,The platform has been reliable and support was helpful.
FB-0006954,CUST-102328,2026-06-12,9.2,The platform has been reliable and support was helpful.
FB-0006955,CUST-102329,2026-03-24,8.5,Everything worked well and the issue was resolved quickly.
FB-0006956,CUST-102329,2026-05-24,7.6,The platform has been reliable and support was helpful.
FB-0006957,CUST-102330,2026-04-07,10.0,Everything worked well and the issue was resolved quickly.
FB-0006958,CUST-102330,2026-06-19,8.3,Everything worked well and the issue was resolved quickly.
FB-0006959,CUST-102331,2026-07-11,8.2,The platform has been reliable and support was helpful.
FB-0006960,CUST-102331,2026-06-25,8.3,The platform has been reliable and support was helpful.
FB-0006961,CUST-102331,2026-02-10,8.1,The platform has been reliable and support was helpful.
FB-0006962,CUST-102331,2026-06-16,7.8,The platform has been reliable and support was helpful.
FB-0006963,CUST-102332,2026-03-13,9.7,The platform has been reliable and support was helpful.
FB-0006964,CUST-102332,2026-07-19,6.8,Everything worked well and the issue was resolved quickly.
FB-0006965,CUST-102332,2026-07-27,8.1,Everything worked well and the issue was resolved quickly.
FB-0006966,CUST-102332,2026-03-23,9.7,Everything worked well and the issue was resolved quickly.
FB-0006967,CUST-102333,2026-06-17,5.8,There appears to be an unexpected charge on my account.
FB-0006968,CUST-102333,2026-03-02,2.8,There appears to be an unexpected charge on my account.
FB-0006969,CUST-102333,2026-03-22,6.8,There appears to be an unexpected charge on my account.
FB-0006970,CUST-102334,2026-05-15,5.1,The recent product changes made our workflow harder.
FB-0006971,CUST-102334,2026-07-18,5.4,Several important features are not working as expected.
FB-0006972,CUST-102334,2026-04-30,4.1,The recent product changes made our workflow harder.
FB-0006973,CUST-102334,2026-03-22,6.9,Several important features are not working as expected.
FB-0006974,CUST-102335,2026-04-15,6.6,The problem is still unresolved and this is becoming frustrating.
FB-0006975,CUST-102335,2026-03-18,4.6,I've contacted support multiple times for the same issue.
FB-0006976,CUST-102335,2026-07-25,5.4,The problem is still unresolved and this is becoming frustrating.
FB-0006977,CUST-102335,2026-05-01,3.6,I've contacted support multiple times for the same issue.
FB-0006978,CUST-102336,2026-05-15,7.2,We aren't using the platform as much as before.
FB-0006979,CUST-102336,2026-07-09,6.9,We aren't using the platform as much as before.
FB-0006980,CUST-102337,2026-05-13,4.6,The service problems and billing issues make it difficult to justify continuing.
FB-0006981,CUST-102337,2026-03-24,5.7,We've had too many problems and are seriously considering alternatives.
FB-0006982,CUST-102337,2026-07-06,3.9,The service problems and billing issues make it difficult to justify continuing.
FB-0006983,CUST-102338,2026-02-05,8.1,Everything worked well and the issue was resolved quickly.
FB-0006984,CUST-102338,2026-03-01,8.6,The platform has been reliable and support was helpful.
FB-0006985,CUST-102338,2026-03-29,9.6,The platform has been reliable and support was helpful.
FB-0006986,CUST-102339,2026-06-18,3.8,We've had too many problems and are seriously considering alternatives.
FB-0006987,CUST-102339,2026-06-25,4.3,We've had too many problems and are seriously considering alternatives.
FB-0006988,CUST-102340,2026-07-27,9.2,The platform has been reliable and support was helpful.
FB-0006989,CUST-102340,2026-05-10,9.3,The platform has been reliable and support was helpful.
FB-0006990,CUST-102340,2026-04-04,9.4,The platform has been reliable and support was helpful.
FB-0006991,CUST-102340,2026-05-06,8.0,The platform has been reliable and support was helpful.
FB-0006992,CUST-102341,2026-07-25,5.6,We aren't using the platform as much as before.
FB-0006993,CUST-102341,2026-04-28,5.5,I'm not sure we're getting enough value from the subscription.
FB-0006994,CUST-102341,2026-06-12,6.1,I'm not sure we're getting enough value from the subscription.
FB-0006995,CUST-102342,2026-06-15,6.9,We aren't using the platform as much as before.
FB-0006996,CUST-102342,2026-04-17,6.2,We aren't using the platform as much as before.
FB-0006997,CUST-102342,2026-06-21,9.3,I'm not sure we're getting enough value from the subscription.
FB-0006998,CUST-102342,2026-04-16,7.4,We aren't using the platform as much as before.
FB-0006999,CUST-102343,2026-04-08,7.7,The platform has been reliable and support was helpful.
FB-0007000,CUST-102343,2026-04-15,9.5,The platform has been reliable and support was helpful.
FB-0007001,CUST-102343,2026-04-13,8.8,Everything worked well and the issue was resolved quickly.
FB-0007002,CUST-102343,2026-05-12,8.9,Everything worked well and the issue was resolved quickly.
FB-0007003,CUST-102344,2026-03-07,10.0,The platform has been reliable and support was helpful.
FB-0007004,CUST-102344,2026-04-13,8.8,Everything worked well and the issue was resolved quickly.
FB-0007005,CUST-102344,2026-03-13,8.8,Everything worked well and the issue was resolved quickly.
FB-0007006,CUST-102345,2026-02-24,4.7,The recent product changes made our workflow harder.
FB-0007007,CUST-102345,2026-03-19,4.7,The recent product changes made our workflow harder.
FB-0007008,CUST-102346,2026-05-23,4.0,Several important features are not working as expected.
FB-0007009,CUST-102346,2026-03-19,5.6,Several important features are not working as expected.
FB-0007010,CUST-102347,2026-05-14,8.7,The platform has been reliable and support was helpful.
FB-0007011,CUST-102347,2026-05-24,8.1,Everything worked well and the issue was resolved quickly.
FB-0007012,CUST-102347,2026-02-22,6.8,The platform has been reliable and support was helpful.
FB-0007013,CUST-102347,2026-03-24,8.5,Everything worked well and the issue was resolved quickly.
FB-0007014,CUST-102348,2026-07-14,5.6,The recent product changes made our workflow harder.
FB-0007015,CUST-102348,2026-03-04,6.9,The recent product changes made our workflow harder.
FB-0007016,CUST-102348,2026-02-25,4.9,The recent product changes made our workflow harder.
FB-0007017,CUST-102349,2026-07-05,4.8,Several important features are not working as expected.
FB-0007018,CUST-102349,2026-06-14,5.2,Several important features are not working as expected.
FB-0007019,CUST-102349,2026-02-05,4.8,The recent product changes made our workflow harder.
FB-0007020,CUST-102349,2026-07-09,6.1,Several important features are not working as expected.
FB-0007021,CUST-102350,2026-03-09,5.9,Several important features are not working as expected.
FB-0007022,CUST-102350,2026-06-27,4.0,The recent product changes made our workflow harder.
FB-0007023,CUST-102351,2026-04-16,8.5,The platform has been reliable and support was helpful.
FB-0007024,CUST-102351,2026-03-16,8.0,The platform has been reliable and support was helpful.
FB-0007025,CUST-102352,2026-06-22,8.6,Everything worked well and the issue was resolved quickly.
FB-0007026,CUST-102352,2026-07-26,7.7,Everything worked well and the issue was resolved quickly.
FB-0007027,CUST-102352,2026-06-11,6.9,Everything worked well and the issue was resolved quickly.
FB-0007028,CUST-102352,2026-06-26,9.1,Everything worked well and the issue was resolved quickly.
FB-0007029,CUST-102353,2026-03-19,4.1,We are considering cancelling at renewal.
FB-0007030,CUST-102353,2026-03-16,3.3,We are considering cancelling at renewal.
FB-0007031,CUST-102353,2026-03-27,4.2,We're evaluating alternatives and may move away from the platform.
FB-0007032,CUST-102353,2026-03-14,4.0,We are considering cancelling at renewal.
FB-0007033,CUST-102354,2026-02-16,6.9,I don't understand the latest invoice.
FB-0007034,CUST-102354,2026-06-27,3.7,There appears to be an unexpected charge on my account.
FB-0007035,CUST-102354,2026-02-18,7.3,I don't understand the latest invoice.
FB-0007036,CUST-102355,2026-07-11,4.6,The recent product changes made our workflow harder.
FB-0007037,CUST-102355,2026-03-31,5.0,Several important features are not working as expected.
FB-0007038,CUST-102356,2026-06-18,8.6,The platform has been reliable and support was helpful.
FB-0007039,CUST-102356,2026-07-21,8.2,The platform has been reliable and support was helpful.
FB-0007040,CUST-102357,2026-07-01,7.6,The platform has been reliable and support was helpful.
FB-0007041,CUST-102357,2026-04-17,9.2,The platform has been reliable and support was helpful.
FB-0007042,CUST-102357,2026-03-03,6.7,Everything worked well and the issue was resolved quickly.
FB-0007043,CUST-102357,2026-06-25,10.0,The platform has been reliable and support was helpful.
FB-0007044,CUST-102358,2026-02-23,9.1,Everything worked well and the issue was resolved quickly.
FB-0007045,CUST-102358,2026-04-26,9.3,The platform has been reliable and support was helpful.
FB-0007046,CUST-102358,2026-02-14,8.7,Everything worked well and the issue was resolved quickly.
FB-0007047,CUST-102359,2026-02-10,4.4,The service problems and billing issues make it difficult to justify continuing.
FB-0007048,CUST-102359,2026-06-14,4.5,The service problems and billing issues make it difficult to justify continuing.
FB-0007049,CUST-102359,2026-07-04,2.9,The service problems and billing issues make it difficult to justify continuing.
FB-0007050,CUST-102359,2026-05-08,4.2,We've had too many problems and are seriously considering alternatives.
FB-0007051,CUST-102360,2026-04-18,8.3,The platform has been reliable and support was helpful.
FB-0007052,CUST-102360,2026-04-27,8.9,Everything worked well and the issue was resolved quickly.
FB-0007053,CUST-102360,2026-03-22,8.3,Everything worked well and the issue was resolved quickly.
FB-0007054,CUST-102361,2026-05-24,6.7,There appears to be an unexpected charge on my account.
FB-0007055,CUST-102361,2026-04-29,5.9,I don't understand the latest invoice.
FB-0007056,CUST-102362,2026-06-07,8.1,The platform has been reliable and support was helpful.
FB-0007057,CUST-102362,2026-02-04,7.6,Everything worked well and the issue was resolved quickly.
FB-0007058,CUST-102362,2026-03-06,9.4,Everything worked well and the issue was resolved quickly.
FB-0007059,CUST-102362,2026-07-26,8.9,Everything worked well and the issue was resolved quickly.
FB-0007060,CUST-102363,2026-02-10,5.1,We are considering cancelling at renewal.
FB-0007061,CUST-102363,2026-04-03,2.9,We're evaluating alternatives and may move away from the platform.
FB-0007062,CUST-102364,2026-05-08,3.2,The problem is still unresolved and this is becoming frustrating.
FB-0007063,CUST-102364,2026-04-17,5.1,The problem is still unresolved and this is becoming frustrating.
FB-0007064,CUST-102364,2026-05-17,5.5,I've contacted support multiple times for the same issue.
FB-0007065,CUST-102365,2026-05-17,7.2,We aren't using the platform as much as before.
FB-0007066,CUST-102365,2026-02-13,5.6,I'm not sure we're getting enough value from the subscription.
FB-0007067,CUST-102366,2026-05-03,3.6,I've contacted support multiple times for the same issue.
FB-0007068,CUST-102366,2026-06-04,4.9,The problem is still unresolved and this is becoming frustrating.
FB-0007069,CUST-102366,2026-05-09,6.0,The problem is still unresolved and this is becoming frustrating.
FB-0007070,CUST-102366,2026-02-24,3.6,I've contacted support multiple times for the same issue.
FB-0007071,CUST-102367,2026-04-26,7.7,Everything worked well and the issue was resolved quickly.
FB-0007072,CUST-102367,2026-02-26,10.0,The platform has been reliable and support was helpful.
FB-0007073,CUST-102368,2026-07-15,6.2,I've contacted support multiple times for the same issue.
FB-0007074,CUST-102368,2026-07-21,4.7,I've contacted support multiple times for the same issue.
FB-0007075,CUST-102368,2026-02-28,4.8,The problem is still unresolved and this is becoming frustrating.
FB-0007076,CUST-102368,2026-07-03,2.8,I've contacted support multiple times for the same issue.
FB-0007077,CUST-102369,2026-07-11,8.9,The platform has been reliable and support was helpful.
FB-0007078,CUST-102369,2026-07-19,8.7,Everything worked well and the issue was resolved quickly.
FB-0007079,CUST-102369,2026-04-28,8.3,The platform has been reliable and support was helpful.
FB-0007080,CUST-102370,2026-03-10,3.8,We've had too many problems and are seriously considering alternatives.
FB-0007081,CUST-102370,2026-06-29,2.2,We've had too many problems and are seriously considering alternatives.
FB-0007082,CUST-102370,2026-02-03,3.0,We've had too many problems and are seriously considering alternatives.
FB-0007083,CUST-102371,2026-05-20,7.9,Everything worked well and the issue was resolved quickly.
FB-0007084,CUST-102371,2026-02-18,6.1,Everything worked well and the issue was resolved quickly.
FB-0007085,CUST-102371,2026-07-21,8.6,Everything worked well and the issue was resolved quickly.
FB-0007086,CUST-102371,2026-05-20,9.6,The platform has been reliable and support was helpful.
FB-0007087,CUST-102372,2026-03-03,5.1,Several important features are not working as expected.
FB-0007088,CUST-102372,2026-03-27,5.9,The recent product changes made our workflow harder.
FB-0007089,CUST-102373,2026-06-29,6.7,I don't understand the latest invoice.
FB-0007090,CUST-102373,2026-02-23,7.7,There appears to be an unexpected charge on my account.
FB-0007091,CUST-102374,2026-03-06,5.5,The recent product changes made our workflow harder.
FB-0007092,CUST-102374,2026-04-04,4.1,Several important features are not working as expected.
FB-0007093,CUST-102374,2026-04-04,4.2,The recent product changes made our workflow harder.
FB-0007094,CUST-102374,2026-04-22,3.8,Several important features are not working as expected.
FB-0007095,CUST-102375,2026-07-26,7.6,Everything worked well and the issue was resolved quickly.
FB-0007096,CUST-102375,2026-06-16,8.1,The platform has been reliable and support was helpful.
FB-0007097,CUST-102375,2026-07-16,6.0,The platform has been reliable and support was helpful.
FB-0007098,CUST-102375,2026-04-18,8.3,The platform has been reliable and support was helpful.
FB-0007099,CUST-102376,2026-03-21,4.0,The problem is still unresolved and this is becoming frustrating.
FB-0007100,CUST-102376,2026-04-30,4.1,The problem is still unresolved and this is becoming frustrating.
FB-0007101,CUST-102377,2026-02-11,3.8,The problem is still unresolved and this is becoming frustrating.
FB-0007102,CUST-102377,2026-02-23,4.1,The problem is still unresolved and this is becoming frustrating.
FB-0007103,CUST-102378,2026-07-01,8.2,We aren't using the platform as much as before.
FB-0007104,CUST-102378,2026-04-16,8.1,We aren't using the platform as much as before.
FB-0007105,CUST-102378,2026-05-09,6.9,I'm not sure we're getting enough value from the subscription.
FB-0007106,CUST-102379,2026-06-06,7.6,Everything worked well and the issue was resolved quickly.
FB-0007107,CUST-102379,2026-05-28,8.9,Everything worked well and the issue was resolved quickly.
FB-0007108,CUST-102380,2026-03-27,10.0,Everything worked well and the issue was resolved quickly.
FB-0007109,CUST-102380,2026-05-21,7.9,The platform has been reliable and support was helpful.
FB-0007110,CUST-102380,2026-05-01,7.3,Everything worked well and the issue was resolved quickly.
FB-0007111,CUST-102380,2026-06-06,7.3,Everything worked well and the issue was resolved quickly.
FB-0007112,CUST-102381,2026-07-16,5.9,The recent product changes made our workflow harder.
FB-0007113,CUST-102381,2026-03-30,4.9,The recent product changes made our workflow harder.
FB-0007114,CUST-102381,2026-07-24,5.4,Several important features are not working as expected.
FB-0007115,CUST-102382,2026-05-22,5.4,Several important features are not working as expected.
FB-0007116,CUST-102382,2026-07-25,3.4,The recent product changes made our workflow harder.
FB-0007117,CUST-102383,2026-07-10,6.3,We aren't using the platform as much as before.
FB-0007118,CUST-102383,2026-04-12,5.9,I'm not sure we're getting enough value from the subscription.
FB-0007119,CUST-102384,2026-04-22,7.0,We aren't using the platform as much as before.
FB-0007120,CUST-102384,2026-03-08,4.5,We aren't using the platform as much as before.
FB-0007121,CUST-102384,2026-06-28,5.0,We aren't using the platform as much as before.
FB-0007122,CUST-102384,2026-03-06,6.6,I'm not sure we're getting enough value from the subscription.
FB-0007123,CUST-102385,2026-05-12,9.3,The platform has been reliable and support was helpful.
FB-0007124,CUST-102385,2026-03-04,6.5,The platform has been reliable and support was helpful.
FB-0007125,CUST-102385,2026-05-27,9.3,The platform has been reliable and support was helpful.
FB-0007126,CUST-102386,2026-07-17,9.5,Everything worked well and the issue was resolved quickly.
FB-0007127,CUST-102386,2026-04-06,8.9,Everything worked well and the issue was resolved quickly.
FB-0007128,CUST-102386,2026-06-01,8.4,Everything worked well and the issue was resolved quickly.
FB-0007129,CUST-102386,2026-05-09,6.7,Everything worked well and the issue was resolved quickly.
FB-0007130,CUST-102387,2026-03-21,8.5,Everything worked well and the issue was resolved quickly.
FB-0007131,CUST-102387,2026-03-20,9.3,Everything worked well and the issue was resolved quickly.
FB-0007132,CUST-102387,2026-04-17,9.1,Everything worked well and the issue was resolved quickly.
FB-0007133,CUST-102388,2026-07-07,9.8,The platform has been reliable and support was helpful.
FB-0007134,CUST-102388,2026-07-05,8.6,Everything worked well and the issue was resolved quickly.
FB-0007135,CUST-102388,2026-06-18,8.2,Everything worked well and the issue was resolved quickly.
FB-0007136,CUST-102389,2026-02-07,8.1,Everything worked well and the issue was resolved quickly.
FB-0007137,CUST-102389,2026-05-01,8.5,The platform has been reliable and support was helpful.
FB-0007138,CUST-102390,2026-03-21,4.3,We're evaluating alternatives and may move away from the platform.
FB-0007139,CUST-102390,2026-05-01,5.4,We are considering cancelling at renewal.
FB-0007140,CUST-102391,2026-06-29,6.1,I'm not sure we're getting enough value from the subscription.
FB-0007141,CUST-102391,2026-05-21,6.9,I'm not sure we're getting enough value from the subscription.
FB-0007142,CUST-102392,2026-07-27,4.7,I don't understand the latest invoice.
FB-0007143,CUST-102392,2026-06-01,6.5,I don't understand the latest invoice.
FB-0007144,CUST-102392,2026-04-22,7.1,I don't understand the latest invoice.
FB-0007145,CUST-102393,2026-02-15,8.4,Everything worked well and the issue was resolved quickly.
FB-0007146,CUST-102393,2026-05-14,9.4,The platform has been reliable and support was helpful.
FB-0007147,CUST-102393,2026-04-07,7.2,The platform has been reliable and support was helpful.
FB-0007148,CUST-102393,2026-03-28,10.0,Everything worked well and the issue was resolved quickly.
FB-0007149,CUST-102394,2026-02-09,3.1,We're evaluating alternatives and may move away from the platform.
FB-0007150,CUST-102394,2026-05-04,3.9,We are considering cancelling at renewal.
FB-0007151,CUST-102394,2026-02-04,4.2,We're evaluating alternatives and may move away from the platform.
FB-0007152,CUST-102394,2026-03-03,2.7,We're evaluating alternatives and may move away from the platform.
FB-0007153,CUST-102395,2026-05-31,5.5,I've contacted support multiple times for the same issue.
FB-0007154,CUST-102395,2026-06-01,5.4,I've contacted support multiple times for the same issue.
FB-0007155,CUST-102395,2026-05-24,5.6,I've contacted support multiple times for the same issue.
FB-0007156,CUST-102395,2026-03-16,5.5,I've contacted support multiple times for the same issue.
FB-0007157,CUST-102396,2026-03-18,3.9,We're evaluating alternatives and may move away from the platform.
FB-0007158,CUST-102396,2026-06-27,3.9,We are considering cancelling at renewal.
FB-0007159,CUST-102396,2026-02-08,2.8,We're evaluating alternatives and may move away from the platform.
FB-0007160,CUST-102397,2026-07-26,6.9,I'm not sure we're getting enough value from the subscription.
FB-0007161,CUST-102397,2026-02-04,6.5,We aren't using the platform as much as before.
FB-0007162,CUST-102397,2026-04-28,6.5,I'm not sure we're getting enough value from the subscription.
FB-0007163,CUST-102397,2026-02-27,7.7,We aren't using the platform as much as before.
FB-0007164,CUST-102398,2026-05-05,1.9,The problem is still unresolved and this is becoming frustrating.
FB-0007165,CUST-102398,2026-05-03,4.7,I've contacted support multiple times for the same issue.
FB-0007166,CUST-102399,2026-07-27,4.3,The service problems and billing issues make it difficult to justify continuing.
FB-0007167,CUST-102399,2026-04-07,3.1,The service problems and billing issues make it difficult to justify continuing.
FB-0007168,CUST-102400,2026-06-24,3.4,The service problems and billing issues make it difficult to justify continuing.
FB-0007169,CUST-102400,2026-03-13,2.6,The service problems and billing issues make it difficult to justify continuing.
FB-0007170,CUST-102400,2026-05-14,2.6,We've had too many problems and are seriously considering alternatives.
FB-0007171,CUST-102400,2026-06-15,4.7,The service problems and billing issues make it difficult to justify continuing.
FB-0007172,CUST-102401,2026-07-18,5.5,There appears to be an unexpected charge on my account.
FB-0007173,CUST-102401,2026-07-13,8.0,I don't understand the latest invoice.
FB-0007174,CUST-102401,2026-05-12,7.2,I don't understand the latest invoice.
FB-0007175,CUST-102401,2026-05-22,4.0,There appears to be an unexpected charge on my account.
FB-0007176,CUST-102402,2026-05-30,9.5,Everything worked well and the issue was resolved quickly.
FB-0007177,CUST-102402,2026-04-03,7.5,The platform has been reliable and support was helpful.
FB-0007178,CUST-102402,2026-02-16,9.6,The platform has been reliable and support was helpful.
FB-0007179,CUST-102403,2026-07-25,10.0,The platform has been reliable and support was helpful.
FB-0007180,CUST-102403,2026-07-19,6.4,The platform has been reliable and support was helpful.
FB-0007181,CUST-102403,2026-07-26,8.9,The platform has been reliable and support was helpful.
FB-0007182,CUST-102403,2026-05-09,8.8,The platform has been reliable and support was helpful.
FB-0007183,CUST-102404,2026-04-26,3.0,We've had too many problems and are seriously considering alternatives.
FB-0007184,CUST-102404,2026-04-19,3.7,The service problems and billing issues make it difficult to justify continuing.
FB-0007185,CUST-102404,2026-04-29,4.4,The service problems and billing issues make it difficult to justify continuing.
FB-0007186,CUST-102404,2026-05-04,4.1,The service problems and billing issues make it difficult to justify continuing.
FB-0007187,CUST-102405,2026-07-25,4.2,The problem is still unresolved and this is becoming frustrating.
FB-0007188,CUST-102405,2026-04-09,4.2,I've contacted support multiple times for the same issue.
FB-0007189,CUST-102406,2026-06-01,5.7,I don't understand the latest invoice.
FB-0007190,CUST-102406,2026-03-05,4.8,I don't understand the latest invoice.
FB-0007191,CUST-102407,2026-07-09,8.0,Everything worked well and the issue was resolved quickly.
FB-0007192,CUST-102407,2026-02-21,8.6,Everything worked well and the issue was resolved quickly.
FB-0007193,CUST-102407,2026-06-30,7.5,The platform has been reliable and support was helpful.
FB-0007194,CUST-102408,2026-03-18,8.8,The platform has been reliable and support was helpful.
FB-0007195,CUST-102408,2026-05-13,9.0,Everything worked well and the issue was resolved quickly.
FB-0007196,CUST-102408,2026-03-15,8.9,The platform has been reliable and support was helpful.
FB-0007197,CUST-102409,2026-04-13,7.7,Everything worked well and the issue was resolved quickly.
FB-0007198,CUST-102409,2026-04-05,10.0,Everything worked well and the issue was resolved quickly.
FB-0007199,CUST-102409,2026-03-10,9.4,Everything worked well and the issue was resolved quickly.
FB-0007200,CUST-102410,2026-06-21,2.6,We are considering cancelling at renewal.
FB-0007201,CUST-102410,2026-05-29,3.4,We are considering cancelling at renewal.
FB-0007202,CUST-102410,2026-03-23,2.8,We're evaluating alternatives and may move away from the platform.
FB-0007203,CUST-102411,2026-05-03,7.5,Everything worked well and the issue was resolved quickly.
FB-0007204,CUST-102411,2026-05-17,7.8,Everything worked well and the issue was resolved quickly.
FB-0007205,CUST-102411,2026-07-10,9.4,Everything worked well and the issue was resolved quickly.
FB-0007206,CUST-102412,2026-04-18,8.5,The platform has been reliable and support was helpful.
FB-0007207,CUST-102412,2026-02-06,9.5,The platform has been reliable and support was helpful.
FB-0007208,CUST-102412,2026-04-06,7.2,The platform has been reliable and support was helpful.
FB-0007209,CUST-102413,2026-05-12,7.0,I'm not sure we're getting enough value from the subscription.
FB-0007210,CUST-102413,2026-07-15,7.9,I'm not sure we're getting enough value from the subscription.
FB-0007211,CUST-102413,2026-07-25,7.2,I'm not sure we're getting enough value from the subscription.
FB-0007212,CUST-102414,2026-05-22,8.0,"I was frustrated by the new interface, but overall the product is valuable."
FB-0007213,CUST-102414,2026-02-22,6.7,"I was frustrated by the new interface, but overall the product is valuable."
FB-0007214,CUST-102414,2026-07-06,7.1,"I was frustrated by the new interface, but overall the product is valuable."
FB-0007215,CUST-102414,2026-04-26,8.7,"The issue was annoying, but the team resolved it quickly."
FB-0007216,CUST-102415,2026-06-01,6.3,The recent product changes made our workflow harder.
FB-0007217,CUST-102415,2026-05-08,3.6,Several important features are not working as expected.
FB-0007218,CUST-102416,2026-05-27,5.2,We are considering cancelling at renewal.
FB-0007219,CUST-102416,2026-07-12,3.7,We're evaluating alternatives and may move away from the platform.
FB-0007220,CUST-102416,2026-03-14,3.4,We are considering cancelling at renewal.
FB-0007221,CUST-102416,2026-03-19,3.9,We're evaluating alternatives and may move away from the platform.
FB-0007222,CUST-102417,2026-04-06,4.8,We are considering cancelling at renewal.
FB-0007223,CUST-102417,2026-04-26,3.5,We are considering cancelling at renewal.
FB-0007224,CUST-102417,2026-07-19,4.7,We are considering cancelling at renewal.
FB-0007225,CUST-102417,2026-07-13,4.6,We're evaluating alternatives and may move away from the platform.
FB-0007226,CUST-102418,2026-06-19,4.1,I've contacted support multiple times for the same issue.
FB-0007227,CUST-102418,2026-05-31,5.4,I've contacted support multiple times for the same issue.
FB-0007228,CUST-102418,2026-06-20,4.4,The problem is still unresolved and this is becoming frustrating.
FB-0007229,CUST-102419,2026-02-23,9.1,Everything worked well and the issue was resolved quickly.
FB-0007230,CUST-102419,2026-02-12,6.2,Everything worked well and the issue was resolved quickly.
FB-0007231,CUST-102419,2026-05-26,9.6,The platform has been reliable and support was helpful.
FB-0007232,CUST-102419,2026-05-20,8.3,The platform has been reliable and support was helpful.
FB-0007233,CUST-102420,2026-06-19,3.6,The service problems and billing issues make it difficult to justify continuing.
FB-0007234,CUST-102420,2026-05-18,2.0,We've had too many problems and are seriously considering alternatives.
FB-0007235,CUST-102420,2026-06-13,5.6,The service problems and billing issues make it difficult to justify continuing.
FB-0007236,CUST-102420,2026-07-24,4.0,We've had too many problems and are seriously considering alternatives.
FB-0007237,CUST-102421,2026-05-10,4.8,There appears to be an unexpected charge on my account.
FB-0007238,CUST-102421,2026-04-13,5.1,I don't understand the latest invoice.
FB-0007239,CUST-102421,2026-07-24,8.5,I don't understand the latest invoice.
FB-0007240,CUST-102422,2026-03-16,8.8,Everything worked well and the issue was resolved quickly.
FB-0007241,CUST-102422,2026-03-23,9.1,The platform has been reliable and support was helpful.
FB-0007242,CUST-102422,2026-03-28,7.4,Everything worked well and the issue was resolved quickly.
FB-0007243,CUST-102423,2026-05-09,9.3,The platform has been reliable and support was helpful.
FB-0007244,CUST-102423,2026-04-22,10.0,The platform has been reliable and support was helpful.
FB-0007245,CUST-102424,2026-04-10,6.7,I'm not sure we're getting enough value from the subscription.
FB-0007246,CUST-102424,2026-04-15,6.9,I'm not sure we're getting enough value from the subscription.
FB-0007247,CUST-102425,2026-03-23,5.9,I'm not sure we're getting enough value from the subscription.
FB-0007248,CUST-102425,2026-06-06,6.3,I'm not sure we're getting enough value from the subscription.
FB-0007249,CUST-102426,2026-03-24,7.2,The platform has been reliable and support was helpful.
FB-0007250,CUST-102426,2026-07-13,9.1,The platform has been reliable and support was helpful.
FB-0007251,CUST-102426,2026-05-21,9.7,The platform has been reliable and support was helpful.
FB-0007252,CUST-102427,2026-05-24,7.6,I'm not sure we're getting enough value from the subscription.
FB-0007253,CUST-102427,2026-05-30,7.2,I'm not sure we're getting enough value from the subscription.
FB-0007254,CUST-102428,2026-05-04,9.9,Everything worked well and the issue was resolved quickly.
FB-0007255,CUST-102428,2026-05-30,8.4,Everything worked well and the issue was resolved quickly.
FB-0007256,CUST-102429,2026-05-21,8.7,The platform has been reliable and support was helpful.
FB-0007257,CUST-102429,2026-06-27,7.1,The platform has been reliable and support was helpful.
FB-0007258,CUST-102429,2026-02-06,7.8,Everything worked well and the issue was resolved quickly.
FB-0007259,CUST-102430,2026-07-05,9.6,The platform has been reliable and support was helpful.
FB-0007260,CUST-102430,2026-06-18,8.7,Everything worked well and the issue was resolved quickly.
FB-0007261,CUST-102431,2026-06-01,5.2,I don't understand the latest invoice.
FB-0007262,CUST-102431,2026-04-04,6.6,I don't understand the latest invoice.
FB-0007263,CUST-102431,2026-02-17,6.3,I don't understand the latest invoice.
FB-0007264,CUST-102432,2026-03-01,4.9,The recent product changes made our workflow harder.
FB-0007265,CUST-102432,2026-07-22,4.0,Several important features are not working as expected.
FB-0007266,CUST-102432,2026-03-03,5.2,The recent product changes made our workflow harder.
FB-0007267,CUST-102433,2026-05-06,4.7,I've contacted support multiple times for the same issue.
FB-0007268,CUST-102433,2026-07-13,5.4,The problem is still unresolved and this is becoming frustrating.
FB-0007269,CUST-102433,2026-03-07,5.5,I've contacted support multiple times for the same issue.
FB-0007270,CUST-102433,2026-02-26,4.0,I've contacted support multiple times for the same issue.
FB-0007271,CUST-102434,2026-02-18,6.9,We aren't using the platform as much as before.
FB-0007272,CUST-102434,2026-06-02,6.5,I'm not sure we're getting enough value from the subscription.
FB-0007273,CUST-102434,2026-04-16,5.6,We aren't using the platform as much as before.
FB-0007274,CUST-102434,2026-07-22,8.2,We aren't using the platform as much as before.
FB-0007275,CUST-102435,2026-06-24,8.1,The platform has been reliable and support was helpful.
FB-0007276,CUST-102435,2026-02-07,9.2,The platform has been reliable and support was helpful.
FB-0007277,CUST-102435,2026-07-22,8.9,The platform has been reliable and support was helpful.
FB-0007278,CUST-102436,2026-02-21,7.1,The platform has been reliable and support was helpful.
FB-0007279,CUST-102436,2026-07-10,8.2,The platform has been reliable and support was helpful.
FB-0007280,CUST-102437,2026-04-13,10.0,Everything worked well and the issue was resolved quickly.
FB-0007281,CUST-102437,2026-04-29,10.0,Everything worked well and the issue was resolved quickly.
FB-0007282,CUST-102438,2026-05-08,6.0,Several important features are not working as expected.
FB-0007283,CUST-102438,2026-02-08,2.9,Several important features are not working as expected.
FB-0007284,CUST-102438,2026-04-28,5.7,The recent product changes made our workflow harder.
FB-0007285,CUST-102439,2026-05-16,5.9,The problem is still unresolved and this is becoming frustrating.
FB-0007286,CUST-102439,2026-02-28,5.7,The problem is still unresolved and this is becoming frustrating.
FB-0007287,CUST-102439,2026-04-12,4.7,I've contacted support multiple times for the same issue.
FB-0007288,CUST-102439,2026-05-18,4.1,The problem is still unresolved and this is becoming frustrating.
FB-0007289,CUST-102440,2026-05-01,8.8,Everything worked well and the issue was resolved quickly.
FB-0007290,CUST-102440,2026-05-29,7.9,The platform has been reliable and support was helpful.
FB-0007291,CUST-102440,2026-06-29,9.3,Everything worked well and the issue was resolved quickly.
FB-0007292,CUST-102441,2026-04-03,6.4,There appears to be an unexpected charge on my account.
FB-0007293,CUST-102441,2026-07-07,6.1,There appears to be an unexpected charge on my account.
FB-0007294,CUST-102441,2026-02-03,7.2,I don't understand the latest invoice.
FB-0007295,CUST-102441,2026-06-10,4.7,I don't understand the latest invoice.
FB-0007296,CUST-102442,2026-06-13,8.6,The platform has been reliable and support was helpful.
FB-0007297,CUST-102442,2026-06-12,8.4,The platform has been reliable and support was helpful.
FB-0007298,CUST-102442,2026-06-11,9.8,Everything worked well and the issue was resolved quickly.
FB-0007299,CUST-102443,2026-07-19,7.9,The platform has been reliable and support was helpful.
FB-0007300,CUST-102443,2026-04-08,8.2,The platform has been reliable and support was helpful.
FB-0007301,CUST-102443,2026-05-06,7.7,Everything worked well and the issue was resolved quickly.
FB-0007302,CUST-102443,2026-05-29,8.2,The platform has been reliable and support was helpful.
FB-0007303,CUST-102444,2026-02-04,3.4,I've contacted support multiple times for the same issue.
FB-0007304,CUST-102444,2026-04-11,4.2,The problem is still unresolved and this is becoming frustrating.
FB-0007305,CUST-102444,2026-07-14,5.6,The problem is still unresolved and this is becoming frustrating.
FB-0007306,CUST-102445,2026-04-11,3.3,We've had too many problems and are seriously considering alternatives.
FB-0007307,CUST-102445,2026-03-11,4.4,We've had too many problems and are seriously considering alternatives.
FB-0007308,CUST-102446,2026-07-13,3.1,The recent product changes made our workflow harder.
FB-0007309,CUST-102446,2026-04-29,5.7,Several important features are not working as expected.
FB-0007310,CUST-102446,2026-05-19,5.1,Several important features are not working as expected.
FB-0007311,CUST-102447,2026-06-24,4.6,I've contacted support multiple times for the same issue.
FB-0007312,CUST-102447,2026-04-10,5.0,I've contacted support multiple times for the same issue.
FB-0007313,CUST-102447,2026-07-06,3.9,The problem is still unresolved and this is becoming frustrating.
FB-0007314,CUST-102448,2026-07-05,9.7,Everything worked well and the issue was resolved quickly.
FB-0007315,CUST-102448,2026-05-22,8.3,Everything worked well and the issue was resolved quickly.
FB-0007316,CUST-102448,2026-07-04,8.0,The platform has been reliable and support was helpful.
FB-0007317,CUST-102448,2026-07-01,7.1,The platform has been reliable and support was helpful.
FB-0007318,CUST-102449,2026-04-22,2.8,The problem is still unresolved and this is becoming frustrating.
FB-0007319,CUST-102449,2026-06-17,5.3,The problem is still unresolved and this is becoming frustrating.
FB-0007320,CUST-102450,2026-02-19,5.6,I've contacted support multiple times for the same issue.
FB-0007321,CUST-102450,2026-07-21,5.6,The problem is still unresolved and this is becoming frustrating.
FB-0007322,CUST-102451,2026-03-30,10.0,Everything worked well and the issue was resolved quickly.
FB-0007323,CUST-102451,2026-06-04,7.3,Everything worked well and the issue was resolved quickly.
FB-0007324,CUST-102451,2026-05-13,8.4,The platform has been reliable and support was helpful.
FB-0007325,CUST-102452,2026-05-01,7.8,The platform has been reliable and support was helpful.
FB-0007326,CUST-102452,2026-07-10,10.0,The platform has been reliable and support was helpful.
FB-0007327,CUST-102453,2026-07-06,5.4,The recent product changes made our workflow harder.
FB-0007328,CUST-102453,2026-07-12,3.7,Several important features are not working as expected.
FB-0007329,CUST-102453,2026-04-28,5.7,Several important features are not working as expected.
FB-0007330,CUST-102453,2026-03-09,3.1,The recent product changes made our workflow harder.
FB-0007331,CUST-102454,2026-03-27,3.4,We've had too many problems and are seriously considering alternatives.
FB-0007332,CUST-102454,2026-06-20,3.8,The service problems and billing issues make it difficult to justify continuing.
FB-0007333,CUST-102455,2026-06-06,9.1,The platform has been reliable and support was helpful.
FB-0007334,CUST-102455,2026-05-04,8.2,The platform has been reliable and support was helpful.
FB-0007335,CUST-102455,2026-05-01,7.7,Everything worked well and the issue was resolved quickly.
FB-0007336,CUST-102455,2026-06-29,7.9,The platform has been reliable and support was helpful.
FB-0007337,CUST-102456,2026-05-16,5.0,We're evaluating alternatives and may move away from the platform.
FB-0007338,CUST-102456,2026-02-12,3.3,We're evaluating alternatives and may move away from the platform.
FB-0007339,CUST-102456,2026-04-01,4.3,We are considering cancelling at renewal.
FB-0007340,CUST-102457,2026-04-30,7.8,The platform has been reliable and support was helpful.
FB-0007341,CUST-102457,2026-06-23,9.8,Everything worked well and the issue was resolved quickly.
FB-0007342,CUST-102457,2026-06-05,9.5,Everything worked well and the issue was resolved quickly.
FB-0007343,CUST-102457,2026-03-22,8.9,Everything worked well and the issue was resolved quickly.
FB-0007344,CUST-102458,2026-04-21,7.1,Everything worked well and the issue was resolved quickly.
FB-0007345,CUST-102458,2026-07-11,7.9,The platform has been reliable and support was helpful.
FB-0007346,CUST-102459,2026-05-12,6.0,The platform has been reliable and support was helpful.
FB-0007347,CUST-102459,2026-03-15,7.8,Everything worked well and the issue was resolved quickly.
FB-0007348,CUST-102460,2026-03-17,8.5,Everything worked well and the issue was resolved quickly.
FB-0007349,CUST-102460,2026-05-07,9.1,Everything worked well and the issue was resolved quickly.
FB-0007350,CUST-102460,2026-05-01,9.7,The platform has been reliable and support was helpful.
FB-0007351,CUST-102460,2026-03-21,8.6,The platform has been reliable and support was helpful.
FB-0007352,CUST-102461,2026-07-24,7.4,Everything worked well and the issue was resolved quickly.
FB-0007353,CUST-102461,2026-06-09,8.7,The platform has been reliable and support was helpful.
FB-0007354,CUST-102462,2026-06-06,3.1,We're evaluating alternatives and may move away from the platform.
FB-0007355,CUST-102462,2026-05-28,3.8,We are considering cancelling at renewal.
FB-0007356,CUST-102462,2026-05-11,1.3,We are considering cancelling at renewal.
FB-0007357,CUST-102462,2026-06-11,4.8,We are considering cancelling at renewal.
FB-0007358,CUST-102463,2026-03-28,4.5,We've had too many problems and are seriously considering alternatives.
FB-0007359,CUST-102463,2026-02-18,3.6,We've had too many problems and are seriously considering alternatives.
FB-0007360,CUST-102463,2026-03-26,3.5,The service problems and billing issues make it difficult to justify continuing.
FB-0007361,CUST-102463,2026-05-31,4.6,We've had too many problems and are seriously considering alternatives.
FB-0007362,CUST-102464,2026-03-03,7.1,We aren't using the platform as much as before.
FB-0007363,CUST-102464,2026-05-09,7.8,We aren't using the platform as much as before.
FB-0007364,CUST-102465,2026-07-05,3.8,The recent product changes made our workflow harder.
FB-0007365,CUST-102465,2026-07-01,4.5,Several important features are not working as expected.
FB-0007366,CUST-102465,2026-05-26,4.1,The recent product changes made our workflow harder.
FB-0007367,CUST-102465,2026-02-24,4.6,The recent product changes made our workflow harder.
FB-0007368,CUST-102466,2026-05-29,8.5,The platform has been reliable and support was helpful.
FB-0007369,CUST-102466,2026-06-23,6.3,The platform has been reliable and support was helpful.
FB-0007370,CUST-102466,2026-03-07,9.7,Everything worked well and the issue was resolved quickly.
FB-0007371,CUST-102467,2026-05-14,6.6,There appears to be an unexpected charge on my account.
FB-0007372,CUST-102467,2026-04-21,5.9,There appears to be an unexpected charge on my account.
FB-0007373,CUST-102467,2026-05-18,5.8,I don't understand the latest invoice.
FB-0007374,CUST-102467,2026-06-11,4.8,There appears to be an unexpected charge on my account.
FB-0007375,CUST-102468,2026-05-16,8.3,The platform has been reliable and support was helpful.
FB-0007376,CUST-102468,2026-04-04,7.9,The platform has been reliable and support was helpful.
FB-0007377,CUST-102468,2026-05-29,8.9,Everything worked well and the issue was resolved quickly.
FB-0007378,CUST-102469,2026-07-02,8.3,The platform has been reliable and support was helpful.
FB-0007379,CUST-102469,2026-02-16,7.7,The platform has been reliable and support was helpful.
FB-0007380,CUST-102469,2026-05-01,8.8,Everything worked well and the issue was resolved quickly.
FB-0007381,CUST-102469,2026-04-20,8.4,Everything worked well and the issue was resolved quickly.
FB-0007382,CUST-102470,2026-05-16,7.0,The platform has been reliable and support was helpful.
FB-0007383,CUST-102470,2026-06-19,7.0,Everything worked well and the issue was resolved quickly.
FB-0007384,CUST-102470,2026-05-14,9.0,Everything worked well and the issue was resolved quickly.
FB-0007385,CUST-102471,2026-03-22,4.1,Several important features are not working as expected.
FB-0007386,CUST-102471,2026-04-26,5.9,The recent product changes made our workflow harder.
FB-0007387,CUST-102472,2026-02-16,8.7,We aren't using the platform as much as before.
FB-0007388,CUST-102472,2026-02-05,5.7,We aren't using the platform as much as before.
FB-0007389,CUST-102473,2026-07-06,8.8,The platform has been reliable and support was helpful.
FB-0007390,CUST-102473,2026-07-13,8.1,The platform has been reliable and support was helpful.
FB-0007391,CUST-102473,2026-02-03,9.4,Everything worked well and the issue was resolved quickly.
FB-0007392,CUST-102474,2026-06-04,5.2,We aren't using the platform as much as before.
FB-0007393,CUST-102474,2026-05-04,8.1,I'm not sure we're getting enough value from the subscription.
FB-0007394,CUST-102474,2026-05-31,7.1,I'm not sure we're getting enough value from the subscription.
FB-0007395,CUST-102475,2026-05-18,4.6,Several important features are not working as expected.
FB-0007396,CUST-102475,2026-03-24,6.0,Several important features are not working as expected.
FB-0007397,CUST-102475,2026-07-26,3.5,Several important features are not working as expected.
FB-0007398,CUST-102476,2026-02-13,8.3,The platform has been reliable and support was helpful.
FB-0007399,CUST-102476,2026-02-14,7.7,The platform has been reliable and support was helpful.
FB-0007400,CUST-102477,2026-03-13,8.3,Everything worked well and the issue was resolved quickly.
FB-0007401,CUST-102477,2026-05-19,8.0,The platform has been reliable and support was helpful.
FB-0007402,CUST-102477,2026-04-01,9.4,Everything worked well and the issue was resolved quickly.
FB-0007403,CUST-102478,2026-05-21,3.1,We've had too many problems and are seriously considering alternatives.
FB-0007404,CUST-102478,2026-06-18,2.5,We've had too many problems and are seriously considering alternatives.
FB-0007405,CUST-102479,2026-03-31,9.6,Everything worked well and the issue was resolved quickly.
FB-0007406,CUST-102479,2026-06-20,9.1,Everything worked well and the issue was resolved quickly.
FB-0007407,CUST-102479,2026-04-25,7.7,Everything worked well and the issue was resolved quickly.
FB-0007408,CUST-102479,2026-02-14,8.9,The platform has been reliable and support was helpful.
FB-0007409,CUST-102480,2026-05-06,9.4,The platform has been reliable and support was helpful.
FB-0007410,CUST-102480,2026-04-08,8.8,The platform has been reliable and support was helpful.
FB-0007411,CUST-102481,2026-05-21,9.6,The platform has been reliable and support was helpful.
FB-0007412,CUST-102481,2026-02-16,8.3,The platform has been reliable and support was helpful.
FB-0007413,CUST-102482,2026-07-20,8.4,Everything worked well and the issue was resolved quickly.
FB-0007414,CUST-102482,2026-03-24,9.6,Everything worked well and the issue was resolved quickly.
FB-0007415,CUST-102482,2026-02-12,6.9,The platform has been reliable and support was helpful.
FB-0007416,CUST-102483,2026-06-10,7.0,Everything worked well and the issue was resolved quickly.
FB-0007417,CUST-102483,2026-02-28,7.6,The platform has been reliable and support was helpful.
FB-0007418,CUST-102483,2026-05-28,10.0,The platform has been reliable and support was helpful.
FB-0007419,CUST-102483,2026-03-07,9.1,The platform has been reliable and support was helpful.
FB-0007420,CUST-102484,2026-04-09,7.7,"The issue was annoying, but the team resolved it quickly."
FB-0007421,CUST-102484,2026-06-28,8.4,"I was frustrated by the new interface, but overall the product is valuable."
FB-0007422,CUST-102484,2026-06-08,9.5,"The issue was annoying, but the team resolved it quickly."
FB-0007423,CUST-102484,2026-05-04,7.7,"The issue was annoying, but the team resolved it quickly."
FB-0007424,CUST-102485,2026-03-08,7.7,Everything worked well and the issue was resolved quickly.
FB-0007425,CUST-102485,2026-03-16,9.0,Everything worked well and the issue was resolved quickly.
FB-0007426,CUST-102485,2026-06-20,8.4,Everything worked well and the issue was resolved quickly.
FB-0007427,CUST-102485,2026-06-18,8.0,The platform has been reliable and support was helpful.
FB-0007428,CUST-102486,2026-02-11,6.9,There appears to be an unexpected charge on my account.
FB-0007429,CUST-102486,2026-07-24,7.7,I don't understand the latest invoice.
FB-0007430,CUST-102486,2026-06-06,5.0,I don't understand the latest invoice.
FB-0007431,CUST-102487,2026-03-08,8.3,Everything worked well and the issue was resolved quickly.
FB-0007432,CUST-102487,2026-07-06,9.5,The platform has been reliable and support was helpful.
FB-0007433,CUST-102487,2026-07-18,8.8,Everything worked well and the issue was resolved quickly.
FB-0007434,CUST-102487,2026-03-23,8.8,The platform has been reliable and support was helpful.
FB-0007435,CUST-102488,2026-04-21,8.3,"The issue was annoying, but the team resolved it quickly."
FB-0007436,CUST-102488,2026-04-12,8.9,"The issue was annoying, but the team resolved it quickly."
FB-0007437,CUST-102488,2026-04-23,8.8,"The issue was annoying, but the team resolved it quickly."
FB-0007438,CUST-102489,2026-04-26,5.3,We aren't using the platform as much as before.
FB-0007439,CUST-102489,2026-02-20,7.0,I'm not sure we're getting enough value from the subscription.
FB-0007440,CUST-102489,2026-05-15,6.8,We aren't using the platform as much as before.
FB-0007441,CUST-102489,2026-02-22,6.0,I'm not sure we're getting enough value from the subscription.
FB-0007442,CUST-102490,2026-02-09,4.5,We are considering cancelling at renewal.
FB-0007443,CUST-102490,2026-02-05,4.8,We are considering cancelling at renewal.
FB-0007444,CUST-102490,2026-07-23,3.4,We're evaluating alternatives and may move away from the platform.
FB-0007445,CUST-102491,2026-02-24,8.0,I'm not sure we're getting enough value from the subscription.
FB-0007446,CUST-102491,2026-06-18,6.5,I'm not sure we're getting enough value from the subscription.
FB-0007447,CUST-102492,2026-04-03,4.8,The problem is still unresolved and this is becoming frustrating.
FB-0007448,CUST-102492,2026-04-15,5.4,I've contacted support multiple times for the same issue.
FB-0007449,CUST-102493,2026-05-24,7.0,"I was frustrated by the new interface, but overall the product is valuable."
FB-0007450,CUST-102493,2026-03-28,7.0,"I was frustrated by the new interface, but overall the product is valuable."
FB-0007451,CUST-102493,2026-04-30,10.0,"I was frustrated by the new interface, but overall the product is valuable."
FB-0007452,CUST-102493,2026-03-20,8.7,"The issue was annoying, but the team resolved it quickly."
FB-0007453,CUST-102494,2026-04-29,2.4,We are considering cancelling at renewal.
FB-0007454,CUST-102494,2026-04-15,3.9,We are considering cancelling at renewal.
FB-0007455,CUST-102494,2026-04-14,3.6,We're evaluating alternatives and may move away from the platform.
FB-0007456,CUST-102495,2026-03-02,9.2,The platform has been reliable and support was helpful.
FB-0007457,CUST-102495,2026-06-12,9.2,The platform has been reliable and support was helpful.
FB-0007458,CUST-102495,2026-07-17,9.3,Everything worked well and the issue was resolved quickly.
FB-0007459,CUST-102495,2026-04-15,10.0,The platform has been reliable and support was helpful.
FB-0007460,CUST-102496,2026-07-17,4.9,Several important features are not working as expected.
FB-0007461,CUST-102496,2026-06-19,3.6,The recent product changes made our workflow harder.
FB-0007462,CUST-102496,2026-06-14,4.4,Several important features are not working as expected.
FB-0007463,CUST-102497,2026-02-19,9.2,Everything worked well and the issue was resolved quickly.
FB-0007464,CUST-102497,2026-04-06,7.6,The platform has been reliable and support was helpful.
FB-0007465,CUST-102497,2026-05-17,7.3,The platform has been reliable and support was helpful.
FB-0007466,CUST-102498,2026-04-06,7.7,Everything worked well and the issue was resolved quickly.
FB-0007467,CUST-102498,2026-03-30,8.6,Everything worked well and the issue was resolved quickly.
FB-0007468,CUST-102499,2026-05-08,6.5,We aren't using the platform as much as before.
FB-0007469,CUST-102499,2026-05-07,6.7,I'm not sure we're getting enough value from the subscription.
FB-0007470,CUST-102499,2026-04-24,7.6,I'm not sure we're getting enough value from the subscription.
FB-0007471,CUST-102500,2026-03-21,6.2,We aren't using the platform as much as before.
FB-0007472,CUST-102500,2026-03-17,6.9,I'm not sure we're getting enough value from the subscription.
FB-0007473,CUST-102500,2026-04-19,7.8,I'm not sure we're getting enough value from the subscription.
FB-0007474,CUST-102501,2026-07-05,7.4,The platform has been reliable and support was helpful.
FB-0007475,CUST-102501,2026-06-07,8.2,The platform has been reliable and support was helpful.
FB-0007476,CUST-102501,2026-05-04,6.8,The platform has been reliable and support was helpful.
FB-0007477,CUST-102501,2026-02-09,7.9,The platform has been reliable and support was helpful.
FB-0007478,CUST-102502,2026-07-07,8.5,We aren't using the platform as much as before.
FB-0007479,CUST-102502,2026-06-19,6.6,I'm not sure we're getting enough value from the subscription.
FB-0007480,CUST-102503,2026-03-22,7.8,"I was frustrated by the new interface, but overall the product is valuable."
FB-0007481,CUST-102503,2026-07-26,10.0,"I was frustrated by the new interface, but overall the product is valuable."
FB-0007482,CUST-102503,2026-06-17,7.9,"The issue was annoying, but the team resolved it quickly."
FB-0007483,CUST-102504,2026-03-01,9.2,Everything worked well and the issue was resolved quickly.
FB-0007484,CUST-102504,2026-06-10,9.4,The platform has been reliable and support was helpful.
FB-0007485,CUST-102505,2026-05-27,5.8,We aren't using the platform as much as before.
FB-0007486,CUST-102505,2026-02-27,6.5,I'm not sure we're getting enough value from the subscription.
FB-0007487,CUST-102505,2026-02-03,6.3,We aren't using the platform as much as before.
FB-0007488,CUST-102505,2026-06-19,6.9,We aren't using the platform as much as before.
FB-0007489,CUST-102506,2026-03-27,7.4,"I was frustrated by the new interface, but overall the product is valuable."
FB-0007490,CUST-102506,2026-06-30,9.1,"I was frustrated by the new interface, but overall the product is valuable."
FB-0007491,CUST-102506,2026-02-07,7.1,"I was frustrated by the new interface, but overall the product is valuable."
FB-0007492,CUST-102506,2026-04-16,7.7,"I was frustrated by the new interface, but overall the product is valuable."
FB-0007493,CUST-102507,2026-07-11,5.4,We are considering cancelling at renewal.
FB-0007494,CUST-102507,2026-07-01,3.1,We're evaluating alternatives and may move away from the platform.
FB-0007495,CUST-102507,2026-06-19,1.8,We are considering cancelling at renewal.
FB-0007496,CUST-102508,2026-05-28,5.0,We are considering cancelling at renewal.
FB-0007497,CUST-102508,2026-03-18,5.2,We are considering cancelling at renewal.
FB-0007498,CUST-102509,2026-02-24,6.3,I'm not sure we're getting enough value from the subscription.
FB-0007499,CUST-102509,2026-02-04,6.3,I'm not sure we're getting enough value from the subscription.
FB-0007500,CUST-102509,2026-02-06,6.1,I'm not sure we're getting enough value from the subscription.
FB-0007501,CUST-102510,2026-06-07,7.4,The platform has been reliable and support was helpful.
FB-0007502,CUST-102510,2026-05-03,7.6,The platform has been reliable and support was helpful.
FB-0007503,CUST-102510,2026-04-17,9.3,The platform has been reliable and support was helpful.
FB-0007504,CUST-102511,2026-03-29,7.4,We aren't using the platform as much as before.
FB-0007505,CUST-102511,2026-02-21,5.7,We aren't using the platform as much as before.
FB-0007506,CUST-102512,2026-06-14,9.0,The platform has been reliable and support was helpful.
FB-0007507,CUST-102512,2026-07-22,10.0,Everything worked well and the issue was resolved quickly.
FB-0007508,CUST-102512,2026-06-13,8.9,The platform has been reliable and support was helpful.
FB-0007509,CUST-102513,2026-06-04,8.1,Everything worked well and the issue was resolved quickly.
FB-0007510,CUST-102513,2026-06-18,9.0,The platform has been reliable and support was helpful.
FB-0007511,CUST-102513,2026-05-15,8.1,Everything worked well and the issue was resolved quickly.
FB-0007512,CUST-102514,2026-06-12,6.6,I've contacted support multiple times for the same issue.
FB-0007513,CUST-102514,2026-04-27,3.3,I've contacted support multiple times for the same issue.
FB-0007514,CUST-102514,2026-06-29,5.0,I've contacted support multiple times for the same issue.
FB-0007515,CUST-102515,2026-05-30,4.1,The service problems and billing issues make it difficult to justify continuing.
FB-0007516,CUST-102515,2026-02-11,4.8,The service problems and billing issues make it difficult to justify continuing.
FB-0007517,CUST-102515,2026-06-28,4.7,The service problems and billing issues make it difficult to justify continuing.
FB-0007518,CUST-102516,2026-02-18,5.8,I don't understand the latest invoice.
FB-0007519,CUST-102516,2026-03-12,5.5,There appears to be an unexpected charge on my account.
FB-0007520,CUST-102516,2026-04-03,7.0,I don't understand the latest invoice.
FB-0007521,CUST-102516,2026-06-12,3.8,There appears to be an unexpected charge on my account.
FB-0007522,CUST-102517,2026-03-05,4.3,The recent product changes made our workflow harder.
FB-0007523,CUST-102517,2026-07-23,4.8,Several important features are not working as expected.
FB-0007524,CUST-102518,2026-03-09,7.9,I'm not sure we're getting enough value from the subscription.
FB-0007525,CUST-102518,2026-03-21,6.2,I'm not sure we're getting enough value from the subscription.
FB-0007526,CUST-102518,2026-06-06,6.8,We aren't using the platform as much as before.
FB-0007527,CUST-102518,2026-04-23,6.3,I'm not sure we're getting enough value from the subscription.
FB-0007528,CUST-102519,2026-03-08,6.0,The service problems and billing issues make it difficult to justify continuing.
FB-0007529,CUST-102519,2026-05-22,4.0,We've had too many problems and are seriously considering alternatives.
FB-0007530,CUST-102520,2026-04-29,8.2,Everything worked well and the issue was resolved quickly.
FB-0007531,CUST-102520,2026-04-02,9.7,The platform has been reliable and support was helpful.
FB-0007532,CUST-102520,2026-06-07,9.1,Everything worked well and the issue was resolved quickly.
FB-0007533,CUST-102521,2026-07-12,7.5,"The issue was annoying, but the team resolved it quickly."
FB-0007534,CUST-102521,2026-03-09,9.4,"The issue was annoying, but the team resolved it quickly."
FB-0007535,CUST-102521,2026-06-12,7.7,"I was frustrated by the new interface, but overall the product is valuable."
FB-0007536,CUST-102522,2026-05-17,4.1,The problem is still unresolved and this is becoming frustrating.
FB-0007537,CUST-102522,2026-02-10,4.5,I've contacted support multiple times for the same issue.
FB-0007538,CUST-102522,2026-02-19,3.1,I've contacted support multiple times for the same issue.
FB-0007539,CUST-102523,2026-05-12,2.1,We are considering cancelling at renewal.
FB-0007540,CUST-102523,2026-05-22,5.5,We are considering cancelling at renewal.
FB-0007541,CUST-102524,2026-05-01,8.7,Everything worked well and the issue was resolved quickly.
FB-0007542,CUST-102524,2026-06-12,8.9,Everything worked well and the issue was resolved quickly.
FB-0007543,CUST-102525,2026-07-02,7.4,The platform has been reliable and support was helpful.
FB-0007544,CUST-102525,2026-05-17,7.1,The platform has been reliable and support was helpful.
FB-0007545,CUST-102526,2026-04-21,6.7,There appears to be an unexpected charge on my account.
FB-0007546,CUST-102526,2026-06-05,6.3,I don't understand the latest invoice.
FB-0007547,CUST-102526,2026-05-20,6.1,There appears to be an unexpected charge on my account.
FB-0007548,CUST-102527,2026-03-05,6.9,I don't understand the latest invoice.
FB-0007549,CUST-102527,2026-05-01,6.7,There appears to be an unexpected charge on my account.
FB-0007550,CUST-102527,2026-05-15,5.6,There appears to be an unexpected charge on my account.
FB-0007551,CUST-102527,2026-07-22,4.1,I don't understand the latest invoice.
FB-0007552,CUST-102528,2026-06-08,7.2,Everything worked well and the issue was resolved quickly.
FB-0007553,CUST-102528,2026-07-09,8.4,Everything worked well and the issue was resolved quickly.
FB-0007554,CUST-102528,2026-06-22,8.4,The platform has been reliable and support was helpful.
FB-0007555,CUST-102528,2026-04-14,7.6,Everything worked well and the issue was resolved quickly.
FB-0007556,CUST-102529,2026-05-12,3.2,We are considering cancelling at renewal.
FB-0007557,CUST-102529,2026-06-30,5.0,We are considering cancelling at renewal.
FB-0007558,CUST-102529,2026-07-02,4.4,We are considering cancelling at renewal.
FB-0007559,CUST-102529,2026-04-25,3.2,We're evaluating alternatives and may move away from the platform.
FB-0007560,CUST-102530,2026-03-07,7.1,I'm not sure we're getting enough value from the subscription.
FB-0007561,CUST-102530,2026-05-24,7.4,I'm not sure we're getting enough value from the subscription.
FB-0007562,CUST-102530,2026-07-04,7.2,We aren't using the platform as much as before.
FB-0007563,CUST-102530,2026-06-06,7.2,We aren't using the platform as much as before.
FB-0007564,CUST-102531,2026-02-07,6.2,I'm not sure we're getting enough value from the subscription.
FB-0007565,CUST-102531,2026-06-24,7.1,I'm not sure we're getting enough value from the subscription.
FB-0007566,CUST-102531,2026-04-17,7.6,We aren't using the platform as much as before.
FB-0007567,CUST-102532,2026-03-03,9.0,The platform has been reliable and support was helpful.
FB-0007568,CUST-102532,2026-07-24,7.9,The platform has been reliable and support was helpful.
FB-0007569,CUST-102533,2026-05-26,7.5,Everything worked well and the issue was resolved quickly.
FB-0007570,CUST-102533,2026-02-14,9.7,Everything worked well and the issue was resolved quickly.
FB-0007571,CUST-102533,2026-06-07,7.9,The platform has been reliable and support was helpful.
FB-0007572,CUST-102534,2026-03-29,3.1,We are considering cancelling at renewal.
FB-0007573,CUST-102534,2026-04-15,3.0,We're evaluating alternatives and may move away from the platform.
FB-0007574,CUST-102535,2026-07-14,6.7,We aren't using the platform as much as before.
FB-0007575,CUST-102535,2026-07-20,8.7,We aren't using the platform as much as before.
FB-0007576,CUST-102536,2026-03-21,8.1,Everything worked well and the issue was resolved quickly.
FB-0007577,CUST-102536,2026-03-29,7.5,Everything worked well and the issue was resolved quickly.
FB-0007578,CUST-102536,2026-04-19,8.9,Everything worked well and the issue was resolved quickly.
FB-0007579,CUST-102537,2026-03-02,7.9,The platform has been reliable and support was helpful.
FB-0007580,CUST-102537,2026-03-23,9.5,The platform has been reliable and support was helpful.
FB-0007581,CUST-102537,2026-04-16,7.8,Everything worked well and the issue was resolved quickly.
FB-0007582,CUST-102538,2026-04-04,3.3,We've had too many problems and are seriously considering alternatives.
FB-0007583,CUST-102538,2026-06-17,5.1,We've had too many problems and are seriously considering alternatives.
FB-0007584,CUST-102539,2026-06-29,4.2,I've contacted support multiple times for the same issue.
FB-0007585,CUST-102539,2026-05-06,4.3,I've contacted support multiple times for the same issue.
FB-0007586,CUST-102539,2026-06-01,4.0,The problem is still unresolved and this is becoming frustrating.
FB-0007587,CUST-102540,2026-06-30,5.4,The problem is still unresolved and this is becoming frustrating.
FB-0007588,CUST-102540,2026-06-19,4.1,I've contacted support multiple times for the same issue.
FB-0007589,CUST-102540,2026-06-29,2.0,The problem is still unresolved and this is becoming frustrating.
FB-0007590,CUST-102541,2026-03-06,6.9,I'm not sure we're getting enough value from the subscription.
FB-0007591,CUST-102541,2026-03-24,6.7,We aren't using the platform as much as before.
FB-0007592,CUST-102541,2026-06-20,8.5,We aren't using the platform as much as before.
FB-0007593,CUST-102541,2026-05-19,7.7,We aren't using the platform as much as before.
FB-0007594,CUST-102542,2026-04-14,3.8,We've had too many problems and are seriously considering alternatives.
FB-0007595,CUST-102542,2026-03-21,4.2,We've had too many problems and are seriously considering alternatives.
FB-0007596,CUST-102543,2026-02-11,4.3,The problem is still unresolved and this is becoming frustrating.
FB-0007597,CUST-102543,2026-05-19,5.6,The problem is still unresolved and this is becoming frustrating.
FB-0007598,CUST-102544,2026-04-11,3.2,I've contacted support multiple times for the same issue.
FB-0007599,CUST-102544,2026-06-13,5.8,I've contacted support multiple times for the same issue.
FB-0007600,CUST-102544,2026-03-14,5.5,I've contacted support multiple times for the same issue.
FB-0007601,CUST-102545,2026-07-05,4.4,The problem is still unresolved and this is becoming frustrating.
FB-0007602,CUST-102545,2026-05-05,5.0,The problem is still unresolved and this is becoming frustrating.
FB-0007603,CUST-102545,2026-03-02,5.3,The problem is still unresolved and this is becoming frustrating.
FB-0007604,CUST-102546,2026-06-27,8.2,The platform has been reliable and support was helpful.
FB-0007605,CUST-102546,2026-06-07,8.1,The platform has been reliable and support was helpful.
FB-0007606,CUST-102546,2026-06-16,7.7,Everything worked well and the issue was resolved quickly.
FB-0007607,CUST-102546,2026-06-08,9.8,The platform has been reliable and support was helpful.
FB-0007608,CUST-102547,2026-03-30,6.7,Several important features are not working as expected.
FB-0007609,CUST-102547,2026-05-30,5.5,Several important features are not working as expected.
FB-0007610,CUST-102547,2026-06-04,5.8,The recent product changes made our workflow harder.
FB-0007611,CUST-102547,2026-04-09,5.7,The recent product changes made our workflow harder.
FB-0007612,CUST-102548,2026-03-18,8.0,Everything worked well and the issue was resolved quickly.
FB-0007613,CUST-102548,2026-03-19,8.7,The platform has been reliable and support was helpful.
FB-0007614,CUST-102548,2026-06-05,7.8,The platform has been reliable and support was helpful.
FB-0007615,CUST-102548,2026-04-25,8.4,Everything worked well and the issue was resolved quickly.
FB-0007616,CUST-102549,2026-07-07,8.2,Everything worked well and the issue was resolved quickly.
FB-0007617,CUST-102549,2026-07-19,8.0,The platform has been reliable and support was helpful.
FB-0007618,CUST-102549,2026-06-02,7.9,Everything worked well and the issue was resolved quickly.
FB-0007619,CUST-102549,2026-05-23,7.8,Everything worked well and the issue was resolved quickly.
FB-0007620,CUST-102550,2026-03-27,7.9,Everything worked well and the issue was resolved quickly.
FB-0007621,CUST-102550,2026-04-14,9.1,Everything worked well and the issue was resolved quickly.
FB-0007622,CUST-102550,2026-05-31,8.9,The platform has been reliable and support was helpful.
FB-0007623,CUST-102551,2026-06-08,6.7,The recent product changes made our workflow harder.
FB-0007624,CUST-102551,2026-06-29,3.6,Several important features are not working as expected.
FB-0007625,CUST-102551,2026-02-11,6.7,The recent product changes made our workflow harder.
FB-0007626,CUST-102551,2026-06-24,3.7,Several important features are not working as expected.
FB-0007627,CUST-102552,2026-06-24,4.2,The recent product changes made our workflow harder.
FB-0007628,CUST-102552,2026-07-24,5.7,The recent product changes made our workflow harder.
FB-0007629,CUST-102553,2026-04-26,9.0,The platform has been reliable and support was helpful.
FB-0007630,CUST-102553,2026-06-01,8.2,Everything worked well and the issue was resolved quickly.
FB-0007631,CUST-102554,2026-06-13,7.6,Everything worked well and the issue was resolved quickly.
FB-0007632,CUST-102554,2026-04-11,9.0,The platform has been reliable and support was helpful.
FB-0007633,CUST-102555,2026-06-17,8.7,The platform has been reliable and support was helpful.
FB-0007634,CUST-102555,2026-06-18,7.3,Everything worked well and the issue was resolved quickly.
FB-0007635,CUST-102555,2026-06-08,8.3,The platform has been reliable and support was helpful.
FB-0007636,CUST-102556,2026-02-13,2.9,We're evaluating alternatives and may move away from the platform.
FB-0007637,CUST-102556,2026-06-27,3.8,We are considering cancelling at renewal.
FB-0007638,CUST-102556,2026-06-21,4.7,We are considering cancelling at renewal.
FB-0007639,CUST-102556,2026-02-21,2.6,We're evaluating alternatives and may move away from the platform.
FB-0007640,CUST-102557,2026-03-02,5.9,I'm not sure we're getting enough value from the subscription.
FB-0007641,CUST-102557,2026-07-25,8.3,We aren't using the platform as much as before.
FB-0007642,CUST-102557,2026-04-05,6.7,We aren't using the platform as much as before.
FB-0007643,CUST-102558,2026-04-24,2.9,We are considering cancelling at renewal.
FB-0007644,CUST-102558,2026-03-27,5.2,We are considering cancelling at renewal.
FB-0007645,CUST-102559,2026-05-06,8.7,Everything worked well and the issue was resolved quickly.
FB-0007646,CUST-102559,2026-06-02,10.0,Everything worked well and the issue was resolved quickly.
FB-0007647,CUST-102560,2026-07-15,10.0,Everything worked well and the issue was resolved quickly.
FB-0007648,CUST-102560,2026-05-07,8.3,Everything worked well and the issue was resolved quickly.
FB-0007649,CUST-102560,2026-07-17,7.7,Everything worked well and the issue was resolved quickly.
FB-0007650,CUST-102560,2026-02-04,8.1,The platform has been reliable and support was helpful.
FB-0007651,CUST-102561,2026-02-07,8.5,Everything worked well and the issue was resolved quickly.
FB-0007652,CUST-102561,2026-07-25,6.8,The platform has been reliable and support was helpful.
FB-0007653,CUST-102561,2026-03-13,8.5,The platform has been reliable and support was helpful.
FB-0007654,CUST-102562,2026-07-09,8.5,"I was frustrated by the new interface, but overall the product is valuable."
FB-0007655,CUST-102562,2026-05-02,7.9,"I was frustrated by the new interface, but overall the product is valuable."
FB-0007656,CUST-102563,2026-02-08,8.0,The platform has been reliable and support was helpful.
FB-0007657,CUST-102563,2026-04-07,8.7,The platform has been reliable and support was helpful.
FB-0007658,CUST-102564,2026-07-19,3.1,We're evaluating alternatives and may move away from the platform.
FB-0007659,CUST-102564,2026-07-05,4.7,We're evaluating alternatives and may move away from the platform.
FB-0007660,CUST-102564,2026-04-18,4.4,We are considering cancelling at renewal.
FB-0007661,CUST-102565,2026-04-16,7.8,The platform has been reliable and support was helpful.
FB-0007662,CUST-102565,2026-04-13,9.2,Everything worked well and the issue was resolved quickly.
FB-0007663,CUST-102565,2026-02-04,8.8,The platform has been reliable and support was helpful.
FB-0007664,CUST-102565,2026-02-18,8.0,The platform has been reliable and support was helpful.
FB-0007665,CUST-102566,2026-07-11,8.5,The platform has been reliable and support was helpful.
FB-0007666,CUST-102566,2026-06-26,7.1,Everything worked well and the issue was resolved quickly.
FB-0007667,CUST-102566,2026-05-25,8.0,The platform has been reliable and support was helpful.
FB-0007668,CUST-102566,2026-03-26,5.9,Everything worked well and the issue was resolved quickly.
FB-0007669,CUST-102567,2026-04-18,6.5,I'm not sure we're getting enough value from the subscription.
FB-0007670,CUST-102567,2026-06-23,7.1,We aren't using the platform as much as before.
FB-0007671,CUST-102567,2026-02-21,5.2,I'm not sure we're getting enough value from the subscription.
FB-0007672,CUST-102567,2026-06-09,6.9,I'm not sure we're getting enough value from the subscription.
FB-0007673,CUST-102568,2026-05-22,10.0,Everything worked well and the issue was resolved quickly.
FB-0007674,CUST-102568,2026-06-17,7.4,The platform has been reliable and support was helpful.
FB-0007675,CUST-102568,2026-04-26,7.4,Everything worked well and the issue was resolved quickly.
FB-0007676,CUST-102569,2026-04-02,7.9,"I was frustrated by the new interface, but overall the product is valuable."
FB-0007677,CUST-102569,2026-02-24,8.6,"The issue was annoying, but the team resolved it quickly."
FB-0007678,CUST-102569,2026-05-28,9.6,"The issue was annoying, but the team resolved it quickly."
FB-0007679,CUST-102569,2026-06-17,9.5,"I was frustrated by the new interface, but overall the product is valuable."
FB-0007680,CUST-102570,2026-02-12,7.4,The platform has been reliable and support was helpful.
FB-0007681,CUST-102570,2026-03-09,8.6,The platform has been reliable and support was helpful.
FB-0007682,CUST-102570,2026-02-20,6.2,Everything worked well and the issue was resolved quickly.
FB-0007683,CUST-102571,2026-05-07,5.5,The problem is still unresolved and this is becoming frustrating.
FB-0007684,CUST-102571,2026-02-19,6.1,The problem is still unresolved and this is becoming frustrating.
FB-0007685,CUST-102572,2026-06-06,8.9,"The issue was annoying, but the team resolved it quickly."
FB-0007686,CUST-102572,2026-06-16,8.8,"The issue was annoying, but the team resolved it quickly."
FB-0007687,CUST-102572,2026-05-28,9.8,"I was frustrated by the new interface, but overall the product is valuable."
FB-0007688,CUST-102573,2026-03-20,3.8,We've had too many problems and are seriously considering alternatives.
FB-0007689,CUST-102573,2026-04-04,4.1,We've had too many problems and are seriously considering alternatives.
FB-0007690,CUST-102574,2026-03-13,2.7,The service problems and billing issues make it difficult to justify continuing.
FB-0007691,CUST-102574,2026-03-28,4.1,The service problems and billing issues make it difficult to justify continuing.
FB-0007692,CUST-102575,2026-02-14,6.1,I've contacted support multiple times for the same issue.
FB-0007693,CUST-102575,2026-07-24,4.2,I've contacted support multiple times for the same issue.
FB-0007694,CUST-102575,2026-06-02,6.1,I've contacted support multiple times for the same issue.
FB-0007695,CUST-102576,2026-07-15,2.4,We're evaluating alternatives and may move away from the platform.
FB-0007696,CUST-102576,2026-06-18,5.1,We're evaluating alternatives and may move away from the platform.
FB-0007697,CUST-102577,2026-04-29,7.4,There appears to be an unexpected charge on my account.
FB-0007698,CUST-102577,2026-05-24,5.0,I don't understand the latest invoice.
FB-0007699,CUST-102578,2026-03-04,2.7,We've had too many problems and are seriously considering alternatives.
FB-0007700,CUST-102578,2026-07-04,3.9,The service problems and billing issues make it difficult to justify continuing.
FB-0007701,CUST-102579,2026-03-05,6.6,I don't understand the latest invoice.
FB-0007702,CUST-102579,2026-03-25,5.1,There appears to be an unexpected charge on my account.
FB-0007703,CUST-102580,2026-04-22,6.6,There appears to be an unexpected charge on my account.
FB-0007704,CUST-102580,2026-05-06,5.0,I don't understand the latest invoice.
FB-0007705,CUST-102580,2026-06-16,8.2,There appears to be an unexpected charge on my account.
FB-0007706,CUST-102581,2026-06-25,9.3,"I was frustrated by the new interface, but overall the product is valuable."
FB-0007707,CUST-102581,2026-02-20,7.2,"The issue was annoying, but the team resolved it quickly."
FB-0007708,CUST-102582,2026-03-28,7.2,Everything worked well and the issue was resolved quickly.
FB-0007709,CUST-102582,2026-02-04,8.9,Everything worked well and the issue was resolved quickly.
FB-0007710,CUST-102582,2026-04-28,7.8,The platform has been reliable and support was helpful.
FB-0007711,CUST-102583,2026-02-10,7.7,The platform has been reliable and support was helpful.
FB-0007712,CUST-102583,2026-04-26,7.4,Everything worked well and the issue was resolved quickly.
FB-0007713,CUST-102584,2026-06-14,8.2,The platform has been reliable and support was helpful.
FB-0007714,CUST-102584,2026-04-14,10.0,The platform has been reliable and support was helpful.
FB-0007715,CUST-102584,2026-04-27,8.4,Everything worked well and the issue was resolved quickly.
FB-0007716,CUST-102585,2026-05-12,3.6,I've contacted support multiple times for the same issue.
FB-0007717,CUST-102585,2026-06-10,4.1,I've contacted support multiple times for the same issue.
FB-0007718,CUST-102586,2026-03-12,9.4,Everything worked well and the issue was resolved quickly.
FB-0007719,CUST-102586,2026-02-08,7.8,Everything worked well and the issue was resolved quickly.
FB-0007720,CUST-102586,2026-06-08,7.2,The platform has been reliable and support was helpful.
FB-0007721,CUST-102587,2026-05-30,8.8,The platform has been reliable and support was helpful.
FB-0007722,CUST-102587,2026-02-22,9.7,The platform has been reliable and support was helpful.
FB-0007723,CUST-102588,2026-05-22,8.9,Everything worked well and the issue was resolved quickly.
FB-0007724,CUST-102588,2026-06-12,8.3,The platform has been reliable and support was helpful.
FB-0007725,CUST-102588,2026-05-21,6.9,The platform has been reliable and support was helpful.
FB-0007726,CUST-102589,2026-04-30,8.8,Everything worked well and the issue was resolved quickly.
FB-0007727,CUST-102589,2026-06-13,9.3,The platform has been reliable and support was helpful.
FB-0007728,CUST-102589,2026-03-20,8.5,The platform has been reliable and support was helpful.
FB-0007729,CUST-102590,2026-02-28,1.9,We've had too many problems and are seriously considering alternatives.
FB-0007730,CUST-102590,2026-04-18,3.4,We've had too many problems and are seriously considering alternatives.
FB-0007731,CUST-102591,2026-02-15,4.5,The service problems and billing issues make it difficult to justify continuing.
FB-0007732,CUST-102591,2026-05-07,4.7,We've had too many problems and are seriously considering alternatives.
FB-0007733,CUST-102591,2026-04-24,2.5,We've had too many problems and are seriously considering alternatives.
FB-0007734,CUST-102591,2026-05-21,4.8,We've had too many problems and are seriously considering alternatives.
FB-0007735,CUST-102592,2026-04-15,7.3,I'm not sure we're getting enough value from the subscription.
FB-0007736,CUST-102592,2026-02-07,7.2,We aren't using the platform as much as before.
FB-0007737,CUST-102592,2026-02-15,4.1,I'm not sure we're getting enough value from the subscription.
FB-0007738,CUST-102592,2026-03-27,8.2,I'm not sure we're getting enough value from the subscription.
FB-0007739,CUST-102593,2026-03-04,9.0,Everything worked well and the issue was resolved quickly.
FB-0007740,CUST-102593,2026-07-15,9.2,The platform has been reliable and support was helpful.
FB-0007741,CUST-102594,2026-03-30,5.2,We are considering cancelling at renewal.
FB-0007742,CUST-102594,2026-03-06,3.7,We are considering cancelling at renewal.
FB-0007743,CUST-102595,2026-03-30,3.0,Several important features are not working as expected.
FB-0007744,CUST-102595,2026-03-15,5.3,The recent product changes made our workflow harder.
FB-0007745,CUST-102595,2026-02-09,4.1,The recent product changes made our workflow harder.
FB-0007746,CUST-102596,2026-06-16,8.9,Everything worked well and the issue was resolved quickly.
FB-0007747,CUST-102596,2026-05-31,9.3,The platform has been reliable and support was helpful.
FB-0007748,CUST-102597,2026-06-20,7.7,I'm not sure we're getting enough value from the subscription.
FB-0007749,CUST-102597,2026-05-05,7.1,I'm not sure we're getting enough value from the subscription.
FB-0007750,CUST-102597,2026-04-21,7.9,I'm not sure we're getting enough value from the subscription.
FB-0007751,CUST-102597,2026-02-05,5.9,I'm not sure we're getting enough value from the subscription.
FB-0007752,CUST-102598,2026-04-19,7.9,I'm not sure we're getting enough value from the subscription.
FB-0007753,CUST-102598,2026-05-02,6.9,We aren't using the platform as much as before.
FB-0007754,CUST-102599,2026-02-12,6.4,The recent product changes made our workflow harder.
FB-0007755,CUST-102599,2026-06-02,4.9,The recent product changes made our workflow harder.
FB-0007756,CUST-102600,2026-07-26,5.8,There appears to be an unexpected charge on my account.
FB-0007757,CUST-102600,2026-02-06,7.3,There appears to be an unexpected charge on my account.
FB-0007758,CUST-102600,2026-05-13,5.6,There appears to be an unexpected charge on my account.
FB-0007759,CUST-102601,2026-06-19,5.6,Everything worked well and the issue was resolved quickly.
FB-0007760,CUST-102601,2026-03-21,7.3,Everything worked well and the issue was resolved quickly.
FB-0007761,CUST-102602,2026-05-01,4.2,The service problems and billing issues make it difficult to justify continuing.
FB-0007762,CUST-102602,2026-02-09,3.6,The service problems and billing issues make it difficult to justify continuing.
FB-0007763,CUST-102603,2026-05-03,8.0,Everything worked well and the issue was resolved quickly.
FB-0007764,CUST-102603,2026-05-05,9.4,Everything worked well and the issue was resolved quickly.
FB-0007765,CUST-102603,2026-02-20,10.0,The platform has been reliable and support was helpful.
FB-0007766,CUST-102603,2026-05-03,10.0,Everything worked well and the issue was resolved quickly.
FB-0007767,CUST-102604,2026-05-01,8.3,The platform has been reliable and support was helpful.
FB-0007768,CUST-102604,2026-02-11,7.6,Everything worked well and the issue was resolved quickly.
FB-0007769,CUST-102605,2026-04-24,8.8,"I was frustrated by the new interface, but overall the product is valuable."
FB-0007770,CUST-102605,2026-02-15,8.4,"The issue was annoying, but the team resolved it quickly."
FB-0007771,CUST-102605,2026-04-12,8.5,"I was frustrated by the new interface, but overall the product is valuable."
FB-0007772,CUST-102606,2026-05-15,10.0,"I was frustrated by the new interface, but overall the product is valuable."
FB-0007773,CUST-102606,2026-03-06,8.0,"The issue was annoying, but the team resolved it quickly."
FB-0007774,CUST-102606,2026-04-12,8.9,"I was frustrated by the new interface, but overall the product is valuable."
FB-0007775,CUST-102607,2026-06-18,3.5,We're evaluating alternatives and may move away from the platform.
FB-0007776,CUST-102607,2026-06-13,4.4,We're evaluating alternatives and may move away from the platform.
FB-0007777,CUST-102607,2026-05-19,3.3,We're evaluating alternatives and may move away from the platform.
FB-0007778,CUST-102608,2026-02-05,1.8,We've had too many problems and are seriously considering alternatives.
FB-0007779,CUST-102608,2026-02-23,1.0,We've had too many problems and are seriously considering alternatives.
FB-0007780,CUST-102608,2026-03-09,1.1,The service problems and billing issues make it difficult to justify continuing.
FB-0007781,CUST-102608,2026-06-06,5.5,We've had too many problems and are seriously considering alternatives.
FB-0007782,CUST-102609,2026-06-01,8.7,The platform has been reliable and support was helpful.
FB-0007783,CUST-102609,2026-02-27,7.8,Everything worked well and the issue was resolved quickly.
FB-0007784,CUST-102609,2026-03-16,8.4,Everything worked well and the issue was resolved quickly.
FB-0007785,CUST-102610,2026-06-29,5.2,The recent product changes made our workflow harder.
FB-0007786,CUST-102610,2026-03-26,4.3,Several important features are not working as expected.
FB-0007787,CUST-102611,2026-04-22,7.6,I'm not sure we're getting enough value from the subscription.
FB-0007788,CUST-102611,2026-05-22,6.4,We aren't using the platform as much as before.
FB-0007789,CUST-102612,2026-04-03,8.9,Everything worked well and the issue was resolved quickly.
FB-0007790,CUST-102612,2026-02-20,7.5,The platform has been reliable and support was helpful.
FB-0007791,CUST-102612,2026-06-19,10.0,The platform has been reliable and support was helpful.
FB-0007792,CUST-102612,2026-04-18,10.0,The platform has been reliable and support was helpful.
FB-0007793,CUST-102613,2026-04-17,10.0,The platform has been reliable and support was helpful.
FB-0007794,CUST-102613,2026-06-29,8.1,Everything worked well and the issue was resolved quickly.
FB-0007795,CUST-102613,2026-07-03,5.6,The platform has been reliable and support was helpful.
FB-0007796,CUST-102614,2026-02-07,10.0,Everything worked well and the issue was resolved quickly.
FB-0007797,CUST-102614,2026-03-21,9.0,Everything worked well and the issue was resolved quickly.
FB-0007798,CUST-102614,2026-03-11,9.1,Everything worked well and the issue was resolved quickly.
FB-0007799,CUST-102615,2026-04-03,1.1,We are considering cancelling at renewal.
FB-0007800,CUST-102615,2026-02-04,3.8,We are considering cancelling at renewal.
FB-0007801,CUST-102615,2026-06-27,2.6,We're evaluating alternatives and may move away from the platform.
FB-0007802,CUST-102615,2026-06-20,4.3,We are considering cancelling at renewal.
FB-0007803,CUST-102616,2026-07-14,10.0,Everything worked well and the issue was resolved quickly.
FB-0007804,CUST-102616,2026-06-09,8.9,Everything worked well and the issue was resolved quickly.
FB-0007805,CUST-102616,2026-06-30,10.0,The platform has been reliable and support was helpful.
FB-0007806,CUST-102616,2026-06-25,6.6,Everything worked well and the issue was resolved quickly.
FB-0007807,CUST-102617,2026-03-30,7.8,Everything worked well and the issue was resolved quickly.
FB-0007808,CUST-102617,2026-04-08,7.9,Everything worked well and the issue was resolved quickly.
FB-0007809,CUST-102617,2026-06-21,9.5,Everything worked well and the issue was resolved quickly.
FB-0007810,CUST-102617,2026-07-19,8.0,The platform has been reliable and support was helpful.
FB-0007811,CUST-102618,2026-02-09,6.8,We aren't using the platform as much as before.
FB-0007812,CUST-102618,2026-06-18,7.3,We aren't using the platform as much as before.
FB-0007813,CUST-102618,2026-06-27,8.2,I'm not sure we're getting enough value from the subscription.
FB-0007814,CUST-102618,2026-06-11,5.3,I'm not sure we're getting enough value from the subscription.
FB-0007815,CUST-102619,2026-05-18,6.3,I've contacted support multiple times for the same issue.
FB-0007816,CUST-102619,2026-04-22,4.7,I've contacted support multiple times for the same issue.
FB-0007817,CUST-102619,2026-05-30,4.4,I've contacted support multiple times for the same issue.
FB-0007818,CUST-102620,2026-07-14,5.7,We aren't using the platform as much as before.
FB-0007819,CUST-102620,2026-04-02,5.4,We aren't using the platform as much as before.
FB-0007820,CUST-102620,2026-05-18,6.6,I'm not sure we're getting enough value from the subscription.
FB-0007821,CUST-102620,2026-05-22,6.3,I'm not sure we're getting enough value from the subscription.
FB-0007822,CUST-102621,2026-04-10,4.3,The problem is still unresolved and this is becoming frustrating.
FB-0007823,CUST-102621,2026-07-14,5.8,I've contacted support multiple times for the same issue.
FB-0007824,CUST-102621,2026-02-14,3.4,I've contacted support multiple times for the same issue.
FB-0007825,CUST-102622,2026-05-03,7.9,The platform has been reliable and support was helpful.
FB-0007826,CUST-102622,2026-04-14,8.2,The platform has been reliable and support was helpful.
FB-0007827,CUST-102622,2026-05-10,8.5,Everything worked well and the issue was resolved quickly.
FB-0007828,CUST-102622,2026-03-22,10.0,Everything worked well and the issue was resolved quickly.
FB-0007829,CUST-102623,2026-07-21,5.6,I've contacted support multiple times for the same issue.
FB-0007830,CUST-102623,2026-05-11,4.1,I've contacted support multiple times for the same issue.
FB-0007831,CUST-102623,2026-06-05,4.7,I've contacted support multiple times for the same issue.
FB-0007832,CUST-102623,2026-06-30,3.5,The problem is still unresolved and this is becoming frustrating.
FB-0007833,CUST-102624,2026-04-19,7.7,Everything worked well and the issue was resolved quickly.
FB-0007834,CUST-102624,2026-05-24,9.9,Everything worked well and the issue was resolved quickly.
FB-0007835,CUST-102625,2026-03-02,7.6,The platform has been reliable and support was helpful.
FB-0007836,CUST-102625,2026-04-30,8.6,Everything worked well and the issue was resolved quickly.
FB-0007837,CUST-102626,2026-03-07,9.0,The platform has been reliable and support was helpful.
FB-0007838,CUST-102626,2026-05-07,7.8,The platform has been reliable and support was helpful.
FB-0007839,CUST-102626,2026-05-28,10.0,Everything worked well and the issue was resolved quickly.
FB-0007840,CUST-102627,2026-06-07,3.2,We are considering cancelling at renewal.
FB-0007841,CUST-102627,2026-03-28,3.5,We're evaluating alternatives and may move away from the platform.
FB-0007842,CUST-102628,2026-04-14,7.4,The platform has been reliable and support was helpful.
FB-0007843,CUST-102628,2026-05-20,9.5,The platform has been reliable and support was helpful.
FB-0007844,CUST-102628,2026-04-26,10.0,The platform has been reliable and support was helpful.
FB-0007845,CUST-102628,2026-05-05,9.5,Everything worked well and the issue was resolved quickly.
FB-0007846,CUST-102629,2026-07-16,3.6,We've had too many problems and are seriously considering alternatives.
FB-0007847,CUST-102629,2026-02-19,2.8,We've had too many problems and are seriously considering alternatives.
FB-0007848,CUST-102629,2026-04-07,3.4,We've had too many problems and are seriously considering alternatives.
FB-0007849,CUST-102630,2026-02-27,2.8,The problem is still unresolved and this is becoming frustrating.
FB-0007850,CUST-102630,2026-05-14,4.6,I've contacted support multiple times for the same issue.
FB-0007851,CUST-102630,2026-04-02,7.5,I've contacted support multiple times for the same issue.
FB-0007852,CUST-102631,2026-05-18,7.0,I'm not sure we're getting enough value from the subscription.
FB-0007853,CUST-102631,2026-05-05,6.9,I'm not sure we're getting enough value from the subscription.
FB-0007854,CUST-102631,2026-03-18,7.4,We aren't using the platform as much as before.
FB-0007855,CUST-102632,2026-04-28,9.8,The platform has been reliable and support was helpful.
FB-0007856,CUST-102632,2026-02-11,9.0,The platform has been reliable and support was helpful.
FB-0007857,CUST-102632,2026-04-05,8.9,The platform has been reliable and support was helpful.
FB-0007858,CUST-102632,2026-07-06,8.5,Everything worked well and the issue was resolved quickly.
FB-0007859,CUST-102633,2026-03-01,8.4,Everything worked well and the issue was resolved quickly.
FB-0007860,CUST-102633,2026-02-24,8.2,Everything worked well and the issue was resolved quickly.
FB-0007861,CUST-102633,2026-02-13,7.9,The platform has been reliable and support was helpful.
FB-0007862,CUST-102634,2026-04-04,5.2,I'm not sure we're getting enough value from the subscription.
FB-0007863,CUST-102634,2026-07-05,7.6,We aren't using the platform as much as before.
FB-0007864,CUST-102634,2026-03-03,6.3,We aren't using the platform as much as before.
FB-0007865,CUST-102635,2026-03-03,3.5,The service problems and billing issues make it difficult to justify continuing.
FB-0007866,CUST-102635,2026-03-23,3.8,The service problems and billing issues make it difficult to justify continuing.
FB-0007867,CUST-102636,2026-03-26,5.0,I don't understand the latest invoice.
FB-0007868,CUST-102636,2026-07-24,6.4,I don't understand the latest invoice.
FB-0007869,CUST-102637,2026-05-06,3.0,We are considering cancelling at renewal.
FB-0007870,CUST-102637,2026-04-30,2.0,We're evaluating alternatives and may move away from the platform.
FB-0007871,CUST-102638,2026-07-09,8.3,The platform has been reliable and support was helpful.
FB-0007872,CUST-102638,2026-05-05,9.2,The platform has been reliable and support was helpful.
FB-0007873,CUST-102638,2026-07-24,10.0,The platform has been reliable and support was helpful.
FB-0007874,CUST-102639,2026-03-03,5.7,I don't understand the latest invoice.
FB-0007875,CUST-102639,2026-07-16,6.4,I don't understand the latest invoice.
FB-0007876,CUST-102640,2026-04-30,8.4,Everything worked well and the issue was resolved quickly.
FB-0007877,CUST-102640,2026-06-15,9.6,The platform has been reliable and support was helpful.
FB-0007878,CUST-102641,2026-06-21,7.0,Everything worked well and the issue was resolved quickly.
FB-0007879,CUST-102641,2026-02-18,9.1,Everything worked well and the issue was resolved quickly.
FB-0007880,CUST-102641,2026-03-19,7.7,Everything worked well and the issue was resolved quickly.
FB-0007881,CUST-102642,2026-03-28,10.0,Everything worked well and the issue was resolved quickly.
FB-0007882,CUST-102642,2026-05-09,8.3,Everything worked well and the issue was resolved quickly.
FB-0007883,CUST-102642,2026-06-26,9.1,The platform has been reliable and support was helpful.
FB-0007884,CUST-102642,2026-05-26,9.9,The platform has been reliable and support was helpful.
FB-0007885,CUST-102643,2026-05-20,5.4,I don't understand the latest invoice.
FB-0007886,CUST-102643,2026-06-04,4.9,There appears to be an unexpected charge on my account.
FB-0007887,CUST-102644,2026-03-22,4.2,The service problems and billing issues make it difficult to justify continuing.
FB-0007888,CUST-102644,2026-05-16,4.7,We've had too many problems and are seriously considering alternatives.
FB-0007889,CUST-102644,2026-06-18,2.4,The service problems and billing issues make it difficult to justify continuing.
FB-0007890,CUST-102645,2026-04-16,8.7,Everything worked well and the issue was resolved quickly.
FB-0007891,CUST-102645,2026-03-06,8.9,The platform has been reliable and support was helpful.
FB-0007892,CUST-102645,2026-05-13,8.9,The platform has been reliable and support was helpful.
FB-0007893,CUST-102645,2026-04-06,7.5,The platform has been reliable and support was helpful.
FB-0007894,CUST-102646,2026-03-20,2.7,The recent product changes made our workflow harder.
FB-0007895,CUST-102646,2026-04-21,4.3,Several important features are not working as expected.
FB-0007896,CUST-102647,2026-07-18,3.9,I don't understand the latest invoice.
FB-0007897,CUST-102647,2026-07-21,5.8,I don't understand the latest invoice.
FB-0007898,CUST-102647,2026-06-07,4.5,There appears to be an unexpected charge on my account.
FB-0007899,CUST-102648,2026-03-03,3.1,We are considering cancelling at renewal.
FB-0007900,CUST-102648,2026-03-01,3.5,We're evaluating alternatives and may move away from the platform.
FB-0007901,CUST-102649,2026-04-26,10.0,Everything worked well and the issue was resolved quickly.
FB-0007902,CUST-102649,2026-06-26,8.5,The platform has been reliable and support was helpful.
FB-0007903,CUST-102650,2026-06-30,6.5,The platform has been reliable and support was helpful.
FB-0007904,CUST-102650,2026-02-09,8.2,The platform has been reliable and support was helpful.
FB-0007905,CUST-102651,2026-03-02,5.8,I've contacted support multiple times for the same issue.
FB-0007906,CUST-102651,2026-04-06,5.4,The problem is still unresolved and this is becoming frustrating.
FB-0007907,CUST-102651,2026-05-29,4.8,The problem is still unresolved and this is becoming frustrating.
FB-0007908,CUST-102652,2026-06-23,9.8,Everything worked well and the issue was resolved quickly.
FB-0007909,CUST-102652,2026-04-29,8.4,Everything worked well and the issue was resolved quickly.
FB-0007910,CUST-102653,2026-02-20,4.9,I'm not sure we're getting enough value from the subscription.
FB-0007911,CUST-102653,2026-03-10,7.4,We aren't using the platform as much as before.
FB-0007912,CUST-102654,2026-03-17,5.4,I don't understand the latest invoice.
FB-0007913,CUST-102654,2026-07-19,7.1,There appears to be an unexpected charge on my account.
FB-0007914,CUST-102654,2026-02-23,5.3,I don't understand the latest invoice.
FB-0007915,CUST-102654,2026-06-27,5.9,There appears to be an unexpected charge on my account.
FB-0007916,CUST-102655,2026-02-25,8.6,The platform has been reliable and support was helpful.
FB-0007917,CUST-102655,2026-03-21,7.7,Everything worked well and the issue was resolved quickly.
FB-0007918,CUST-102655,2026-05-26,6.9,Everything worked well and the issue was resolved quickly.
FB-0007919,CUST-102656,2026-05-22,8.1,Everything worked well and the issue was resolved quickly.
FB-0007920,CUST-102656,2026-06-08,8.6,Everything worked well and the issue was resolved quickly.
FB-0007921,CUST-102656,2026-07-03,9.3,Everything worked well and the issue was resolved quickly.
FB-0007922,CUST-102657,2026-07-12,3.7,I've contacted support multiple times for the same issue.
FB-0007923,CUST-102657,2026-03-15,4.9,The problem is still unresolved and this is becoming frustrating.
FB-0007924,CUST-102657,2026-04-12,5.9,I've contacted support multiple times for the same issue.
FB-0007925,CUST-102658,2026-05-16,4.6,We are considering cancelling at renewal.
FB-0007926,CUST-102658,2026-05-19,2.0,We are considering cancelling at renewal.
FB-0007927,CUST-102658,2026-05-14,4.9,We're evaluating alternatives and may move away from the platform.
FB-0007928,CUST-102659,2026-02-25,8.6,"The issue was annoying, but the team resolved it quickly."
FB-0007929,CUST-102659,2026-04-17,7.5,"The issue was annoying, but the team resolved it quickly."
FB-0007930,CUST-102659,2026-05-28,8.9,"I was frustrated by the new interface, but overall the product is valuable."
FB-0007931,CUST-102659,2026-03-17,9.5,"I was frustrated by the new interface, but overall the product is valuable."
FB-0007932,CUST-102660,2026-05-21,6.9,There appears to be an unexpected charge on my account.
FB-0007933,CUST-102660,2026-07-12,6.8,There appears to be an unexpected charge on my account.
FB-0007934,CUST-102660,2026-02-25,5.6,I don't understand the latest invoice.
FB-0007935,CUST-102661,2026-06-01,7.0,I don't understand the latest invoice.
FB-0007936,CUST-102661,2026-04-04,6.4,There appears to be an unexpected charge on my account.
FB-0007937,CUST-102661,2026-06-18,5.5,I don't understand the latest invoice.
FB-0007938,CUST-102661,2026-07-01,5.9,I don't understand the latest invoice.
FB-0007939,CUST-102662,2026-07-25,8.9,Everything worked well and the issue was resolved quickly.
FB-0007940,CUST-102662,2026-03-06,8.7,Everything worked well and the issue was resolved quickly.
FB-0007941,CUST-102662,2026-03-12,8.7,Everything worked well and the issue was resolved quickly.
FB-0007942,CUST-102662,2026-06-05,10.0,Everything worked well and the issue was resolved quickly.
FB-0007943,CUST-102663,2026-07-12,5.3,There appears to be an unexpected charge on my account.
FB-0007944,CUST-102663,2026-07-22,6.1,I don't understand the latest invoice.
FB-0007945,CUST-102663,2026-02-13,5.5,There appears to be an unexpected charge on my account.
FB-0007946,CUST-102664,2026-02-09,8.6,Everything worked well and the issue was resolved quickly.
FB-0007947,CUST-102664,2026-03-25,9.1,The platform has been reliable and support was helpful.
FB-0007948,CUST-102664,2026-06-10,8.9,Everything worked well and the issue was resolved quickly.
FB-0007949,CUST-102664,2026-07-19,8.0,The platform has been reliable and support was helpful.
FB-0007950,CUST-102665,2026-02-22,7.5,The platform has been reliable and support was helpful.
FB-0007951,CUST-102665,2026-04-07,7.2,Everything worked well and the issue was resolved quickly.
FB-0007952,CUST-102665,2026-07-06,7.4,Everything worked well and the issue was resolved quickly.
FB-0007953,CUST-102665,2026-07-26,7.3,Everything worked well and the issue was resolved quickly.
FB-0007954,CUST-102666,2026-03-14,8.4,The platform has been reliable and support was helpful.
FB-0007955,CUST-102666,2026-03-13,9.0,Everything worked well and the issue was resolved quickly.
FB-0007956,CUST-102666,2026-02-24,7.9,The platform has been reliable and support was helpful.
FB-0007957,CUST-102666,2026-06-15,8.9,The platform has been reliable and support was helpful.
FB-0007958,CUST-102667,2026-07-26,3.2,We've had too many problems and are seriously considering alternatives.
FB-0007959,CUST-102667,2026-03-28,3.7,The service problems and billing issues make it difficult to justify continuing.
FB-0007960,CUST-102667,2026-07-12,2.7,The service problems and billing issues make it difficult to justify continuing.
FB-0007961,CUST-102668,2026-05-08,2.7,The problem is still unresolved and this is becoming frustrating.
FB-0007962,CUST-102668,2026-03-17,3.5,The problem is still unresolved and this is becoming frustrating.
FB-0007963,CUST-102668,2026-06-23,3.7,I've contacted support multiple times for the same issue.
FB-0007964,CUST-102668,2026-03-10,5.1,I've contacted support multiple times for the same issue.
FB-0007965,CUST-102669,2026-03-05,3.1,We are considering cancelling at renewal.
FB-0007966,CUST-102669,2026-06-05,4.2,We are considering cancelling at renewal.
FB-0007967,CUST-102669,2026-03-30,3.3,We are considering cancelling at renewal.
FB-0007968,CUST-102669,2026-05-31,4.5,We are considering cancelling at renewal.
FB-0007969,CUST-102670,2026-05-21,8.5,The platform has been reliable and support was helpful.
FB-0007970,CUST-102670,2026-04-26,8.2,The platform has been reliable and support was helpful.
FB-0007971,CUST-102670,2026-05-14,9.0,Everything worked well and the issue was resolved quickly.
FB-0007972,CUST-102670,2026-03-05,7.0,Everything worked well and the issue was resolved quickly.
FB-0007973,CUST-102671,2026-03-30,4.7,The recent product changes made our workflow harder.
FB-0007974,CUST-102671,2026-05-28,5.1,Several important features are not working as expected.
FB-0007975,CUST-102671,2026-02-19,4.0,The recent product changes made our workflow harder.
FB-0007976,CUST-102671,2026-05-23,5.0,The recent product changes made our workflow harder.
FB-0007977,CUST-102672,2026-04-10,9.0,The platform has been reliable and support was helpful.
FB-0007978,CUST-102672,2026-04-19,8.5,The platform has been reliable and support was helpful.
FB-0007979,CUST-102673,2026-05-04,8.7,The platform has been reliable and support was helpful.
FB-0007980,CUST-102673,2026-03-06,7.6,The platform has been reliable and support was helpful.
FB-0007981,CUST-102674,2026-07-06,8.5,Everything worked well and the issue was resolved quickly.
FB-0007982,CUST-102674,2026-07-16,9.1,The platform has been reliable and support was helpful.
FB-0007983,CUST-102674,2026-04-23,9.9,Everything worked well and the issue was resolved quickly.
FB-0007984,CUST-102674,2026-04-05,7.4,The platform has been reliable and support was helpful.
FB-0007985,CUST-102675,2026-06-11,9.9,Everything worked well and the issue was resolved quickly.
FB-0007986,CUST-102675,2026-02-13,10.0,The platform has been reliable and support was helpful.
FB-0007987,CUST-102675,2026-07-13,9.5,The platform has been reliable and support was helpful.
FB-0007988,CUST-102675,2026-05-31,8.1,The platform has been reliable and support was helpful.
FB-0007989,CUST-102676,2026-03-22,3.6,The recent product changes made our workflow harder.
FB-0007990,CUST-102676,2026-02-23,5.0,Several important features are not working as expected.
FB-0007991,CUST-102676,2026-04-29,4.7,Several important features are not working as expected.
FB-0007992,CUST-102676,2026-06-30,4.5,The recent product changes made our workflow harder.
FB-0007993,CUST-102677,2026-05-12,6.3,We aren't using the platform as much as before.
FB-0007994,CUST-102677,2026-03-21,6.4,We aren't using the platform as much as before.
FB-0007995,CUST-102677,2026-03-09,5.4,We aren't using the platform as much as before.
FB-0007996,CUST-102678,2026-03-30,7.9,Everything worked well and the issue was resolved quickly.
FB-0007997,CUST-102678,2026-02-19,8.0,Everything worked well and the issue was resolved quickly.
FB-0007998,CUST-102679,2026-07-19,6.1,The problem is still unresolved and this is becoming frustrating.
FB-0007999,CUST-102679,2026-03-03,4.1,I've contacted support multiple times for the same issue.
FB-0008000,CUST-102679,2026-04-07,5.7,The problem is still unresolved and this is becoming frustrating.
FB-0008001,CUST-102680,2026-04-22,8.9,Everything worked well and the issue was resolved quickly.
FB-0008002,CUST-102680,2026-07-16,6.6,Everything worked well and the issue was resolved quickly.
FB-0008003,CUST-102680,2026-06-03,8.5,The platform has been reliable and support was helpful.
FB-0008004,CUST-102681,2026-02-22,3.2,The recent product changes made our workflow harder.
FB-0008005,CUST-102681,2026-07-22,4.2,Several important features are not working as expected.
FB-0008006,CUST-102682,2026-03-05,9.6,The platform has been reliable and support was helpful.
FB-0008007,CUST-102682,2026-02-24,9.7,Everything worked well and the issue was resolved quickly.
FB-0008008,CUST-102683,2026-07-06,9.1,Everything worked well and the issue was resolved quickly.
FB-0008009,CUST-102683,2026-06-25,8.8,Everything worked well and the issue was resolved quickly.
FB-0008010,CUST-102683,2026-05-01,9.0,Everything worked well and the issue was resolved quickly.
FB-0008011,CUST-102684,2026-03-03,3.3,We're evaluating alternatives and may move away from the platform.
FB-0008012,CUST-102684,2026-05-15,4.1,We're evaluating alternatives and may move away from the platform.
FB-0008013,CUST-102684,2026-03-29,5.4,We're evaluating alternatives and may move away from the platform.
FB-0008014,CUST-102685,2026-05-21,3.1,The service problems and billing issues make it difficult to justify continuing.
FB-0008015,CUST-102685,2026-04-14,3.0,We've had too many problems and are seriously considering alternatives.
FB-0008016,CUST-102685,2026-06-12,5.5,The service problems and billing issues make it difficult to justify continuing.
FB-0008017,CUST-102685,2026-02-05,3.6,We've had too many problems and are seriously considering alternatives.
FB-0008018,CUST-102686,2026-07-27,8.4,Everything worked well and the issue was resolved quickly.
FB-0008019,CUST-102686,2026-03-28,8.7,Everything worked well and the issue was resolved quickly.
FB-0008020,CUST-102686,2026-05-30,9.3,Everything worked well and the issue was resolved quickly.
FB-0008021,CUST-102686,2026-05-28,9.8,The platform has been reliable and support was helpful.
FB-0008022,CUST-102687,2026-07-18,7.9,Everything worked well and the issue was resolved quickly.
FB-0008023,CUST-102687,2026-04-03,6.1,The platform has been reliable and support was helpful.
FB-0008024,CUST-102688,2026-07-27,4.1,I don't understand the latest invoice.
FB-0008025,CUST-102688,2026-07-01,5.6,There appears to be an unexpected charge on my account.
FB-0008026,CUST-102689,2026-05-01,5.7,We aren't using the platform as much as before.
FB-0008027,CUST-102689,2026-06-08,5.8,I'm not sure we're getting enough value from the subscription.
FB-0008028,CUST-102689,2026-07-10,4.5,We aren't using the platform as much as before.
FB-0008029,CUST-102689,2026-05-04,5.4,We aren't using the platform as much as before.
FB-0008030,CUST-102690,2026-05-23,4.7,We've had too many problems and are seriously considering alternatives.
FB-0008031,CUST-102690,2026-06-12,3.1,We've had too many problems and are seriously considering alternatives.
FB-0008032,CUST-102690,2026-06-04,2.2,The service problems and billing issues make it difficult to justify continuing.
FB-0008033,CUST-102690,2026-02-13,2.7,The service problems and billing issues make it difficult to justify continuing.
FB-0008034,CUST-102691,2026-04-23,9.6,Everything worked well and the issue was resolved quickly.
FB-0008035,CUST-102691,2026-02-28,8.4,Everything worked well and the issue was resolved quickly.
FB-0008036,CUST-102692,2026-06-19,8.3,The platform has been reliable and support was helpful.
FB-0008037,CUST-102692,2026-03-30,7.7,The platform has been reliable and support was helpful.
FB-0008038,CUST-102692,2026-02-23,8.1,The platform has been reliable and support was helpful.
FB-0008039,CUST-102692,2026-03-10,8.3,The platform has been reliable and support was helpful.
FB-0008040,CUST-102693,2026-05-27,8.9,The platform has been reliable and support was helpful.
FB-0008041,CUST-102693,2026-05-17,9.9,The platform has been reliable and support was helpful.
FB-0008042,CUST-102694,2026-03-21,6.2,There appears to be an unexpected charge on my account.
FB-0008043,CUST-102694,2026-06-09,5.3,There appears to be an unexpected charge on my account.
FB-0008044,CUST-102694,2026-03-08,7.6,There appears to be an unexpected charge on my account.
FB-0008045,CUST-102695,2026-06-18,5.9,I don't understand the latest invoice.
FB-0008046,CUST-102695,2026-04-07,5.9,I don't understand the latest invoice.
FB-0008047,CUST-102695,2026-02-21,5.6,There appears to be an unexpected charge on my account.
FB-0008048,CUST-102695,2026-04-05,6.9,I don't understand the latest invoice.
FB-0008049,CUST-102696,2026-06-17,7.5,The platform has been reliable and support was helpful.
FB-0008050,CUST-102696,2026-05-16,9.2,The platform has been reliable and support was helpful.
FB-0008051,CUST-102697,2026-07-25,5.3,I'm not sure we're getting enough value from the subscription.
FB-0008052,CUST-102697,2026-06-13,6.1,I'm not sure we're getting enough value from the subscription.
FB-0008053,CUST-102697,2026-05-27,8.1,We aren't using the platform as much as before.
FB-0008054,CUST-102698,2026-05-30,3.3,We are considering cancelling at renewal.
FB-0008055,CUST-102698,2026-04-08,3.6,We are considering cancelling at renewal.
FB-0008056,CUST-102698,2026-06-07,4.1,We are considering cancelling at renewal.
FB-0008057,CUST-102699,2026-02-14,3.4,We are considering cancelling at renewal.
FB-0008058,CUST-102699,2026-07-17,3.9,We're evaluating alternatives and may move away from the platform.
FB-0008059,CUST-102699,2026-02-13,4.6,We're evaluating alternatives and may move away from the platform.
FB-0008060,CUST-102699,2026-05-26,4.2,We're evaluating alternatives and may move away from the platform.
FB-0008061,CUST-102700,2026-02-18,4.3,The problem is still unresolved and this is becoming frustrating.
FB-0008062,CUST-102700,2026-05-14,4.9,I've contacted support multiple times for the same issue.
FB-0008063,CUST-102701,2026-06-03,6.2,Everything worked well and the issue was resolved quickly.
FB-0008064,CUST-102701,2026-02-05,9.2,The platform has been reliable and support was helpful.
FB-0008065,CUST-102701,2026-04-01,8.9,The platform has been reliable and support was helpful.
FB-0008066,CUST-102701,2026-05-05,7.7,Everything worked well and the issue was resolved quickly.
FB-0008067,CUST-102702,2026-07-05,9.3,The platform has been reliable and support was helpful.
FB-0008068,CUST-102702,2026-06-07,7.7,The platform has been reliable and support was helpful.
FB-0008069,CUST-102703,2026-05-02,5.6,I've contacted support multiple times for the same issue.
FB-0008070,CUST-102703,2026-05-02,6.3,I've contacted support multiple times for the same issue.
FB-0008071,CUST-102703,2026-04-08,4.4,The problem is still unresolved and this is becoming frustrating.
FB-0008072,CUST-102704,2026-03-08,4.6,The problem is still unresolved and this is becoming frustrating.
FB-0008073,CUST-102704,2026-05-31,4.3,I've contacted support multiple times for the same issue.
FB-0008074,CUST-102705,2026-06-19,9.7,Everything worked well and the issue was resolved quickly.
FB-0008075,CUST-102705,2026-07-03,7.9,The platform has been reliable and support was helpful.
FB-0008076,CUST-102706,2026-03-06,4.3,The service problems and billing issues make it difficult to justify continuing.
FB-0008077,CUST-102706,2026-07-18,4.5,We've had too many problems and are seriously considering alternatives.
FB-0008078,CUST-102707,2026-03-04,5.2,Several important features are not working as expected.
FB-0008079,CUST-102707,2026-04-17,2.9,The recent product changes made our workflow harder.
FB-0008080,CUST-102708,2026-06-29,4.7,The problem is still unresolved and this is becoming frustrating.
FB-0008081,CUST-102708,2026-07-19,4.6,I've contacted support multiple times for the same issue.
FB-0008082,CUST-102709,2026-03-25,6.6,The recent product changes made our workflow harder.
FB-0008083,CUST-102709,2026-03-07,4.4,The recent product changes made our workflow harder.
FB-0008084,CUST-102709,2026-03-31,6.7,Several important features are not working as expected.
FB-0008085,CUST-102709,2026-06-20,3.4,Several important features are not working as expected.
FB-0008086,CUST-102710,2026-05-01,4.2,We are considering cancelling at renewal.
FB-0008087,CUST-102710,2026-07-08,1.9,We are considering cancelling at renewal.
FB-0008088,CUST-102710,2026-05-09,4.9,We are considering cancelling at renewal.
FB-0008089,CUST-102710,2026-04-06,3.9,We're evaluating alternatives and may move away from the platform.
FB-0008090,CUST-102711,2026-07-02,9.8,The platform has been reliable and support was helpful.
FB-0008091,CUST-102711,2026-04-24,10.0,Everything worked well and the issue was resolved quickly.
FB-0008092,CUST-102711,2026-06-13,8.0,Everything worked well and the issue was resolved quickly.
FB-0008093,CUST-102712,2026-06-22,4.3,Several important features are not working as expected.
FB-0008094,CUST-102712,2026-07-27,5.4,Several important features are not working as expected.
FB-0008095,CUST-102712,2026-02-28,4.4,Several important features are not working as expected.
FB-0008096,CUST-102713,2026-04-04,6.2,We aren't using the platform as much as before.
FB-0008097,CUST-102713,2026-06-05,6.4,We aren't using the platform as much as before.
FB-0008098,CUST-102713,2026-07-26,8.2,I'm not sure we're getting enough value from the subscription.
FB-0008099,CUST-102714,2026-04-18,8.4,The platform has been reliable and support was helpful.
FB-0008100,CUST-102714,2026-05-08,8.1,The platform has been reliable and support was helpful.
FB-0008101,CUST-102714,2026-03-20,7.9,The platform has been reliable and support was helpful.
FB-0008102,CUST-102714,2026-05-11,8.8,Everything worked well and the issue was resolved quickly.
FB-0008103,CUST-102715,2026-04-14,5.1,We are considering cancelling at renewal.
FB-0008104,CUST-102715,2026-04-20,4.6,We're evaluating alternatives and may move away from the platform.
FB-0008105,CUST-102715,2026-03-06,3.5,We're evaluating alternatives and may move away from the platform.
FB-0008106,CUST-102716,2026-07-18,7.0,The platform has been reliable and support was helpful.
FB-0008107,CUST-102716,2026-04-26,6.9,Everything worked well and the issue was resolved quickly.
FB-0008108,CUST-102716,2026-06-11,7.7,The platform has been reliable and support was helpful.
FB-0008109,CUST-102717,2026-07-27,7.0,I don't understand the latest invoice.
FB-0008110,CUST-102717,2026-03-13,5.0,I don't understand the latest invoice.
FB-0008111,CUST-102717,2026-07-19,5.9,There appears to be an unexpected charge on my account.
FB-0008112,CUST-102718,2026-07-02,5.9,Several important features are not working as expected.
FB-0008113,CUST-102718,2026-05-18,5.3,The recent product changes made our workflow harder.
FB-0008114,CUST-102719,2026-07-27,3.8,We're evaluating alternatives and may move away from the platform.
FB-0008115,CUST-102719,2026-07-15,5.4,We're evaluating alternatives and may move away from the platform.
FB-0008116,CUST-102719,2026-07-12,3.0,We're evaluating alternatives and may move away from the platform.
FB-0008117,CUST-102720,2026-05-01,1.8,The service problems and billing issues make it difficult to justify continuing.
FB-0008118,CUST-102720,2026-02-08,4.5,The service problems and billing issues make it difficult to justify continuing.
FB-0008119,CUST-102720,2026-04-28,4.5,We've had too many problems and are seriously considering alternatives.
FB-0008120,CUST-102721,2026-05-01,4.5,We've had too many problems and are seriously considering alternatives.
FB-0008121,CUST-102721,2026-04-25,2.7,The service problems and billing issues make it difficult to justify continuing.
FB-0008122,CUST-102721,2026-05-05,2.3,We've had too many problems and are seriously considering alternatives.
FB-0008123,CUST-102722,2026-02-03,8.3,Everything worked well and the issue was resolved quickly.
FB-0008124,CUST-102722,2026-04-16,7.8,The platform has been reliable and support was helpful.
FB-0008125,CUST-102723,2026-05-20,3.6,We are considering cancelling at renewal.
FB-0008126,CUST-102723,2026-04-15,2.1,We're evaluating alternatives and may move away from the platform.
FB-0008127,CUST-102723,2026-07-22,4.6,We're evaluating alternatives and may move away from the platform.
FB-0008128,CUST-102724,2026-03-18,4.7,The service problems and billing issues make it difficult to justify continuing.
FB-0008129,CUST-102724,2026-06-25,3.9,The service problems and billing issues make it difficult to justify continuing.
FB-0008130,CUST-102725,2026-03-24,8.9,Everything worked well and the issue was resolved quickly.
FB-0008131,CUST-102725,2026-03-15,7.3,The platform has been reliable and support was helpful.
FB-0008132,CUST-102726,2026-04-12,5.5,I've contacted support multiple times for the same issue.
FB-0008133,CUST-102726,2026-03-20,2.5,I've contacted support multiple times for the same issue.
FB-0008134,CUST-102726,2026-04-16,5.9,The problem is still unresolved and this is becoming frustrating.
FB-0008135,CUST-102726,2026-05-23,4.9,The problem is still unresolved and this is becoming frustrating.
FB-0008136,CUST-102727,2026-03-18,3.1,We're evaluating alternatives and may move away from the platform.
FB-0008137,CUST-102727,2026-04-09,2.7,We're evaluating alternatives and may move away from the platform.
FB-0008138,CUST-102728,2026-04-19,4.4,The problem is still unresolved and this is becoming frustrating.
FB-0008139,CUST-102728,2026-06-25,3.2,The problem is still unresolved and this is becoming frustrating.
FB-0008140,CUST-102729,2026-02-15,9.2,Everything worked well and the issue was resolved quickly.
FB-0008141,CUST-102729,2026-06-13,6.9,The platform has been reliable and support was helpful.
FB-0008142,CUST-102729,2026-05-25,10.0,Everything worked well and the issue was resolved quickly.
FB-0008143,CUST-102730,2026-07-12,6.1,I've contacted support multiple times for the same issue.
FB-0008144,CUST-102730,2026-05-18,5.6,I've contacted support multiple times for the same issue.
FB-0008145,CUST-102730,2026-02-24,4.3,I've contacted support multiple times for the same issue.
FB-0008146,CUST-102731,2026-07-04,3.3,Several important features are not working as expected.
FB-0008147,CUST-102731,2026-06-02,5.2,The recent product changes made our workflow harder.
FB-0008148,CUST-102731,2026-02-21,6.0,The recent product changes made our workflow harder.
FB-0008149,CUST-102731,2026-04-24,5.4,The recent product changes made our workflow harder.
FB-0008150,CUST-102732,2026-07-01,4.9,I don't understand the latest invoice.
FB-0008151,CUST-102732,2026-03-24,5.8,I don't understand the latest invoice.
FB-0008152,CUST-102732,2026-06-15,7.0,I don't understand the latest invoice.
FB-0008153,CUST-102733,2026-04-29,2.5,We've had too many problems and are seriously considering alternatives.
FB-0008154,CUST-102733,2026-07-09,2.8,The service problems and billing issues make it difficult to justify continuing.
FB-0008155,CUST-102734,2026-02-18,9.3,Everything worked well and the issue was resolved quickly.
FB-0008156,CUST-102734,2026-04-05,8.3,Everything worked well and the issue was resolved quickly.
FB-0008157,CUST-102735,2026-04-28,4.1,I've contacted support multiple times for the same issue.
FB-0008158,CUST-102735,2026-07-09,5.8,The problem is still unresolved and this is becoming frustrating.
FB-0008159,CUST-102735,2026-04-25,3.9,I've contacted support multiple times for the same issue.
FB-0008160,CUST-102736,2026-03-28,6.1,I don't understand the latest invoice.
FB-0008161,CUST-102736,2026-06-24,5.4,I don't understand the latest invoice.
FB-0008162,CUST-102737,2026-06-15,7.9,The platform has been reliable and support was helpful.
FB-0008163,CUST-102737,2026-04-02,8.4,Everything worked well and the issue was resolved quickly.
FB-0008164,CUST-102737,2026-04-08,8.5,Everything worked well and the issue was resolved quickly.
FB-0008165,CUST-102738,2026-06-24,5.9,The recent product changes made our workflow harder.
FB-0008166,CUST-102738,2026-04-20,6.2,The recent product changes made our workflow harder.
FB-0008167,CUST-102738,2026-04-26,5.1,The recent product changes made our workflow harder.
FB-0008168,CUST-102739,2026-06-13,7.7,"The issue was annoying, but the team resolved it quickly."
FB-0008169,CUST-102739,2026-04-18,9.0,"I was frustrated by the new interface, but overall the product is valuable."
FB-0008170,CUST-102740,2026-06-19,7.2,Everything worked well and the issue was resolved quickly.
FB-0008171,CUST-102740,2026-07-19,7.1,Everything worked well and the issue was resolved quickly.
FB-0008172,CUST-102740,2026-02-13,8.0,The platform has been reliable and support was helpful.
FB-0008173,CUST-102741,2026-04-09,6.3,We aren't using the platform as much as before.
FB-0008174,CUST-102741,2026-07-11,6.6,We aren't using the platform as much as before.
FB-0008175,CUST-102741,2026-07-02,5.7,We aren't using the platform as much as before.
FB-0008176,CUST-102742,2026-03-13,10.0,Everything worked well and the issue was resolved quickly.
FB-0008177,CUST-102742,2026-04-27,9.5,Everything worked well and the issue was resolved quickly.
FB-0008178,CUST-102743,2026-03-16,4.6,There appears to be an unexpected charge on my account.
FB-0008179,CUST-102743,2026-04-29,4.4,There appears to be an unexpected charge on my account.
FB-0008180,CUST-102743,2026-07-01,5.5,There appears to be an unexpected charge on my account.
FB-0008181,CUST-102744,2026-05-21,4.9,There appears to be an unexpected charge on my account.
FB-0008182,CUST-102744,2026-04-07,7.0,I don't understand the latest invoice.
FB-0008183,CUST-102744,2026-04-28,4.9,There appears to be an unexpected charge on my account.
FB-0008184,CUST-102744,2026-06-16,6.1,There appears to be an unexpected charge on my account.
FB-0008185,CUST-102745,2026-04-07,3.6,The recent product changes made our workflow harder.
FB-0008186,CUST-102745,2026-03-10,5.1,Several important features are not working as expected.
FB-0008187,CUST-102746,2026-02-23,2.2,We've had too many problems and are seriously considering alternatives.
FB-0008188,CUST-102746,2026-05-11,4.4,The service problems and billing issues make it difficult to justify continuing.
FB-0008189,CUST-102747,2026-07-08,6.5,I'm not sure we're getting enough value from the subscription.
FB-0008190,CUST-102747,2026-06-13,7.1,We aren't using the platform as much as before.
FB-0008191,CUST-102748,2026-04-18,8.2,Everything worked well and the issue was resolved quickly.
FB-0008192,CUST-102748,2026-04-29,9.1,Everything worked well and the issue was resolved quickly.
FB-0008193,CUST-102749,2026-04-16,4.1,Several important features are not working as expected.
FB-0008194,CUST-102749,2026-06-21,5.8,The recent product changes made our workflow harder.
FB-0008195,CUST-102750,2026-04-20,5.0,We are considering cancelling at renewal.
FB-0008196,CUST-102750,2026-02-14,4.0,We are considering cancelling at renewal.
FB-0008197,CUST-102750,2026-07-08,4.6,We are considering cancelling at renewal.
FB-0008198,CUST-102751,2026-04-02,3.9,The recent product changes made our workflow harder.
FB-0008199,CUST-102751,2026-04-30,5.6,Several important features are not working as expected.
FB-0008200,CUST-102751,2026-06-11,4.3,The recent product changes made our workflow harder.
FB-0008201,CUST-102752,2026-04-20,6.1,We aren't using the platform as much as before.
FB-0008202,CUST-102752,2026-02-21,5.9,I'm not sure we're getting enough value from the subscription.
FB-0008203,CUST-102752,2026-02-21,5.9,We aren't using the platform as much as before.
FB-0008204,CUST-102752,2026-03-25,7.5,I'm not sure we're getting enough value from the subscription.
FB-0008205,CUST-102753,2026-03-13,8.5,Everything worked well and the issue was resolved quickly.
FB-0008206,CUST-102753,2026-05-20,8.1,The platform has been reliable and support was helpful.
FB-0008207,CUST-102754,2026-03-07,5.3,I'm not sure we're getting enough value from the subscription.
FB-0008208,CUST-102754,2026-07-27,6.2,We aren't using the platform as much as before.
FB-0008209,CUST-102754,2026-05-15,6.9,I'm not sure we're getting enough value from the subscription.
FB-0008210,CUST-102754,2026-07-20,5.9,I'm not sure we're getting enough value from the subscription.
FB-0008211,CUST-102755,2026-02-24,10.0,Everything worked well and the issue was resolved quickly.
FB-0008212,CUST-102755,2026-04-04,9.6,The platform has been reliable and support was helpful.
FB-0008213,CUST-102755,2026-04-09,6.9,Everything worked well and the issue was resolved quickly.
FB-0008214,CUST-102756,2026-07-09,7.5,The platform has been reliable and support was helpful.
FB-0008215,CUST-102756,2026-04-26,7.5,Everything worked well and the issue was resolved quickly.
FB-0008216,CUST-102756,2026-03-28,9.2,The platform has been reliable and support was helpful.
FB-0008217,CUST-102756,2026-04-12,6.8,The platform has been reliable and support was helpful.
FB-0008218,CUST-102757,2026-03-25,6.6,I don't understand the latest invoice.
FB-0008219,CUST-102757,2026-03-03,6.0,There appears to be an unexpected charge on my account.
FB-0008220,CUST-102757,2026-02-19,5.5,There appears to be an unexpected charge on my account.
FB-0008221,CUST-102757,2026-05-22,3.9,There appears to be an unexpected charge on my account.
FB-0008222,CUST-102758,2026-04-18,4.9,There appears to be an unexpected charge on my account.
FB-0008223,CUST-102758,2026-07-03,4.7,There appears to be an unexpected charge on my account.
FB-0008224,CUST-102758,2026-06-21,4.8,I don't understand the latest invoice.
FB-0008225,CUST-102758,2026-02-05,7.9,There appears to be an unexpected charge on my account.
FB-0008226,CUST-102759,2026-04-10,3.1,The service problems and billing issues make it difficult to justify continuing.
FB-0008227,CUST-102759,2026-03-01,5.0,We've had too many problems and are seriously considering alternatives.
FB-0008228,CUST-102760,2026-04-15,6.8,The problem is still unresolved and this is becoming frustrating.
FB-0008229,CUST-102760,2026-07-05,4.9,I've contacted support multiple times for the same issue.
FB-0008230,CUST-102760,2026-03-08,6.7,I've contacted support multiple times for the same issue.
FB-0008231,CUST-102761,2026-02-21,8.7,The platform has been reliable and support was helpful.
FB-0008232,CUST-102761,2026-03-09,8.9,Everything worked well and the issue was resolved quickly.
FB-0008233,CUST-102762,2026-03-10,8.7,Everything worked well and the issue was resolved quickly.
FB-0008234,CUST-102762,2026-03-10,9.2,Everything worked well and the issue was resolved quickly.
FB-0008235,CUST-102763,2026-03-04,8.4,The platform has been reliable and support was helpful.
FB-0008236,CUST-102763,2026-05-16,9.9,The platform has been reliable and support was helpful.
FB-0008237,CUST-102763,2026-04-12,9.7,Everything worked well and the issue was resolved quickly.
FB-0008238,CUST-102764,2026-07-19,6.9,The platform has been reliable and support was helpful.
FB-0008239,CUST-102764,2026-04-02,8.8,Everything worked well and the issue was resolved quickly.
FB-0008240,CUST-102764,2026-06-18,9.0,Everything worked well and the issue was resolved quickly.
FB-0008241,CUST-102764,2026-05-13,8.9,Everything worked well and the issue was resolved quickly.
FB-0008242,CUST-102765,2026-04-21,3.8,We're evaluating alternatives and may move away from the platform.
FB-0008243,CUST-102765,2026-07-20,3.5,We are considering cancelling at renewal.
FB-0008244,CUST-102766,2026-03-19,7.6,The platform has been reliable and support was helpful.
FB-0008245,CUST-102766,2026-05-02,9.5,Everything worked well and the issue was resolved quickly.
FB-0008246,CUST-102766,2026-03-20,8.1,Everything worked well and the issue was resolved quickly.
FB-0008247,CUST-102767,2026-05-24,8.6,Everything worked well and the issue was resolved quickly.
FB-0008248,CUST-102767,2026-05-24,7.6,Everything worked well and the issue was resolved quickly.
FB-0008249,CUST-102767,2026-04-12,7.9,The platform has been reliable and support was helpful.
FB-0008250,CUST-102768,2026-04-06,4.0,We've had too many problems and are seriously considering alternatives.
FB-0008251,CUST-102768,2026-06-26,2.0,We've had too many problems and are seriously considering alternatives.
FB-0008252,CUST-102768,2026-05-04,2.4,The service problems and billing issues make it difficult to justify continuing.
FB-0008253,CUST-102769,2026-06-16,7.6,We aren't using the platform as much as before.
FB-0008254,CUST-102769,2026-07-19,8.0,I'm not sure we're getting enough value from the subscription.
FB-0008255,CUST-102769,2026-05-04,8.5,I'm not sure we're getting enough value from the subscription.
FB-0008256,CUST-102769,2026-05-05,4.3,We aren't using the platform as much as before.
FB-0008257,CUST-102770,2026-05-20,10.0,Everything worked well and the issue was resolved quickly.
FB-0008258,CUST-102770,2026-02-27,8.1,Everything worked well and the issue was resolved quickly.
FB-0008259,CUST-102771,2026-05-03,6.5,I don't understand the latest invoice.
FB-0008260,CUST-102771,2026-03-24,4.2,I don't understand the latest invoice.
FB-0008261,CUST-102772,2026-03-26,5.8,I'm not sure we're getting enough value from the subscription.
FB-0008262,CUST-102772,2026-07-02,7.2,We aren't using the platform as much as before.
FB-0008263,CUST-102772,2026-04-10,6.2,I'm not sure we're getting enough value from the subscription.
FB-0008264,CUST-102773,2026-06-09,6.0,There appears to be an unexpected charge on my account.
FB-0008265,CUST-102773,2026-06-18,5.5,I don't understand the latest invoice.
FB-0008266,CUST-102773,2026-02-18,4.7,There appears to be an unexpected charge on my account.
FB-0008267,CUST-102774,2026-05-31,5.1,I don't understand the latest invoice.
FB-0008268,CUST-102774,2026-06-20,5.7,I don't understand the latest invoice.
FB-0008269,CUST-102774,2026-04-09,6.7,There appears to be an unexpected charge on my account.
FB-0008270,CUST-102775,2026-06-08,7.1,The platform has been reliable and support was helpful.
FB-0008271,CUST-102775,2026-02-07,9.1,The platform has been reliable and support was helpful.
FB-0008272,CUST-102776,2026-02-09,8.2,Everything worked well and the issue was resolved quickly.
FB-0008273,CUST-102776,2026-07-11,9.6,Everything worked well and the issue was resolved quickly.
FB-0008274,CUST-102777,2026-07-20,7.3,We aren't using the platform as much as before.
FB-0008275,CUST-102777,2026-06-02,7.7,I'm not sure we're getting enough value from the subscription.
FB-0008276,CUST-102777,2026-05-17,7.8,I'm not sure we're getting enough value from the subscription.
FB-0008277,CUST-102778,2026-05-02,6.6,We aren't using the platform as much as before.
FB-0008278,CUST-102778,2026-04-26,5.5,I'm not sure we're getting enough value from the subscription.
FB-0008279,CUST-102778,2026-05-10,6.8,We aren't using the platform as much as before.
FB-0008280,CUST-102779,2026-03-31,6.1,The platform has been reliable and support was helpful.
FB-0008281,CUST-102779,2026-07-17,8.6,Everything worked well and the issue was resolved quickly.
FB-0008282,CUST-102780,2026-04-01,8.2,The platform has been reliable and support was helpful.
FB-0008283,CUST-102780,2026-05-13,7.3,The platform has been reliable and support was helpful.
FB-0008284,CUST-102780,2026-04-30,10.0,Everything worked well and the issue was resolved quickly.
FB-0008285,CUST-102781,2026-04-24,8.5,"The issue was annoying, but the team resolved it quickly."
FB-0008286,CUST-102781,2026-04-30,9.6,"I was frustrated by the new interface, but overall the product is valuable."
FB-0008287,CUST-102781,2026-07-08,8.3,"I was frustrated by the new interface, but overall the product is valuable."
FB-0008288,CUST-102781,2026-05-25,6.3,"I was frustrated by the new interface, but overall the product is valuable."
FB-0008289,CUST-102782,2026-07-21,5.3,I don't understand the latest invoice.
FB-0008290,CUST-102782,2026-06-22,4.6,There appears to be an unexpected charge on my account.
FB-0008291,CUST-102782,2026-04-24,5.6,There appears to be an unexpected charge on my account.
FB-0008292,CUST-102783,2026-07-18,6.2,The service problems and billing issues make it difficult to justify continuing.
FB-0008293,CUST-102783,2026-04-19,2.5,We've had too many problems and are seriously considering alternatives.
FB-0008294,CUST-102784,2026-06-09,8.6,I don't understand the latest invoice.
FB-0008295,CUST-102784,2026-03-14,4.4,I don't understand the latest invoice.
FB-0008296,CUST-102784,2026-06-30,5.2,I don't understand the latest invoice.
FB-0008297,CUST-102785,2026-04-11,5.4,The problem is still unresolved and this is becoming frustrating.
FB-0008298,CUST-102785,2026-06-26,5.3,The problem is still unresolved and this is becoming frustrating.
FB-0008299,CUST-102785,2026-02-20,3.8,I've contacted support multiple times for the same issue.
FB-0008300,CUST-102785,2026-07-18,4.8,I've contacted support multiple times for the same issue.
FB-0008301,CUST-102786,2026-03-16,10.0,Everything worked well and the issue was resolved quickly.
FB-0008302,CUST-102786,2026-07-24,8.0,The platform has been reliable and support was helpful.
FB-0008303,CUST-102786,2026-04-28,7.9,Everything worked well and the issue was resolved quickly.
FB-0008304,CUST-102786,2026-06-07,10.0,The platform has been reliable and support was helpful.
FB-0008305,CUST-102787,2026-02-08,6.9,We aren't using the platform as much as before.
FB-0008306,CUST-102787,2026-07-19,7.7,We aren't using the platform as much as before.
FB-0008307,CUST-102787,2026-06-01,5.0,I'm not sure we're getting enough value from the subscription.
FB-0008308,CUST-102788,2026-04-05,3.4,We are considering cancelling at renewal.
FB-0008309,CUST-102788,2026-04-29,3.9,We're evaluating alternatives and may move away from the platform.
FB-0008310,CUST-102788,2026-04-13,3.6,We're evaluating alternatives and may move away from the platform.
FB-0008311,CUST-102789,2026-04-09,8.7,The platform has been reliable and support was helpful.
FB-0008312,CUST-102789,2026-07-14,9.8,Everything worked well and the issue was resolved quickly.
FB-0008313,CUST-102790,2026-03-01,6.6,The recent product changes made our workflow harder.
FB-0008314,CUST-102790,2026-03-20,3.1,Several important features are not working as expected.
FB-0008315,CUST-102790,2026-03-28,5.8,Several important features are not working as expected.
FB-0008316,CUST-102791,2026-06-02,4.3,The problem is still unresolved and this is becoming frustrating.
FB-0008317,CUST-102791,2026-06-28,4.2,I've contacted support multiple times for the same issue.
FB-0008318,CUST-102791,2026-05-23,5.7,The problem is still unresolved and this is becoming frustrating.
FB-0008319,CUST-102792,2026-02-27,6.8,I'm not sure we're getting enough value from the subscription.
FB-0008320,CUST-102792,2026-04-24,8.1,I'm not sure we're getting enough value from the subscription.
FB-0008321,CUST-102792,2026-07-16,7.7,I'm not sure we're getting enough value from the subscription.
FB-0008322,CUST-102792,2026-07-02,6.4,I'm not sure we're getting enough value from the subscription.
FB-0008323,CUST-102793,2026-05-05,7.7,The platform has been reliable and support was helpful.
FB-0008324,CUST-102793,2026-06-30,8.3,Everything worked well and the issue was resolved quickly.
FB-0008325,CUST-102794,2026-07-17,5.1,Several important features are not working as expected.
FB-0008326,CUST-102794,2026-07-07,5.8,The recent product changes made our workflow harder.
FB-0008327,CUST-102794,2026-03-24,2.6,The recent product changes made our workflow harder.
FB-0008328,CUST-102795,2026-02-22,8.5,Everything worked well and the issue was resolved quickly.
FB-0008329,CUST-102795,2026-06-13,9.7,The platform has been reliable and support was helpful.
FB-0008330,CUST-102796,2026-02-23,7.4,We aren't using the platform as much as before.
FB-0008331,CUST-102796,2026-03-25,5.5,We aren't using the platform as much as before.
FB-0008332,CUST-102796,2026-06-19,5.2,I'm not sure we're getting enough value from the subscription.
FB-0008333,CUST-102797,2026-03-13,7.6,"The issue was annoying, but the team resolved it quickly."
FB-0008334,CUST-102797,2026-02-07,8.3,"The issue was annoying, but the team resolved it quickly."
FB-0008335,CUST-102797,2026-02-28,8.9,"I was frustrated by the new interface, but overall the product is valuable."
FB-0008336,CUST-102797,2026-04-20,6.4,"The issue was annoying, but the team resolved it quickly."
FB-0008337,CUST-102798,2026-04-27,7.5,Everything worked well and the issue was resolved quickly.
FB-0008338,CUST-102798,2026-07-14,8.9,The platform has been reliable and support was helpful.
FB-0008339,CUST-102798,2026-04-08,9.9,The platform has been reliable and support was helpful.
FB-0008340,CUST-102799,2026-03-02,6.5,I'm not sure we're getting enough value from the subscription.
FB-0008341,CUST-102799,2026-04-29,5.0,I'm not sure we're getting enough value from the subscription.
FB-0008342,CUST-102799,2026-04-25,5.9,I'm not sure we're getting enough value from the subscription.
FB-0008343,CUST-102800,2026-04-18,6.5,We aren't using the platform as much as before.
FB-0008344,CUST-102800,2026-06-11,7.1,We aren't using the platform as much as before.
FB-0008345,CUST-102800,2026-07-12,7.2,We aren't using the platform as much as before.
FB-0008346,CUST-102801,2026-06-23,9.8,The platform has been reliable and support was helpful.
FB-0008347,CUST-102801,2026-05-13,8.4,Everything worked well and the issue was resolved quickly.
FB-0008348,CUST-102802,2026-06-20,2.0,The service problems and billing issues make it difficult to justify continuing.
FB-0008349,CUST-102802,2026-03-19,2.0,The service problems and billing issues make it difficult to justify continuing.
FB-0008350,CUST-102802,2026-03-04,3.6,We've had too many problems and are seriously considering alternatives.
FB-0008351,CUST-102802,2026-03-15,2.5,The service problems and billing issues make it difficult to justify continuing.
FB-0008352,CUST-102803,2026-05-28,5.7,I'm not sure we're getting enough value from the subscription.
FB-0008353,CUST-102803,2026-06-20,7.1,I'm not sure we're getting enough value from the subscription.
FB-0008354,CUST-102803,2026-04-20,7.4,We aren't using the platform as much as before.
FB-0008355,CUST-102803,2026-04-24,7.1,We aren't using the platform as much as before.
FB-0008356,CUST-102804,2026-04-22,6.2,We aren't using the platform as much as before.
FB-0008357,CUST-102804,2026-04-16,6.6,I'm not sure we're getting enough value from the subscription.
FB-0008358,CUST-102805,2026-05-17,6.8,Everything worked well and the issue was resolved quickly.
FB-0008359,CUST-102805,2026-05-28,9.5,Everything worked well and the issue was resolved quickly.
FB-0008360,CUST-102805,2026-03-28,8.9,The platform has been reliable and support was helpful.
FB-0008361,CUST-102805,2026-04-24,7.4,The platform has been reliable and support was helpful.
FB-0008362,CUST-102806,2026-05-23,3.4,The service problems and billing issues make it difficult to justify continuing.
FB-0008363,CUST-102806,2026-03-23,3.6,We've had too many problems and are seriously considering alternatives.
FB-0008364,CUST-102806,2026-07-11,3.7,We've had too many problems and are seriously considering alternatives.
FB-0008365,CUST-102807,2026-05-04,6.9,Everything worked well and the issue was resolved quickly.
FB-0008366,CUST-102807,2026-02-26,8.2,The platform has been reliable and support was helpful.
FB-0008367,CUST-102807,2026-02-09,9.2,Everything worked well and the issue was resolved quickly.
FB-0008368,CUST-102807,2026-06-25,8.2,Everything worked well and the issue was resolved quickly.
FB-0008369,CUST-102808,2026-04-29,2.8,Several important features are not working as expected.
FB-0008370,CUST-102808,2026-07-22,5.8,Several important features are not working as expected.
FB-0008371,CUST-102808,2026-07-21,4.7,Several important features are not working as expected.
FB-0008372,CUST-102808,2026-05-05,6.2,Several important features are not working as expected.
FB-0008373,CUST-102809,2026-04-16,3.4,The service problems and billing issues make it difficult to justify continuing.
FB-0008374,CUST-102809,2026-07-05,3.3,We've had too many problems and are seriously considering alternatives.
FB-0008375,CUST-102809,2026-05-24,3.8,We've had too many problems and are seriously considering alternatives.
FB-0008376,CUST-102810,2026-02-21,4.3,There appears to be an unexpected charge on my account.
FB-0008377,CUST-102810,2026-03-03,5.9,There appears to be an unexpected charge on my account.
FB-0008378,CUST-102810,2026-07-23,4.8,There appears to be an unexpected charge on my account.
FB-0008379,CUST-102810,2026-06-05,5.7,I don't understand the latest invoice.
FB-0008380,CUST-102811,2026-06-04,6.2,I'm not sure we're getting enough value from the subscription.
FB-0008381,CUST-102811,2026-07-04,7.7,We aren't using the platform as much as before.
FB-0008382,CUST-102812,2026-07-27,7.2,The platform has been reliable and support was helpful.
FB-0008383,CUST-102812,2026-02-27,7.2,The platform has been reliable and support was helpful.
FB-0008384,CUST-102813,2026-03-28,4.5,The recent product changes made our workflow harder.
FB-0008385,CUST-102813,2026-03-21,3.4,Several important features are not working as expected.
FB-0008386,CUST-102813,2026-02-24,4.6,Several important features are not working as expected.
FB-0008387,CUST-102814,2026-04-19,6.0,I don't understand the latest invoice.
FB-0008388,CUST-102814,2026-06-26,4.8,There appears to be an unexpected charge on my account.
FB-0008389,CUST-102814,2026-04-16,6.4,I don't understand the latest invoice.
FB-0008390,CUST-102814,2026-04-19,7.4,I don't understand the latest invoice.
FB-0008391,CUST-102815,2026-03-29,9.8,"The issue was annoying, but the team resolved it quickly."
FB-0008392,CUST-102815,2026-07-24,7.3,"The issue was annoying, but the team resolved it quickly."
FB-0008393,CUST-102815,2026-02-20,7.9,"The issue was annoying, but the team resolved it quickly."
FB-0008394,CUST-102816,2026-03-07,5.4,The recent product changes made our workflow harder.
FB-0008395,CUST-102816,2026-02-17,7.1,Several important features are not working as expected.
FB-0008396,CUST-102817,2026-03-29,8.5,"The issue was annoying, but the team resolved it quickly."
FB-0008397,CUST-102817,2026-06-11,8.4,"The issue was annoying, but the team resolved it quickly."
FB-0008398,CUST-102817,2026-03-01,7.3,"The issue was annoying, but the team resolved it quickly."
FB-0008399,CUST-102818,2026-03-25,6.3,I'm not sure we're getting enough value from the subscription.
FB-0008400,CUST-102818,2026-03-01,6.4,We aren't using the platform as much as before.
FB-0008401,CUST-102818,2026-03-13,7.9,We aren't using the platform as much as before.
FB-0008402,CUST-102819,2026-02-17,8.4,The platform has been reliable and support was helpful.
FB-0008403,CUST-102819,2026-04-19,6.5,The platform has been reliable and support was helpful.
FB-0008404,CUST-102819,2026-06-15,7.2,Everything worked well and the issue was resolved quickly.
FB-0008405,CUST-102820,2026-04-25,6.8,We aren't using the platform as much as before.
FB-0008406,CUST-102820,2026-06-14,6.1,We aren't using the platform as much as before.
FB-0008407,CUST-102820,2026-07-15,7.5,We aren't using the platform as much as before.
FB-0008408,CUST-102820,2026-02-05,8.0,I'm not sure we're getting enough value from the subscription.
FB-0008409,CUST-102821,2026-06-07,8.1,We aren't using the platform as much as before.
FB-0008410,CUST-102821,2026-05-26,4.7,I'm not sure we're getting enough value from the subscription.
FB-0008411,CUST-102821,2026-07-24,6.0,I'm not sure we're getting enough value from the subscription.
FB-0008412,CUST-102822,2026-03-09,5.5,We aren't using the platform as much as before.
FB-0008413,CUST-102822,2026-05-02,6.5,We aren't using the platform as much as before.
FB-0008414,CUST-102822,2026-03-21,6.2,We aren't using the platform as much as before.
FB-0008415,CUST-102822,2026-05-07,5.9,I'm not sure we're getting enough value from the subscription.
FB-0008416,CUST-102823,2026-05-17,7.5,The platform has been reliable and support was helpful.
FB-0008417,CUST-102823,2026-07-20,8.3,The platform has been reliable and support was helpful.
FB-0008418,CUST-102824,2026-04-25,8.8,Everything worked well and the issue was resolved quickly.
FB-0008419,CUST-102824,2026-05-18,8.7,The platform has been reliable and support was helpful.
FB-0008420,CUST-102824,2026-02-03,6.7,Everything worked well and the issue was resolved quickly.
FB-0008421,CUST-102825,2026-02-20,10.0,The platform has been reliable and support was helpful.
FB-0008422,CUST-102825,2026-03-09,8.3,The platform has been reliable and support was helpful.
FB-0008423,CUST-102826,2026-04-17,9.4,The platform has been reliable and support was helpful.
FB-0008424,CUST-102826,2026-04-05,7.8,The platform has been reliable and support was helpful.
FB-0008425,CUST-102827,2026-03-20,4.5,We're evaluating alternatives and may move away from the platform.
FB-0008426,CUST-102827,2026-04-26,3.2,We're evaluating alternatives and may move away from the platform.
FB-0008427,CUST-102827,2026-05-02,5.5,We're evaluating alternatives and may move away from the platform.
FB-0008428,CUST-102827,2026-04-28,3.5,We are considering cancelling at renewal.
FB-0008429,CUST-102828,2026-05-06,9.2,Everything worked well and the issue was resolved quickly.
FB-0008430,CUST-102828,2026-07-10,6.3,The platform has been reliable and support was helpful.
FB-0008431,CUST-102829,2026-07-10,5.3,We aren't using the platform as much as before.
FB-0008432,CUST-102829,2026-04-24,6.2,I'm not sure we're getting enough value from the subscription.
FB-0008433,CUST-102829,2026-04-10,5.2,I'm not sure we're getting enough value from the subscription.
FB-0008434,CUST-102830,2026-06-25,7.8,The platform has been reliable and support was helpful.
FB-0008435,CUST-102830,2026-03-20,7.2,Everything worked well and the issue was resolved quickly.
FB-0008436,CUST-102830,2026-05-19,9.9,Everything worked well and the issue was resolved quickly.
FB-0008437,CUST-102830,2026-07-19,8.8,Everything worked well and the issue was resolved quickly.
FB-0008438,CUST-102831,2026-05-17,8.4,"The issue was annoying, but the team resolved it quickly."
FB-0008439,CUST-102831,2026-02-21,10.0,"I was frustrated by the new interface, but overall the product is valuable."
FB-0008440,CUST-102831,2026-07-20,7.0,"I was frustrated by the new interface, but overall the product is valuable."
FB-0008441,CUST-102831,2026-03-20,7.7,"The issue was annoying, but the team resolved it quickly."
FB-0008442,CUST-102832,2026-02-08,8.6,Everything worked well and the issue was resolved quickly.
FB-0008443,CUST-102832,2026-06-30,8.2,The platform has been reliable and support was helpful.
FB-0008444,CUST-102833,2026-07-15,4.9,The problem is still unresolved and this is becoming frustrating.
FB-0008445,CUST-102833,2026-02-22,3.7,I've contacted support multiple times for the same issue.
FB-0008446,CUST-102833,2026-05-30,4.8,The problem is still unresolved and this is becoming frustrating.
FB-0008447,CUST-102834,2026-06-11,7.4,Everything worked well and the issue was resolved quickly.
FB-0008448,CUST-102834,2026-04-14,8.0,The platform has been reliable and support was helpful.
FB-0008449,CUST-102835,2026-07-22,8.3,I'm not sure we're getting enough value from the subscription.
FB-0008450,CUST-102835,2026-03-01,5.4,I'm not sure we're getting enough value from the subscription.
FB-0008451,CUST-102835,2026-05-21,6.3,I'm not sure we're getting enough value from the subscription.
FB-0008452,CUST-102835,2026-02-27,6.9,I'm not sure we're getting enough value from the subscription.
FB-0008453,CUST-102836,2026-03-09,4.1,The problem is still unresolved and this is becoming frustrating.
FB-0008454,CUST-102836,2026-07-01,4.8,I've contacted support multiple times for the same issue.
FB-0008455,CUST-102836,2026-04-22,4.0,The problem is still unresolved and this is becoming frustrating.
FB-0008456,CUST-102836,2026-03-26,4.8,I've contacted support multiple times for the same issue.
FB-0008457,CUST-102837,2026-05-19,7.7,Everything worked well and the issue was resolved quickly.
FB-0008458,CUST-102837,2026-07-26,6.1,Everything worked well and the issue was resolved quickly.
FB-0008459,CUST-102837,2026-02-23,8.2,Everything worked well and the issue was resolved quickly.
FB-0008460,CUST-102837,2026-05-18,8.2,Everything worked well and the issue was resolved quickly.
FB-0008461,CUST-102838,2026-04-10,5.6,I've contacted support multiple times for the same issue.
FB-0008462,CUST-102838,2026-02-07,6.2,The problem is still unresolved and this is becoming frustrating.
FB-0008463,CUST-102838,2026-03-10,4.4,The problem is still unresolved and this is becoming frustrating.
FB-0008464,CUST-102839,2026-07-04,6.7,We aren't using the platform as much as before.
FB-0008465,CUST-102839,2026-02-05,8.7,I'm not sure we're getting enough value from the subscription.
FB-0008466,CUST-102840,2026-03-09,5.0,I don't understand the latest invoice.
FB-0008467,CUST-102840,2026-02-21,4.0,There appears to be an unexpected charge on my account.
FB-0008468,CUST-102840,2026-06-12,5.1,There appears to be an unexpected charge on my account.
FB-0008469,CUST-102840,2026-07-09,3.0,I don't understand the latest invoice.
FB-0008470,CUST-102841,2026-07-14,6.8,Everything worked well and the issue was resolved quickly.
FB-0008471,CUST-102841,2026-04-18,6.5,The platform has been reliable and support was helpful.
FB-0008472,CUST-102841,2026-02-22,7.8,Everything worked well and the issue was resolved quickly.
FB-0008473,CUST-102841,2026-05-21,9.2,The platform has been reliable and support was helpful.
FB-0008474,CUST-102842,2026-03-03,7.0,I'm not sure we're getting enough value from the subscription.
FB-0008475,CUST-102842,2026-05-31,7.4,We aren't using the platform as much as before.
FB-0008476,CUST-102843,2026-07-14,3.3,The service problems and billing issues make it difficult to justify continuing.
FB-0008477,CUST-102843,2026-05-01,3.8,The service problems and billing issues make it difficult to justify continuing.
FB-0008478,CUST-102843,2026-04-11,5.1,The service problems and billing issues make it difficult to justify continuing.
FB-0008479,CUST-102843,2026-04-01,3.9,The service problems and billing issues make it difficult to justify continuing.
FB-0008480,CUST-102844,2026-03-28,2.9,The service problems and billing issues make it difficult to justify continuing.
FB-0008481,CUST-102844,2026-05-24,3.8,We've had too many problems and are seriously considering alternatives.
FB-0008482,CUST-102844,2026-02-22,4.7,We've had too many problems and are seriously considering alternatives.
FB-0008483,CUST-102845,2026-04-26,6.6,Several important features are not working as expected.
FB-0008484,CUST-102845,2026-07-16,6.7,The recent product changes made our workflow harder.
FB-0008485,CUST-102845,2026-07-12,3.8,The recent product changes made our workflow harder.
FB-0008486,CUST-102845,2026-06-04,5.9,The recent product changes made our workflow harder.
FB-0008487,CUST-102846,2026-03-20,9.4,The platform has been reliable and support was helpful.
FB-0008488,CUST-102846,2026-02-14,8.5,The platform has been reliable and support was helpful.
FB-0008489,CUST-102846,2026-07-05,9.5,Everything worked well and the issue was resolved quickly.
FB-0008490,CUST-102847,2026-06-25,4.7,I don't understand the latest invoice.
FB-0008491,CUST-102847,2026-02-09,6.8,There appears to be an unexpected charge on my account.
FB-0008492,CUST-102847,2026-06-25,5.2,I don't understand the latest invoice.
FB-0008493,CUST-102848,2026-04-02,3.8,The problem is still unresolved and this is becoming frustrating.
FB-0008494,CUST-102848,2026-03-10,4.5,The problem is still unresolved and this is becoming frustrating.
FB-0008495,CUST-102848,2026-04-09,7.1,I've contacted support multiple times for the same issue.
FB-0008496,CUST-102849,2026-02-03,8.9,Everything worked well and the issue was resolved quickly.
FB-0008497,CUST-102849,2026-06-26,7.3,Everything worked well and the issue was resolved quickly.
FB-0008498,CUST-102850,2026-02-07,5.5,There appears to be an unexpected charge on my account.
FB-0008499,CUST-102850,2026-05-04,5.5,There appears to be an unexpected charge on my account.
FB-0008500,CUST-102850,2026-07-15,6.0,There appears to be an unexpected charge on my account.
FB-0008501,CUST-102850,2026-06-08,5.3,I don't understand the latest invoice.
FB-0008502,CUST-102851,2026-03-15,8.6,Everything worked well and the issue was resolved quickly.
FB-0008503,CUST-102851,2026-03-29,9.9,The platform has been reliable and support was helpful.
FB-0008504,CUST-102851,2026-05-02,8.6,The platform has been reliable and support was helpful.
FB-0008505,CUST-102852,2026-07-02,7.2,The platform has been reliable and support was helpful.
FB-0008506,CUST-102852,2026-05-07,8.1,Everything worked well and the issue was resolved quickly.
FB-0008507,CUST-102853,2026-07-23,7.7,The platform has been reliable and support was helpful.
FB-0008508,CUST-102853,2026-04-20,7.1,The platform has been reliable and support was helpful.
FB-0008509,CUST-102853,2026-07-06,8.5,The platform has been reliable and support was helpful.
FB-0008510,CUST-102854,2026-04-09,2.9,We're evaluating alternatives and may move away from the platform.
FB-0008511,CUST-102854,2026-02-04,4.4,We're evaluating alternatives and may move away from the platform.
FB-0008512,CUST-102854,2026-02-13,5.4,We are considering cancelling at renewal.
FB-0008513,CUST-102855,2026-07-21,7.7,Everything worked well and the issue was resolved quickly.
FB-0008514,CUST-102855,2026-04-29,9.5,The platform has been reliable and support was helpful.
FB-0008515,CUST-102856,2026-05-05,8.0,Everything worked well and the issue was resolved quickly.
FB-0008516,CUST-102856,2026-06-08,9.2,The platform has been reliable and support was helpful.
FB-0008517,CUST-102856,2026-06-26,8.8,The platform has been reliable and support was helpful.
FB-0008518,CUST-102856,2026-03-17,8.2,Everything worked well and the issue was resolved quickly.
FB-0008519,CUST-102857,2026-07-09,3.5,The service problems and billing issues make it difficult to justify continuing.
FB-0008520,CUST-102857,2026-05-09,3.2,We've had too many problems and are seriously considering alternatives.
FB-0008521,CUST-102858,2026-02-04,6.2,I'm not sure we're getting enough value from the subscription.
FB-0008522,CUST-102858,2026-05-13,7.5,We aren't using the platform as much as before.
FB-0008523,CUST-102858,2026-05-02,7.2,I'm not sure we're getting enough value from the subscription.
FB-0008524,CUST-102859,2026-05-29,3.0,We're evaluating alternatives and may move away from the platform.
FB-0008525,CUST-102859,2026-06-03,4.3,We're evaluating alternatives and may move away from the platform.
FB-0008526,CUST-102859,2026-06-16,3.5,We are considering cancelling at renewal.
FB-0008527,CUST-102859,2026-05-07,4.2,We are considering cancelling at renewal.
FB-0008528,CUST-102860,2026-04-08,8.9,Everything worked well and the issue was resolved quickly.
FB-0008529,CUST-102860,2026-03-16,7.9,Everything worked well and the issue was resolved quickly.
FB-0008530,CUST-102860,2026-05-07,7.8,Everything worked well and the issue was resolved quickly.
FB-0008531,CUST-102861,2026-04-10,9.5,Everything worked well and the issue was resolved quickly.
FB-0008532,CUST-102861,2026-04-21,8.3,Everything worked well and the issue was resolved quickly.
FB-0008533,CUST-102862,2026-02-28,5.4,There appears to be an unexpected charge on my account.
FB-0008534,CUST-102862,2026-07-22,5.6,I don't understand the latest invoice.
FB-0008535,CUST-102862,2026-04-14,5.2,There appears to be an unexpected charge on my account.
FB-0008536,CUST-102862,2026-06-15,6.3,There appears to be an unexpected charge on my account.
FB-0008537,CUST-102863,2026-05-17,7.0,Everything worked well and the issue was resolved quickly.
FB-0008538,CUST-102863,2026-02-15,7.0,The platform has been reliable and support was helpful.
FB-0008539,CUST-102863,2026-05-05,9.5,Everything worked well and the issue was resolved quickly.
FB-0008540,CUST-102864,2026-02-04,9.4,Everything worked well and the issue was resolved quickly.
FB-0008541,CUST-102864,2026-04-04,7.3,The platform has been reliable and support was helpful.
FB-0008542,CUST-102865,2026-03-15,8.2,Everything worked well and the issue was resolved quickly.
FB-0008543,CUST-102865,2026-02-19,10.0,Everything worked well and the issue was resolved quickly.
FB-0008544,CUST-102865,2026-04-19,9.0,The platform has been reliable and support was helpful.
FB-0008545,CUST-102865,2026-05-22,8.1,Everything worked well and the issue was resolved quickly.
FB-0008546,CUST-102866,2026-07-23,4.4,We aren't using the platform as much as before.
FB-0008547,CUST-102866,2026-07-04,7.1,We aren't using the platform as much as before.
FB-0008548,CUST-102867,2026-03-08,10.0,Everything worked well and the issue was resolved quickly.
FB-0008549,CUST-102867,2026-06-22,9.9,Everything worked well and the issue was resolved quickly.
FB-0008550,CUST-102868,2026-02-22,10.0,Everything worked well and the issue was resolved quickly.
FB-0008551,CUST-102868,2026-03-23,10.0,The platform has been reliable and support was helpful.
FB-0008552,CUST-102869,2026-07-04,6.3,I've contacted support multiple times for the same issue.
FB-0008553,CUST-102869,2026-05-01,5.5,I've contacted support multiple times for the same issue.
FB-0008554,CUST-102869,2026-06-10,6.9,I've contacted support multiple times for the same issue.
FB-0008555,CUST-102869,2026-03-24,4.4,I've contacted support multiple times for the same issue.
FB-0008556,CUST-102870,2026-04-30,3.4,The problem is still unresolved and this is becoming frustrating.
FB-0008557,CUST-102870,2026-02-10,5.6,The problem is still unresolved and this is becoming frustrating.
FB-0008558,CUST-102871,2026-03-26,8.2,The platform has been reliable and support was helpful.
FB-0008559,CUST-102871,2026-07-18,8.5,The platform has been reliable and support was helpful.
FB-0008560,CUST-102872,2026-07-13,6.8,"The issue was annoying, but the team resolved it quickly."
FB-0008561,CUST-102872,2026-02-25,7.7,"I was frustrated by the new interface, but overall the product is valuable."
FB-0008562,CUST-102873,2026-03-04,9.2,The platform has been reliable and support was helpful.
FB-0008563,CUST-102873,2026-03-23,9.5,The platform has been reliable and support was helpful.
FB-0008564,CUST-102873,2026-02-14,8.9,Everything worked well and the issue was resolved quickly.
FB-0008565,CUST-102874,2026-05-10,4.6,There appears to be an unexpected charge on my account.
FB-0008566,CUST-102874,2026-02-10,5.5,There appears to be an unexpected charge on my account.
FB-0008567,CUST-102874,2026-07-13,4.4,There appears to be an unexpected charge on my account.
FB-0008568,CUST-102875,2026-02-09,3.5,We're evaluating alternatives and may move away from the platform.
FB-0008569,CUST-102875,2026-05-23,3.8,We're evaluating alternatives and may move away from the platform.
FB-0008570,CUST-102875,2026-06-05,4.3,We're evaluating alternatives and may move away from the platform.
FB-0008571,CUST-102876,2026-02-16,9.2,The platform has been reliable and support was helpful.
FB-0008572,CUST-102876,2026-04-23,8.6,The platform has been reliable and support was helpful.
FB-0008573,CUST-102877,2026-03-08,10.0,The platform has been reliable and support was helpful.
FB-0008574,CUST-102877,2026-07-02,9.8,Everything worked well and the issue was resolved quickly.
FB-0008575,CUST-102878,2026-02-07,3.8,Several important features are not working as expected.
FB-0008576,CUST-102878,2026-07-11,4.0,Several important features are not working as expected.
FB-0008577,CUST-102879,2026-05-06,10.0,Everything worked well and the issue was resolved quickly.
FB-0008578,CUST-102879,2026-04-11,6.5,Everything worked well and the issue was resolved quickly.
FB-0008579,CUST-102879,2026-04-30,8.0,Everything worked well and the issue was resolved quickly.
FB-0008580,CUST-102879,2026-02-28,8.5,The platform has been reliable and support was helpful.
FB-0008581,CUST-102880,2026-06-18,7.8,I'm not sure we're getting enough value from the subscription.
FB-0008582,CUST-102880,2026-06-03,8.1,We aren't using the platform as much as before.
FB-0008583,CUST-102880,2026-03-19,7.1,I'm not sure we're getting enough value from the subscription.
FB-0008584,CUST-102880,2026-03-04,8.3,I'm not sure we're getting enough value from the subscription.
FB-0008585,CUST-102881,2026-02-12,9.5,Everything worked well and the issue was resolved quickly.
FB-0008586,CUST-102881,2026-05-12,8.5,The platform has been reliable and support was helpful.
FB-0008587,CUST-102881,2026-07-13,7.9,Everything worked well and the issue was resolved quickly.
FB-0008588,CUST-102882,2026-03-27,8.1,We aren't using the platform as much as before.
FB-0008589,CUST-102882,2026-03-20,7.6,We aren't using the platform as much as before.
FB-0008590,CUST-102882,2026-03-05,5.8,I'm not sure we're getting enough value from the subscription.
FB-0008591,CUST-102883,2026-04-10,9.2,Everything worked well and the issue was resolved quickly.
FB-0008592,CUST-102883,2026-03-12,9.8,The platform has been reliable and support was helpful.
FB-0008593,CUST-102883,2026-07-21,8.4,Everything worked well and the issue was resolved quickly.
FB-0008594,CUST-102884,2026-07-04,9.6,Everything worked well and the issue was resolved quickly.
FB-0008595,CUST-102884,2026-02-06,9.5,Everything worked well and the issue was resolved quickly.
FB-0008596,CUST-102884,2026-03-22,8.4,The platform has been reliable and support was helpful.
FB-0008597,CUST-102884,2026-05-03,9.3,The platform has been reliable and support was helpful.
FB-0008598,CUST-102885,2026-05-18,2.9,The service problems and billing issues make it difficult to justify continuing.
FB-0008599,CUST-102885,2026-02-22,3.3,We've had too many problems and are seriously considering alternatives.
FB-0008600,CUST-102885,2026-05-25,5.1,We've had too many problems and are seriously considering alternatives.
FB-0008601,CUST-102885,2026-05-23,3.1,We've had too many problems and are seriously considering alternatives.
FB-0008602,CUST-102886,2026-06-25,7.2,We aren't using the platform as much as before.
FB-0008603,CUST-102886,2026-05-13,5.9,I'm not sure we're getting enough value from the subscription.
FB-0008604,CUST-102887,2026-05-07,8.6,"The issue was annoying, but the team resolved it quickly."
FB-0008605,CUST-102887,2026-02-23,6.5,"The issue was annoying, but the team resolved it quickly."
FB-0008606,CUST-102888,2026-06-24,6.6,There appears to be an unexpected charge on my account.
FB-0008607,CUST-102888,2026-07-18,6.3,I don't understand the latest invoice.
FB-0008608,CUST-102888,2026-03-09,5.0,There appears to be an unexpected charge on my account.
FB-0008609,CUST-102889,2026-02-28,6.3,I don't understand the latest invoice.
FB-0008610,CUST-102889,2026-03-20,7.3,I don't understand the latest invoice.
FB-0008611,CUST-102889,2026-07-14,4.9,There appears to be an unexpected charge on my account.
FB-0008612,CUST-102889,2026-06-19,4.6,I don't understand the latest invoice.
FB-0008613,CUST-102890,2026-06-15,5.6,The problem is still unresolved and this is becoming frustrating.
FB-0008614,CUST-102890,2026-02-17,4.4,I've contacted support multiple times for the same issue.
FB-0008615,CUST-102890,2026-03-06,6.0,The problem is still unresolved and this is becoming frustrating.
FB-0008616,CUST-102891,2026-07-14,4.8,The problem is still unresolved and this is becoming frustrating.
FB-0008617,CUST-102891,2026-05-29,5.2,The problem is still unresolved and this is becoming frustrating.
FB-0008618,CUST-102892,2026-04-05,7.3,Everything worked well and the issue was resolved quickly.
FB-0008619,CUST-102892,2026-02-10,8.0,The platform has been reliable and support was helpful.
FB-0008620,CUST-102893,2026-07-06,2.9,We are considering cancelling at renewal.
FB-0008621,CUST-102893,2026-05-04,4.4,We're evaluating alternatives and may move away from the platform.
FB-0008622,CUST-102893,2026-07-17,3.8,We are considering cancelling at renewal.
FB-0008623,CUST-102894,2026-07-22,7.3,The platform has been reliable and support was helpful.
FB-0008624,CUST-102894,2026-04-15,9.0,Everything worked well and the issue was resolved quickly.
FB-0008625,CUST-102894,2026-06-25,8.1,The platform has been reliable and support was helpful.
FB-0008626,CUST-102895,2026-06-02,7.5,The platform has been reliable and support was helpful.
FB-0008627,CUST-102895,2026-05-23,9.0,Everything worked well and the issue was resolved quickly.
FB-0008628,CUST-102895,2026-02-12,8.1,Everything worked well and the issue was resolved quickly.
FB-0008629,CUST-102896,2026-06-20,9.5,Everything worked well and the issue was resolved quickly.
FB-0008630,CUST-102896,2026-07-14,9.1,The platform has been reliable and support was helpful.
FB-0008631,CUST-102897,2026-03-02,9.2,"I was frustrated by the new interface, but overall the product is valuable."
FB-0008632,CUST-102897,2026-06-18,8.4,"I was frustrated by the new interface, but overall the product is valuable."
FB-0008633,CUST-102897,2026-05-18,7.8,"The issue was annoying, but the team resolved it quickly."
FB-0008634,CUST-102898,2026-02-26,8.7,Everything worked well and the issue was resolved quickly.
FB-0008635,CUST-102898,2026-05-14,8.7,The platform has been reliable and support was helpful.
FB-0008636,CUST-102898,2026-05-11,8.0,Everything worked well and the issue was resolved quickly.
FB-0008637,CUST-102898,2026-06-22,7.5,The platform has been reliable and support was helpful.
FB-0008638,CUST-102899,2026-02-28,7.4,Everything worked well and the issue was resolved quickly.
FB-0008639,CUST-102899,2026-06-07,9.4,Everything worked well and the issue was resolved quickly.
FB-0008640,CUST-102900,2026-06-12,9.9,The platform has been reliable and support was helpful.
FB-0008641,CUST-102900,2026-03-08,9.8,Everything worked well and the issue was resolved quickly.
FB-0008642,CUST-102901,2026-04-13,4.4,There appears to be an unexpected charge on my account.
FB-0008643,CUST-102901,2026-03-05,5.1,I don't understand the latest invoice.
FB-0008644,CUST-102902,2026-03-21,4.6,We are considering cancelling at renewal.
FB-0008645,CUST-102902,2026-04-24,3.5,We're evaluating alternatives and may move away from the platform.
FB-0008646,CUST-102902,2026-07-03,2.7,We are considering cancelling at renewal.
FB-0008647,CUST-102903,2026-05-21,7.8,The platform has been reliable and support was helpful.
FB-0008648,CUST-102903,2026-07-25,9.6,Everything worked well and the issue was resolved quickly.
FB-0008649,CUST-102903,2026-05-06,10.0,Everything worked well and the issue was resolved quickly.
FB-0008650,CUST-102903,2026-06-08,8.7,The platform has been reliable and support was helpful.
FB-0008651,CUST-102904,2026-03-24,7.0,"I was frustrated by the new interface, but overall the product is valuable."
FB-0008652,CUST-102904,2026-06-15,8.8,"I was frustrated by the new interface, but overall the product is valuable."
FB-0008653,CUST-102904,2026-03-30,7.0,"The issue was annoying, but the team resolved it quickly."
FB-0008654,CUST-102905,2026-06-11,10.0,The platform has been reliable and support was helpful.
FB-0008655,CUST-102905,2026-04-17,8.6,Everything worked well and the issue was resolved quickly.
FB-0008656,CUST-102906,2026-07-04,4.4,The service problems and billing issues make it difficult to justify continuing.
FB-0008657,CUST-102906,2026-03-12,4.1,The service problems and billing issues make it difficult to justify continuing.
FB-0008658,CUST-102907,2026-02-26,5.0,I'm not sure we're getting enough value from the subscription.
FB-0008659,CUST-102907,2026-05-31,6.3,I'm not sure we're getting enough value from the subscription.
FB-0008660,CUST-102908,2026-03-04,4.8,I've contacted support multiple times for the same issue.
FB-0008661,CUST-102908,2026-02-17,5.9,I've contacted support multiple times for the same issue.
FB-0008662,CUST-102908,2026-03-27,4.7,The problem is still unresolved and this is becoming frustrating.
FB-0008663,CUST-102909,2026-02-17,6.9,The platform has been reliable and support was helpful.
FB-0008664,CUST-102909,2026-04-16,9.1,The platform has been reliable and support was helpful.
FB-0008665,CUST-102910,2026-05-13,6.8,There appears to be an unexpected charge on my account.
FB-0008666,CUST-102910,2026-07-14,7.1,I don't understand the latest invoice.
FB-0008667,CUST-102910,2026-03-21,4.7,I don't understand the latest invoice.
FB-0008668,CUST-102910,2026-04-03,4.8,There appears to be an unexpected charge on my account.
FB-0008669,CUST-102911,2026-02-17,5.3,There appears to be an unexpected charge on my account.
FB-0008670,CUST-102911,2026-06-07,5.7,There appears to be an unexpected charge on my account.
FB-0008671,CUST-102911,2026-02-07,6.8,I don't understand the latest invoice.
FB-0008672,CUST-102912,2026-03-05,8.5,Everything worked well and the issue was resolved quickly.
FB-0008673,CUST-102912,2026-04-14,8.1,The platform has been reliable and support was helpful.
FB-0008674,CUST-102913,2026-02-09,8.3,The platform has been reliable and support was helpful.
FB-0008675,CUST-102913,2026-07-15,7.8,The platform has been reliable and support was helpful.
FB-0008676,CUST-102913,2026-03-13,8.0,The platform has been reliable and support was helpful.
FB-0008677,CUST-102913,2026-06-01,8.9,The platform has been reliable and support was helpful.
FB-0008678,CUST-102914,2026-02-10,4.4,I've contacted support multiple times for the same issue.
FB-0008679,CUST-102914,2026-04-21,4.6,I've contacted support multiple times for the same issue.
FB-0008680,CUST-102914,2026-02-17,5.5,The problem is still unresolved and this is becoming frustrating.
FB-0008681,CUST-102915,2026-02-04,3.8,The problem is still unresolved and this is becoming frustrating.
FB-0008682,CUST-102915,2026-03-31,4.8,The problem is still unresolved and this is becoming frustrating.
FB-0008683,CUST-102916,2026-04-13,10.0,Everything worked well and the issue was resolved quickly.
FB-0008684,CUST-102916,2026-06-07,8.9,The platform has been reliable and support was helpful.
FB-0008685,CUST-102916,2026-05-09,8.1,The platform has been reliable and support was helpful.
FB-0008686,CUST-102917,2026-05-28,9.4,The platform has been reliable and support was helpful.
FB-0008687,CUST-102917,2026-04-20,7.4,The platform has been reliable and support was helpful.
FB-0008688,CUST-102918,2026-03-24,2.9,The service problems and billing issues make it difficult to justify continuing.
FB-0008689,CUST-102918,2026-07-06,2.3,The service problems and billing issues make it difficult to justify continuing.
FB-0008690,CUST-102918,2026-04-18,2.7,The service problems and billing issues make it difficult to justify continuing.
FB-0008691,CUST-102919,2026-04-01,4.7,The problem is still unresolved and this is becoming frustrating.
FB-0008692,CUST-102919,2026-04-11,5.3,I've contacted support multiple times for the same issue.
FB-0008693,CUST-102919,2026-04-08,4.9,I've contacted support multiple times for the same issue.
FB-0008694,CUST-102920,2026-04-13,6.8,We aren't using the platform as much as before.
FB-0008695,CUST-102920,2026-04-06,7.0,We aren't using the platform as much as before.
FB-0008696,CUST-102920,2026-02-19,7.0,I'm not sure we're getting enough value from the subscription.
FB-0008697,CUST-102920,2026-07-12,8.7,I'm not sure we're getting enough value from the subscription.
FB-0008698,CUST-102921,2026-04-20,4.5,The problem is still unresolved and this is becoming frustrating.
FB-0008699,CUST-102921,2026-03-29,5.4,I've contacted support multiple times for the same issue.
FB-0008700,CUST-102921,2026-04-09,5.0,The problem is still unresolved and this is becoming frustrating.
FB-0008701,CUST-102921,2026-07-24,4.0,The problem is still unresolved and this is becoming frustrating.
FB-0008702,CUST-102922,2026-05-02,8.3,We aren't using the platform as much as before.
FB-0008703,CUST-102922,2026-07-08,6.5,We aren't using the platform as much as before.
FB-0008704,CUST-102922,2026-07-11,7.2,I'm not sure we're getting enough value from the subscription.
FB-0008705,CUST-102922,2026-04-30,4.6,We aren't using the platform as much as before.
FB-0008706,CUST-102923,2026-05-13,9.3,"I was frustrated by the new interface, but overall the product is valuable."
FB-0008707,CUST-102923,2026-06-16,8.2,"I was frustrated by the new interface, but overall the product is valuable."
FB-0008708,CUST-102923,2026-02-05,6.6,"The issue was annoying, but the team resolved it quickly."
FB-0008709,CUST-102923,2026-04-20,9.5,"The issue was annoying, but the team resolved it quickly."
FB-0008710,CUST-102924,2026-07-21,4.5,Several important features are not working as expected.
FB-0008711,CUST-102924,2026-07-02,5.9,The recent product changes made our workflow harder.
FB-0008712,CUST-102925,2026-02-06,8.7,The platform has been reliable and support was helpful.
FB-0008713,CUST-102925,2026-03-17,8.0,Everything worked well and the issue was resolved quickly.
FB-0008714,CUST-102926,2026-02-20,7.0,We aren't using the platform as much as before.
FB-0008715,CUST-102926,2026-03-07,7.3,I'm not sure we're getting enough value from the subscription.
FB-0008716,CUST-102927,2026-06-29,2.9,We've had too many problems and are seriously considering alternatives.
FB-0008717,CUST-102927,2026-07-10,3.7,The service problems and billing issues make it difficult to justify continuing.
FB-0008718,CUST-102928,2026-06-24,8.1,The platform has been reliable and support was helpful.
FB-0008719,CUST-102928,2026-03-13,7.5,Everything worked well and the issue was resolved quickly.
FB-0008720,CUST-102928,2026-02-24,8.3,The platform has been reliable and support was helpful.
FB-0008721,CUST-102928,2026-02-07,8.6,The platform has been reliable and support was helpful.
FB-0008722,CUST-102929,2026-02-24,3.5,We are considering cancelling at renewal.
FB-0008723,CUST-102929,2026-05-09,2.5,We are considering cancelling at renewal.
FB-0008724,CUST-102930,2026-06-08,5.9,Several important features are not working as expected.
FB-0008725,CUST-102930,2026-05-01,4.4,The recent product changes made our workflow harder.
FB-0008726,CUST-102931,2026-04-08,8.2,The platform has been reliable and support was helpful.
FB-0008727,CUST-102931,2026-07-17,8.4,The platform has been reliable and support was helpful.
FB-0008728,CUST-102932,2026-05-06,2.5,We've had too many problems and are seriously considering alternatives.
FB-0008729,CUST-102932,2026-02-12,3.9,The service problems and billing issues make it difficult to justify continuing.
FB-0008730,CUST-102932,2026-06-08,4.2,The service problems and billing issues make it difficult to justify continuing.
FB-0008731,CUST-102933,2026-06-20,5.7,We aren't using the platform as much as before.
FB-0008732,CUST-102933,2026-03-04,7.0,I'm not sure we're getting enough value from the subscription.
FB-0008733,CUST-102933,2026-02-20,7.5,We aren't using the platform as much as before.
FB-0008734,CUST-102933,2026-05-05,7.6,We aren't using the platform as much as before.
FB-0008735,CUST-102934,2026-06-16,8.9,The platform has been reliable and support was helpful.
FB-0008736,CUST-102934,2026-02-22,9.1,The platform has been reliable and support was helpful.
FB-0008737,CUST-102935,2026-03-15,7.3,We aren't using the platform as much as before.
FB-0008738,CUST-102935,2026-07-18,6.9,I'm not sure we're getting enough value from the subscription.
FB-0008739,CUST-102935,2026-04-17,5.6,I'm not sure we're getting enough value from the subscription.
FB-0008740,CUST-102936,2026-03-29,8.2,We aren't using the platform as much as before.
FB-0008741,CUST-102936,2026-07-19,8.0,I'm not sure we're getting enough value from the subscription.
FB-0008742,CUST-102937,2026-02-28,5.5,We aren't using the platform as much as before.
FB-0008743,CUST-102937,2026-07-05,6.4,I'm not sure we're getting enough value from the subscription.
FB-0008744,CUST-102937,2026-02-13,5.5,I'm not sure we're getting enough value from the subscription.
FB-0008745,CUST-102937,2026-07-16,6.2,I'm not sure we're getting enough value from the subscription.
FB-0008746,CUST-102938,2026-03-13,3.0,We are considering cancelling at renewal.
FB-0008747,CUST-102938,2026-03-04,1.1,We are considering cancelling at renewal.
FB-0008748,CUST-102939,2026-07-25,3.1,The service problems and billing issues make it difficult to justify continuing.
FB-0008749,CUST-102939,2026-03-07,4.6,We've had too many problems and are seriously considering alternatives.
FB-0008750,CUST-102939,2026-03-13,4.9,We've had too many problems and are seriously considering alternatives.
FB-0008751,CUST-102940,2026-02-03,5.4,I'm not sure we're getting enough value from the subscription.
FB-0008752,CUST-102940,2026-05-16,6.4,We aren't using the platform as much as before.
FB-0008753,CUST-102940,2026-07-01,6.5,I'm not sure we're getting enough value from the subscription.
FB-0008754,CUST-102941,2026-03-24,9.0,The platform has been reliable and support was helpful.
FB-0008755,CUST-102941,2026-02-21,7.7,The platform has been reliable and support was helpful.
FB-0008756,CUST-102942,2026-04-03,9.0,The platform has been reliable and support was helpful.
FB-0008757,CUST-102942,2026-03-15,7.5,Everything worked well and the issue was resolved quickly.
FB-0008758,CUST-102942,2026-06-17,9.0,Everything worked well and the issue was resolved quickly.
FB-0008759,CUST-102943,2026-05-30,7.2,Everything worked well and the issue was resolved quickly.
FB-0008760,CUST-102943,2026-05-01,8.5,The platform has been reliable and support was helpful.
FB-0008761,CUST-102943,2026-03-06,8.1,Everything worked well and the issue was resolved quickly.
FB-0008762,CUST-102943,2026-02-23,8.6,Everything worked well and the issue was resolved quickly.
FB-0008763,CUST-102944,2026-03-30,6.0,There appears to be an unexpected charge on my account.
FB-0008764,CUST-102944,2026-02-25,5.0,There appears to be an unexpected charge on my account.
FB-0008765,CUST-102944,2026-03-13,4.2,There appears to be an unexpected charge on my account.
FB-0008766,CUST-102944,2026-02-10,6.1,There appears to be an unexpected charge on my account.
FB-0008767,CUST-102945,2026-05-18,4.1,I've contacted support multiple times for the same issue.
FB-0008768,CUST-102945,2026-03-25,5.4,I've contacted support multiple times for the same issue.
FB-0008769,CUST-102945,2026-06-12,5.2,I've contacted support multiple times for the same issue.
FB-0008770,CUST-102945,2026-02-10,4.4,I've contacted support multiple times for the same issue.
FB-0008771,CUST-102946,2026-06-03,9.9,Everything worked well and the issue was resolved quickly.
FB-0008772,CUST-102946,2026-06-19,8.2,Everything worked well and the issue was resolved quickly.
FB-0008773,CUST-102946,2026-02-03,8.3,Everything worked well and the issue was resolved quickly.
FB-0008774,CUST-102946,2026-06-01,7.7,Everything worked well and the issue was resolved quickly.
FB-0008775,CUST-102947,2026-03-02,5.1,The recent product changes made our workflow harder.
FB-0008776,CUST-102947,2026-04-21,6.5,The recent product changes made our workflow harder.
FB-0008777,CUST-102947,2026-02-06,4.0,The recent product changes made our workflow harder.
FB-0008778,CUST-102948,2026-06-06,2.7,We are considering cancelling at renewal.
FB-0008779,CUST-102948,2026-05-14,3.4,We are considering cancelling at renewal.
FB-0008780,CUST-102948,2026-02-11,4.1,We are considering cancelling at renewal.
FB-0008781,CUST-102948,2026-02-16,4.6,We're evaluating alternatives and may move away from the platform.
FB-0008782,CUST-102949,2026-05-06,4.9,There appears to be an unexpected charge on my account.
FB-0008783,CUST-102949,2026-03-24,7.1,There appears to be an unexpected charge on my account.
FB-0008784,CUST-102949,2026-05-30,5.0,There appears to be an unexpected charge on my account.
FB-0008785,CUST-102950,2026-03-23,8.5,"I was frustrated by the new interface, but overall the product is valuable."
FB-0008786,CUST-102950,2026-03-17,8.5,"The issue was annoying, but the team resolved it quickly."
FB-0008787,CUST-102950,2026-03-05,8.8,"The issue was annoying, but the team resolved it quickly."
FB-0008788,CUST-102951,2026-04-06,7.3,We aren't using the platform as much as before.
FB-0008789,CUST-102951,2026-05-12,6.1,I'm not sure we're getting enough value from the subscription.
FB-0008790,CUST-102952,2026-04-24,10.0,The platform has been reliable and support was helpful.
FB-0008791,CUST-102952,2026-04-13,9.2,Everything worked well and the issue was resolved quickly.
FB-0008792,CUST-102952,2026-07-15,8.6,The platform has been reliable and support was helpful.
FB-0008793,CUST-102952,2026-06-11,7.7,The platform has been reliable and support was helpful.
FB-0008794,CUST-102953,2026-04-02,3.5,We are considering cancelling at renewal.
FB-0008795,CUST-102953,2026-04-02,2.5,We are considering cancelling at renewal.
FB-0008796,CUST-102953,2026-04-16,5.0,We are considering cancelling at renewal.
FB-0008797,CUST-102953,2026-05-29,4.7,We're evaluating alternatives and may move away from the platform.
FB-0008798,CUST-102954,2026-03-29,5.9,I'm not sure we're getting enough value from the subscription.
FB-0008799,CUST-102954,2026-06-07,7.3,I'm not sure we're getting enough value from the subscription.
FB-0008800,CUST-102955,2026-02-08,3.9,Several important features are not working as expected.
FB-0008801,CUST-102955,2026-04-17,6.2,The recent product changes made our workflow harder.
FB-0008802,CUST-102956,2026-02-22,5.5,I'm not sure we're getting enough value from the subscription.
FB-0008803,CUST-102956,2026-06-06,6.5,I'm not sure we're getting enough value from the subscription.
FB-0008804,CUST-102956,2026-07-12,4.7,I'm not sure we're getting enough value from the subscription.
FB-0008805,CUST-102957,2026-06-04,2.5,We've had too many problems and are seriously considering alternatives.
FB-0008806,CUST-102957,2026-02-18,3.6,The service problems and billing issues make it difficult to justify continuing.
FB-0008807,CUST-102957,2026-04-04,4.3,We've had too many problems and are seriously considering alternatives.
FB-0008808,CUST-102957,2026-02-04,2.7,We've had too many problems and are seriously considering alternatives.
FB-0008809,CUST-102958,2026-04-14,4.9,I don't understand the latest invoice.
FB-0008810,CUST-102958,2026-03-18,6.4,There appears to be an unexpected charge on my account.
FB-0008811,CUST-102958,2026-05-01,6.5,I don't understand the latest invoice.
FB-0008812,CUST-102958,2026-07-01,6.9,There appears to be an unexpected charge on my account.
FB-0008813,CUST-102959,2026-02-07,2.2,The service problems and billing issues make it difficult to justify continuing.
FB-0008814,CUST-102959,2026-06-04,3.2,We've had too many problems and are seriously considering alternatives.
FB-0008815,CUST-102959,2026-06-04,4.6,We've had too many problems and are seriously considering alternatives.
FB-0008816,CUST-102960,2026-05-13,9.4,The platform has been reliable and support was helpful.
FB-0008817,CUST-102960,2026-07-12,9.1,Everything worked well and the issue was resolved quickly.
FB-0008818,CUST-102960,2026-04-19,9.4,Everything worked well and the issue was resolved quickly.
FB-0008819,CUST-102960,2026-06-13,7.8,The platform has been reliable and support was helpful.
FB-0008820,CUST-102961,2026-06-11,6.3,We aren't using the platform as much as before.
FB-0008821,CUST-102961,2026-03-19,7.7,We aren't using the platform as much as before.
FB-0008822,CUST-102961,2026-05-11,6.4,I'm not sure we're getting enough value from the subscription.
FB-0008823,CUST-102961,2026-04-05,5.5,We aren't using the platform as much as before.
FB-0008824,CUST-102962,2026-07-08,9.3,Everything worked well and the issue was resolved quickly.
FB-0008825,CUST-102962,2026-02-04,10.0,Everything worked well and the issue was resolved quickly.
FB-0008826,CUST-102962,2026-06-23,8.8,Everything worked well and the issue was resolved quickly.
FB-0008827,CUST-102962,2026-02-24,8.8,Everything worked well and the issue was resolved quickly.
FB-0008828,CUST-102963,2026-06-25,4.3,I've contacted support multiple times for the same issue.
FB-0008829,CUST-102963,2026-04-04,5.4,The problem is still unresolved and this is becoming frustrating.
FB-0008830,CUST-102963,2026-05-21,2.4,The problem is still unresolved and this is becoming frustrating.
FB-0008831,CUST-102964,2026-02-11,8.2,Everything worked well and the issue was resolved quickly.
FB-0008832,CUST-102964,2026-07-25,9.0,The platform has been reliable and support was helpful.
FB-0008833,CUST-102964,2026-03-26,7.1,The platform has been reliable and support was helpful.
FB-0008834,CUST-102964,2026-03-12,7.1,The platform has been reliable and support was helpful.
FB-0008835,CUST-102965,2026-03-12,6.8,I'm not sure we're getting enough value from the subscription.
FB-0008836,CUST-102965,2026-07-27,7.0,We aren't using the platform as much as before.
FB-0008837,CUST-102965,2026-06-24,6.3,I'm not sure we're getting enough value from the subscription.
FB-0008838,CUST-102966,2026-04-15,7.7,"I was frustrated by the new interface, but overall the product is valuable."
FB-0008839,CUST-102966,2026-03-03,6.5,"The issue was annoying, but the team resolved it quickly."
FB-0008840,CUST-102967,2026-02-14,4.4,I've contacted support multiple times for the same issue.
FB-0008841,CUST-102967,2026-03-13,3.3,I've contacted support multiple times for the same issue.
FB-0008842,CUST-102967,2026-02-23,3.7,The problem is still unresolved and this is becoming frustrating.
FB-0008843,CUST-102968,2026-07-11,9.3,"The issue was annoying, but the team resolved it quickly."
FB-0008844,CUST-102968,2026-06-20,7.3,"The issue was annoying, but the team resolved it quickly."
FB-0008845,CUST-102968,2026-07-27,6.9,"I was frustrated by the new interface, but overall the product is valuable."
FB-0008846,CUST-102969,2026-07-01,10.0,Everything worked well and the issue was resolved quickly.
FB-0008847,CUST-102969,2026-07-27,8.6,The platform has been reliable and support was helpful.
FB-0008848,CUST-102970,2026-04-16,7.7,The platform has been reliable and support was helpful.
FB-0008849,CUST-102970,2026-06-29,8.6,Everything worked well and the issue was resolved quickly.
FB-0008850,CUST-102970,2026-06-26,8.8,Everything worked well and the issue was resolved quickly.
FB-0008851,CUST-102970,2026-07-17,6.8,Everything worked well and the issue was resolved quickly.
FB-0008852,CUST-102971,2026-06-28,10.0,"I was frustrated by the new interface, but overall the product is valuable."
FB-0008853,CUST-102971,2026-03-24,8.9,"I was frustrated by the new interface, but overall the product is valuable."
FB-0008854,CUST-102971,2026-07-03,7.4,"The issue was annoying, but the team resolved it quickly."
FB-0008855,CUST-102971,2026-05-18,9.8,"The issue was annoying, but the team resolved it quickly."
FB-0008856,CUST-102972,2026-05-01,4.1,We are considering cancelling at renewal.
FB-0008857,CUST-102972,2026-06-21,4.2,We're evaluating alternatives and may move away from the platform.
FB-0008858,CUST-102972,2026-06-08,3.0,We are considering cancelling at renewal.
FB-0008859,CUST-102973,2026-07-19,6.1,The recent product changes made our workflow harder.
FB-0008860,CUST-102973,2026-06-17,5.8,Several important features are not working as expected.
FB-0008861,CUST-102973,2026-07-05,7.4,The recent product changes made our workflow harder.
FB-0008862,CUST-102973,2026-04-08,6.8,The recent product changes made our workflow harder.
FB-0008863,CUST-102974,2026-02-20,3.3,We are considering cancelling at renewal.
FB-0008864,CUST-102974,2026-06-10,3.5,We're evaluating alternatives and may move away from the platform.
FB-0008865,CUST-102975,2026-05-15,5.8,I don't understand the latest invoice.
FB-0008866,CUST-102975,2026-05-30,6.1,There appears to be an unexpected charge on my account.
FB-0008867,CUST-102975,2026-07-13,5.3,I don't understand the latest invoice.
FB-0008868,CUST-102976,2026-04-07,5.7,The recent product changes made our workflow harder.
FB-0008869,CUST-102976,2026-06-02,5.5,Several important features are not working as expected.
FB-0008870,CUST-102976,2026-02-05,6.1,The recent product changes made our workflow harder.
FB-0008871,CUST-102977,2026-07-26,3.7,I've contacted support multiple times for the same issue.
FB-0008872,CUST-102977,2026-03-20,3.9,The problem is still unresolved and this is becoming frustrating.
FB-0008873,CUST-102978,2026-06-18,8.8,Everything worked well and the issue was resolved quickly.
FB-0008874,CUST-102978,2026-03-12,7.6,The platform has been reliable and support was helpful.
FB-0008875,CUST-102978,2026-06-15,9.0,The platform has been reliable and support was helpful.
FB-0008876,CUST-102978,2026-07-27,6.6,The platform has been reliable and support was helpful.
FB-0008877,CUST-102979,2026-02-16,9.2,The platform has been reliable and support was helpful.
FB-0008878,CUST-102979,2026-06-29,8.3,Everything worked well and the issue was resolved quickly.
FB-0008879,CUST-102980,2026-06-13,3.2,We've had too many problems and are seriously considering alternatives.
FB-0008880,CUST-102980,2026-04-10,4.5,We've had too many problems and are seriously considering alternatives.
FB-0008881,CUST-102980,2026-07-20,3.4,The service problems and billing issues make it difficult to justify continuing.
FB-0008882,CUST-102980,2026-05-14,3.0,We've had too many problems and are seriously considering alternatives.
FB-0008883,CUST-102981,2026-05-17,4.5,The problem is still unresolved and this is becoming frustrating.
FB-0008884,CUST-102981,2026-05-21,5.2,The problem is still unresolved and this is becoming frustrating.
FB-0008885,CUST-102981,2026-05-26,5.3,The problem is still unresolved and this is becoming frustrating.
FB-0008886,CUST-102981,2026-02-07,5.6,I've contacted support multiple times for the same issue.
FB-0008887,CUST-102982,2026-03-17,6.5,Everything worked well and the issue was resolved quickly.
FB-0008888,CUST-102982,2026-07-11,7.1,The platform has been reliable and support was helpful.
FB-0008889,CUST-102982,2026-02-08,9.4,The platform has been reliable and support was helpful.
FB-0008890,CUST-102982,2026-02-11,8.2,The platform has been reliable and support was helpful.
FB-0008891,CUST-102983,2026-06-16,8.4,Everything worked well and the issue was resolved quickly.
FB-0008892,CUST-102983,2026-04-06,9.9,Everything worked well and the issue was resolved quickly.
FB-0008893,CUST-102983,2026-05-22,8.9,The platform has been reliable and support was helpful.
FB-0008894,CUST-102983,2026-05-21,8.3,The platform has been reliable and support was helpful.
FB-0008895,CUST-102984,2026-02-15,7.7,Everything worked well and the issue was resolved quickly.
FB-0008896,CUST-102984,2026-04-08,6.1,Everything worked well and the issue was resolved quickly.
FB-0008897,CUST-102984,2026-02-20,7.2,The platform has been reliable and support was helpful.
FB-0008898,CUST-102985,2026-06-08,9.4,Everything worked well and the issue was resolved quickly.
FB-0008899,CUST-102985,2026-07-19,8.4,The platform has been reliable and support was helpful.
FB-0008900,CUST-102985,2026-04-13,9.4,Everything worked well and the issue was resolved quickly.
FB-0008901,CUST-102986,2026-02-03,7.5,Everything worked well and the issue was resolved quickly.
FB-0008902,CUST-102986,2026-03-31,8.2,Everything worked well and the issue was resolved quickly.
FB-0008903,CUST-102987,2026-04-02,8.5,Everything worked well and the issue was resolved quickly.
FB-0008904,CUST-102987,2026-02-19,8.5,Everything worked well and the issue was resolved quickly.
FB-0008905,CUST-102987,2026-07-25,8.0,The platform has been reliable and support was helpful.
FB-0008906,CUST-102988,2026-05-09,8.7,Everything worked well and the issue was resolved quickly.
FB-0008907,CUST-102988,2026-04-14,7.7,Everything worked well and the issue was resolved quickly.
FB-0008908,CUST-102989,2026-03-27,7.5,The platform has been reliable and support was helpful.
FB-0008909,CUST-102989,2026-07-14,7.5,Everything worked well and the issue was resolved quickly.
FB-0008910,CUST-102990,2026-05-03,4.7,We're evaluating alternatives and may move away from the platform.
FB-0008911,CUST-102990,2026-03-20,1.7,We're evaluating alternatives and may move away from the platform.
FB-0008912,CUST-102990,2026-06-24,5.3,We are considering cancelling at renewal.
FB-0008913,CUST-102991,2026-05-16,9.9,Everything worked well and the issue was resolved quickly.
FB-0008914,CUST-102991,2026-07-16,9.0,The platform has been reliable and support was helpful.
FB-0008915,CUST-102991,2026-02-20,9.7,The platform has been reliable and support was helpful.
FB-0008916,CUST-102991,2026-05-25,8.2,Everything worked well and the issue was resolved quickly.
FB-0008917,CUST-102992,2026-03-12,9.4,The platform has been reliable and support was helpful.
FB-0008918,CUST-102992,2026-03-15,7.7,The platform has been reliable and support was helpful.
FB-0008919,CUST-102993,2026-06-06,5.7,The recent product changes made our workflow harder.
FB-0008920,CUST-102993,2026-04-12,2.8,Several important features are not working as expected.
FB-0008921,CUST-102994,2026-06-24,9.9,The platform has been reliable and support was helpful.
FB-0008922,CUST-102994,2026-05-25,9.4,Everything worked well and the issue was resolved quickly.
FB-0008923,CUST-102994,2026-06-14,6.6,The platform has been reliable and support was helpful.
FB-0008924,CUST-102995,2026-05-18,7.4,The platform has been reliable and support was helpful.
FB-0008925,CUST-102995,2026-06-24,9.1,The platform has been reliable and support was helpful.
FB-0008926,CUST-102995,2026-07-27,9.1,The platform has been reliable and support was helpful.
FB-0008927,CUST-102996,2026-06-28,5.8,I don't understand the latest invoice.
FB-0008928,CUST-102996,2026-05-08,5.1,I don't understand the latest invoice.
FB-0008929,CUST-102997,2026-03-31,4.2,I've contacted support multiple times for the same issue.
FB-0008930,CUST-102997,2026-03-06,4.0,The problem is still unresolved and this is becoming frustrating.
FB-0008931,CUST-102997,2026-07-07,3.7,I've contacted support multiple times for the same issue.
FB-0008932,CUST-102998,2026-03-06,10.0,The platform has been reliable and support was helpful.
FB-0008933,CUST-102998,2026-07-17,9.8,The platform has been reliable and support was helpful.
FB-0008934,CUST-102999,2026-02-04,6.0,I'm not sure we're getting enough value from the subscription.
FB-0008935,CUST-102999,2026-04-06,5.8,I'm not sure we're getting enough value from the subscription.
FB-0008936,CUST-102999,2026-02-25,6.1,I'm not sure we're getting enough value from the subscription.
FB-0008937,CUST-103000,2026-04-29,4.9,I've contacted support multiple times for the same issue.
FB-0008938,CUST-103000,2026-04-06,3.9,The problem is still unresolved and this is becoming frustrating.
FB-0008939,CUST-103000,2026-04-23,5.3,I've contacted support multiple times for the same issue.
FB-0008940,CUST-103000,2026-03-08,4.1,I've contacted support multiple times for the same issue.
