customer_id,customer_name,region,plan,tenure_months,monthly_charge,signup_date
CUST-100001,Customer 0001,Middle East,Starter,58,29.36,2023-02-18
CUST-100002,Customer 0002,India,Business,33,153.22,2022-08-22
CUST-100003,Customer 0003,North America,Business,49,153.46,2021-12-25
CUST-100004,Customer 0004,Europe,Enterprise,45,402.41,2025-10-05
CUST-100005,Customer 0005,Middle East,Starter,8,33.8,2021-08-27
CUST-100006,Customer 0006,Middle East,Professional,24,98.7,2021-04-29
CUST-100007,Customer 0007,Europe,Professional,3,81.94,2020-10-01
CUST-100008,Customer 0008,India,Starter,68,31.64,2022-02-23
CUST-100009,Customer 0009,APAC,Professional,63,87.22,2024-01-14
CUST-100010,Customer 0010,Europe,Starter,34,31.51,2022-11-20
CUST-100011,Customer 0011,Middle East,Starter,17,35.12,2025-12-04
CUST-100012,Customer 0012,Middle East,Business,13,168.42,2022-06-23
CUST-100013,Customer 0013,Europe,Professional,36,76.17,2024-12-09
CUST-100014,Customer 0014,Europe,Starter,22,29.12,2022-07-23
CUST-100015,Customer 0015,APAC,Business,48,164.68,2023-09-16
CUST-100016,Customer 0016,North America,Starter,67,36.28,2024-05-13
CUST-100017,Customer 0017,North America,Enterprise,26,388.83,2022-04-24
CUST-100018,Customer 0018,North America,Starter,66,31.28,2023-04-19
CUST-100019,Customer 0019,Europe,Professional,27,86.91,2021-12-25
CUST-100020,Customer 0020,India,Starter,35,34.09,2022-04-24
CUST-100021,Customer 0021,APAC,Business,11,188.12,2021-10-26
CUST-100022,Customer 0022,Europe,Starter,70,34.69,2021-02-28
CUST-100023,Customer 0023,India,Professional,69,75.88,2023-11-15
CUST-100024,Customer 0024,North America,Starter,51,37.94,2023-08-17
CUST-100025,Customer 0025,India,Professional,17,81.7,2025-01-08
CUST-100026,Customer 0026,APAC,Starter,4,37.79,2022-02-23
CUST-100027,Customer 0027,India,Professional,41,81.66,2023-05-19
CUST-100028,Customer 0028,APAC,Professional,40,76.06,2023-07-18
CUST-100029,Customer 0029,APAC,Starter,63,37.93,2024-07-12
CUST-100030,Customer 0030,Europe,Starter,62,42.53,2022-07-23
CUST-100031,Customer 0031,APAC,Starter,58,36.69,2023-06-18
CUST-100032,Customer 0032,North America,Professional,11,80.29,2026-05-03
CUST-100033,Customer 0033,Middle East,Business,35,155.53,2021-11-25
CUST-100034,Customer 0034,APAC,Professional,69,79.14,2024-01-14
CUST-100035,Customer 0035,India,Business,51,147.78,2022-11-20
CUST-100036,Customer 0036,Middle East,Business,20,138.32,2022-08-22
CUST-100037,Customer 0037,Middle East,Business,25,180.58,2024-08-11
CUST-100038,Customer 0038,North America,Starter,44,35.0,2022-06-23
CUST-100039,Customer 0039,North America,Business,11,146.25,2023-10-16
CUST-100040,Customer 0040,Europe,Starter,50,39.87,2021-08-27
CUST-100041,Customer 0041,Middle East,Starter,70,32.82,2025-12-04
CUST-100042,Customer 0042,APAC,Starter,17,39.18,2024-08-11
CUST-100043,Customer 0043,Middle East,Business,45,124.92,2025-08-06
CUST-100044,Customer 0044,India,Business,41,140.9,2024-06-12
CUST-100045,Customer 0045,Europe,Business,13,162.76,2023-07-18
CUST-100046,Customer 0046,India,Business,41,133.72,2024-08-11
CUST-100047,Customer 0047,India,Starter,62,40.03,2023-11-15
CUST-100048,Customer 0048,India,Professional,60,78.89,2022-09-21
CUST-100049,Customer 0049,APAC,Professional,69,88.63,2022-04-24
CUST-100050,Customer 0050,APAC,Professional,15,86.08,2022-08-22
CUST-100051,Customer 0051,North America,Professional,66,72.35,2021-07-28
CUST-100052,Customer 0052,India,Professional,63,78.03,2025-06-07
CUST-100053,Customer 0053,Middle East,Starter,44,35.83,2024-04-13
CUST-100054,Customer 0054,Middle East,Enterprise,12,381.38,2022-01-24
CUST-100055,Customer 0055,North America,Starter,26,29.35,2022-06-23
CUST-100056,Customer 0056,India,Professional,3,71.73,2022-03-25
CUST-100057,Customer 0057,Middle East,Professional,30,75.56,2025-07-07
CUST-100058,Customer 0058,India,Starter,13,32.78,2020-10-31
CUST-100059,Customer 0059,APAC,Enterprise,17,407.32,2024-10-10
CUST-100060,Customer 0060,Middle East,Business,41,154.52,2025-12-04
CUST-100061,Customer 0061,India,Starter,16,36.02,2025-06-07
CUST-100062,Customer 0062,India,Starter,33,32.62,2020-10-01
CUST-100063,Customer 0063,India,Starter,37,31.42,2025-02-07
CUST-100064,Customer 0064,North America,Enterprise,63,428.62,2021-03-30
CUST-100065,Customer 0065,APAC,Professional,52,80.05,2026-02-02
CUST-100066,Customer 0066,Europe,Business,7,120.83,2023-09-16
CUST-100067,Customer 0067,Europe,Starter,40,33.57,2020-10-01
CUST-100068,Customer 0068,Europe,Professional,39,76.29,2021-01-29
CUST-100069,Customer 0069,India,Professional,50,89.74,2020-12-30
CUST-100070,Customer 0070,India,Business,5,155.87,2025-04-08
CUST-100071,Customer 0071,Middle East,Professional,54,86.78,2021-03-30
CUST-100072,Customer 0072,India,Professional,51,88.34,2024-11-09
CUST-100073,Customer 0073,North America,Starter,56,33.43,2023-06-18
CUST-100074,Customer 0074,North America,Starter,66,41.43,2022-10-21
CUST-100075,Customer 0075,India,Starter,4,35.34,2022-10-21
CUST-100076,Customer 0076,Europe,Professional,60,93.66,2024-06-12
CUST-100077,Customer 0077,APAC,Professional,69,69.48,2023-12-15
CUST-100078,Customer 0078,Middle East,Starter,57,42.7,2021-07-28
CUST-100079,Customer 0079,India,Enterprise,47,316.65,2025-06-07
CUST-100080,Customer 0080,Middle East,Business,39,148.75,2022-12-20
CUST-100081,Customer 0081,Middle East,Professional,37,81.38,2023-01-19
CUST-100082,Customer 0082,Middle East,Business,8,141.13,2021-10-26
CUST-100083,Customer 0083,North America,Enterprise,17,402.67,2020-12-30
CUST-100084,Customer 0084,North America,Business,25,146.03,2021-02-28
CUST-100085,Customer 0085,APAC,Business,23,206.03,2022-04-24
CUST-100086,Customer 0086,APAC,Professional,11,91.37,2025-09-05
CUST-100087,Customer 0087,India,Professional,41,85.49,2021-01-29
CUST-100088,Customer 0088,North America,Business,50,175.39,2020-10-31
CUST-100089,Customer 0089,Middle East,Professional,53,87.24,2023-01-19
CUST-100090,Customer 0090,APAC,Professional,35,80.82,2022-08-22
CUST-100091,Customer 0091,North America,Starter,29,29.1,2023-02-18
CUST-100092,Customer 0092,Middle East,Business,6,168.46,2021-04-29
CUST-100093,Customer 0093,Europe,Starter,55,32.82,2025-07-07
CUST-100094,Customer 0094,North America,Professional,37,73.4,2022-08-22
CUST-100095,Customer 0095,APAC,Business,10,160.24,2026-05-03
CUST-100096,Customer 0096,North America,Business,12,153.55,2023-09-16
CUST-100097,Customer 0097,APAC,Professional,22,77.56,2022-08-22
CUST-100098,Customer 0098,North America,Starter,9,29.97,2023-01-19
CUST-100099,Customer 0099,North America,Professional,25,84.84,2024-10-10
CUST-100100,Customer 0100,Europe,Starter,15,35.19,2023-02-18
CUST-100101,Customer 0101,North America,Starter,20,37.93,2025-01-08
CUST-100102,Customer 0102,Europe,Professional,63,87.88,2025-04-08
CUST-100103,Customer 0103,Europe,Professional,51,70.26,2022-03-25
CUST-100104,Customer 0104,APAC,Professional,53,80.41,2024-09-10
CUST-100105,Customer 0105,India,Professional,47,65.16,2025-05-08
CUST-100106,Customer 0106,APAC,Professional,42,72.57,2020-11-30
CUST-100107,Customer 0107,APAC,Starter,18,31.69,2021-01-29
CUST-100108,Customer 0108,India,Professional,58,85.53,2021-05-29
CUST-100109,Customer 0109,Middle East,Starter,12,33.04,2026-01-03
CUST-100110,Customer 0110,India,Starter,61,24.81,2020-12-30
CUST-100111,Customer 0111,India,Starter,67,34.89,2020-11-30
CUST-100112,Customer 0112,North America,Professional,28,77.71,2022-05-24
CUST-100113,Customer 0113,North America,Professional,6,73.4,2023-03-20
CUST-100114,Customer 0114,Middle East,Professional,54,75.73,2021-07-28
CUST-100115,Customer 0115,Middle East,Starter,67,36.62,2023-09-16
CUST-100116,Customer 0116,Europe,Professional,38,95.17,2024-03-14
CUST-100117,Customer 0117,Europe,Professional,40,82.7,2025-12-04
CUST-100118,Customer 0118,India,Starter,36,41.31,2021-11-25
CUST-100119,Customer 0119,India,Professional,38,62.05,2023-08-17
CUST-100120,Customer 0120,Europe,Professional,51,90.09,2023-05-19
CUST-100121,Customer 0121,India,Starter,26,33.63,2025-10-05
CUST-100122,Customer 0122,North America,Starter,57,35.03,2021-09-26
CUST-100123,Customer 0123,APAC,Starter,12,38.52,2023-05-19
CUST-100124,Customer 0124,Europe,Starter,36,37.72,2023-09-16
CUST-100125,Customer 0125,North America,Business,38,166.27,2023-08-17
CUST-100126,Customer 0126,India,Professional,18,80.73,2020-10-31
CUST-100127,Customer 0127,India,Professional,50,84.56,2021-03-30
CUST-100128,Customer 0128,Europe,Professional,44,77.15,2021-11-25
CUST-100129,Customer 0129,Europe,Business,37,152.01,2024-12-09
CUST-100130,Customer 0130,Europe,Starter,3,34.82,2023-07-18
CUST-100131,Customer 0131,North America,Starter,17,38.65,2021-04-29
CUST-100132,Customer 0132,APAC,Starter,9,37.82,2020-09-01
CUST-100133,Customer 0133,India,Business,14,129.78,2026-04-03
CUST-100134,Customer 0134,North America,Business,24,174.65,2023-07-18
CUST-100135,Customer 0135,APAC,Professional,45,83.87,2024-04-13
CUST-100136,Customer 0136,Europe,Business,7,161.8,2024-08-11
CUST-100137,Customer 0137,India,Business,8,153.22,2025-05-08
CUST-100138,Customer 0138,Middle East,Professional,6,82.18,2022-03-25
CUST-100139,Customer 0139,Middle East,Business,25,188.09,2023-10-16
CUST-100140,Customer 0140,Middle East,Professional,50,67.46,2023-03-20
CUST-100141,Customer 0141,Middle East,Professional,39,60.92,2026-05-03
CUST-100142,Customer 0142,Europe,Starter,66,36.99,2023-01-19
CUST-100143,Customer 0143,North America,Professional,8,88.04,2023-12-15
CUST-100144,Customer 0144,India,Professional,59,76.76,2024-01-14
CUST-100145,Customer 0145,Middle East,Starter,16,31.06,2025-09-05
CUST-100146,Customer 0146,North America,Professional,69,69.89,2025-07-07
CUST-100147,Customer 0147,APAC,Professional,67,80.88,2022-12-20
CUST-100148,Customer 0148,North America,Professional,35,92.21,2021-06-28
CUST-100149,Customer 0149,North America,Business,7,175.86,2025-03-09
CUST-100150,Customer 0150,India,Starter,43,34.01,2021-01-29
CUST-100151,Customer 0151,India,Enterprise,51,497.35,2023-09-16
CUST-100152,Customer 0152,North America,Business,36,169.64,2021-04-29
CUST-100153,Customer 0153,Middle East,Enterprise,45,465.79,2024-04-13
CUST-100154,Customer 0154,North America,Professional,41,75.19,2022-01-24
CUST-100155,Customer 0155,Europe,Professional,52,87.2,2025-11-04
CUST-100156,Customer 0156,Europe,Professional,44,78.9,2023-12-15
CUST-100157,Customer 0157,Europe,Enterprise,4,347.22,2026-02-02
CUST-100158,Customer 0158,Europe,Business,63,174.67,2025-07-07
CUST-100159,Customer 0159,Europe,Starter,18,39.09,2023-03-20
CUST-100160,Customer 0160,Europe,Starter,13,31.85,2020-10-01
CUST-100161,Customer 0161,Middle East,Starter,35,35.92,2022-09-21
CUST-100162,Customer 0162,Europe,Business,65,163.05,2022-01-24
CUST-100163,Customer 0163,Middle East,Starter,53,35.52,2022-10-21
CUST-100164,Customer 0164,Europe,Professional,29,88.34,2024-11-09
CUST-100165,Customer 0165,APAC,Professional,61,91.04,2022-11-20
CUST-100166,Customer 0166,Europe,Starter,4,37.41,2024-06-12
CUST-100167,Customer 0167,APAC,Enterprise,32,440.92,2022-03-25
CUST-100168,Customer 0168,APAC,Starter,61,32.14,2025-06-07
CUST-100169,Customer 0169,Europe,Professional,28,75.49,2022-06-23
CUST-100170,Customer 0170,Middle East,Professional,20,76.78,2025-01-08
CUST-100171,Customer 0171,APAC,Business,14,170.84,2023-02-18
CUST-100172,Customer 0172,Middle East,Starter,3,26.17,2021-05-29
CUST-100173,Customer 0173,India,Starter,36,36.01,2023-05-19
CUST-100174,Customer 0174,India,Professional,71,84.41,2021-03-30
CUST-100175,Customer 0175,APAC,Enterprise,9,416.97,2022-07-23
CUST-100176,Customer 0176,APAC,Starter,44,37.77,2022-10-21
CUST-100177,Customer 0177,North America,Starter,33,30.43,2020-09-01
CUST-100178,Customer 0178,Middle East,Professional,27,84.2,2022-05-24
CUST-100179,Customer 0179,APAC,Starter,49,32.69,2023-12-15
CUST-100180,Customer 0180,India,Starter,60,36.64,2021-04-29
CUST-100181,Customer 0181,North America,Starter,54,35.73,2021-04-29
CUST-100182,Customer 0182,North America,Starter,62,39.29,2025-09-05
CUST-100183,Customer 0183,North America,Professional,66,90.11,2023-11-15
CUST-100184,Customer 0184,Europe,Professional,9,73.33,2021-07-28
CUST-100185,Customer 0185,APAC,Professional,44,67.07,2026-05-03
CUST-100186,Customer 0186,North America,Business,12,147.15,2022-07-23
CUST-100187,Customer 0187,North America,Business,21,156.44,2022-01-24
CUST-100188,Customer 0188,India,Professional,46,93.59,2023-07-18
CUST-100189,Customer 0189,North America,Enterprise,15,389.76,2020-09-01
CUST-100190,Customer 0190,North America,Starter,29,31.72,2022-03-25
CUST-100191,Customer 0191,Europe,Starter,37,37.06,2023-02-18
CUST-100192,Customer 0192,Middle East,Enterprise,72,504.61,2024-12-09
CUST-100193,Customer 0193,Middle East,Starter,15,29.74,2020-11-30
CUST-100194,Customer 0194,APAC,Starter,57,35.83,2025-06-07
CUST-100195,Customer 0195,India,Starter,44,39.47,2020-10-31
CUST-100196,Customer 0196,North America,Business,31,175.05,2026-04-03
CUST-100197,Customer 0197,India,Business,42,141.6,2026-05-03
CUST-100198,Customer 0198,Europe,Professional,38,79.54,2020-09-01
CUST-100199,Customer 0199,Middle East,Business,8,197.49,2023-09-16
CUST-100200,Customer 0200,Europe,Starter,11,33.22,2024-11-09
CUST-100201,Customer 0201,Europe,Starter,59,29.85,2023-04-19
CUST-100202,Customer 0202,APAC,Starter,45,36.19,2026-03-04
CUST-100203,Customer 0203,Middle East,Enterprise,65,450.48,2021-07-28
CUST-100204,Customer 0204,North America,Professional,44,73.79,2021-02-28
CUST-100205,Customer 0205,Europe,Enterprise,32,423.81,2024-08-11
CUST-100206,Customer 0206,Europe,Business,28,183.26,2025-09-05
CUST-100207,Customer 0207,Europe,Professional,22,75.65,2025-07-07
CUST-100208,Customer 0208,Middle East,Professional,7,85.61,2026-05-03
CUST-100209,Customer 0209,Middle East,Professional,31,76.85,2021-11-25
CUST-100210,Customer 0210,Middle East,Professional,50,68.58,2024-04-13
CUST-100211,Customer 0211,Europe,Business,59,135.57,2023-02-18
CUST-100212,Customer 0212,APAC,Starter,64,38.56,2025-01-08
CUST-100213,Customer 0213,Europe,Business,3,135.12,2021-08-27
CUST-100214,Customer 0214,Europe,Business,54,153.73,2025-05-08
CUST-100215,Customer 0215,Europe,Starter,4,32.52,2025-04-08
CUST-100216,Customer 0216,Europe,Professional,69,59.12,2024-09-10
CUST-100217,Customer 0217,India,Starter,40,33.88,2025-03-09
CUST-100218,Customer 0218,Europe,Starter,61,34.85,2026-05-03
CUST-100219,Customer 0219,North America,Business,55,129.61,2023-03-20
CUST-100220,Customer 0220,North America,Business,30,180.63,2022-11-20
CUST-100221,Customer 0221,APAC,Starter,71,45.6,2022-10-21
CUST-100222,Customer 0222,India,Starter,38,39.84,2025-02-07
CUST-100223,Customer 0223,India,Professional,48,82.17,2023-10-16
CUST-100224,Customer 0224,Europe,Starter,59,40.57,2022-02-23
CUST-100225,Customer 0225,Middle East,Professional,59,97.55,2020-12-30
CUST-100226,Customer 0226,Europe,Starter,42,36.25,2022-10-21
CUST-100227,Customer 0227,Middle East,Enterprise,11,420.2,2022-08-22
CUST-100228,Customer 0228,North America,Enterprise,53,539.8,2023-11-15
CUST-100229,Customer 0229,North America,Professional,17,77.83,2026-05-03
CUST-100230,Customer 0230,India,Professional,21,77.07,2022-03-25
CUST-100231,Customer 0231,Europe,Enterprise,30,465.63,2023-07-18
CUST-100232,Customer 0232,Middle East,Professional,61,85.26,2022-12-20
CUST-100233,Customer 0233,APAC,Starter,57,41.07,2023-03-20
CUST-100234,Customer 0234,APAC,Professional,65,78.11,2023-10-16
CUST-100235,Customer 0235,India,Professional,47,72.97,2025-09-05
CUST-100236,Customer 0236,Europe,Starter,56,35.77,2026-05-03
CUST-100237,Customer 0237,Middle East,Starter,46,41.91,2023-02-18
CUST-100238,Customer 0238,Middle East,Starter,60,39.51,2025-08-06
CUST-100239,Customer 0239,Europe,Professional,55,70.59,2024-12-09
CUST-100240,Customer 0240,Europe,Enterprise,53,391.54,2022-07-23
CUST-100241,Customer 0241,India,Starter,29,31.55,2025-01-08
CUST-100242,Customer 0242,Europe,Professional,54,81.8,2026-05-03
CUST-100243,Customer 0243,India,Business,14,181.82,2022-04-24
CUST-100244,Customer 0244,India,Starter,34,40.83,2024-01-14
CUST-100245,Customer 0245,Middle East,Professional,43,74.93,2024-09-10
CUST-100246,Customer 0246,India,Starter,58,32.58,2023-05-19
CUST-100247,Customer 0247,APAC,Professional,55,71.38,2024-07-12
CUST-100248,Customer 0248,India,Starter,49,41.67,2024-03-14
CUST-100249,Customer 0249,APAC,Starter,42,31.14,2022-08-22
CUST-100250,Customer 0250,Europe,Starter,30,32.83,2023-12-15
CUST-100251,Customer 0251,Europe,Business,49,135.57,2020-11-30
CUST-100252,Customer 0252,India,Professional,54,64.66,2023-12-15
CUST-100253,Customer 0253,Middle East,Starter,28,33.87,2021-02-28
CUST-100254,Customer 0254,India,Business,20,184.05,2022-06-23
CUST-100255,Customer 0255,Europe,Business,30,148.54,2024-05-13
CUST-100256,Customer 0256,Middle East,Starter,23,35.18,2024-02-13
CUST-100257,Customer 0257,India,Starter,58,38.84,2024-04-13
CUST-100258,Customer 0258,North America,Professional,50,81.98,2025-04-08
CUST-100259,Customer 0259,APAC,Professional,30,75.08,2024-10-10
CUST-100260,Customer 0260,North America,Professional,34,76.63,2024-02-13
CUST-100261,Customer 0261,India,Starter,20,36.84,2022-10-21
CUST-100262,Customer 0262,North America,Professional,50,82.38,2023-08-17
CUST-100263,Customer 0263,Europe,Professional,30,83.49,2023-08-17
CUST-100264,Customer 0264,Middle East,Enterprise,38,419.23,2021-10-26
CUST-100265,Customer 0265,Middle East,Enterprise,72,365.62,2026-03-04
CUST-100266,Customer 0266,North America,Business,39,162.25,2023-08-17
CUST-100267,Customer 0267,Middle East,Business,25,166.91,2025-07-07
CUST-100268,Customer 0268,Europe,Starter,49,35.98,2022-02-23
CUST-100269,Customer 0269,North America,Business,71,193.82,2024-01-14
CUST-100270,Customer 0270,North America,Professional,69,60.87,2021-06-28
CUST-100271,Customer 0271,APAC,Professional,47,85.83,2021-09-26
CUST-100272,Customer 0272,India,Starter,43,34.27,2020-12-30
CUST-100273,Customer 0273,India,Business,19,134.0,2022-06-23
CUST-100274,Customer 0274,APAC,Professional,57,77.81,2024-08-11
CUST-100275,Customer 0275,North America,Business,13,149.95,2021-12-25
CUST-100276,Customer 0276,Europe,Professional,54,71.93,2024-02-13
CUST-100277,Customer 0277,India,Starter,71,37.39,2021-02-28
CUST-100278,Customer 0278,India,Business,9,164.0,2024-02-13
CUST-100279,Customer 0279,North America,Professional,17,100.37,2023-08-17
CUST-100280,Customer 0280,North America,Business,34,164.78,2024-06-12
CUST-100281,Customer 0281,Europe,Professional,31,91.94,2025-10-05
CUST-100282,Customer 0282,Europe,Business,9,142.44,2020-10-31
CUST-100283,Customer 0283,APAC,Business,70,165.09,2022-02-23
CUST-100284,Customer 0284,Middle East,Professional,63,102.53,2024-09-10
CUST-100285,Customer 0285,Europe,Starter,36,26.31,2021-10-26
CUST-100286,Customer 0286,India,Business,45,165.96,2021-07-28
CUST-100287,Customer 0287,Europe,Starter,70,37.92,2020-10-01
CUST-100288,Customer 0288,APAC,Enterprise,72,359.59,2026-02-02
CUST-100289,Customer 0289,Europe,Professional,58,84.66,2022-01-24
CUST-100290,Customer 0290,North America,Business,14,174.75,2021-01-29
CUST-100291,Customer 0291,India,Enterprise,56,437.86,2022-02-23
CUST-100292,Customer 0292,APAC,Starter,69,31.74,2024-12-09
CUST-100293,Customer 0293,North America,Professional,15,72.2,2022-06-23
CUST-100294,Customer 0294,Middle East,Business,42,144.52,2026-01-03
CUST-100295,Customer 0295,North America,Professional,36,89.71,2025-09-05
CUST-100296,Customer 0296,Europe,Business,57,144.54,2020-11-30
CUST-100297,Customer 0297,North America,Enterprise,50,380.54,2021-12-25
CUST-100298,Customer 0298,Europe,Starter,5,35.7,2021-09-26
CUST-100299,Customer 0299,North America,Professional,46,89.39,2021-01-29
CUST-100300,Customer 0300,India,Enterprise,63,396.98,2021-05-29
CUST-100301,Customer 0301,India,Starter,24,30.69,2024-01-14
CUST-100302,Customer 0302,Europe,Professional,63,73.42,2022-04-24
CUST-100303,Customer 0303,India,Business,71,136.19,2022-07-23
CUST-100304,Customer 0304,Middle East,Starter,24,37.87,2021-08-27
CUST-100305,Customer 0305,APAC,Professional,4,81.61,2025-09-05
CUST-100306,Customer 0306,North America,Starter,42,35.76,2024-09-10
CUST-100307,Customer 0307,Europe,Enterprise,28,452.37,2022-12-20
CUST-100308,Customer 0308,North America,Starter,24,28.17,2024-10-10
CUST-100309,Customer 0309,Europe,Professional,66,86.47,2024-08-11
CUST-100310,Customer 0310,Europe,Enterprise,68,468.99,2021-07-28
CUST-100311,Customer 0311,Middle East,Professional,57,72.11,2023-02-18
CUST-100312,Customer 0312,Middle East,Professional,41,76.69,2025-12-04
CUST-100313,Customer 0313,APAC,Professional,67,68.15,2026-02-02
CUST-100314,Customer 0314,North America,Enterprise,7,406.85,2025-04-08
CUST-100315,Customer 0315,India,Business,30,154.2,2024-01-14
CUST-100316,Customer 0316,North America,Enterprise,25,427.33,2022-10-21
CUST-100317,Customer 0317,Middle East,Business,36,144.42,2023-02-18
CUST-100318,Customer 0318,Europe,Professional,67,89.22,2024-06-12
CUST-100319,Customer 0319,APAC,Starter,56,29.27,2020-12-30
CUST-100320,Customer 0320,North America,Starter,50,33.62,2021-11-25
CUST-100321,Customer 0321,India,Professional,37,87.52,2026-04-03
CUST-100322,Customer 0322,Middle East,Business,19,143.7,2020-10-01
CUST-100323,Customer 0323,Europe,Starter,30,41.05,2020-11-30
CUST-100324,Customer 0324,APAC,Starter,5,29.09,2023-02-18
CUST-100325,Customer 0325,Middle East,Starter,50,36.77,2023-11-15
CUST-100326,Customer 0326,Europe,Business,27,161.24,2024-02-13
CUST-100327,Customer 0327,APAC,Starter,12,37.14,2026-03-04
CUST-100328,Customer 0328,Europe,Professional,20,75.01,2023-12-15
CUST-100329,Customer 0329,North America,Enterprise,21,345.6,2022-04-24
CUST-100330,Customer 0330,North America,Business,32,187.05,2020-12-30
CUST-100331,Customer 0331,APAC,Professional,53,76.23,2021-05-29
CUST-100332,Customer 0332,Middle East,Starter,38,28.87,2022-09-21
CUST-100333,Customer 0333,Europe,Professional,18,82.32,2021-09-26
CUST-100334,Customer 0334,North America,Professional,41,65.33,2020-09-01
CUST-100335,Customer 0335,India,Starter,62,42.1,2024-05-13
CUST-100336,Customer 0336,Europe,Business,39,115.91,2025-11-04
CUST-100337,Customer 0337,North America,Starter,33,37.91,2024-09-10
CUST-100338,Customer 0338,Middle East,Professional,50,83.4,2023-12-15
CUST-100339,Customer 0339,Middle East,Professional,15,81.32,2025-05-08
CUST-100340,Customer 0340,APAC,Enterprise,43,333.07,2022-04-24
CUST-100341,Customer 0341,North America,Business,49,157.9,2022-08-22
CUST-100342,Customer 0342,Europe,Starter,59,28.44,2021-04-29
CUST-100343,Customer 0343,Europe,Starter,35,34.12,2022-03-25
CUST-100344,Customer 0344,Middle East,Business,8,147.84,2025-02-07
CUST-100345,Customer 0345,Middle East,Business,12,159.92,2024-06-12
CUST-100346,Customer 0346,Middle East,Professional,57,77.11,2023-09-16
CUST-100347,Customer 0347,India,Starter,72,35.28,2021-06-28
CUST-100348,Customer 0348,India,Business,35,173.08,2020-10-01
CUST-100349,Customer 0349,India,Starter,62,27.33,2023-07-18
CUST-100350,Customer 0350,Middle East,Professional,70,79.17,2024-04-13
CUST-100351,Customer 0351,North America,Professional,19,82.88,2020-12-30
CUST-100352,Customer 0352,Europe,Enterprise,6,455.01,2020-09-01
CUST-100353,Customer 0353,North America,Business,60,170.59,2023-10-16
CUST-100354,Customer 0354,North America,Professional,21,71.5,2021-05-29
CUST-100355,Customer 0355,India,Professional,48,80.87,2021-11-25
CUST-100356,Customer 0356,Europe,Business,45,116.07,2025-09-05
CUST-100357,Customer 0357,Europe,Enterprise,49,390.47,2025-09-05
CUST-100358,Customer 0358,APAC,Professional,39,78.7,2022-07-23
CUST-100359,Customer 0359,North America,Enterprise,52,343.22,2021-02-28
CUST-100360,Customer 0360,Europe,Business,68,162.08,2024-09-10
CUST-100361,Customer 0361,APAC,Business,44,157.53,2024-03-14
CUST-100362,Customer 0362,APAC,Business,4,148.64,2024-04-13
CUST-100363,Customer 0363,APAC,Starter,17,36.23,2021-07-28
CUST-100364,Customer 0364,APAC,Professional,16,91.36,2021-01-29
CUST-100365,Customer 0365,India,Starter,6,36.75,2023-05-19
CUST-100366,Customer 0366,APAC,Enterprise,8,479.66,2023-04-19
CUST-100367,Customer 0367,India,Starter,15,37.03,2023-12-15
CUST-100368,Customer 0368,Europe,Starter,14,26.04,2024-05-13
CUST-100369,Customer 0369,North America,Starter,45,30.52,2020-10-31
CUST-100370,Customer 0370,Middle East,Starter,41,39.36,2020-09-01
CUST-100371,Customer 0371,Europe,Professional,5,87.65,2025-12-04
CUST-100372,Customer 0372,APAC,Starter,25,41.29,2024-01-14
CUST-100373,Customer 0373,India,Professional,54,74.44,2026-04-03
CUST-100374,Customer 0374,APAC,Business,31,166.19,2022-07-23
CUST-100375,Customer 0375,India,Professional,19,63.29,2022-02-23
CUST-100376,Customer 0376,India,Professional,61,82.59,2022-08-22
CUST-100377,Customer 0377,India,Starter,57,35.81,2024-03-14
CUST-100378,Customer 0378,Middle East,Business,6,141.9,2026-05-03
CUST-100379,Customer 0379,Middle East,Professional,26,72.58,2024-02-13
CUST-100380,Customer 0380,Europe,Starter,65,34.02,2024-01-14
CUST-100381,Customer 0381,India,Professional,65,79.29,2025-02-07
CUST-100382,Customer 0382,North America,Starter,72,27.79,2020-11-30
CUST-100383,Customer 0383,Middle East,Professional,18,74.04,2025-08-06
CUST-100384,Customer 0384,Middle East,Enterprise,58,437.81,2023-07-18
CUST-100385,Customer 0385,Middle East,Professional,3,70.47,2022-03-25
CUST-100386,Customer 0386,North America,Professional,45,70.45,2022-09-21
CUST-100387,Customer 0387,APAC,Professional,69,87.47,2025-10-05
CUST-100388,Customer 0388,Europe,Starter,46,33.66,2024-09-10
CUST-100389,Customer 0389,Europe,Enterprise,4,477.29,2023-10-16
CUST-100390,Customer 0390,India,Professional,52,67.86,2023-09-16
CUST-100391,Customer 0391,India,Starter,34,36.51,2020-09-01
CUST-100392,Customer 0392,Middle East,Enterprise,56,496.27,2025-06-07
CUST-100393,Customer 0393,North America,Professional,21,86.17,2025-03-09
CUST-100394,Customer 0394,India,Professional,58,73.11,2021-06-28
CUST-100395,Customer 0395,APAC,Business,20,159.57,2021-11-25
CUST-100396,Customer 0396,India,Professional,24,72.76,2020-11-30
CUST-100397,Customer 0397,Europe,Starter,53,38.14,2021-10-26
CUST-100398,Customer 0398,APAC,Business,54,134.04,2024-04-13
CUST-100399,Customer 0399,Middle East,Starter,18,30.66,2024-02-13
CUST-100400,Customer 0400,Europe,Enterprise,6,476.6,2022-07-23
CUST-100401,Customer 0401,Middle East,Professional,69,72.76,2026-03-04
CUST-100402,Customer 0402,Middle East,Starter,17,32.43,2025-07-07
CUST-100403,Customer 0403,North America,Starter,28,28.2,2024-09-10
CUST-100404,Customer 0404,Middle East,Starter,32,38.61,2020-09-01
CUST-100405,Customer 0405,North America,Starter,65,33.28,2020-10-31
CUST-100406,Customer 0406,Europe,Starter,31,36.69,2021-08-27
CUST-100407,Customer 0407,Europe,Professional,43,72.27,2022-04-24
CUST-100408,Customer 0408,Middle East,Business,13,193.97,2023-11-15
CUST-100409,Customer 0409,APAC,Professional,11,66.19,2020-09-01
CUST-100410,Customer 0410,Middle East,Starter,4,33.93,2022-06-23
CUST-100411,Customer 0411,North America,Professional,39,78.45,2021-06-28
CUST-100412,Customer 0412,Middle East,Business,59,132.52,2021-01-29
CUST-100413,Customer 0413,India,Business,62,133.88,2026-01-03
CUST-100414,Customer 0414,Middle East,Starter,3,34.96,2020-12-30
CUST-100415,Customer 0415,India,Business,54,135.09,2022-07-23
CUST-100416,Customer 0416,Europe,Starter,21,33.61,2023-10-16
CUST-100417,Customer 0417,Europe,Enterprise,22,483.3,2024-09-10
CUST-100418,Customer 0418,India,Professional,50,79.02,2025-10-05
CUST-100419,Customer 0419,India,Starter,60,29.39,2020-10-01
CUST-100420,Customer 0420,Middle East,Starter,12,31.24,2024-05-13
CUST-100421,Customer 0421,India,Business,15,153.35,2022-08-22
CUST-100422,Customer 0422,APAC,Professional,52,83.23,2026-02-02
CUST-100423,Customer 0423,North America,Business,21,158.67,2023-10-16
CUST-100424,Customer 0424,APAC,Enterprise,62,334.9,2025-09-05
CUST-100425,Customer 0425,India,Business,23,184.97,2021-06-28
CUST-100426,Customer 0426,Middle East,Professional,63,74.35,2023-11-15
CUST-100427,Customer 0427,North America,Business,53,166.11,2021-10-26
CUST-100428,Customer 0428,North America,Business,19,159.96,2020-12-30
CUST-100429,Customer 0429,APAC,Professional,64,70.83,2025-11-04
CUST-100430,Customer 0430,Middle East,Enterprise,16,495.33,2024-08-11
CUST-100431,Customer 0431,India,Professional,40,88.06,2022-06-23
CUST-100432,Customer 0432,Europe,Professional,38,82.94,2025-12-04
CUST-100433,Customer 0433,Middle East,Professional,29,70.95,2025-07-07
CUST-100434,Customer 0434,APAC,Professional,6,81.7,2025-08-06
CUST-100435,Customer 0435,North America,Professional,4,82.93,2023-07-18
CUST-100436,Customer 0436,North America,Professional,47,95.64,2024-05-13
CUST-100437,Customer 0437,APAC,Enterprise,9,342.25,2021-09-26
CUST-100438,Customer 0438,Europe,Professional,33,79.61,2026-01-03
CUST-100439,Customer 0439,APAC,Professional,7,90.76,2024-04-13
CUST-100440,Customer 0440,Middle East,Professional,56,81.54,2023-02-18
CUST-100441,Customer 0441,India,Business,26,160.81,2023-07-18
CUST-100442,Customer 0442,APAC,Professional,38,63.21,2021-09-26
CUST-100443,Customer 0443,North America,Starter,61,40.02,2022-03-25
CUST-100444,Customer 0444,Middle East,Business,68,125.05,2022-08-22
CUST-100445,Customer 0445,Europe,Enterprise,66,313.3,2021-04-29
CUST-100446,Customer 0446,APAC,Professional,27,79.56,2021-03-30
CUST-100447,Customer 0447,Europe,Professional,21,72.0,2020-09-01
CUST-100448,Customer 0448,India,Professional,65,88.91,2024-10-10
CUST-100449,Customer 0449,North America,Professional,71,63.91,2025-06-07
CUST-100450,Customer 0450,APAC,Professional,11,75.99,2025-03-09
CUST-100451,Customer 0451,APAC,Starter,59,37.3,2021-05-29
CUST-100452,Customer 0452,Europe,Starter,57,34.26,2022-02-23
CUST-100453,Customer 0453,North America,Professional,9,75.77,2023-11-15
CUST-100454,Customer 0454,India,Professional,69,67.8,2023-01-19
CUST-100455,Customer 0455,India,Starter,45,28.88,2025-01-08
CUST-100456,Customer 0456,India,Starter,69,33.4,2023-06-18
CUST-100457,Customer 0457,Europe,Starter,7,36.59,2023-01-19
CUST-100458,Customer 0458,Europe,Professional,55,89.08,2024-09-10
CUST-100459,Customer 0459,North America,Business,25,130.34,2025-02-07
CUST-100460,Customer 0460,Middle East,Professional,20,65.23,2024-06-12
CUST-100461,Customer 0461,Middle East,Business,65,128.65,2021-12-25
CUST-100462,Customer 0462,India,Business,71,175.67,2022-04-24
CUST-100463,Customer 0463,North America,Starter,36,31.12,2025-10-05
CUST-100464,Customer 0464,Middle East,Starter,35,35.93,2026-02-02
CUST-100465,Customer 0465,India,Business,51,149.36,2021-05-29
CUST-100466,Customer 0466,Middle East,Professional,31,66.77,2022-11-20
CUST-100467,Customer 0467,India,Professional,51,89.89,2023-11-15
CUST-100468,Customer 0468,North America,Business,65,150.37,2022-08-22
CUST-100469,Customer 0469,Europe,Professional,28,73.5,2024-01-14
CUST-100470,Customer 0470,APAC,Business,61,154.27,2026-05-03
CUST-100471,Customer 0471,Middle East,Starter,61,26.13,2023-06-18
CUST-100472,Customer 0472,Europe,Starter,57,40.67,2021-08-27
CUST-100473,Customer 0473,APAC,Professional,13,87.74,2023-06-18
CUST-100474,Customer 0474,Europe,Starter,3,26.72,2023-04-19
CUST-100475,Customer 0475,North America,Business,28,195.34,2022-09-21
CUST-100476,Customer 0476,North America,Professional,61,81.93,2024-02-13
CUST-100477,Customer 0477,India,Professional,56,70.26,2024-11-09
CUST-100478,Customer 0478,Europe,Enterprise,31,402.21,2024-10-10
CUST-100479,Customer 0479,North America,Starter,37,31.59,2022-09-21
CUST-100480,Customer 0480,Europe,Professional,70,72.29,2022-09-21
CUST-100481,Customer 0481,North America,Professional,6,79.28,2022-06-23
CUST-100482,Customer 0482,India,Starter,20,38.74,2022-12-20
CUST-100483,Customer 0483,North America,Starter,69,34.01,2025-09-05
CUST-100484,Customer 0484,Middle East,Professional,20,73.75,2023-10-16
CUST-100485,Customer 0485,Europe,Professional,45,78.32,2022-11-20
CUST-100486,Customer 0486,Middle East,Starter,7,36.71,2021-12-25
CUST-100487,Customer 0487,APAC,Enterprise,65,378.79,2024-05-13
CUST-100488,Customer 0488,North America,Starter,33,35.71,2023-07-18
CUST-100489,Customer 0489,Middle East,Enterprise,29,411.85,2024-03-14
CUST-100490,Customer 0490,APAC,Business,9,167.6,2022-12-20
CUST-100491,Customer 0491,APAC,Business,57,186.99,2023-06-18
CUST-100492,Customer 0492,India,Professional,20,75.05,2021-05-29
CUST-100493,Customer 0493,Europe,Starter,41,34.41,2020-09-01
CUST-100494,Customer 0494,North America,Enterprise,33,448.37,2023-03-20
CUST-100495,Customer 0495,India,Business,32,167.94,2025-12-04
CUST-100496,Customer 0496,Middle East,Business,19,157.79,2022-11-20
CUST-100497,Customer 0497,India,Starter,12,33.15,2025-04-08
CUST-100498,Customer 0498,North America,Professional,6,92.42,2025-01-08
CUST-100499,Customer 0499,Europe,Starter,31,32.32,2024-06-12
CUST-100500,Customer 0500,APAC,Starter,12,28.2,2025-03-09
CUST-100501,Customer 0501,North America,Professional,53,74.83,2024-10-10
CUST-100502,Customer 0502,APAC,Business,69,183.65,2026-04-03
CUST-100503,Customer 0503,Middle East,Business,42,170.6,2024-09-10
CUST-100504,Customer 0504,North America,Professional,70,81.06,2023-01-19
CUST-100505,Customer 0505,Europe,Business,58,160.92,2022-05-24
CUST-100506,Customer 0506,Middle East,Professional,72,64.81,2022-02-23
CUST-100507,Customer 0507,APAC,Starter,62,26.56,2023-04-19
CUST-100508,Customer 0508,Middle East,Starter,56,35.54,2021-03-30
CUST-100509,Customer 0509,Middle East,Enterprise,65,348.63,2022-03-25
CUST-100510,Customer 0510,Europe,Professional,31,74.3,2024-04-13
CUST-100511,Customer 0511,Middle East,Professional,43,101.62,2020-11-30
CUST-100512,Customer 0512,Middle East,Professional,61,102.57,2022-12-20
CUST-100513,Customer 0513,North America,Enterprise,54,352.68,2023-03-20
CUST-100514,Customer 0514,North America,Professional,58,79.04,2020-11-30
CUST-100515,Customer 0515,APAC,Enterprise,18,372.03,2024-08-11
CUST-100516,Customer 0516,India,Professional,29,76.76,2020-12-30
CUST-100517,Customer 0517,India,Professional,26,78.59,2026-05-03
CUST-100518,Customer 0518,Middle East,Business,63,145.95,2021-09-26
CUST-100519,Customer 0519,APAC,Starter,32,25.55,2021-12-25
CUST-100520,Customer 0520,APAC,Professional,54,72.9,2025-06-07
CUST-100521,Customer 0521,APAC,Professional,57,76.57,2022-08-22
CUST-100522,Customer 0522,Europe,Professional,19,89.62,2021-04-29
CUST-100523,Customer 0523,North America,Starter,39,37.79,2023-06-18
CUST-100524,Customer 0524,APAC,Starter,65,43.53,2024-04-13
CUST-100525,Customer 0525,APAC,Starter,32,37.48,2024-04-13
CUST-100526,Customer 0526,APAC,Business,64,175.04,2023-06-18
CUST-100527,Customer 0527,Middle East,Enterprise,33,422.84,2022-02-23
CUST-100528,Customer 0528,Europe,Starter,23,32.05,2025-02-07
CUST-100529,Customer 0529,Middle East,Professional,45,90.28,2024-04-13
CUST-100530,Customer 0530,APAC,Enterprise,20,361.2,2022-04-24
CUST-100531,Customer 0531,India,Starter,53,38.72,2023-03-20
CUST-100532,Customer 0532,North America,Starter,39,35.01,2026-04-03
CUST-100533,Customer 0533,Europe,Starter,35,30.19,2020-12-30
CUST-100534,Customer 0534,Europe,Business,14,116.44,2022-04-24
CUST-100535,Customer 0535,Europe,Business,35,156.95,2026-04-03
CUST-100536,Customer 0536,Europe,Professional,36,72.36,2021-10-26
CUST-100537,Customer 0537,Middle East,Professional,28,76.05,2025-06-07
CUST-100538,Customer 0538,India,Starter,7,37.52,2025-09-05
CUST-100539,Customer 0539,APAC,Professional,27,64.58,2025-11-04
CUST-100540,Customer 0540,North America,Professional,46,83.57,2021-04-29
CUST-100541,Customer 0541,APAC,Starter,67,28.02,2023-05-19
CUST-100542,Customer 0542,North America,Starter,60,35.38,2025-10-05
CUST-100543,Customer 0543,APAC,Business,62,183.78,2023-05-19
CUST-100544,Customer 0544,North America,Business,10,205.14,2022-08-22
CUST-100545,Customer 0545,APAC,Business,30,150.77,2020-10-01
CUST-100546,Customer 0546,Middle East,Professional,40,81.03,2022-07-23
CUST-100547,Customer 0547,Middle East,Starter,15,32.27,2026-05-03
CUST-100548,Customer 0548,Europe,Enterprise,29,459.57,2023-07-18
CUST-100549,Customer 0549,North America,Business,15,160.07,2024-08-11
CUST-100550,Customer 0550,India,Enterprise,51,417.81,2022-11-20
CUST-100551,Customer 0551,India,Professional,5,75.33,2025-06-07
CUST-100552,Customer 0552,Europe,Professional,47,75.47,2023-05-19
CUST-100553,Customer 0553,Middle East,Professional,53,79.93,2021-08-27
CUST-100554,Customer 0554,North America,Starter,39,36.72,2021-01-29
CUST-100555,Customer 0555,APAC,Business,66,180.38,2025-09-05
CUST-100556,Customer 0556,Middle East,Business,31,186.85,2021-01-29
CUST-100557,Customer 0557,Middle East,Business,13,134.2,2022-10-21
CUST-100558,Customer 0558,Europe,Business,25,156.9,2022-01-24
CUST-100559,Customer 0559,Middle East,Business,17,187.35,2023-02-18
CUST-100560,Customer 0560,APAC,Business,45,146.06,2024-01-14
CUST-100561,Customer 0561,North America,Professional,71,90.61,2026-01-03
CUST-100562,Customer 0562,India,Starter,20,34.79,2025-06-07
CUST-100563,Customer 0563,India,Business,59,184.92,2022-01-24
CUST-100564,Customer 0564,North America,Business,20,186.62,2021-09-26
CUST-100565,Customer 0565,North America,Professional,27,76.93,2025-07-07
CUST-100566,Customer 0566,India,Starter,64,37.66,2024-03-14
CUST-100567,Customer 0567,North America,Business,51,157.36,2025-05-08
CUST-100568,Customer 0568,APAC,Professional,54,97.76,2021-11-25
CUST-100569,Customer 0569,Middle East,Professional,23,76.47,2025-01-08
CUST-100570,Customer 0570,North America,Professional,68,80.17,2020-12-30
CUST-100571,Customer 0571,APAC,Professional,65,89.01,2022-09-21
CUST-100572,Customer 0572,Middle East,Starter,49,37.03,2024-04-13
CUST-100573,Customer 0573,APAC,Starter,19,34.09,2023-06-18
CUST-100574,Customer 0574,Europe,Enterprise,45,318.8,2026-02-02
CUST-100575,Customer 0575,India,Professional,72,58.8,2022-04-24
CUST-100576,Customer 0576,APAC,Enterprise,21,498.29,2022-03-25
CUST-100577,Customer 0577,Middle East,Business,72,137.08,2024-02-13
CUST-100578,Customer 0578,North America,Business,66,153.63,2021-06-28
CUST-100579,Customer 0579,North America,Business,20,153.16,2022-10-21
CUST-100580,Customer 0580,North America,Starter,32,32.17,2021-07-28
CUST-100581,Customer 0581,North America,Professional,49,77.59,2022-01-24
CUST-100582,Customer 0582,APAC,Enterprise,59,392.49,2023-10-16
CUST-100583,Customer 0583,Europe,Enterprise,16,397.07,2025-08-06
CUST-100584,Customer 0584,Europe,Enterprise,19,433.03,2026-01-03
CUST-100585,Customer 0585,Middle East,Professional,13,61.93,2024-11-09
CUST-100586,Customer 0586,North America,Professional,34,77.53,2024-09-10
CUST-100587,Customer 0587,North America,Business,45,169.06,2025-07-07
CUST-100588,Customer 0588,India,Business,35,148.38,2026-02-02
CUST-100589,Customer 0589,Europe,Professional,28,68.5,2021-10-26
CUST-100590,Customer 0590,Middle East,Business,33,163.43,2023-12-15
CUST-100591,Customer 0591,India,Business,21,169.0,2025-04-08
CUST-100592,Customer 0592,Europe,Starter,42,33.75,2026-05-03
CUST-100593,Customer 0593,APAC,Business,23,137.45,2021-04-29
CUST-100594,Customer 0594,APAC,Business,63,134.84,2025-09-05
CUST-100595,Customer 0595,North America,Business,48,156.61,2022-10-21
CUST-100596,Customer 0596,Europe,Professional,60,75.59,2021-12-25
CUST-100597,Customer 0597,North America,Starter,21,40.47,2020-12-30
CUST-100598,Customer 0598,Middle East,Professional,44,71.39,2023-03-20
CUST-100599,Customer 0599,India,Professional,8,65.37,2021-01-29
CUST-100600,Customer 0600,North America,Enterprise,65,333.84,2023-12-15
CUST-100601,Customer 0601,Europe,Business,17,145.79,2025-05-08
CUST-100602,Customer 0602,Middle East,Professional,51,78.27,2025-01-08
CUST-100603,Customer 0603,India,Professional,57,84.37,2024-09-10
CUST-100604,Customer 0604,APAC,Starter,47,35.0,2024-06-12
CUST-100605,Customer 0605,APAC,Professional,36,79.12,2024-12-09
CUST-100606,Customer 0606,Middle East,Professional,34,56.24,2024-05-13
CUST-100607,Customer 0607,Middle East,Starter,5,36.33,2021-07-28
CUST-100608,Customer 0608,India,Starter,7,34.49,2020-11-30
CUST-100609,Customer 0609,North America,Business,29,133.22,2021-04-29
CUST-100610,Customer 0610,North America,Starter,22,33.68,2021-07-28
CUST-100611,Customer 0611,Europe,Professional,36,81.21,2025-11-04
CUST-100612,Customer 0612,Europe,Professional,33,81.36,2025-01-08
CUST-100613,Customer 0613,Middle East,Professional,69,100.46,2025-03-09
CUST-100614,Customer 0614,Europe,Business,35,173.77,2023-03-20
CUST-100615,Customer 0615,Middle East,Starter,45,34.92,2024-10-10
CUST-100616,Customer 0616,Middle East,Professional,46,69.09,2026-02-02
CUST-100617,Customer 0617,APAC,Enterprise,17,429.23,2021-11-25
CUST-100618,Customer 0618,India,Professional,64,87.08,2022-05-24
CUST-100619,Customer 0619,Europe,Professional,60,81.57,2023-12-15
CUST-100620,Customer 0620,North America,Starter,59,37.18,2021-09-26
CUST-100621,Customer 0621,India,Starter,49,37.58,2022-07-23
CUST-100622,Customer 0622,APAC,Starter,21,39.61,2020-10-31
CUST-100623,Customer 0623,India,Business,41,142.35,2020-10-31
CUST-100624,Customer 0624,North America,Professional,9,79.75,2023-05-19
CUST-100625,Customer 0625,APAC,Starter,65,34.51,2023-07-18
CUST-100626,Customer 0626,North America,Professional,15,89.63,2023-10-16
CUST-100627,Customer 0627,APAC,Business,38,166.89,2025-01-08
CUST-100628,Customer 0628,North America,Professional,18,80.81,2023-09-16
CUST-100629,Customer 0629,North America,Professional,67,87.96,2023-04-19
CUST-100630,Customer 0630,Middle East,Starter,29,33.76,2023-08-17
CUST-100631,Customer 0631,Europe,Professional,70,95.28,2024-11-09
CUST-100632,Customer 0632,North America,Starter,11,41.36,2020-12-30
CUST-100633,Customer 0633,Europe,Business,13,173.92,2021-02-28
CUST-100634,Customer 0634,India,Starter,62,34.95,2021-04-29
CUST-100635,Customer 0635,Middle East,Professional,4,71.06,2020-10-01
CUST-100636,Customer 0636,India,Professional,38,89.4,2025-04-08
CUST-100637,Customer 0637,APAC,Professional,64,86.06,2023-07-18
CUST-100638,Customer 0638,APAC,Enterprise,58,395.59,2022-07-23
CUST-100639,Customer 0639,APAC,Business,20,179.96,2025-04-08
CUST-100640,Customer 0640,North America,Professional,22,74.09,2023-06-18
CUST-100641,Customer 0641,Europe,Enterprise,18,397.82,2023-08-17
CUST-100642,Customer 0642,India,Starter,62,38.87,2021-11-25
CUST-100643,Customer 0643,Middle East,Professional,21,81.04,2023-10-16
CUST-100644,Customer 0644,APAC,Professional,70,86.3,2023-07-18
CUST-100645,Customer 0645,Middle East,Starter,8,35.07,2021-04-29
CUST-100646,Customer 0646,Middle East,Business,44,157.95,2023-04-19
CUST-100647,Customer 0647,APAC,Business,28,148.19,2024-03-14
CUST-100648,Customer 0648,India,Starter,54,32.56,2023-10-16
CUST-100649,Customer 0649,India,Business,35,144.18,2021-11-25
CUST-100650,Customer 0650,North America,Professional,43,84.86,2023-01-19
CUST-100651,Customer 0651,Europe,Starter,54,41.79,2021-10-26
CUST-100652,Customer 0652,Europe,Professional,67,85.65,2022-05-24
CUST-100653,Customer 0653,Middle East,Starter,65,28.64,2025-02-07
CUST-100654,Customer 0654,APAC,Professional,21,80.69,2026-05-03
CUST-100655,Customer 0655,Middle East,Professional,53,86.28,2023-05-19
CUST-100656,Customer 0656,North America,Professional,50,97.88,2022-12-20
CUST-100657,Customer 0657,North America,Professional,6,71.88,2025-12-04
CUST-100658,Customer 0658,APAC,Professional,54,81.63,2025-04-08
CUST-100659,Customer 0659,India,Business,26,153.44,2023-09-16
CUST-100660,Customer 0660,Europe,Professional,48,66.65,2023-09-16
CUST-100661,Customer 0661,APAC,Professional,55,68.36,2022-05-24
CUST-100662,Customer 0662,North America,Professional,50,86.72,2023-04-19
CUST-100663,Customer 0663,India,Starter,63,33.57,2024-04-13
CUST-100664,Customer 0664,India,Professional,62,78.53,2025-02-07
CUST-100665,Customer 0665,North America,Business,47,131.61,2022-11-20
CUST-100666,Customer 0666,Middle East,Business,64,149.69,2025-05-08
CUST-100667,Customer 0667,APAC,Starter,53,32.78,2023-09-16
CUST-100668,Customer 0668,Europe,Professional,52,96.02,2021-08-27
CUST-100669,Customer 0669,North America,Business,52,148.83,2023-07-18
CUST-100670,Customer 0670,North America,Professional,72,70.54,2022-07-23
CUST-100671,Customer 0671,Europe,Business,6,144.88,2023-06-18
CUST-100672,Customer 0672,India,Professional,46,80.43,2025-12-04
CUST-100673,Customer 0673,North America,Professional,72,80.5,2026-04-03
CUST-100674,Customer 0674,APAC,Business,15,157.39,2025-04-08
CUST-100675,Customer 0675,Middle East,Starter,63,23.97,2023-09-16
CUST-100676,Customer 0676,APAC,Business,62,163.89,2022-07-23
CUST-100677,Customer 0677,APAC,Professional,44,63.66,2024-02-13
CUST-100678,Customer 0678,India,Starter,43,36.66,2022-06-23
CUST-100679,Customer 0679,Middle East,Enterprise,43,418.2,2026-02-02
CUST-100680,Customer 0680,Middle East,Starter,17,32.02,2025-08-06
CUST-100681,Customer 0681,Middle East,Professional,26,68.23,2022-10-21
CUST-100682,Customer 0682,India,Business,25,159.66,2021-01-29
CUST-100683,Customer 0683,APAC,Business,46,142.12,2022-04-24
CUST-100684,Customer 0684,APAC,Professional,24,74.88,2024-05-13
CUST-100685,Customer 0685,India,Business,32,138.22,2022-05-24
CUST-100686,Customer 0686,North America,Starter,15,41.45,2024-10-10
CUST-100687,Customer 0687,Europe,Starter,63,40.44,2024-10-10
CUST-100688,Customer 0688,India,Starter,27,41.08,2022-02-23
CUST-100689,Customer 0689,North America,Starter,25,33.63,2021-02-28
CUST-100690,Customer 0690,APAC,Professional,11,64.53,2026-02-02
CUST-100691,Customer 0691,Europe,Professional,28,77.1,2021-11-25
CUST-100692,Customer 0692,APAC,Professional,11,72.83,2023-07-18
CUST-100693,Customer 0693,North America,Professional,59,76.71,2020-10-31
CUST-100694,Customer 0694,North America,Professional,52,89.81,2024-03-14
CUST-100695,Customer 0695,India,Business,59,164.18,2026-02-02
CUST-100696,Customer 0696,India,Professional,27,79.06,2024-09-10
CUST-100697,Customer 0697,APAC,Starter,12,38.71,2020-10-01
CUST-100698,Customer 0698,APAC,Starter,26,35.72,2022-08-22
CUST-100699,Customer 0699,North America,Starter,44,38.6,2025-04-08
CUST-100700,Customer 0700,Middle East,Business,28,185.36,2024-10-10
CUST-100701,Customer 0701,India,Professional,40,73.5,2025-11-04
CUST-100702,Customer 0702,North America,Business,69,174.51,2023-12-15
CUST-100703,Customer 0703,North America,Starter,42,27.3,2021-06-28
CUST-100704,Customer 0704,Europe,Professional,29,73.62,2023-05-19
CUST-100705,Customer 0705,North America,Professional,61,52.89,2020-10-31
CUST-100706,Customer 0706,Middle East,Professional,56,100.51,2023-03-20
CUST-100707,Customer 0707,Middle East,Starter,26,37.0,2021-05-29
CUST-100708,Customer 0708,North America,Professional,66,65.93,2021-01-29
CUST-100709,Customer 0709,APAC,Professional,49,70.2,2022-03-25
CUST-100710,Customer 0710,APAC,Starter,23,36.14,2026-01-03
CUST-100711,Customer 0711,Europe,Business,14,169.3,2025-05-08
CUST-100712,Customer 0712,Middle East,Professional,5,74.98,2026-05-03
CUST-100713,Customer 0713,APAC,Starter,5,45.9,2025-12-04
CUST-100714,Customer 0714,APAC,Business,69,148.76,2023-09-16
CUST-100715,Customer 0715,India,Business,68,162.46,2024-06-12
CUST-100716,Customer 0716,Middle East,Professional,6,89.84,2022-08-22
CUST-100717,Customer 0717,APAC,Enterprise,54,425.23,2021-04-29
CUST-100718,Customer 0718,Middle East,Starter,20,33.38,2022-02-23
CUST-100719,Customer 0719,Middle East,Business,20,171.76,2024-05-13
CUST-100720,Customer 0720,India,Starter,17,37.5,2022-12-20
CUST-100721,Customer 0721,Europe,Professional,31,79.78,2022-01-24
CUST-100722,Customer 0722,Middle East,Starter,22,36.61,2025-12-04
CUST-100723,Customer 0723,APAC,Starter,19,32.36,2023-03-20
CUST-100724,Customer 0724,Middle East,Professional,9,84.69,2026-03-04
CUST-100725,Customer 0725,India,Professional,11,73.67,2025-07-07
CUST-100726,Customer 0726,Middle East,Starter,33,35.78,2024-03-14
CUST-100727,Customer 0727,Middle East,Professional,71,80.33,2023-12-15
CUST-100728,Customer 0728,Europe,Starter,22,39.58,2021-01-29
CUST-100729,Customer 0729,North America,Professional,58,83.86,2023-10-16
CUST-100730,Customer 0730,India,Professional,23,78.64,2021-06-28
CUST-100731,Customer 0731,Europe,Starter,19,31.79,2021-01-29
CUST-100732,Customer 0732,Europe,Business,58,190.41,2024-04-13
CUST-100733,Customer 0733,India,Starter,12,31.93,2024-12-09
CUST-100734,Customer 0734,Middle East,Starter,50,39.79,2022-02-23
CUST-100735,Customer 0735,North America,Business,3,154.18,2024-06-12
CUST-100736,Customer 0736,Europe,Business,67,180.51,2021-06-28
CUST-100737,Customer 0737,North America,Professional,57,91.64,2023-07-18
CUST-100738,Customer 0738,APAC,Professional,14,55.11,2020-12-30
CUST-100739,Customer 0739,Middle East,Starter,54,39.54,2020-12-30
CUST-100740,Customer 0740,India,Professional,36,95.0,2021-02-28
CUST-100741,Customer 0741,India,Professional,64,63.88,2026-03-04
CUST-100742,Customer 0742,Middle East,Professional,41,74.52,2024-06-12
CUST-100743,Customer 0743,India,Business,22,143.84,2020-10-31
CUST-100744,Customer 0744,APAC,Business,67,181.02,2023-09-16
CUST-100745,Customer 0745,India,Business,58,180.52,2025-06-07
CUST-100746,Customer 0746,Middle East,Starter,9,32.72,2024-08-11
CUST-100747,Customer 0747,India,Business,9,158.87,2021-08-27
CUST-100748,Customer 0748,Middle East,Professional,58,74.94,2020-10-01
CUST-100749,Customer 0749,India,Business,29,168.77,2023-08-17
CUST-100750,Customer 0750,North America,Professional,65,86.65,2023-05-19
CUST-100751,Customer 0751,Middle East,Professional,17,59.75,2022-09-21
CUST-100752,Customer 0752,APAC,Starter,8,32.76,2025-07-07
CUST-100753,Customer 0753,APAC,Professional,68,68.6,2021-04-29
CUST-100754,Customer 0754,North America,Business,68,169.07,2023-02-18
CUST-100755,Customer 0755,North America,Starter,23,33.76,2025-06-07
CUST-100756,Customer 0756,Europe,Professional,48,66.02,2023-05-19
CUST-100757,Customer 0757,India,Professional,56,63.64,2023-11-15
CUST-100758,Customer 0758,Europe,Professional,14,83.17,2024-10-10
CUST-100759,Customer 0759,Middle East,Starter,24,35.39,2022-09-21
CUST-100760,Customer 0760,APAC,Professional,16,72.95,2025-07-07
CUST-100761,Customer 0761,Europe,Starter,30,39.31,2022-06-23
CUST-100762,Customer 0762,Europe,Starter,3,29.01,2022-10-21
CUST-100763,Customer 0763,Middle East,Business,14,178.77,2023-03-20
CUST-100764,Customer 0764,Middle East,Starter,68,34.58,2024-08-11
CUST-100765,Customer 0765,Europe,Starter,10,35.19,2024-11-09
CUST-100766,Customer 0766,North America,Professional,16,72.68,2023-02-18
CUST-100767,Customer 0767,Middle East,Professional,64,66.79,2024-08-11
CUST-100768,Customer 0768,India,Business,71,157.53,2023-05-19
CUST-100769,Customer 0769,Europe,Starter,37,44.17,2020-10-01
CUST-100770,Customer 0770,Middle East,Starter,14,33.8,2025-11-04
CUST-100771,Customer 0771,Europe,Business,44,151.25,2021-04-29
CUST-100772,Customer 0772,Europe,Professional,35,67.7,2026-02-02
CUST-100773,Customer 0773,North America,Enterprise,61,357.88,2023-07-18
CUST-100774,Customer 0774,Europe,Professional,13,70.36,2024-10-10
CUST-100775,Customer 0775,APAC,Professional,11,78.89,2022-10-21
CUST-100776,Customer 0776,Europe,Starter,40,33.58,2023-04-19
CUST-100777,Customer 0777,North America,Professional,68,81.97,2023-08-17
CUST-100778,Customer 0778,Europe,Enterprise,29,438.58,2024-08-11
CUST-100779,Customer 0779,India,Business,33,166.43,2024-03-14
CUST-100780,Customer 0780,Middle East,Professional,7,81.81,2025-09-05
CUST-100781,Customer 0781,Europe,Starter,55,38.82,2025-12-04
CUST-100782,Customer 0782,Middle East,Professional,53,63.36,2023-03-20
CUST-100783,Customer 0783,India,Enterprise,57,361.39,2024-06-12
CUST-100784,Customer 0784,Europe,Professional,59,81.27,2021-11-25
CUST-100785,Customer 0785,North America,Business,33,154.19,2022-10-21
CUST-100786,Customer 0786,North America,Professional,14,75.54,2025-09-05
CUST-100787,Customer 0787,Europe,Business,18,122.33,2025-10-05
CUST-100788,Customer 0788,APAC,Enterprise,71,475.57,2021-02-28
CUST-100789,Customer 0789,Europe,Starter,32,32.4,2021-04-29
CUST-100790,Customer 0790,India,Business,6,152.33,2026-05-03
CUST-100791,Customer 0791,Europe,Professional,72,78.58,2024-05-13
CUST-100792,Customer 0792,Europe,Enterprise,55,422.33,2021-07-28
CUST-100793,Customer 0793,India,Professional,48,65.35,2023-04-19
CUST-100794,Customer 0794,Europe,Professional,3,76.89,2024-08-11
CUST-100795,Customer 0795,North America,Professional,59,67.94,2020-10-01
CUST-100796,Customer 0796,APAC,Business,18,195.64,2023-11-15
CUST-100797,Customer 0797,Europe,Enterprise,57,395.33,2021-03-30
CUST-100798,Customer 0798,North America,Enterprise,53,311.32,2021-12-25
CUST-100799,Customer 0799,Europe,Professional,55,79.89,2024-04-13
CUST-100800,Customer 0800,North America,Business,44,144.23,2024-06-12
CUST-100801,Customer 0801,Europe,Starter,40,37.55,2024-11-09
CUST-100802,Customer 0802,Europe,Professional,8,97.38,2022-05-24
CUST-100803,Customer 0803,APAC,Business,5,147.89,2026-05-03
CUST-100804,Customer 0804,Europe,Business,34,127.72,2023-01-19
CUST-100805,Customer 0805,India,Starter,53,29.5,2021-04-29
CUST-100806,Customer 0806,APAC,Professional,30,74.42,2024-03-14
CUST-100807,Customer 0807,North America,Professional,64,69.01,2026-05-03
CUST-100808,Customer 0808,North America,Professional,44,83.57,2024-03-14
CUST-100809,Customer 0809,APAC,Professional,5,81.54,2023-07-18
CUST-100810,Customer 0810,Europe,Starter,26,41.29,2026-04-03
CUST-100811,Customer 0811,APAC,Enterprise,38,442.74,2021-09-26
CUST-100812,Customer 0812,Europe,Business,11,165.19,2024-08-11
CUST-100813,Customer 0813,Europe,Enterprise,12,569.13,2025-03-09
CUST-100814,Customer 0814,Middle East,Starter,52,42.59,2023-10-16
CUST-100815,Customer 0815,India,Professional,68,72.9,2020-10-01
CUST-100816,Customer 0816,Middle East,Business,12,154.53,2023-08-17
CUST-100817,Customer 0817,North America,Professional,3,83.07,2022-04-24
CUST-100818,Customer 0818,Europe,Professional,15,83.21,2026-01-03
CUST-100819,Customer 0819,India,Starter,52,37.97,2022-08-22
CUST-100820,Customer 0820,APAC,Business,17,154.63,2024-12-09
CUST-100821,Customer 0821,North America,Professional,64,91.49,2022-04-24
CUST-100822,Customer 0822,APAC,Business,9,172.87,2025-09-05
CUST-100823,Customer 0823,APAC,Professional,13,83.97,2025-02-07
CUST-100824,Customer 0824,Europe,Starter,69,33.59,2021-02-28
CUST-100825,Customer 0825,India,Business,22,193.13,2021-10-26
CUST-100826,Customer 0826,India,Professional,44,82.56,2024-11-09
CUST-100827,Customer 0827,APAC,Professional,56,82.22,2020-10-01
CUST-100828,Customer 0828,APAC,Starter,40,29.35,2020-11-30
CUST-100829,Customer 0829,APAC,Business,68,139.78,2022-11-20
CUST-100830,Customer 0830,India,Starter,32,31.91,2024-10-10
CUST-100831,Customer 0831,North America,Business,18,136.61,2026-05-03
CUST-100832,Customer 0832,India,Starter,50,39.04,2022-11-20
CUST-100833,Customer 0833,India,Professional,39,72.96,2021-12-25
CUST-100834,Customer 0834,APAC,Starter,26,41.76,2020-09-01
CUST-100835,Customer 0835,APAC,Professional,52,83.0,2024-04-13
CUST-100836,Customer 0836,APAC,Starter,27,40.83,2020-10-31
CUST-100837,Customer 0837,North America,Starter,19,33.85,2022-08-22
CUST-100838,Customer 0838,Middle East,Professional,62,80.17,2024-07-12
CUST-100839,Customer 0839,Middle East,Professional,41,85.53,2022-11-20
CUST-100840,Customer 0840,APAC,Business,66,91.91,2024-09-10
CUST-100841,Customer 0841,Middle East,Business,17,164.52,2022-09-21
CUST-100842,Customer 0842,APAC,Professional,13,97.56,2021-12-25
CUST-100843,Customer 0843,North America,Professional,58,78.58,2023-11-15
CUST-100844,Customer 0844,APAC,Business,46,138.99,2026-03-04
CUST-100845,Customer 0845,North America,Starter,35,30.87,2021-03-30
CUST-100846,Customer 0846,North America,Enterprise,54,360.28,2024-11-09
CUST-100847,Customer 0847,India,Starter,26,35.81,2023-08-17
CUST-100848,Customer 0848,Middle East,Starter,60,37.05,2023-09-16
CUST-100849,Customer 0849,Middle East,Business,61,146.3,2023-06-18
CUST-100850,Customer 0850,North America,Professional,34,47.31,2025-04-08
CUST-100851,Customer 0851,North America,Professional,40,91.65,2024-01-14
CUST-100852,Customer 0852,APAC,Professional,40,73.67,2024-09-10
CUST-100853,Customer 0853,India,Professional,5,79.81,2024-05-13
CUST-100854,Customer 0854,North America,Professional,23,92.79,2024-11-09
CUST-100855,Customer 0855,Europe,Professional,4,70.04,2025-08-06
CUST-100856,Customer 0856,India,Starter,22,37.34,2023-02-18
CUST-100857,Customer 0857,Europe,Professional,34,92.52,2021-06-28
CUST-100858,Customer 0858,Europe,Business,24,166.96,2024-12-09
CUST-100859,Customer 0859,APAC,Business,59,161.95,2025-11-04
CUST-100860,Customer 0860,Europe,Business,25,150.87,2021-07-28
CUST-100861,Customer 0861,APAC,Starter,31,34.65,2022-06-23
CUST-100862,Customer 0862,APAC,Professional,48,71.54,2024-07-12
CUST-100863,Customer 0863,India,Business,29,167.16,2021-08-27
CUST-100864,Customer 0864,APAC,Starter,27,29.63,2023-11-15
CUST-100865,Customer 0865,Middle East,Starter,69,37.63,2022-05-24
CUST-100866,Customer 0866,Middle East,Starter,25,38.53,2024-11-09
CUST-100867,Customer 0867,Europe,Starter,4,33.23,2023-12-15
CUST-100868,Customer 0868,North America,Enterprise,24,428.16,2023-08-17
CUST-100869,Customer 0869,India,Professional,20,76.56,2023-11-15
CUST-100870,Customer 0870,Europe,Professional,27,79.01,2023-01-19
CUST-100871,Customer 0871,APAC,Enterprise,69,454.59,2022-04-24
CUST-100872,Customer 0872,India,Professional,40,78.78,2023-02-18
CUST-100873,Customer 0873,APAC,Professional,69,74.57,2021-12-25
CUST-100874,Customer 0874,India,Professional,50,78.15,2025-07-07
CUST-100875,Customer 0875,Middle East,Business,67,129.31,2024-02-13
CUST-100876,Customer 0876,APAC,Enterprise,26,382.83,2021-09-26
CUST-100877,Customer 0877,Middle East,Professional,40,82.34,2024-04-13
CUST-100878,Customer 0878,Europe,Starter,26,38.47,2023-08-17
CUST-100879,Customer 0879,Europe,Business,70,129.89,2021-03-30
CUST-100880,Customer 0880,North America,Professional,6,77.95,2022-01-24
CUST-100881,Customer 0881,APAC,Starter,54,32.67,2020-09-01
CUST-100882,Customer 0882,Middle East,Professional,58,97.57,2022-02-23
CUST-100883,Customer 0883,India,Business,12,177.09,2025-11-04
CUST-100884,Customer 0884,Europe,Business,64,168.1,2024-08-11
CUST-100885,Customer 0885,Middle East,Starter,16,35.14,2025-07-07
CUST-100886,Customer 0886,Middle East,Business,6,111.57,2021-08-27
CUST-100887,Customer 0887,Europe,Starter,62,35.07,2023-04-19
CUST-100888,Customer 0888,India,Business,72,153.7,2020-11-30
CUST-100889,Customer 0889,Europe,Professional,3,72.37,2022-03-25
CUST-100890,Customer 0890,North America,Enterprise,37,415.82,2022-10-21
CUST-100891,Customer 0891,India,Professional,62,72.74,2022-07-23
CUST-100892,Customer 0892,Europe,Professional,30,66.07,2024-09-10
CUST-100893,Customer 0893,Europe,Starter,11,38.84,2022-07-23
CUST-100894,Customer 0894,APAC,Professional,68,88.74,2024-12-09
CUST-100895,Customer 0895,Middle East,Starter,59,35.44,2021-07-28
CUST-100896,Customer 0896,Europe,Professional,12,81.61,2023-06-18
CUST-100897,Customer 0897,Middle East,Starter,37,34.53,2020-12-30
CUST-100898,Customer 0898,APAC,Professional,60,94.93,2021-06-28
CUST-100899,Customer 0899,Europe,Starter,39,37.01,2023-01-19
CUST-100900,Customer 0900,Middle East,Professional,57,94.49,2024-01-14
CUST-100901,Customer 0901,North America,Professional,67,61.48,2020-10-31
CUST-100902,Customer 0902,Middle East,Business,51,159.6,2025-12-04
CUST-100903,Customer 0903,APAC,Professional,22,82.65,2025-07-07
CUST-100904,Customer 0904,Europe,Professional,16,95.09,2025-05-08
CUST-100905,Customer 0905,North America,Business,61,169.38,2026-05-03
CUST-100906,Customer 0906,Europe,Starter,8,31.43,2021-06-28
CUST-100907,Customer 0907,North America,Professional,49,82.93,2025-11-04
CUST-100908,Customer 0908,APAC,Starter,71,28.47,2020-10-31
CUST-100909,Customer 0909,Middle East,Enterprise,66,444.27,2021-07-28
CUST-100910,Customer 0910,India,Professional,68,72.66,2026-03-04
CUST-100911,Customer 0911,APAC,Professional,24,75.86,2024-07-12
CUST-100912,Customer 0912,North America,Starter,42,38.28,2021-02-28
CUST-100913,Customer 0913,North America,Professional,39,64.53,2025-08-06
CUST-100914,Customer 0914,APAC,Business,66,173.29,2024-12-09
CUST-100915,Customer 0915,North America,Business,20,151.38,2026-05-03
CUST-100916,Customer 0916,North America,Professional,31,77.63,2023-11-15
CUST-100917,Customer 0917,APAC,Professional,42,76.59,2025-09-05
CUST-100918,Customer 0918,North America,Business,13,164.62,2022-04-24
CUST-100919,Customer 0919,Middle East,Enterprise,39,351.49,2021-03-30
CUST-100920,Customer 0920,Europe,Business,67,156.26,2023-06-18
CUST-100921,Customer 0921,North America,Enterprise,8,483.72,2023-03-20
CUST-100922,Customer 0922,India,Business,7,172.04,2022-01-24
CUST-100923,Customer 0923,APAC,Business,14,186.11,2022-11-20
CUST-100924,Customer 0924,India,Starter,59,37.05,2024-10-10
CUST-100925,Customer 0925,Europe,Professional,67,58.5,2022-01-24
CUST-100926,Customer 0926,Middle East,Professional,70,85.86,2023-07-18
CUST-100927,Customer 0927,India,Starter,64,31.34,2023-09-16
CUST-100928,Customer 0928,Middle East,Starter,64,38.75,2025-08-06
CUST-100929,Customer 0929,APAC,Enterprise,61,406.87,2025-12-04
CUST-100930,Customer 0930,India,Starter,27,40.08,2022-05-24
CUST-100931,Customer 0931,India,Professional,12,68.55,2024-07-12
CUST-100932,Customer 0932,North America,Starter,24,34.39,2023-10-16
CUST-100933,Customer 0933,APAC,Business,59,173.95,2023-11-15
CUST-100934,Customer 0934,Middle East,Professional,57,68.95,2023-10-16
CUST-100935,Customer 0935,APAC,Professional,5,76.7,2022-11-20
CUST-100936,Customer 0936,India,Business,62,141.12,2021-08-27
CUST-100937,Customer 0937,Europe,Starter,18,44.62,2021-11-25
CUST-100938,Customer 0938,India,Business,53,166.44,2024-07-12
CUST-100939,Customer 0939,Middle East,Business,57,161.12,2023-02-18
CUST-100940,Customer 0940,APAC,Starter,64,34.0,2024-08-11
CUST-100941,Customer 0941,North America,Starter,72,26.19,2022-07-23
CUST-100942,Customer 0942,North America,Professional,5,81.59,2022-04-24
CUST-100943,Customer 0943,Middle East,Professional,33,78.45,2022-09-21
CUST-100944,Customer 0944,APAC,Professional,51,79.66,2023-05-19
CUST-100945,Customer 0945,North America,Starter,24,33.76,2024-01-14
CUST-100946,Customer 0946,Middle East,Professional,58,82.72,2023-06-18
CUST-100947,Customer 0947,APAC,Business,72,141.84,2021-11-25
CUST-100948,Customer 0948,North America,Business,57,164.52,2021-04-29
CUST-100949,Customer 0949,North America,Starter,18,43.29,2023-06-18
CUST-100950,Customer 0950,APAC,Starter,53,39.21,2025-09-05
CUST-100951,Customer 0951,India,Professional,45,78.97,2021-08-27
CUST-100952,Customer 0952,Middle East,Professional,36,76.37,2022-09-21
CUST-100953,Customer 0953,India,Starter,70,31.77,2026-03-04
CUST-100954,Customer 0954,India,Professional,63,79.67,2021-03-30
CUST-100955,Customer 0955,Europe,Professional,4,72.96,2022-10-21
CUST-100956,Customer 0956,Europe,Starter,25,33.89,2026-03-04
CUST-100957,Customer 0957,North America,Starter,48,37.79,2023-03-20
CUST-100958,Customer 0958,Middle East,Professional,41,76.9,2022-05-24
CUST-100959,Customer 0959,India,Professional,46,59.76,2021-05-29
CUST-100960,Customer 0960,North America,Professional,16,81.94,2024-01-14
CUST-100961,Customer 0961,Europe,Starter,36,31.48,2025-01-08
CUST-100962,Customer 0962,Europe,Starter,47,32.8,2024-08-11
CUST-100963,Customer 0963,Middle East,Professional,19,101.85,2024-05-13
CUST-100964,Customer 0964,APAC,Professional,50,70.44,2021-12-25
CUST-100965,Customer 0965,Europe,Professional,71,99.8,2025-10-05
CUST-100966,Customer 0966,APAC,Professional,64,89.98,2021-04-29
CUST-100967,Customer 0967,Europe,Starter,38,30.61,2025-01-08
CUST-100968,Customer 0968,Middle East,Professional,37,88.48,2022-04-24
CUST-100969,Customer 0969,North America,Professional,5,81.62,2022-08-22
CUST-100970,Customer 0970,Middle East,Professional,54,76.04,2021-08-27
CUST-100971,Customer 0971,North America,Starter,21,34.01,2021-07-28
CUST-100972,Customer 0972,Europe,Starter,44,33.62,2021-11-25
CUST-100973,Customer 0973,Europe,Starter,16,35.08,2022-04-24
CUST-100974,Customer 0974,APAC,Business,29,200.03,2024-01-14
CUST-100975,Customer 0975,India,Professional,45,90.23,2021-06-28
CUST-100976,Customer 0976,Middle East,Starter,25,40.8,2023-03-20
CUST-100977,Customer 0977,North America,Professional,61,88.9,2025-03-09
CUST-100978,Customer 0978,North America,Enterprise,63,384.39,2025-09-05
CUST-100979,Customer 0979,Europe,Starter,10,39.84,2024-10-10
CUST-100980,Customer 0980,Europe,Professional,29,74.52,2025-08-06
CUST-100981,Customer 0981,India,Starter,9,29.25,2025-05-08
CUST-100982,Customer 0982,APAC,Starter,71,39.56,2020-12-30
CUST-100983,Customer 0983,APAC,Starter,41,27.31,2023-12-15
CUST-100984,Customer 0984,India,Business,45,181.4,2023-07-18
CUST-100985,Customer 0985,North America,Professional,42,88.86,2026-02-02
CUST-100986,Customer 0986,APAC,Business,57,181.41,2022-11-20
CUST-100987,Customer 0987,Europe,Professional,32,88.64,2022-07-23
CUST-100988,Customer 0988,APAC,Business,6,146.6,2023-10-16
CUST-100989,Customer 0989,APAC,Starter,3,31.95,2021-10-26
CUST-100990,Customer 0990,India,Professional,52,69.17,2021-09-26
CUST-100991,Customer 0991,Europe,Enterprise,45,408.68,2023-08-17
CUST-100992,Customer 0992,India,Professional,18,93.64,2024-01-14
CUST-100993,Customer 0993,North America,Business,14,153.83,2020-12-30
CUST-100994,Customer 0994,APAC,Professional,28,85.24,2024-04-13
CUST-100995,Customer 0995,North America,Business,47,147.99,2025-04-08
CUST-100996,Customer 0996,North America,Starter,34,40.1,2025-03-09
CUST-100997,Customer 0997,Europe,Business,48,144.85,2021-01-29
CUST-100998,Customer 0998,India,Enterprise,41,420.51,2025-03-09
CUST-100999,Customer 0999,Europe,Enterprise,52,434.97,2025-09-05
CUST-101000,Customer 1000,India,Professional,14,60.49,2022-09-21
CUST-101001,Customer 1001,North America,Professional,14,85.39,2023-01-19
CUST-101002,Customer 1002,APAC,Professional,56,74.82,2025-11-04
CUST-101003,Customer 1003,Middle East,Professional,13,71.53,2022-02-23
CUST-101004,Customer 1004,North America,Professional,7,66.12,2025-10-05
CUST-101005,Customer 1005,North America,Professional,50,79.92,2025-10-05
CUST-101006,Customer 1006,India,Professional,10,66.34,2022-10-21
CUST-101007,Customer 1007,North America,Starter,14,26.19,2024-08-11
CUST-101008,Customer 1008,India,Business,37,157.55,2025-10-05
CUST-101009,Customer 1009,APAC,Business,70,164.77,2024-12-09
CUST-101010,Customer 1010,India,Professional,53,72.64,2024-01-14
CUST-101011,Customer 1011,India,Starter,7,32.46,2024-06-12
CUST-101012,Customer 1012,Middle East,Starter,49,32.5,2025-01-08
CUST-101013,Customer 1013,Middle East,Business,55,148.19,2025-12-04
CUST-101014,Customer 1014,Europe,Business,64,152.59,2024-03-14
CUST-101015,Customer 1015,Middle East,Starter,69,39.2,2025-05-08
CUST-101016,Customer 1016,Europe,Professional,59,71.62,2024-05-13
CUST-101017,Customer 1017,India,Professional,54,83.47,2022-12-20
CUST-101018,Customer 1018,North America,Starter,32,39.69,2022-08-22
CUST-101019,Customer 1019,North America,Business,71,169.09,2022-09-21
CUST-101020,Customer 1020,Europe,Professional,53,66.69,2023-02-18
CUST-101021,Customer 1021,North America,Professional,24,80.49,2026-04-03
CUST-101022,Customer 1022,Middle East,Business,58,188.9,2022-04-24
CUST-101023,Customer 1023,North America,Starter,44,30.16,2025-08-06
CUST-101024,Customer 1024,North America,Starter,39,37.08,2022-10-21
CUST-101025,Customer 1025,Europe,Enterprise,47,384.32,2025-01-08
CUST-101026,Customer 1026,Middle East,Enterprise,49,444.5,2023-06-18
CUST-101027,Customer 1027,APAC,Professional,26,72.85,2023-02-18
CUST-101028,Customer 1028,Middle East,Business,60,166.6,2025-09-05
CUST-101029,Customer 1029,Middle East,Professional,30,90.98,2024-07-12
CUST-101030,Customer 1030,Middle East,Professional,3,96.5,2026-05-03
CUST-101031,Customer 1031,India,Professional,46,78.63,2026-04-03
CUST-101032,Customer 1032,APAC,Professional,38,71.82,2026-05-03
CUST-101033,Customer 1033,APAC,Professional,42,71.99,2022-06-23
CUST-101034,Customer 1034,India,Starter,16,39.38,2021-02-28
CUST-101035,Customer 1035,India,Business,52,159.75,2026-04-03
CUST-101036,Customer 1036,APAC,Professional,10,82.83,2025-11-04
CUST-101037,Customer 1037,North America,Professional,10,66.85,2022-03-25
CUST-101038,Customer 1038,APAC,Starter,62,26.97,2023-12-15
CUST-101039,Customer 1039,North America,Business,32,168.66,2022-02-23
CUST-101040,Customer 1040,India,Starter,15,36.84,2023-04-19
CUST-101041,Customer 1041,North America,Professional,11,71.3,2023-10-16
CUST-101042,Customer 1042,Middle East,Business,12,159.82,2025-11-04
CUST-101043,Customer 1043,North America,Enterprise,18,352.52,2020-09-01
CUST-101044,Customer 1044,India,Starter,66,29.31,2025-05-08
CUST-101045,Customer 1045,India,Professional,24,76.59,2023-11-15
CUST-101046,Customer 1046,APAC,Professional,63,74.37,2021-10-26
CUST-101047,Customer 1047,India,Business,17,156.32,2025-01-08
CUST-101048,Customer 1048,APAC,Enterprise,50,375.74,2025-04-08
CUST-101049,Customer 1049,North America,Professional,52,70.7,2025-05-08
CUST-101050,Customer 1050,North America,Starter,67,34.1,2024-03-14
CUST-101051,Customer 1051,APAC,Professional,61,98.87,2025-11-04
CUST-101052,Customer 1052,India,Business,71,186.2,2025-11-04
CUST-101053,Customer 1053,Middle East,Starter,23,39.85,2026-05-03
CUST-101054,Customer 1054,Middle East,Professional,64,88.44,2022-12-20
CUST-101055,Customer 1055,APAC,Starter,43,35.96,2021-02-28
CUST-101056,Customer 1056,North America,Starter,8,38.25,2024-10-10
CUST-101057,Customer 1057,Europe,Professional,31,93.42,2024-05-13
CUST-101058,Customer 1058,India,Starter,49,35.73,2023-01-19
CUST-101059,Customer 1059,Middle East,Business,13,187.46,2024-04-13
CUST-101060,Customer 1060,Europe,Business,56,187.98,2022-10-21
CUST-101061,Customer 1061,India,Professional,49,71.09,2023-06-18
CUST-101062,Customer 1062,India,Business,23,183.07,2024-03-14
CUST-101063,Customer 1063,APAC,Professional,29,88.53,2025-09-05
CUST-101064,Customer 1064,Europe,Starter,13,34.47,2021-04-29
CUST-101065,Customer 1065,APAC,Enterprise,56,389.85,2020-12-30
CUST-101066,Customer 1066,India,Professional,47,59.35,2021-06-28
CUST-101067,Customer 1067,India,Business,38,175.57,2021-03-30
CUST-101068,Customer 1068,APAC,Professional,68,64.38,2021-04-29
CUST-101069,Customer 1069,India,Professional,52,71.31,2025-04-08
CUST-101070,Customer 1070,North America,Starter,66,31.85,2023-10-16
CUST-101071,Customer 1071,Europe,Professional,15,75.53,2025-10-05
CUST-101072,Customer 1072,APAC,Starter,41,36.48,2021-08-27
CUST-101073,Customer 1073,Middle East,Business,57,212.42,2023-07-18
CUST-101074,Customer 1074,India,Starter,45,36.25,2023-03-20
CUST-101075,Customer 1075,Europe,Starter,53,40.91,2026-03-04
CUST-101076,Customer 1076,Middle East,Business,35,150.27,2024-03-14
CUST-101077,Customer 1077,Europe,Business,9,163.64,2023-06-18
CUST-101078,Customer 1078,India,Starter,18,35.34,2022-11-20
CUST-101079,Customer 1079,APAC,Professional,40,82.85,2020-11-30
CUST-101080,Customer 1080,India,Professional,28,89.79,2022-02-23
CUST-101081,Customer 1081,APAC,Professional,56,66.98,2024-05-13
CUST-101082,Customer 1082,Middle East,Professional,59,94.98,2023-09-16
CUST-101083,Customer 1083,Middle East,Starter,48,35.03,2026-02-02
CUST-101084,Customer 1084,Europe,Professional,4,80.1,2021-07-28
CUST-101085,Customer 1085,Europe,Professional,43,86.13,2024-04-13
CUST-101086,Customer 1086,North America,Business,42,187.05,2024-07-12
CUST-101087,Customer 1087,North America,Professional,72,70.28,2024-02-13
CUST-101088,Customer 1088,India,Professional,59,87.43,2022-07-23
CUST-101089,Customer 1089,APAC,Business,53,145.42,2022-12-20
CUST-101090,Customer 1090,North America,Starter,35,31.95,2022-08-22
CUST-101091,Customer 1091,North America,Business,66,133.34,2023-01-19
CUST-101092,Customer 1092,APAC,Professional,39,94.51,2024-05-13
CUST-101093,Customer 1093,India,Business,68,197.33,2023-06-18
CUST-101094,Customer 1094,Middle East,Business,34,168.74,2023-09-16
CUST-101095,Customer 1095,North America,Professional,31,60.57,2022-08-22
CUST-101096,Customer 1096,Europe,Professional,67,81.1,2023-09-16
CUST-101097,Customer 1097,India,Business,23,144.62,2023-11-15
CUST-101098,Customer 1098,Europe,Starter,28,43.45,2023-08-17
CUST-101099,Customer 1099,Europe,Business,61,153.85,2021-04-29
CUST-101100,Customer 1100,North America,Professional,67,88.96,2024-09-10
CUST-101101,Customer 1101,Europe,Business,5,158.7,2025-12-04
CUST-101102,Customer 1102,Europe,Starter,49,33.52,2026-01-03
CUST-101103,Customer 1103,India,Professional,70,87.91,2026-01-03
CUST-101104,Customer 1104,North America,Professional,5,91.01,2020-12-30
CUST-101105,Customer 1105,India,Professional,4,69.82,2023-04-19
CUST-101106,Customer 1106,Middle East,Business,21,151.83,2022-04-24
CUST-101107,Customer 1107,APAC,Business,67,168.57,2022-10-21
CUST-101108,Customer 1108,APAC,Professional,14,67.63,2022-03-25
CUST-101109,Customer 1109,Europe,Professional,26,69.7,2022-08-22
CUST-101110,Customer 1110,India,Business,47,157.94,2022-04-24
CUST-101111,Customer 1111,India,Professional,6,67.9,2023-07-18
CUST-101112,Customer 1112,North America,Professional,11,93.91,2021-02-28
CUST-101113,Customer 1113,Middle East,Professional,23,72.15,2025-11-04
CUST-101114,Customer 1114,Europe,Starter,24,33.15,2023-09-16
CUST-101115,Customer 1115,APAC,Starter,16,35.89,2023-06-18
CUST-101116,Customer 1116,North America,Starter,36,29.32,2024-03-14
CUST-101117,Customer 1117,Middle East,Business,66,156.55,2021-03-30
CUST-101118,Customer 1118,Europe,Professional,70,78.89,2023-08-17
CUST-101119,Customer 1119,North America,Business,55,171.46,2020-10-01
CUST-101120,Customer 1120,India,Business,72,125.39,2025-12-04
CUST-101121,Customer 1121,North America,Professional,27,83.86,2024-11-09
CUST-101122,Customer 1122,Middle East,Starter,57,36.34,2024-09-10
CUST-101123,Customer 1123,Middle East,Starter,71,36.89,2024-04-13
CUST-101124,Customer 1124,India,Starter,13,33.21,2021-08-27
CUST-101125,Customer 1125,India,Business,33,151.73,2025-02-07
CUST-101126,Customer 1126,Europe,Starter,7,41.66,2024-01-14
CUST-101127,Customer 1127,Middle East,Professional,9,70.79,2021-10-26
CUST-101128,Customer 1128,North America,Professional,7,71.23,2022-01-24
CUST-101129,Customer 1129,India,Professional,63,74.03,2023-09-16
CUST-101130,Customer 1130,Europe,Professional,59,86.01,2021-11-25
CUST-101131,Customer 1131,India,Professional,48,83.76,2023-04-19
CUST-101132,Customer 1132,India,Professional,69,92.6,2023-09-16
CUST-101133,Customer 1133,North America,Enterprise,31,452.69,2020-10-01
CUST-101134,Customer 1134,Middle East,Professional,50,69.58,2026-05-03
CUST-101135,Customer 1135,India,Starter,16,31.43,2023-02-18
CUST-101136,Customer 1136,Europe,Professional,50,85.26,2025-11-04
CUST-101137,Customer 1137,North America,Starter,3,33.77,2024-02-13
CUST-101138,Customer 1138,Europe,Professional,25,63.27,2024-11-09
CUST-101139,Customer 1139,Middle East,Starter,63,37.03,2025-07-07
CUST-101140,Customer 1140,Europe,Business,18,147.35,2020-10-31
CUST-101141,Customer 1141,Middle East,Professional,51,90.86,2023-12-15
CUST-101142,Customer 1142,India,Enterprise,27,426.48,2025-02-07
CUST-101143,Customer 1143,Middle East,Professional,47,79.63,2022-04-24
CUST-101144,Customer 1144,Middle East,Professional,32,67.07,2024-03-14
CUST-101145,Customer 1145,Middle East,Business,42,134.51,2024-05-13
CUST-101146,Customer 1146,North America,Business,28,122.15,2026-04-03
CUST-101147,Customer 1147,India,Starter,71,44.64,2020-09-01
CUST-101148,Customer 1148,India,Professional,31,89.5,2023-03-20
CUST-101149,Customer 1149,APAC,Professional,44,70.5,2023-11-15
CUST-101150,Customer 1150,India,Professional,55,76.7,2024-02-13
CUST-101151,Customer 1151,North America,Professional,44,82.69,2022-08-22
CUST-101152,Customer 1152,North America,Starter,51,37.7,2024-07-12
CUST-101153,Customer 1153,Europe,Professional,67,72.22,2023-07-18
CUST-101154,Customer 1154,North America,Professional,18,84.8,2024-09-10
CUST-101155,Customer 1155,India,Professional,72,86.25,2024-04-13
CUST-101156,Customer 1156,Europe,Starter,27,40.41,2026-01-03
CUST-101157,Customer 1157,India,Enterprise,31,348.91,2023-11-15
CUST-101158,Customer 1158,APAC,Professional,33,76.04,2022-04-24
CUST-101159,Customer 1159,APAC,Starter,54,29.23,2024-06-12
CUST-101160,Customer 1160,India,Starter,27,38.31,2021-03-30
CUST-101161,Customer 1161,APAC,Starter,57,27.52,2025-05-08
CUST-101162,Customer 1162,APAC,Starter,37,35.93,2021-09-26
CUST-101163,Customer 1163,APAC,Starter,64,37.46,2024-07-12
CUST-101164,Customer 1164,Middle East,Starter,39,31.24,2026-03-04
CUST-101165,Customer 1165,India,Business,60,151.4,2025-07-07
CUST-101166,Customer 1166,Europe,Starter,60,32.61,2020-11-30
CUST-101167,Customer 1167,Middle East,Starter,38,39.39,2025-03-09
CUST-101168,Customer 1168,APAC,Business,55,151.56,2021-06-28
CUST-101169,Customer 1169,India,Starter,33,43.67,2020-10-01
CUST-101170,Customer 1170,APAC,Enterprise,51,435.57,2020-11-30
CUST-101171,Customer 1171,India,Professional,37,81.13,2022-10-21
CUST-101172,Customer 1172,APAC,Starter,53,36.92,2025-09-05
CUST-101173,Customer 1173,APAC,Starter,53,34.88,2021-04-29
CUST-101174,Customer 1174,Europe,Starter,23,35.15,2024-04-13
CUST-101175,Customer 1175,North America,Professional,48,82.44,2023-07-18
CUST-101176,Customer 1176,APAC,Professional,64,81.98,2021-08-27
CUST-101177,Customer 1177,India,Professional,47,74.21,2021-02-28
CUST-101178,Customer 1178,Middle East,Starter,59,38.04,2022-07-23
CUST-101179,Customer 1179,Europe,Business,10,130.31,2024-10-10
CUST-101180,Customer 1180,Middle East,Professional,39,72.74,2021-06-28
CUST-101181,Customer 1181,Middle East,Starter,38,33.69,2022-05-24
CUST-101182,Customer 1182,Middle East,Business,22,179.32,2025-06-07
CUST-101183,Customer 1183,Europe,Starter,53,26.48,2023-07-18
CUST-101184,Customer 1184,India,Professional,70,74.25,2021-11-25
CUST-101185,Customer 1185,India,Starter,59,37.28,2026-05-03
CUST-101186,Customer 1186,Middle East,Enterprise,30,413.69,2020-11-30
CUST-101187,Customer 1187,APAC,Business,16,208.06,2023-08-17
CUST-101188,Customer 1188,Middle East,Professional,62,71.77,2021-11-25
CUST-101189,Customer 1189,North America,Business,52,176.94,2021-12-25
CUST-101190,Customer 1190,Middle East,Starter,65,26.16,2022-10-21
CUST-101191,Customer 1191,APAC,Business,30,165.07,2022-01-24
CUST-101192,Customer 1192,Middle East,Professional,61,85.34,2024-04-13
CUST-101193,Customer 1193,Europe,Enterprise,41,481.73,2023-03-20
CUST-101194,Customer 1194,India,Starter,52,34.99,2024-05-13
CUST-101195,Customer 1195,North America,Professional,58,75.71,2021-02-28
CUST-101196,Customer 1196,India,Business,6,167.04,2020-10-31
CUST-101197,Customer 1197,North America,Professional,4,73.52,2021-04-29
CUST-101198,Customer 1198,Europe,Business,44,158.39,2024-07-12
CUST-101199,Customer 1199,Europe,Business,53,178.05,2022-12-20
CUST-101200,Customer 1200,India,Professional,29,86.29,2024-08-11
CUST-101201,Customer 1201,Middle East,Professional,30,97.82,2025-05-08
CUST-101202,Customer 1202,Europe,Starter,34,33.68,2021-10-26
CUST-101203,Customer 1203,Middle East,Starter,3,31.6,2023-12-15
CUST-101204,Customer 1204,India,Business,49,133.35,2023-05-19
CUST-101205,Customer 1205,APAC,Business,3,185.53,2022-10-21
CUST-101206,Customer 1206,North America,Professional,30,53.25,2025-06-07
CUST-101207,Customer 1207,Europe,Professional,30,78.14,2024-07-12
CUST-101208,Customer 1208,APAC,Business,60,164.27,2024-08-11
CUST-101209,Customer 1209,APAC,Professional,51,75.17,2022-04-24
CUST-101210,Customer 1210,Europe,Enterprise,32,397.2,2021-03-30
CUST-101211,Customer 1211,Middle East,Business,14,199.99,2024-12-09
CUST-101212,Customer 1212,Middle East,Professional,23,67.57,2026-04-03
CUST-101213,Customer 1213,Middle East,Professional,54,77.23,2020-10-01
CUST-101214,Customer 1214,North America,Starter,55,36.19,2023-07-18
CUST-101215,Customer 1215,APAC,Starter,71,34.02,2022-08-22
CUST-101216,Customer 1216,India,Professional,7,76.28,2021-01-29
CUST-101217,Customer 1217,India,Professional,44,70.8,2020-10-31
CUST-101218,Customer 1218,India,Professional,18,82.88,2020-11-30
CUST-101219,Customer 1219,Europe,Business,71,186.18,2022-12-20
CUST-101220,Customer 1220,North America,Professional,68,82.49,2025-09-05
CUST-101221,Customer 1221,Middle East,Starter,57,34.87,2022-12-20
CUST-101222,Customer 1222,India,Professional,6,96.42,2022-09-21
CUST-101223,Customer 1223,Europe,Professional,49,80.72,2024-09-10
CUST-101224,Customer 1224,North America,Business,5,167.07,2022-01-24
CUST-101225,Customer 1225,North America,Starter,54,33.41,2024-05-13
CUST-101226,Customer 1226,APAC,Professional,34,81.93,2022-10-21
CUST-101227,Customer 1227,Europe,Enterprise,46,420.81,2021-04-29
CUST-101228,Customer 1228,Middle East,Professional,30,83.57,2025-04-08
CUST-101229,Customer 1229,India,Professional,36,102.04,2024-06-12
CUST-101230,Customer 1230,North America,Enterprise,11,384.82,2022-09-21
CUST-101231,Customer 1231,North America,Professional,59,84.99,2022-08-22
CUST-101232,Customer 1232,APAC,Starter,16,37.59,2024-09-10
CUST-101233,Customer 1233,North America,Professional,50,89.17,2021-12-25
CUST-101234,Customer 1234,Europe,Professional,37,76.92,2021-09-26
CUST-101235,Customer 1235,Middle East,Business,21,176.83,2020-11-30
CUST-101236,Customer 1236,Europe,Enterprise,13,419.23,2020-12-30
CUST-101237,Customer 1237,India,Starter,8,34.58,2022-03-25
CUST-101238,Customer 1238,North America,Starter,15,38.3,2024-03-14
CUST-101239,Customer 1239,APAC,Starter,8,27.25,2023-06-18
CUST-101240,Customer 1240,Middle East,Professional,62,85.44,2025-06-07
CUST-101241,Customer 1241,APAC,Business,16,167.0,2022-07-23
CUST-101242,Customer 1242,Middle East,Professional,16,79.71,2026-04-03
CUST-101243,Customer 1243,Middle East,Starter,8,40.76,2022-08-22
CUST-101244,Customer 1244,Middle East,Enterprise,16,488.78,2023-03-20
CUST-101245,Customer 1245,APAC,Starter,5,36.29,2020-11-30
CUST-101246,Customer 1246,Europe,Starter,40,35.96,2024-04-13
CUST-101247,Customer 1247,Middle East,Business,53,158.43,2026-05-03
CUST-101248,Customer 1248,Europe,Business,13,159.21,2023-06-18
CUST-101249,Customer 1249,Europe,Enterprise,41,459.15,2021-12-25
CUST-101250,Customer 1250,Middle East,Starter,36,32.96,2022-09-21
CUST-101251,Customer 1251,Middle East,Business,40,163.14,2024-10-10
CUST-101252,Customer 1252,Middle East,Professional,55,78.9,2025-10-05
CUST-101253,Customer 1253,Europe,Professional,29,82.69,2024-12-09
CUST-101254,Customer 1254,Middle East,Professional,3,83.19,2021-11-25
CUST-101255,Customer 1255,Europe,Business,23,158.35,2025-11-04
CUST-101256,Customer 1256,North America,Starter,42,28.53,2021-12-25
CUST-101257,Customer 1257,Europe,Business,52,144.98,2021-03-30
CUST-101258,Customer 1258,APAC,Starter,9,39.87,2026-05-03
CUST-101259,Customer 1259,Middle East,Enterprise,46,476.61,2024-01-14
CUST-101260,Customer 1260,Middle East,Starter,3,32.56,2024-11-09
CUST-101261,Customer 1261,India,Business,55,164.6,2025-08-06
CUST-101262,Customer 1262,Europe,Professional,19,93.51,2024-03-14
CUST-101263,Customer 1263,North America,Professional,51,93.39,2023-02-18
CUST-101264,Customer 1264,Middle East,Professional,6,87.23,2022-08-22
CUST-101265,Customer 1265,Europe,Starter,68,37.6,2022-02-23
CUST-101266,Customer 1266,India,Starter,24,32.59,2025-11-04
CUST-101267,Customer 1267,North America,Professional,20,80.62,2024-02-13
CUST-101268,Customer 1268,APAC,Enterprise,35,423.01,2025-03-09
CUST-101269,Customer 1269,Europe,Starter,43,32.33,2021-11-25
CUST-101270,Customer 1270,Middle East,Professional,72,90.8,2026-03-04
CUST-101271,Customer 1271,North America,Professional,27,59.63,2024-08-11
CUST-101272,Customer 1272,India,Starter,46,35.2,2022-09-21
CUST-101273,Customer 1273,APAC,Business,20,177.5,2024-02-13
CUST-101274,Customer 1274,India,Starter,34,39.62,2020-10-01
CUST-101275,Customer 1275,North America,Professional,3,78.84,2023-11-15
CUST-101276,Customer 1276,Middle East,Professional,47,60.38,2021-11-25
CUST-101277,Customer 1277,India,Professional,52,89.73,2020-09-01
CUST-101278,Customer 1278,Europe,Business,23,135.04,2023-12-15
CUST-101279,Customer 1279,Europe,Professional,9,92.64,2025-10-05
CUST-101280,Customer 1280,Middle East,Starter,70,42.39,2024-11-09
CUST-101281,Customer 1281,Middle East,Professional,6,75.0,2023-05-19
CUST-101282,Customer 1282,India,Professional,6,71.72,2023-12-15
CUST-101283,Customer 1283,Middle East,Professional,35,76.09,2021-09-26
CUST-101284,Customer 1284,India,Enterprise,42,437.52,2022-12-20
CUST-101285,Customer 1285,APAC,Professional,10,88.67,2021-05-29
CUST-101286,Customer 1286,Europe,Business,4,152.64,2022-02-23
CUST-101287,Customer 1287,Middle East,Professional,56,66.84,2025-06-07
CUST-101288,Customer 1288,North America,Business,23,161.91,2021-08-27
CUST-101289,Customer 1289,India,Enterprise,44,499.41,2023-11-15
CUST-101290,Customer 1290,Europe,Professional,30,77.92,2022-03-25
CUST-101291,Customer 1291,APAC,Starter,53,35.47,2021-06-28
CUST-101292,Customer 1292,Middle East,Professional,65,69.08,2025-08-06
CUST-101293,Customer 1293,India,Starter,41,36.51,2023-09-16
CUST-101294,Customer 1294,North America,Starter,3,35.98,2024-03-14
CUST-101295,Customer 1295,North America,Professional,3,82.9,2022-07-23
CUST-101296,Customer 1296,Europe,Starter,10,36.82,2021-06-28
CUST-101297,Customer 1297,Europe,Business,12,121.77,2026-05-03
CUST-101298,Customer 1298,North America,Professional,35,71.93,2022-05-24
CUST-101299,Customer 1299,India,Business,5,140.52,2023-04-19
CUST-101300,Customer 1300,Europe,Professional,8,74.39,2024-02-13
CUST-101301,Customer 1301,India,Professional,19,67.6,2025-01-08
CUST-101302,Customer 1302,Europe,Starter,3,32.2,2026-02-02
CUST-101303,Customer 1303,APAC,Starter,71,37.34,2022-02-23
CUST-101304,Customer 1304,India,Enterprise,20,385.0,2021-02-28
CUST-101305,Customer 1305,Europe,Business,65,147.39,2022-06-23
CUST-101306,Customer 1306,APAC,Business,12,166.51,2021-03-30
CUST-101307,Customer 1307,North America,Business,30,155.99,2023-11-15
CUST-101308,Customer 1308,APAC,Professional,65,76.44,2025-04-08
CUST-101309,Customer 1309,Middle East,Professional,11,85.22,2021-09-26
CUST-101310,Customer 1310,North America,Professional,42,56.62,2024-06-12
CUST-101311,Customer 1311,Europe,Business,24,146.61,2022-08-22
CUST-101312,Customer 1312,India,Business,6,150.33,2021-09-26
CUST-101313,Customer 1313,Europe,Starter,42,32.85,2026-05-03
CUST-101314,Customer 1314,Europe,Starter,46,27.23,2021-01-29
CUST-101315,Customer 1315,North America,Business,72,173.49,2024-06-12
CUST-101316,Customer 1316,India,Starter,8,33.62,2022-03-25
CUST-101317,Customer 1317,Europe,Business,23,154.46,2020-11-30
CUST-101318,Customer 1318,Middle East,Professional,58,79.01,2025-09-05
CUST-101319,Customer 1319,Middle East,Starter,35,39.33,2023-11-15
CUST-101320,Customer 1320,Europe,Starter,5,37.28,2026-05-03
CUST-101321,Customer 1321,North America,Professional,27,84.32,2021-12-25
CUST-101322,Customer 1322,Europe,Business,14,182.29,2021-03-30
CUST-101323,Customer 1323,India,Starter,63,34.58,2021-02-28
CUST-101324,Customer 1324,Middle East,Professional,68,74.13,2022-06-23
CUST-101325,Customer 1325,Europe,Professional,66,71.21,2023-08-17
CUST-101326,Customer 1326,Middle East,Professional,25,90.99,2022-08-22
CUST-101327,Customer 1327,Middle East,Starter,57,36.36,2021-05-29
CUST-101328,Customer 1328,North America,Business,69,168.08,2025-07-07
CUST-101329,Customer 1329,Europe,Starter,26,32.29,2021-02-28
CUST-101330,Customer 1330,Middle East,Professional,10,87.93,2024-05-13
CUST-101331,Customer 1331,Middle East,Business,5,170.28,2022-12-20
CUST-101332,Customer 1332,North America,Professional,11,93.16,2021-12-25
CUST-101333,Customer 1333,North America,Professional,3,77.36,2025-12-04
CUST-101334,Customer 1334,Middle East,Professional,5,80.49,2023-06-18
CUST-101335,Customer 1335,Middle East,Starter,34,35.91,2025-05-08
CUST-101336,Customer 1336,India,Professional,57,87.23,2023-05-19
CUST-101337,Customer 1337,APAC,Starter,71,29.32,2021-10-26
CUST-101338,Customer 1338,APAC,Professional,65,79.28,2021-02-28
CUST-101339,Customer 1339,North America,Professional,24,79.77,2022-05-24
CUST-101340,Customer 1340,India,Professional,26,97.02,2023-11-15
CUST-101341,Customer 1341,APAC,Starter,43,34.89,2023-03-20
CUST-101342,Customer 1342,APAC,Business,69,162.12,2023-04-19
CUST-101343,Customer 1343,Europe,Professional,29,88.49,2021-03-30
CUST-101344,Customer 1344,APAC,Business,11,190.04,2023-04-19
CUST-101345,Customer 1345,Middle East,Professional,71,74.45,2024-01-14
CUST-101346,Customer 1346,India,Professional,18,83.54,2023-09-16
CUST-101347,Customer 1347,Middle East,Business,33,160.38,2025-08-06
CUST-101348,Customer 1348,APAC,Business,25,168.34,2022-10-21
CUST-101349,Customer 1349,North America,Starter,40,31.58,2024-11-09
CUST-101350,Customer 1350,Europe,Professional,15,69.9,2025-10-05
CUST-101351,Customer 1351,Europe,Starter,10,36.68,2022-12-20
CUST-101352,Customer 1352,APAC,Professional,4,86.0,2021-05-29
CUST-101353,Customer 1353,India,Professional,63,75.1,2024-12-09
CUST-101354,Customer 1354,India,Professional,41,81.17,2024-09-10
CUST-101355,Customer 1355,India,Business,28,146.94,2024-05-13
CUST-101356,Customer 1356,North America,Professional,3,70.59,2021-10-26
CUST-101357,Customer 1357,Europe,Enterprise,24,325.92,2025-02-07
CUST-101358,Customer 1358,North America,Professional,61,74.79,2026-02-02
CUST-101359,Customer 1359,North America,Business,36,140.83,2024-03-14
CUST-101360,Customer 1360,APAC,Starter,40,38.84,2026-02-02
CUST-101361,Customer 1361,APAC,Starter,53,36.28,2022-10-21
CUST-101362,Customer 1362,APAC,Starter,56,31.25,2021-10-26
CUST-101363,Customer 1363,North America,Professional,10,66.26,2020-09-01
CUST-101364,Customer 1364,Europe,Business,66,152.89,2026-04-03
CUST-101365,Customer 1365,APAC,Starter,25,37.94,2022-04-24
CUST-101366,Customer 1366,India,Professional,37,74.6,2025-07-07
CUST-101367,Customer 1367,APAC,Business,70,151.98,2026-05-03
CUST-101368,Customer 1368,India,Starter,3,37.0,2022-09-21
CUST-101369,Customer 1369,Europe,Business,23,170.3,2022-06-23
CUST-101370,Customer 1370,Europe,Professional,51,75.91,2025-06-07
CUST-101371,Customer 1371,North America,Starter,22,36.09,2026-02-02
CUST-101372,Customer 1372,Middle East,Starter,44,24.1,2022-09-21
CUST-101373,Customer 1373,Middle East,Professional,5,76.18,2026-03-04
CUST-101374,Customer 1374,Europe,Business,10,130.48,2023-02-18
CUST-101375,Customer 1375,Middle East,Starter,50,32.82,2020-12-30
CUST-101376,Customer 1376,Europe,Professional,41,87.21,2025-06-07
CUST-101377,Customer 1377,North America,Starter,23,33.16,2021-02-28
CUST-101378,Customer 1378,India,Starter,57,33.72,2024-09-10
CUST-101379,Customer 1379,Europe,Business,11,148.83,2022-03-25
CUST-101380,Customer 1380,Europe,Business,37,179.55,2023-05-19
CUST-101381,Customer 1381,Middle East,Enterprise,16,367.14,2024-12-09
CUST-101382,Customer 1382,Middle East,Professional,54,98.86,2026-05-03
CUST-101383,Customer 1383,India,Business,16,141.72,2024-11-09
CUST-101384,Customer 1384,Middle East,Starter,10,37.12,2022-03-25
CUST-101385,Customer 1385,Europe,Business,50,157.13,2020-09-01
CUST-101386,Customer 1386,North America,Business,69,162.33,2023-12-15
CUST-101387,Customer 1387,Middle East,Professional,11,69.22,2020-11-30
CUST-101388,Customer 1388,APAC,Business,16,179.16,2023-08-17
CUST-101389,Customer 1389,Europe,Professional,13,73.05,2023-04-19
CUST-101390,Customer 1390,Europe,Business,65,146.33,2024-08-11
CUST-101391,Customer 1391,Europe,Professional,36,80.1,2022-04-24
CUST-101392,Customer 1392,Europe,Enterprise,33,457.75,2022-07-23
CUST-101393,Customer 1393,North America,Enterprise,39,439.1,2022-08-22
CUST-101394,Customer 1394,Middle East,Professional,28,69.24,2020-09-01
CUST-101395,Customer 1395,Europe,Professional,61,69.67,2022-09-21
CUST-101396,Customer 1396,Middle East,Professional,44,77.25,2020-10-01
CUST-101397,Customer 1397,Europe,Professional,64,73.95,2024-10-10
CUST-101398,Customer 1398,Middle East,Professional,47,77.08,2023-01-19
CUST-101399,Customer 1399,Middle East,Professional,14,88.08,2021-08-27
CUST-101400,Customer 1400,Europe,Professional,37,72.64,2024-09-10
CUST-101401,Customer 1401,India,Business,65,139.33,2022-04-24
CUST-101402,Customer 1402,India,Professional,33,87.74,2021-05-29
CUST-101403,Customer 1403,Europe,Business,10,171.44,2020-12-30
CUST-101404,Customer 1404,North America,Professional,28,85.59,2021-03-30
CUST-101405,Customer 1405,India,Business,47,178.93,2021-04-29
CUST-101406,Customer 1406,APAC,Starter,28,34.16,2021-06-28
CUST-101407,Customer 1407,India,Starter,43,37.81,2025-12-04
CUST-101408,Customer 1408,APAC,Professional,62,61.66,2023-01-19
CUST-101409,Customer 1409,North America,Starter,70,32.45,2026-04-03
CUST-101410,Customer 1410,APAC,Starter,46,38.14,2025-08-06
CUST-101411,Customer 1411,North America,Starter,39,30.1,2021-10-26
CUST-101412,Customer 1412,Middle East,Business,18,148.12,2024-03-14
CUST-101413,Customer 1413,North America,Business,71,159.57,2020-10-31
CUST-101414,Customer 1414,North America,Business,13,136.6,2021-09-26
CUST-101415,Customer 1415,India,Enterprise,58,404.75,2022-02-23
CUST-101416,Customer 1416,APAC,Professional,17,73.8,2025-11-04
CUST-101417,Customer 1417,Europe,Starter,20,37.9,2021-03-30
CUST-101418,Customer 1418,Middle East,Professional,48,73.78,2021-05-29
CUST-101419,Customer 1419,India,Professional,33,80.84,2023-02-18
CUST-101420,Customer 1420,North America,Business,6,128.47,2025-03-09
CUST-101421,Customer 1421,Europe,Starter,19,35.19,2020-12-30
CUST-101422,Customer 1422,APAC,Business,49,180.28,2022-09-21
CUST-101423,Customer 1423,North America,Starter,63,30.93,2025-11-04
CUST-101424,Customer 1424,North America,Professional,3,74.99,2026-04-03
CUST-101425,Customer 1425,APAC,Professional,55,70.22,2021-08-27
CUST-101426,Customer 1426,Middle East,Professional,64,90.67,2023-12-15
CUST-101427,Customer 1427,India,Professional,51,68.66,2026-03-04
CUST-101428,Customer 1428,Middle East,Professional,54,77.33,2024-09-10
CUST-101429,Customer 1429,Europe,Starter,66,30.76,2025-07-07
CUST-101430,Customer 1430,Middle East,Starter,67,33.75,2022-11-20
CUST-101431,Customer 1431,Middle East,Starter,5,32.25,2023-09-16
CUST-101432,Customer 1432,North America,Business,15,155.99,2024-07-12
CUST-101433,Customer 1433,North America,Starter,24,36.75,2022-06-23
CUST-101434,Customer 1434,Europe,Professional,72,79.73,2020-10-01
CUST-101435,Customer 1435,North America,Starter,16,35.8,2024-11-09
CUST-101436,Customer 1436,APAC,Business,18,143.61,2022-01-24
CUST-101437,Customer 1437,APAC,Professional,19,87.17,2025-08-06
CUST-101438,Customer 1438,India,Starter,14,35.84,2023-06-18
CUST-101439,Customer 1439,North America,Professional,71,75.14,2025-02-07
CUST-101440,Customer 1440,North America,Professional,62,79.64,2021-12-25
CUST-101441,Customer 1441,Europe,Professional,11,74.66,2023-07-18
CUST-101442,Customer 1442,Europe,Starter,58,28.52,2025-08-06
CUST-101443,Customer 1443,APAC,Professional,23,82.68,2022-01-24
CUST-101444,Customer 1444,Middle East,Professional,6,80.03,2025-04-08
CUST-101445,Customer 1445,India,Business,4,165.3,2020-10-31
CUST-101446,Customer 1446,Europe,Professional,60,69.71,2023-07-18
CUST-101447,Customer 1447,North America,Professional,62,80.97,2021-04-29
CUST-101448,Customer 1448,India,Professional,8,59.35,2020-10-01
CUST-101449,Customer 1449,India,Starter,46,33.37,2026-04-03
CUST-101450,Customer 1450,Middle East,Professional,25,69.71,2024-04-13
CUST-101451,Customer 1451,Europe,Starter,52,31.82,2022-02-23
CUST-101452,Customer 1452,India,Professional,56,84.64,2024-08-11
CUST-101453,Customer 1453,North America,Professional,41,79.22,2021-05-29
CUST-101454,Customer 1454,North America,Starter,45,35.36,2026-03-04
CUST-101455,Customer 1455,India,Professional,38,65.13,2022-01-24
CUST-101456,Customer 1456,North America,Professional,47,86.69,2023-03-20
CUST-101457,Customer 1457,APAC,Professional,49,85.39,2022-12-20
CUST-101458,Customer 1458,North America,Business,43,158.12,2024-06-12
CUST-101459,Customer 1459,Europe,Starter,21,35.07,2021-05-29
CUST-101460,Customer 1460,India,Starter,11,34.07,2020-11-30
CUST-101461,Customer 1461,Europe,Starter,21,40.89,2023-02-18
CUST-101462,Customer 1462,North America,Professional,58,84.41,2020-10-31
CUST-101463,Customer 1463,North America,Starter,4,33.67,2024-10-10
CUST-101464,Customer 1464,North America,Professional,10,82.83,2024-10-10
CUST-101465,Customer 1465,Middle East,Professional,11,56.26,2023-07-18
CUST-101466,Customer 1466,APAC,Professional,47,70.06,2021-01-29
CUST-101467,Customer 1467,North America,Professional,13,84.62,2022-06-23
CUST-101468,Customer 1468,North America,Professional,63,88.6,2025-07-07
CUST-101469,Customer 1469,North America,Starter,41,32.78,2024-01-14
CUST-101470,Customer 1470,India,Business,47,151.19,2021-07-28
CUST-101471,Customer 1471,APAC,Professional,18,70.89,2020-10-01
CUST-101472,Customer 1472,APAC,Professional,60,87.15,2023-08-17
CUST-101473,Customer 1473,Middle East,Professional,56,73.22,2022-04-24
CUST-101474,Customer 1474,APAC,Starter,50,34.12,2023-02-18
CUST-101475,Customer 1475,India,Business,3,163.85,2024-07-12
CUST-101476,Customer 1476,Europe,Starter,11,37.65,2025-05-08
CUST-101477,Customer 1477,Middle East,Enterprise,38,401.11,2026-02-02
CUST-101478,Customer 1478,Middle East,Business,14,177.21,2024-09-10
CUST-101479,Customer 1479,APAC,Starter,60,32.64,2023-04-19
CUST-101480,Customer 1480,India,Starter,43,36.54,2022-03-25
CUST-101481,Customer 1481,APAC,Starter,52,41.28,2021-04-29
CUST-101482,Customer 1482,Middle East,Professional,34,83.87,2023-05-19
CUST-101483,Customer 1483,India,Enterprise,63,420.12,2024-11-09
CUST-101484,Customer 1484,Middle East,Enterprise,72,464.82,2025-04-08
CUST-101485,Customer 1485,Middle East,Business,48,187.97,2024-09-10
CUST-101486,Customer 1486,Europe,Enterprise,29,380.8,2025-10-05
CUST-101487,Customer 1487,Europe,Starter,5,37.14,2021-12-25
CUST-101488,Customer 1488,Europe,Business,39,159.64,2024-11-09
CUST-101489,Customer 1489,Europe,Professional,48,77.62,2021-09-26
CUST-101490,Customer 1490,India,Professional,52,73.07,2025-05-08
CUST-101491,Customer 1491,India,Professional,66,80.9,2022-12-20
CUST-101492,Customer 1492,Europe,Professional,15,78.47,2022-08-22
CUST-101493,Customer 1493,North America,Starter,3,32.74,2024-07-12
CUST-101494,Customer 1494,APAC,Business,68,158.75,2025-06-07
CUST-101495,Customer 1495,APAC,Professional,43,78.59,2023-01-19
CUST-101496,Customer 1496,North America,Business,41,155.34,2020-09-01
CUST-101497,Customer 1497,Middle East,Starter,69,32.46,2022-09-21
CUST-101498,Customer 1498,Middle East,Professional,21,72.43,2025-09-05
CUST-101499,Customer 1499,India,Enterprise,51,353.88,2021-07-28
CUST-101500,Customer 1500,North America,Professional,7,84.11,2022-02-23
CUST-101501,Customer 1501,Europe,Business,45,148.51,2024-06-12
CUST-101502,Customer 1502,APAC,Professional,36,86.75,2024-06-12
CUST-101503,Customer 1503,North America,Business,45,174.25,2021-11-25
CUST-101504,Customer 1504,Europe,Professional,18,94.43,2024-05-13
CUST-101505,Customer 1505,APAC,Professional,28,65.93,2022-04-24
CUST-101506,Customer 1506,North America,Professional,49,81.95,2023-11-15
CUST-101507,Customer 1507,India,Starter,64,36.01,2021-11-25
CUST-101508,Customer 1508,Europe,Starter,38,33.01,2025-04-08
CUST-101509,Customer 1509,Middle East,Business,56,145.91,2022-06-23
CUST-101510,Customer 1510,Europe,Business,61,157.12,2025-11-04
CUST-101511,Customer 1511,India,Professional,65,84.38,2024-04-13
CUST-101512,Customer 1512,India,Professional,25,88.75,2023-05-19
CUST-101513,Customer 1513,Europe,Business,63,135.71,2021-11-25
CUST-101514,Customer 1514,APAC,Professional,8,80.68,2022-07-23
CUST-101515,Customer 1515,North America,Professional,29,71.72,2025-12-04
CUST-101516,Customer 1516,Middle East,Starter,3,30.27,2023-06-18
CUST-101517,Customer 1517,APAC,Professional,22,62.12,2021-06-28
CUST-101518,Customer 1518,Europe,Business,16,169.11,2025-06-07
CUST-101519,Customer 1519,Europe,Enterprise,72,342.64,2021-10-26
CUST-101520,Customer 1520,India,Professional,45,84.84,2023-06-18
CUST-101521,Customer 1521,Europe,Business,69,168.61,2022-08-22
CUST-101522,Customer 1522,Middle East,Business,65,134.94,2024-05-13
CUST-101523,Customer 1523,Europe,Enterprise,23,503.41,2020-12-30
CUST-101524,Customer 1524,APAC,Business,21,152.36,2023-03-20
CUST-101525,Customer 1525,North America,Business,32,133.82,2020-12-30
CUST-101526,Customer 1526,APAC,Professional,8,80.16,2025-04-08
CUST-101527,Customer 1527,India,Business,13,173.53,2025-02-07
CUST-101528,Customer 1528,Europe,Starter,27,32.97,2023-06-18
CUST-101529,Customer 1529,India,Professional,9,92.23,2025-01-08
CUST-101530,Customer 1530,Middle East,Professional,43,95.52,2025-06-07
CUST-101531,Customer 1531,North America,Business,6,168.92,2023-03-20
CUST-101532,Customer 1532,Europe,Professional,64,80.34,2021-02-28
CUST-101533,Customer 1533,North America,Business,67,163.31,2022-12-20
CUST-101534,Customer 1534,Europe,Professional,33,96.79,2023-05-19
CUST-101535,Customer 1535,Europe,Enterprise,37,387.87,2022-09-21
CUST-101536,Customer 1536,Europe,Professional,19,68.86,2022-10-21
CUST-101537,Customer 1537,APAC,Business,58,143.86,2025-07-07
CUST-101538,Customer 1538,Europe,Professional,9,72.07,2024-04-13
CUST-101539,Customer 1539,Europe,Starter,7,32.43,2025-06-07
CUST-101540,Customer 1540,APAC,Business,18,175.12,2021-10-26
CUST-101541,Customer 1541,North America,Professional,12,66.4,2024-01-14
CUST-101542,Customer 1542,Europe,Professional,12,76.59,2025-01-08
CUST-101543,Customer 1543,APAC,Starter,28,29.75,2024-12-09
CUST-101544,Customer 1544,North America,Professional,45,75.65,2020-10-31
CUST-101545,Customer 1545,North America,Enterprise,43,392.47,2023-03-20
CUST-101546,Customer 1546,APAC,Professional,11,64.51,2024-04-13
CUST-101547,Customer 1547,India,Professional,22,91.7,2021-11-25
CUST-101548,Customer 1548,North America,Professional,58,71.47,2021-02-28
CUST-101549,Customer 1549,APAC,Professional,42,92.04,2025-03-09
CUST-101550,Customer 1550,India,Starter,60,31.26,2023-08-17
CUST-101551,Customer 1551,APAC,Business,40,117.22,2021-06-28
CUST-101552,Customer 1552,Middle East,Enterprise,69,449.02,2021-04-29
CUST-101553,Customer 1553,Middle East,Professional,17,93.5,2026-05-03
CUST-101554,Customer 1554,Middle East,Business,63,160.86,2024-05-13
CUST-101555,Customer 1555,Europe,Business,44,172.5,2023-07-18
CUST-101556,Customer 1556,India,Starter,21,25.51,2022-02-23
CUST-101557,Customer 1557,India,Professional,12,78.66,2026-05-03
CUST-101558,Customer 1558,APAC,Business,41,162.43,2025-09-05
CUST-101559,Customer 1559,India,Starter,8,33.97,2021-02-28
CUST-101560,Customer 1560,APAC,Business,11,151.93,2022-02-23
CUST-101561,Customer 1561,APAC,Professional,61,81.68,2025-12-04
CUST-101562,Customer 1562,Europe,Starter,37,30.24,2021-06-28
CUST-101563,Customer 1563,North America,Professional,67,79.08,2024-12-09
CUST-101564,Customer 1564,India,Professional,51,69.08,2025-07-07
CUST-101565,Customer 1565,Europe,Starter,30,27.08,2020-12-30
CUST-101566,Customer 1566,North America,Starter,40,29.47,2023-11-15
CUST-101567,Customer 1567,APAC,Professional,40,79.94,2020-09-01
CUST-101568,Customer 1568,India,Enterprise,39,453.7,2021-12-25
CUST-101569,Customer 1569,Middle East,Starter,34,37.01,2026-03-04
CUST-101570,Customer 1570,Middle East,Starter,30,35.6,2021-02-28
CUST-101571,Customer 1571,India,Professional,59,81.57,2022-04-24
CUST-101572,Customer 1572,Europe,Business,37,161.98,2025-07-07
CUST-101573,Customer 1573,Middle East,Starter,38,37.03,2024-06-12
CUST-101574,Customer 1574,North America,Starter,72,38.35,2021-07-28
CUST-101575,Customer 1575,North America,Starter,9,44.85,2024-05-13
CUST-101576,Customer 1576,India,Starter,68,32.09,2026-03-04
CUST-101577,Customer 1577,APAC,Professional,3,92.16,2026-05-03
CUST-101578,Customer 1578,Middle East,Professional,26,88.42,2021-06-28
CUST-101579,Customer 1579,India,Professional,60,79.58,2025-09-05
CUST-101580,Customer 1580,APAC,Professional,63,84.78,2025-11-04
CUST-101581,Customer 1581,North America,Professional,16,76.09,2024-01-14
CUST-101582,Customer 1582,Europe,Starter,65,26.31,2025-08-06
CUST-101583,Customer 1583,Middle East,Professional,46,70.52,2022-09-21
CUST-101584,Customer 1584,APAC,Starter,17,36.53,2023-03-20
CUST-101585,Customer 1585,Europe,Business,43,163.42,2024-11-09
CUST-101586,Customer 1586,Middle East,Business,23,173.11,2025-01-08
CUST-101587,Customer 1587,Middle East,Professional,65,74.37,2024-07-12
CUST-101588,Customer 1588,APAC,Professional,64,100.78,2025-05-08
CUST-101589,Customer 1589,Europe,Professional,30,81.3,2025-03-09
CUST-101590,Customer 1590,India,Professional,10,81.11,2022-05-24
CUST-101591,Customer 1591,APAC,Enterprise,53,444.0,2023-11-15
CUST-101592,Customer 1592,Europe,Starter,48,40.29,2023-11-15
CUST-101593,Customer 1593,Europe,Starter,3,32.31,2023-12-15
CUST-101594,Customer 1594,Middle East,Business,68,151.34,2021-12-25
CUST-101595,Customer 1595,North America,Enterprise,3,448.91,2022-06-23
CUST-101596,Customer 1596,Middle East,Starter,47,35.81,2021-07-28
CUST-101597,Customer 1597,Europe,Starter,28,38.04,2026-03-04
CUST-101598,Customer 1598,APAC,Professional,28,92.1,2021-05-29
CUST-101599,Customer 1599,Europe,Enterprise,23,444.53,2023-12-15
CUST-101600,Customer 1600,APAC,Starter,67,28.8,2021-03-30
CUST-101601,Customer 1601,Europe,Starter,66,28.02,2023-07-18
CUST-101602,Customer 1602,Middle East,Professional,35,84.37,2020-10-01
CUST-101603,Customer 1603,India,Professional,3,75.92,2025-06-07
CUST-101604,Customer 1604,India,Starter,55,30.94,2025-01-08
CUST-101605,Customer 1605,India,Starter,30,28.89,2026-01-03
CUST-101606,Customer 1606,North America,Business,16,217.46,2025-08-06
CUST-101607,Customer 1607,APAC,Business,44,156.18,2025-09-05
CUST-101608,Customer 1608,Middle East,Starter,7,39.18,2023-01-19
CUST-101609,Customer 1609,APAC,Business,13,157.03,2022-02-23
CUST-101610,Customer 1610,Middle East,Professional,45,73.18,2020-09-01
CUST-101611,Customer 1611,North America,Business,17,164.01,2025-01-08
CUST-101612,Customer 1612,Europe,Professional,60,86.42,2025-01-08
CUST-101613,Customer 1613,North America,Business,55,158.96,2023-07-18
CUST-101614,Customer 1614,APAC,Starter,54,41.27,2022-06-23
CUST-101615,Customer 1615,North America,Professional,47,87.67,2023-10-16
CUST-101616,Customer 1616,APAC,Starter,3,34.29,2020-10-01
CUST-101617,Customer 1617,North America,Starter,71,34.61,2021-04-29
CUST-101618,Customer 1618,India,Starter,50,30.89,2022-03-25
CUST-101619,Customer 1619,APAC,Starter,42,35.81,2025-10-05
CUST-101620,Customer 1620,APAC,Professional,12,80.85,2022-10-21
CUST-101621,Customer 1621,India,Professional,56,64.74,2022-10-21
CUST-101622,Customer 1622,APAC,Professional,9,66.91,2024-11-09
CUST-101623,Customer 1623,APAC,Professional,72,80.06,2020-10-31
CUST-101624,Customer 1624,Middle East,Professional,70,65.73,2020-10-01
CUST-101625,Customer 1625,APAC,Business,38,155.08,2020-10-31
CUST-101626,Customer 1626,Europe,Enterprise,34,346.02,2025-01-08
CUST-101627,Customer 1627,Europe,Business,57,188.68,2024-11-09
CUST-101628,Customer 1628,Europe,Professional,44,83.82,2021-07-28
CUST-101629,Customer 1629,Middle East,Enterprise,4,386.85,2023-06-18
CUST-101630,Customer 1630,APAC,Professional,15,89.67,2023-06-18
CUST-101631,Customer 1631,North America,Professional,25,78.82,2022-07-23
CUST-101632,Customer 1632,India,Professional,32,93.8,2021-03-30
CUST-101633,Customer 1633,Europe,Professional,33,77.73,2025-08-06
CUST-101634,Customer 1634,Middle East,Starter,57,40.77,2024-06-12
CUST-101635,Customer 1635,Europe,Business,51,180.9,2020-12-30
CUST-101636,Customer 1636,Middle East,Professional,50,64.68,2025-01-08
CUST-101637,Customer 1637,India,Professional,5,71.43,2026-01-03
CUST-101638,Customer 1638,Europe,Starter,44,37.15,2020-11-30
CUST-101639,Customer 1639,India,Professional,17,81.02,2025-12-04
CUST-101640,Customer 1640,Europe,Business,42,154.21,2024-02-13
CUST-101641,Customer 1641,India,Business,45,161.79,2025-12-04
CUST-101642,Customer 1642,Middle East,Business,25,168.81,2022-02-23
CUST-101643,Customer 1643,Europe,Starter,15,39.83,2026-03-04
CUST-101644,Customer 1644,Middle East,Business,49,185.26,2022-12-20
CUST-101645,Customer 1645,Middle East,Enterprise,68,505.84,2021-11-25
CUST-101646,Customer 1646,APAC,Professional,54,78.74,2023-09-16
CUST-101647,Customer 1647,Middle East,Professional,39,77.06,2025-11-04
CUST-101648,Customer 1648,APAC,Professional,51,89.05,2024-10-10
CUST-101649,Customer 1649,India,Professional,9,76.22,2025-12-04
CUST-101650,Customer 1650,India,Enterprise,24,402.42,2024-06-12
CUST-101651,Customer 1651,Middle East,Enterprise,53,407.7,2022-03-25
CUST-101652,Customer 1652,North America,Professional,28,83.06,2021-08-27
CUST-101653,Customer 1653,Middle East,Professional,20,69.9,2023-07-18
CUST-101654,Customer 1654,India,Starter,38,39.61,2020-10-31
CUST-101655,Customer 1655,Europe,Professional,11,69.58,2023-06-18
CUST-101656,Customer 1656,India,Business,51,167.7,2020-10-31
CUST-101657,Customer 1657,North America,Business,64,152.53,2021-08-27
CUST-101658,Customer 1658,APAC,Business,56,145.76,2021-06-28
CUST-101659,Customer 1659,North America,Starter,48,27.71,2022-12-20
CUST-101660,Customer 1660,North America,Starter,48,41.37,2020-11-30
CUST-101661,Customer 1661,North America,Business,16,160.94,2024-06-12
CUST-101662,Customer 1662,India,Starter,54,36.25,2024-04-13
CUST-101663,Customer 1663,APAC,Professional,27,68.6,2022-07-23
CUST-101664,Customer 1664,Europe,Enterprise,9,401.09,2024-12-09
CUST-101665,Customer 1665,North America,Starter,71,30.61,2021-08-27
CUST-101666,Customer 1666,APAC,Professional,13,91.17,2021-02-28
CUST-101667,Customer 1667,North America,Business,34,133.25,2021-01-29
CUST-101668,Customer 1668,Europe,Starter,22,33.32,2026-02-02
CUST-101669,Customer 1669,Europe,Starter,14,40.48,2024-09-10
CUST-101670,Customer 1670,India,Professional,36,79.66,2021-11-25
CUST-101671,Customer 1671,North America,Starter,25,37.62,2026-02-02
CUST-101672,Customer 1672,APAC,Professional,61,65.02,2022-11-20
CUST-101673,Customer 1673,APAC,Professional,71,102.61,2021-07-28
CUST-101674,Customer 1674,APAC,Professional,52,80.33,2025-06-07
CUST-101675,Customer 1675,India,Starter,59,39.8,2025-09-05
CUST-101676,Customer 1676,Europe,Professional,65,76.2,2022-08-22
CUST-101677,Customer 1677,APAC,Business,19,171.03,2024-10-10
CUST-101678,Customer 1678,Europe,Professional,30,72.34,2022-11-20
CUST-101679,Customer 1679,North America,Starter,58,41.62,2020-11-30
CUST-101680,Customer 1680,North America,Business,30,129.03,2021-08-27
CUST-101681,Customer 1681,India,Professional,20,83.42,2022-09-21
CUST-101682,Customer 1682,APAC,Enterprise,43,499.18,2024-08-11
CUST-101683,Customer 1683,Middle East,Professional,35,83.09,2022-04-24
CUST-101684,Customer 1684,India,Business,6,141.63,2021-02-28
CUST-101685,Customer 1685,Europe,Starter,13,29.93,2022-08-22
CUST-101686,Customer 1686,North America,Professional,10,75.99,2020-09-01
CUST-101687,Customer 1687,Europe,Professional,54,82.54,2024-11-09
CUST-101688,Customer 1688,Middle East,Professional,14,79.11,2025-10-05
CUST-101689,Customer 1689,North America,Starter,39,34.55,2021-01-29
CUST-101690,Customer 1690,India,Business,50,128.01,2026-02-02
CUST-101691,Customer 1691,APAC,Professional,48,84.92,2023-04-19
CUST-101692,Customer 1692,Middle East,Professional,30,81.65,2020-10-31
CUST-101693,Customer 1693,North America,Professional,35,82.85,2026-01-03
CUST-101694,Customer 1694,APAC,Starter,5,31.44,2023-07-18
CUST-101695,Customer 1695,North America,Starter,49,42.63,2021-10-26
CUST-101696,Customer 1696,North America,Professional,57,75.32,2023-11-15
CUST-101697,Customer 1697,APAC,Professional,65,79.58,2022-02-23
CUST-101698,Customer 1698,Europe,Starter,70,34.22,2022-12-20
CUST-101699,Customer 1699,India,Business,42,156.99,2022-02-23
CUST-101700,Customer 1700,India,Enterprise,56,351.36,2023-05-19
CUST-101701,Customer 1701,APAC,Business,33,164.92,2025-05-08
CUST-101702,Customer 1702,India,Starter,38,41.51,2024-10-10
CUST-101703,Customer 1703,APAC,Starter,17,39.8,2022-04-24
CUST-101704,Customer 1704,North America,Professional,34,91.83,2024-09-10
CUST-101705,Customer 1705,APAC,Professional,19,73.2,2026-03-04
CUST-101706,Customer 1706,India,Business,46,155.95,2024-11-09
CUST-101707,Customer 1707,North America,Enterprise,56,509.98,2026-02-02
CUST-101708,Customer 1708,India,Professional,28,74.71,2022-09-21
CUST-101709,Customer 1709,APAC,Business,43,153.85,2023-07-18
CUST-101710,Customer 1710,North America,Professional,20,91.19,2026-05-03
CUST-101711,Customer 1711,Europe,Starter,18,36.0,2025-05-08
CUST-101712,Customer 1712,Middle East,Starter,61,40.58,2021-02-28
CUST-101713,Customer 1713,Middle East,Professional,13,75.7,2025-12-04
CUST-101714,Customer 1714,APAC,Enterprise,34,475.51,2024-08-11
CUST-101715,Customer 1715,Middle East,Starter,56,37.49,2022-07-23
CUST-101716,Customer 1716,APAC,Starter,60,44.97,2023-11-15
CUST-101717,Customer 1717,APAC,Starter,38,34.16,2023-07-18
CUST-101718,Customer 1718,APAC,Starter,48,33.42,2022-03-25
CUST-101719,Customer 1719,North America,Business,52,155.96,2024-01-14
CUST-101720,Customer 1720,India,Professional,24,80.59,2024-01-14
CUST-101721,Customer 1721,Middle East,Professional,47,79.95,2023-02-18
CUST-101722,Customer 1722,India,Professional,40,71.59,2025-12-04
CUST-101723,Customer 1723,India,Business,3,172.07,2024-09-10
CUST-101724,Customer 1724,Europe,Professional,13,86.17,2026-03-04
CUST-101725,Customer 1725,APAC,Starter,9,39.22,2023-09-16
CUST-101726,Customer 1726,APAC,Professional,5,76.52,2020-10-31
CUST-101727,Customer 1727,Middle East,Starter,21,31.93,2022-08-22
CUST-101728,Customer 1728,Middle East,Business,54,153.17,2021-08-27
CUST-101729,Customer 1729,Middle East,Business,3,155.07,2021-03-30
CUST-101730,Customer 1730,Middle East,Business,58,159.39,2023-03-20
CUST-101731,Customer 1731,India,Professional,59,75.35,2023-11-15
CUST-101732,Customer 1732,India,Starter,65,32.35,2021-10-26
CUST-101733,Customer 1733,North America,Starter,14,32.98,2024-09-10
CUST-101734,Customer 1734,North America,Professional,46,85.92,2020-10-31
CUST-101735,Customer 1735,APAC,Starter,66,28.39,2024-02-13
CUST-101736,Customer 1736,North America,Business,24,161.04,2022-02-23
CUST-101737,Customer 1737,North America,Business,56,144.91,2023-11-15
CUST-101738,Customer 1738,Europe,Starter,12,37.02,2025-10-05
CUST-101739,Customer 1739,North America,Professional,50,91.47,2023-04-19
CUST-101740,Customer 1740,Middle East,Starter,71,36.79,2020-09-01
CUST-101741,Customer 1741,Middle East,Professional,15,82.27,2024-05-13
CUST-101742,Customer 1742,North America,Professional,45,94.41,2023-09-16
CUST-101743,Customer 1743,India,Starter,17,43.65,2024-04-13
CUST-101744,Customer 1744,North America,Professional,68,74.39,2023-11-15
CUST-101745,Customer 1745,Middle East,Professional,31,82.32,2020-09-01
CUST-101746,Customer 1746,APAC,Professional,65,91.64,2022-08-22
CUST-101747,Customer 1747,Middle East,Professional,28,85.03,2025-03-09
CUST-101748,Customer 1748,North America,Professional,70,78.12,2025-01-08
CUST-101749,Customer 1749,Europe,Starter,15,29.77,2025-01-08
CUST-101750,Customer 1750,North America,Professional,13,80.59,2021-11-25
CUST-101751,Customer 1751,Europe,Starter,55,28.18,2025-11-04
CUST-101752,Customer 1752,Middle East,Business,48,142.48,2023-01-19
CUST-101753,Customer 1753,North America,Starter,23,30.49,2021-08-27
CUST-101754,Customer 1754,North America,Starter,6,42.16,2021-12-25
CUST-101755,Customer 1755,APAC,Starter,25,27.63,2022-12-20
CUST-101756,Customer 1756,Europe,Professional,12,77.47,2020-11-30
CUST-101757,Customer 1757,APAC,Professional,18,76.11,2025-09-05
CUST-101758,Customer 1758,APAC,Business,44,166.27,2025-08-06
CUST-101759,Customer 1759,North America,Professional,34,63.06,2021-03-30
CUST-101760,Customer 1760,APAC,Professional,19,84.14,2024-11-09
CUST-101761,Customer 1761,India,Business,51,159.83,2024-10-10
CUST-101762,Customer 1762,North America,Business,28,155.66,2022-08-22
CUST-101763,Customer 1763,APAC,Enterprise,12,459.24,2024-12-09
CUST-101764,Customer 1764,APAC,Enterprise,23,376.15,2020-11-30
CUST-101765,Customer 1765,Europe,Enterprise,62,421.87,2024-03-14
CUST-101766,Customer 1766,Europe,Business,35,177.35,2022-12-20
CUST-101767,Customer 1767,North America,Professional,21,61.3,2022-08-22
CUST-101768,Customer 1768,Middle East,Starter,43,36.05,2025-10-05
CUST-101769,Customer 1769,India,Starter,6,30.52,2020-12-30
CUST-101770,Customer 1770,Europe,Professional,68,92.36,2022-12-20
CUST-101771,Customer 1771,Europe,Professional,65,71.6,2022-09-21
CUST-101772,Customer 1772,North America,Professional,44,83.68,2025-12-04
CUST-101773,Customer 1773,North America,Enterprise,26,358.57,2024-07-12
CUST-101774,Customer 1774,Europe,Business,43,130.29,2026-02-02
CUST-101775,Customer 1775,India,Starter,38,34.18,2025-08-06
CUST-101776,Customer 1776,India,Professional,48,73.1,2020-11-30
CUST-101777,Customer 1777,Middle East,Professional,69,75.0,2022-12-20
CUST-101778,Customer 1778,India,Professional,72,74.77,2022-04-24
CUST-101779,Customer 1779,Europe,Starter,34,35.48,2023-09-16
CUST-101780,Customer 1780,India,Starter,55,44.47,2026-02-02
CUST-101781,Customer 1781,Europe,Enterprise,63,282.61,2022-07-23
CUST-101782,Customer 1782,North America,Business,39,189.01,2023-02-18
CUST-101783,Customer 1783,APAC,Starter,35,31.16,2020-10-01
CUST-101784,Customer 1784,Europe,Professional,63,94.27,2021-07-28
CUST-101785,Customer 1785,Middle East,Professional,22,72.23,2021-01-29
CUST-101786,Customer 1786,Europe,Enterprise,68,387.34,2022-12-20
CUST-101787,Customer 1787,Middle East,Starter,15,31.12,2023-12-15
CUST-101788,Customer 1788,India,Professional,8,75.52,2023-01-19
CUST-101789,Customer 1789,APAC,Professional,70,85.35,2023-05-19
CUST-101790,Customer 1790,Europe,Professional,28,57.29,2021-05-29
CUST-101791,Customer 1791,Middle East,Professional,50,73.56,2023-05-19
CUST-101792,Customer 1792,North America,Professional,40,89.67,2022-12-20
CUST-101793,Customer 1793,India,Business,46,159.74,2021-06-28
CUST-101794,Customer 1794,Europe,Starter,38,38.8,2021-09-26
CUST-101795,Customer 1795,Middle East,Starter,33,37.51,2023-11-15
CUST-101796,Customer 1796,Europe,Professional,5,82.27,2022-06-23
CUST-101797,Customer 1797,India,Business,28,177.47,2024-06-12
CUST-101798,Customer 1798,India,Business,23,139.33,2025-01-08
CUST-101799,Customer 1799,APAC,Professional,49,68.42,2026-02-02
CUST-101800,Customer 1800,India,Business,48,205.76,2022-05-24
CUST-101801,Customer 1801,North America,Professional,67,71.48,2024-02-13
CUST-101802,Customer 1802,North America,Starter,8,34.89,2023-01-19
CUST-101803,Customer 1803,Middle East,Professional,20,71.37,2022-02-23
CUST-101804,Customer 1804,APAC,Business,63,194.48,2023-08-17
CUST-101805,Customer 1805,North America,Professional,19,79.12,2022-10-21
CUST-101806,Customer 1806,Middle East,Professional,55,79.72,2025-01-08
CUST-101807,Customer 1807,Middle East,Starter,61,38.2,2023-09-16
CUST-101808,Customer 1808,Europe,Starter,59,38.87,2022-01-24
CUST-101809,Customer 1809,APAC,Business,40,162.04,2022-03-25
CUST-101810,Customer 1810,India,Business,44,121.69,2025-03-09
CUST-101811,Customer 1811,APAC,Professional,30,88.62,2020-10-01
CUST-101812,Customer 1812,Middle East,Business,7,128.78,2024-01-14
CUST-101813,Customer 1813,North America,Professional,45,108.39,2026-03-04
CUST-101814,Customer 1814,India,Professional,38,84.3,2025-04-08
CUST-101815,Customer 1815,North America,Business,4,140.12,2025-11-04
CUST-101816,Customer 1816,Europe,Starter,61,33.66,2025-04-08
CUST-101817,Customer 1817,Middle East,Business,12,126.01,2021-11-25
CUST-101818,Customer 1818,APAC,Professional,70,72.15,2024-06-12
CUST-101819,Customer 1819,Middle East,Professional,13,92.27,2020-10-01
CUST-101820,Customer 1820,North America,Professional,22,73.3,2021-03-30
CUST-101821,Customer 1821,North America,Starter,23,27.46,2026-02-02
CUST-101822,Customer 1822,North America,Business,31,168.88,2025-04-08
CUST-101823,Customer 1823,India,Business,41,153.47,2026-05-03
CUST-101824,Customer 1824,Middle East,Business,37,170.37,2020-10-31
CUST-101825,Customer 1825,APAC,Professional,42,75.52,2023-08-17
CUST-101826,Customer 1826,APAC,Business,22,148.68,2025-07-07
CUST-101827,Customer 1827,APAC,Starter,38,37.93,2020-11-30
CUST-101828,Customer 1828,India,Business,45,155.2,2021-03-30
CUST-101829,Customer 1829,North America,Business,63,178.66,2021-01-29
CUST-101830,Customer 1830,India,Business,58,179.23,2022-03-25
CUST-101831,Customer 1831,Europe,Business,28,137.11,2024-05-13
CUST-101832,Customer 1832,Middle East,Business,54,177.42,2022-05-24
CUST-101833,Customer 1833,India,Starter,47,37.74,2024-10-10
CUST-101834,Customer 1834,North America,Business,11,143.83,2025-12-04
CUST-101835,Customer 1835,India,Professional,32,69.91,2021-02-28
CUST-101836,Customer 1836,Europe,Starter,12,39.12,2026-03-04
CUST-101837,Customer 1837,India,Enterprise,62,325.28,2023-10-16
CUST-101838,Customer 1838,Middle East,Professional,28,91.07,2025-06-07
CUST-101839,Customer 1839,North America,Enterprise,64,455.44,2021-07-28
CUST-101840,Customer 1840,North America,Starter,25,36.4,2022-02-23
CUST-101841,Customer 1841,India,Professional,11,77.95,2022-09-21
CUST-101842,Customer 1842,India,Starter,43,39.29,2023-05-19
CUST-101843,Customer 1843,Middle East,Starter,50,35.99,2024-04-13
CUST-101844,Customer 1844,North America,Business,50,154.61,2021-08-27
CUST-101845,Customer 1845,India,Enterprise,10,472.77,2026-01-03
CUST-101846,Customer 1846,India,Starter,66,43.87,2025-05-08
CUST-101847,Customer 1847,North America,Starter,30,38.28,2024-09-10
CUST-101848,Customer 1848,Middle East,Business,25,143.81,2023-01-19
CUST-101849,Customer 1849,India,Business,68,124.93,2022-06-23
CUST-101850,Customer 1850,Europe,Professional,5,82.57,2024-08-11
CUST-101851,Customer 1851,North America,Starter,13,30.31,2025-03-09
CUST-101852,Customer 1852,North America,Enterprise,52,387.99,2025-06-07
CUST-101853,Customer 1853,APAC,Professional,7,72.67,2021-09-26
CUST-101854,Customer 1854,APAC,Professional,50,72.38,2024-10-10
CUST-101855,Customer 1855,North America,Professional,69,81.47,2022-12-20
CUST-101856,Customer 1856,Europe,Professional,68,87.63,2023-05-19
CUST-101857,Customer 1857,Europe,Starter,13,32.92,2021-02-28
CUST-101858,Customer 1858,North America,Starter,56,41.9,2024-07-12
CUST-101859,Customer 1859,APAC,Business,51,193.18,2024-02-13
CUST-101860,Customer 1860,North America,Professional,37,74.97,2021-09-26
CUST-101861,Customer 1861,APAC,Professional,3,68.23,2023-10-16
CUST-101862,Customer 1862,APAC,Business,38,198.97,2024-12-09
CUST-101863,Customer 1863,India,Starter,29,31.47,2024-11-09
CUST-101864,Customer 1864,APAC,Professional,21,67.19,2021-02-28
CUST-101865,Customer 1865,North America,Business,15,162.09,2025-07-07
CUST-101866,Customer 1866,India,Professional,35,68.45,2024-10-10
CUST-101867,Customer 1867,Middle East,Starter,50,35.48,2025-05-08
CUST-101868,Customer 1868,Europe,Professional,21,83.74,2024-11-09
CUST-101869,Customer 1869,Europe,Starter,53,34.2,2025-07-07
CUST-101870,Customer 1870,Europe,Starter,69,41.0,2021-07-28
CUST-101871,Customer 1871,Europe,Starter,63,45.21,2023-10-16
CUST-101872,Customer 1872,APAC,Professional,72,72.51,2021-01-29
CUST-101873,Customer 1873,APAC,Starter,11,38.43,2026-03-04
CUST-101874,Customer 1874,Middle East,Professional,6,79.61,2025-06-07
CUST-101875,Customer 1875,India,Enterprise,59,364.65,2023-05-19
CUST-101876,Customer 1876,India,Starter,19,33.0,2020-12-30
CUST-101877,Customer 1877,Europe,Business,72,160.61,2025-08-06
CUST-101878,Customer 1878,India,Starter,16,29.5,2020-11-30
CUST-101879,Customer 1879,APAC,Starter,55,29.01,2023-06-18
CUST-101880,Customer 1880,Middle East,Professional,14,63.57,2024-06-12
CUST-101881,Customer 1881,Middle East,Business,5,173.69,2025-10-05
CUST-101882,Customer 1882,Middle East,Professional,26,83.75,2024-08-11
CUST-101883,Customer 1883,North America,Starter,60,40.25,2024-03-14
CUST-101884,Customer 1884,India,Business,51,156.21,2026-05-03
CUST-101885,Customer 1885,APAC,Starter,19,35.21,2025-05-08
CUST-101886,Customer 1886,Europe,Business,30,183.33,2025-10-05
CUST-101887,Customer 1887,Europe,Business,65,180.13,2026-01-03
CUST-101888,Customer 1888,Europe,Professional,5,71.09,2020-11-30
CUST-101889,Customer 1889,India,Professional,37,90.07,2021-09-26
CUST-101890,Customer 1890,India,Starter,68,43.52,2025-09-05
CUST-101891,Customer 1891,APAC,Starter,65,36.49,2026-02-02
CUST-101892,Customer 1892,North America,Business,27,165.19,2026-02-02
CUST-101893,Customer 1893,India,Starter,50,40.11,2023-12-15
CUST-101894,Customer 1894,Middle East,Business,62,160.65,2023-11-15
CUST-101895,Customer 1895,North America,Starter,47,32.1,2022-11-20
CUST-101896,Customer 1896,Middle East,Professional,56,70.46,2021-07-28
CUST-101897,Customer 1897,APAC,Starter,5,41.81,2025-04-08
CUST-101898,Customer 1898,Europe,Starter,65,35.26,2021-11-25
CUST-101899,Customer 1899,Middle East,Professional,34,58.64,2024-02-13
CUST-101900,Customer 1900,India,Business,15,135.47,2023-09-16
CUST-101901,Customer 1901,Europe,Starter,70,43.84,2021-07-28
CUST-101902,Customer 1902,India,Professional,16,72.88,2021-09-26
CUST-101903,Customer 1903,India,Starter,50,27.73,2025-02-07
CUST-101904,Customer 1904,India,Professional,23,80.69,2022-03-25
CUST-101905,Customer 1905,Middle East,Professional,29,94.89,2023-01-19
CUST-101906,Customer 1906,Europe,Starter,12,38.71,2022-01-24
CUST-101907,Customer 1907,India,Professional,23,74.05,2021-02-28
CUST-101908,Customer 1908,Europe,Business,17,149.85,2023-12-15
CUST-101909,Customer 1909,North America,Business,27,169.38,2025-02-07
CUST-101910,Customer 1910,India,Starter,11,36.31,2024-09-10
CUST-101911,Customer 1911,Europe,Professional,67,85.13,2022-03-25
CUST-101912,Customer 1912,APAC,Starter,54,37.58,2023-05-19
CUST-101913,Customer 1913,APAC,Starter,56,32.58,2022-08-22
CUST-101914,Customer 1914,Middle East,Business,10,154.68,2026-01-03
CUST-101915,Customer 1915,India,Starter,51,30.3,2022-05-24
CUST-101916,Customer 1916,APAC,Starter,52,35.91,2023-01-19
CUST-101917,Customer 1917,Middle East,Starter,29,35.71,2022-12-20
CUST-101918,Customer 1918,Middle East,Business,66,159.68,2025-01-08
CUST-101919,Customer 1919,APAC,Professional,49,79.3,2024-12-09
CUST-101920,Customer 1920,India,Professional,8,59.63,2026-05-03
CUST-101921,Customer 1921,APAC,Starter,14,36.48,2023-06-18
CUST-101922,Customer 1922,North America,Business,3,135.97,2024-06-12
CUST-101923,Customer 1923,Europe,Professional,18,62.57,2024-05-13
CUST-101924,Customer 1924,APAC,Enterprise,26,361.42,2023-09-16
CUST-101925,Customer 1925,India,Starter,54,36.01,2024-09-10
CUST-101926,Customer 1926,Middle East,Starter,18,38.63,2024-04-13
CUST-101927,Customer 1927,Europe,Starter,29,36.02,2025-03-09
CUST-101928,Customer 1928,North America,Professional,23,87.37,2024-01-14
CUST-101929,Customer 1929,Europe,Professional,12,80.75,2020-09-01
CUST-101930,Customer 1930,Europe,Professional,65,86.97,2025-03-09
CUST-101931,Customer 1931,Middle East,Business,14,171.84,2021-07-28
CUST-101932,Customer 1932,Middle East,Starter,49,39.26,2020-11-30
CUST-101933,Customer 1933,APAC,Professional,53,57.37,2025-04-08
CUST-101934,Customer 1934,India,Starter,32,35.41,2022-06-23
CUST-101935,Customer 1935,India,Enterprise,54,380.26,2025-02-07
CUST-101936,Customer 1936,APAC,Starter,17,36.32,2020-11-30
CUST-101937,Customer 1937,Europe,Starter,4,37.27,2020-10-31
CUST-101938,Customer 1938,Middle East,Business,56,146.76,2020-11-30
CUST-101939,Customer 1939,Europe,Starter,51,36.33,2025-09-05
CUST-101940,Customer 1940,APAC,Professional,42,72.04,2021-12-25
CUST-101941,Customer 1941,APAC,Starter,60,36.55,2026-05-03
CUST-101942,Customer 1942,Europe,Business,29,156.89,2022-04-24
CUST-101943,Customer 1943,North America,Professional,11,72.0,2025-03-09
CUST-101944,Customer 1944,APAC,Professional,14,82.93,2023-11-15
CUST-101945,Customer 1945,India,Professional,52,64.23,2025-05-08
CUST-101946,Customer 1946,Middle East,Enterprise,42,419.34,2022-08-22
CUST-101947,Customer 1947,India,Professional,72,105.05,2021-09-26
CUST-101948,Customer 1948,Europe,Enterprise,22,376.08,2023-05-19
CUST-101949,Customer 1949,North America,Professional,14,80.41,2021-10-26
CUST-101950,Customer 1950,India,Professional,36,90.75,2021-06-28
CUST-101951,Customer 1951,Europe,Starter,50,31.75,2022-09-21
CUST-101952,Customer 1952,Middle East,Starter,13,40.65,2021-10-26
CUST-101953,Customer 1953,India,Starter,46,42.73,2023-09-16
CUST-101954,Customer 1954,India,Business,54,137.65,2023-09-16
CUST-101955,Customer 1955,North America,Business,45,165.56,2023-02-18
CUST-101956,Customer 1956,North America,Starter,47,31.29,2023-03-20
CUST-101957,Customer 1957,Europe,Business,60,155.43,2023-12-15
CUST-101958,Customer 1958,India,Professional,36,63.73,2023-04-19
CUST-101959,Customer 1959,North America,Business,41,150.91,2026-04-03
CUST-101960,Customer 1960,Middle East,Starter,14,32.59,2023-02-18
CUST-101961,Customer 1961,North America,Starter,11,38.01,2023-05-19
CUST-101962,Customer 1962,Europe,Business,50,184.44,2022-04-24
CUST-101963,Customer 1963,APAC,Professional,26,81.39,2021-07-28
CUST-101964,Customer 1964,North America,Professional,54,79.28,2025-03-09
CUST-101965,Customer 1965,APAC,Starter,16,42.01,2026-01-03
CUST-101966,Customer 1966,North America,Starter,57,34.39,2022-09-21
CUST-101967,Customer 1967,APAC,Business,62,178.71,2023-11-15
CUST-101968,Customer 1968,Europe,Business,54,127.65,2021-01-29
CUST-101969,Customer 1969,India,Business,7,158.29,2021-10-26
CUST-101970,Customer 1970,Middle East,Professional,58,88.77,2022-05-24
CUST-101971,Customer 1971,Europe,Starter,14,35.09,2023-08-17
CUST-101972,Customer 1972,Middle East,Starter,36,41.55,2025-11-04
CUST-101973,Customer 1973,India,Business,44,166.24,2026-05-03
CUST-101974,Customer 1974,APAC,Starter,69,35.73,2021-04-29
CUST-101975,Customer 1975,APAC,Professional,22,85.58,2022-05-24
CUST-101976,Customer 1976,India,Business,52,160.42,2020-10-01
CUST-101977,Customer 1977,Europe,Starter,48,31.76,2023-03-20
CUST-101978,Customer 1978,APAC,Starter,63,32.96,2023-02-18
CUST-101979,Customer 1979,Europe,Starter,65,29.15,2020-10-01
CUST-101980,Customer 1980,India,Starter,29,34.25,2021-02-28
CUST-101981,Customer 1981,Europe,Professional,39,81.29,2025-09-05
CUST-101982,Customer 1982,Middle East,Starter,56,24.4,2024-06-12
CUST-101983,Customer 1983,Middle East,Starter,28,39.67,2021-11-25
CUST-101984,Customer 1984,Middle East,Starter,19,33.87,2022-07-23
CUST-101985,Customer 1985,APAC,Professional,12,81.9,2020-11-30
CUST-101986,Customer 1986,North America,Professional,36,66.33,2021-10-26
CUST-101987,Customer 1987,North America,Starter,25,37.41,2024-10-10
CUST-101988,Customer 1988,APAC,Professional,13,81.17,2022-04-24
CUST-101989,Customer 1989,India,Professional,35,75.05,2020-10-01
CUST-101990,Customer 1990,India,Professional,27,65.04,2026-03-04
CUST-101991,Customer 1991,APAC,Business,59,164.49,2025-07-07
CUST-101992,Customer 1992,APAC,Starter,55,32.75,2024-03-14
CUST-101993,Customer 1993,India,Professional,24,76.89,2021-02-28
CUST-101994,Customer 1994,APAC,Starter,59,29.05,2026-02-02
CUST-101995,Customer 1995,Europe,Professional,22,83.89,2025-01-08
CUST-101996,Customer 1996,Europe,Business,30,149.28,2024-04-13
CUST-101997,Customer 1997,India,Starter,49,29.72,2023-02-18
CUST-101998,Customer 1998,APAC,Starter,23,41.21,2022-07-23
CUST-101999,Customer 1999,India,Starter,5,39.82,2020-11-30
CUST-102000,Customer 2000,APAC,Starter,11,33.97,2020-12-30
CUST-102001,Customer 2001,India,Professional,64,70.28,2025-04-08
CUST-102002,Customer 2002,North America,Professional,31,84.77,2026-05-03
CUST-102003,Customer 2003,APAC,Professional,37,76.1,2024-06-12
CUST-102004,Customer 2004,North America,Business,52,176.96,2022-12-20
CUST-102005,Customer 2005,India,Business,48,123.15,2022-10-21
CUST-102006,Customer 2006,North America,Business,14,176.66,2021-05-29
CUST-102007,Customer 2007,Europe,Professional,24,77.28,2024-12-09
CUST-102008,Customer 2008,North America,Enterprise,14,333.71,2023-12-15
CUST-102009,Customer 2009,APAC,Enterprise,58,454.61,2024-08-11
CUST-102010,Customer 2010,India,Starter,66,24.72,2023-10-16
CUST-102011,Customer 2011,India,Professional,55,74.96,2023-11-15
CUST-102012,Customer 2012,Europe,Starter,39,36.11,2021-10-26
CUST-102013,Customer 2013,Europe,Starter,41,35.49,2022-07-23
CUST-102014,Customer 2014,APAC,Business,37,172.06,2025-12-04
CUST-102015,Customer 2015,Europe,Starter,70,44.9,2025-09-05
CUST-102016,Customer 2016,Middle East,Professional,70,80.26,2025-01-08
CUST-102017,Customer 2017,APAC,Starter,49,35.21,2021-02-28
CUST-102018,Customer 2018,North America,Business,61,178.95,2022-05-24
CUST-102019,Customer 2019,North America,Enterprise,54,350.45,2023-07-18
CUST-102020,Customer 2020,India,Business,10,125.64,2023-12-15
CUST-102021,Customer 2021,APAC,Enterprise,21,399.74,2025-07-07
CUST-102022,Customer 2022,India,Starter,33,31.62,2023-11-15
CUST-102023,Customer 2023,India,Starter,31,22.41,2021-09-26
CUST-102024,Customer 2024,APAC,Professional,50,99.77,2024-11-09
CUST-102025,Customer 2025,Europe,Business,28,185.15,2021-08-27
CUST-102026,Customer 2026,North America,Starter,67,36.45,2025-04-08
CUST-102027,Customer 2027,Middle East,Starter,34,37.85,2026-05-03
CUST-102028,Customer 2028,India,Starter,56,29.61,2024-02-13
CUST-102029,Customer 2029,Europe,Starter,57,34.94,2021-04-29
CUST-102030,Customer 2030,India,Starter,61,37.57,2024-07-12
CUST-102031,Customer 2031,Middle East,Starter,50,37.17,2022-05-24
CUST-102032,Customer 2032,Europe,Starter,39,36.52,2024-05-13
CUST-102033,Customer 2033,India,Starter,54,29.04,2024-10-10
CUST-102034,Customer 2034,Middle East,Starter,63,34.0,2022-03-25
CUST-102035,Customer 2035,Middle East,Business,6,151.35,2025-11-04
CUST-102036,Customer 2036,Middle East,Business,45,162.37,2026-03-04
CUST-102037,Customer 2037,APAC,Business,4,180.79,2022-11-20
CUST-102038,Customer 2038,Middle East,Professional,5,86.79,2021-03-30
CUST-102039,Customer 2039,APAC,Business,39,149.33,2020-10-31
CUST-102040,Customer 2040,Middle East,Business,31,196.14,2024-03-14
CUST-102041,Customer 2041,APAC,Business,57,166.48,2023-08-17
CUST-102042,Customer 2042,North America,Business,17,196.67,2024-02-13
CUST-102043,Customer 2043,India,Starter,5,36.29,2021-04-29
CUST-102044,Customer 2044,North America,Starter,20,33.77,2021-12-25
CUST-102045,Customer 2045,India,Starter,4,32.57,2022-11-20
CUST-102046,Customer 2046,APAC,Professional,15,76.53,2022-12-20
CUST-102047,Customer 2047,North America,Business,17,131.93,2025-09-05
CUST-102048,Customer 2048,Middle East,Starter,20,37.97,2022-01-24
CUST-102049,Customer 2049,APAC,Enterprise,38,372.67,2024-03-14
CUST-102050,Customer 2050,Europe,Starter,11,24.95,2021-12-25
CUST-102051,Customer 2051,Europe,Professional,62,78.31,2022-01-24
CUST-102052,Customer 2052,India,Professional,9,90.27,2023-12-15
CUST-102053,Customer 2053,Europe,Enterprise,5,376.6,2023-03-20
CUST-102054,Customer 2054,India,Professional,14,81.4,2026-03-04
CUST-102055,Customer 2055,Middle East,Starter,45,30.96,2023-05-19
CUST-102056,Customer 2056,India,Starter,62,32.62,2025-08-06
CUST-102057,Customer 2057,APAC,Enterprise,34,399.96,2023-01-19
CUST-102058,Customer 2058,Europe,Starter,61,36.75,2026-02-02
CUST-102059,Customer 2059,Europe,Professional,68,82.94,2022-07-23
CUST-102060,Customer 2060,APAC,Starter,11,42.04,2023-05-19
CUST-102061,Customer 2061,India,Professional,70,73.29,2025-03-09
CUST-102062,Customer 2062,Europe,Professional,63,99.51,2024-11-09
CUST-102063,Customer 2063,Middle East,Professional,59,69.18,2021-06-28
CUST-102064,Customer 2064,India,Professional,38,77.48,2022-04-24
CUST-102065,Customer 2065,North America,Professional,29,71.28,2024-07-12
CUST-102066,Customer 2066,Middle East,Starter,45,37.3,2023-11-15
CUST-102067,Customer 2067,India,Starter,42,30.16,2021-03-30
CUST-102068,Customer 2068,APAC,Business,11,162.87,2023-07-18
CUST-102069,Customer 2069,North America,Enterprise,18,478.45,2024-08-11
CUST-102070,Customer 2070,North America,Starter,68,37.29,2024-08-11
CUST-102071,Customer 2071,Europe,Professional,6,87.72,2022-08-22
CUST-102072,Customer 2072,Middle East,Professional,36,83.43,2021-02-28
CUST-102073,Customer 2073,Europe,Professional,13,72.92,2025-03-09
CUST-102074,Customer 2074,Middle East,Professional,5,81.07,2025-07-07
CUST-102075,Customer 2075,Middle East,Starter,4,38.29,2022-12-20
CUST-102076,Customer 2076,Europe,Professional,72,79.02,2023-03-20
CUST-102077,Customer 2077,Middle East,Professional,70,62.95,2021-03-30
CUST-102078,Customer 2078,APAC,Enterprise,7,330.66,2025-01-08
CUST-102079,Customer 2079,Middle East,Enterprise,9,312.68,2022-08-22
CUST-102080,Customer 2080,Europe,Professional,46,84.66,2021-05-29
CUST-102081,Customer 2081,India,Starter,5,43.46,2025-07-07
CUST-102082,Customer 2082,APAC,Starter,63,32.96,2025-01-08
CUST-102083,Customer 2083,Middle East,Starter,11,32.47,2024-01-14
CUST-102084,Customer 2084,APAC,Starter,36,35.96,2026-04-03
CUST-102085,Customer 2085,Europe,Professional,71,93.88,2024-08-11
CUST-102086,Customer 2086,Europe,Professional,65,76.67,2025-09-05
CUST-102087,Customer 2087,India,Starter,40,26.8,2024-03-14
CUST-102088,Customer 2088,North America,Starter,40,35.3,2025-12-04
CUST-102089,Customer 2089,APAC,Starter,15,45.52,2026-04-03
CUST-102090,Customer 2090,Europe,Business,41,146.04,2026-02-02
CUST-102091,Customer 2091,Europe,Business,18,187.12,2021-04-29
CUST-102092,Customer 2092,Middle East,Professional,15,77.47,2024-05-13
CUST-102093,Customer 2093,APAC,Starter,32,31.11,2021-02-28
CUST-102094,Customer 2094,North America,Starter,72,33.21,2022-12-20
CUST-102095,Customer 2095,Middle East,Professional,66,80.44,2021-06-28
CUST-102096,Customer 2096,North America,Professional,8,88.78,2025-10-05
CUST-102097,Customer 2097,India,Starter,62,30.42,2024-08-11
CUST-102098,Customer 2098,APAC,Business,72,162.4,2024-06-12
CUST-102099,Customer 2099,Middle East,Business,11,174.87,2023-05-19
CUST-102100,Customer 2100,Middle East,Business,51,165.98,2023-10-16
CUST-102101,Customer 2101,North America,Starter,29,34.47,2020-12-30
CUST-102102,Customer 2102,India,Starter,71,21.1,2023-03-20
CUST-102103,Customer 2103,APAC,Starter,25,29.41,2023-10-16
CUST-102104,Customer 2104,North America,Business,24,153.34,2025-12-04
CUST-102105,Customer 2105,Europe,Professional,48,76.54,2021-11-25
CUST-102106,Customer 2106,Europe,Enterprise,36,436.89,2022-07-23
CUST-102107,Customer 2107,APAC,Business,57,178.0,2024-04-13
CUST-102108,Customer 2108,Middle East,Professional,13,75.87,2022-04-24
CUST-102109,Customer 2109,India,Professional,4,70.6,2023-06-18
CUST-102110,Customer 2110,Middle East,Starter,21,40.73,2025-10-05
CUST-102111,Customer 2111,Middle East,Professional,38,85.14,2022-06-23
CUST-102112,Customer 2112,Middle East,Enterprise,46,468.33,2025-08-06
CUST-102113,Customer 2113,India,Business,9,151.72,2021-12-25
CUST-102114,Customer 2114,Middle East,Enterprise,3,375.11,2021-02-28
CUST-102115,Customer 2115,North America,Starter,48,39.34,2021-05-29
CUST-102116,Customer 2116,Middle East,Professional,9,74.82,2024-03-14
CUST-102117,Customer 2117,India,Professional,51,87.16,2024-12-09
CUST-102118,Customer 2118,North America,Starter,39,36.57,2020-11-30
CUST-102119,Customer 2119,North America,Professional,37,78.4,2023-11-15
CUST-102120,Customer 2120,APAC,Starter,51,33.83,2026-03-04
CUST-102121,Customer 2121,APAC,Professional,45,85.13,2026-05-03
CUST-102122,Customer 2122,APAC,Professional,22,68.13,2021-10-26
CUST-102123,Customer 2123,Middle East,Starter,19,31.45,2023-06-18
CUST-102124,Customer 2124,Europe,Professional,54,78.37,2025-07-07
CUST-102125,Customer 2125,Middle East,Starter,22,35.05,2022-08-22
CUST-102126,Customer 2126,Europe,Professional,24,86.15,2024-09-10
CUST-102127,Customer 2127,North America,Starter,7,32.02,2024-07-12
CUST-102128,Customer 2128,APAC,Professional,59,91.18,2025-12-04
CUST-102129,Customer 2129,APAC,Business,54,163.27,2022-09-21
CUST-102130,Customer 2130,Middle East,Starter,56,30.48,2025-10-05
CUST-102131,Customer 2131,India,Starter,3,39.81,2023-10-16
CUST-102132,Customer 2132,APAC,Starter,57,38.36,2022-07-23
CUST-102133,Customer 2133,North America,Starter,11,34.52,2022-01-24
CUST-102134,Customer 2134,North America,Starter,40,32.02,2021-09-26
CUST-102135,Customer 2135,North America,Starter,40,32.95,2021-06-28
CUST-102136,Customer 2136,Middle East,Professional,63,65.92,2025-04-08
CUST-102137,Customer 2137,India,Business,10,159.78,2022-07-23
CUST-102138,Customer 2138,Middle East,Starter,54,41.94,2022-09-21
CUST-102139,Customer 2139,Middle East,Professional,39,83.83,2022-06-23
CUST-102140,Customer 2140,APAC,Professional,5,68.78,2025-05-08
CUST-102141,Customer 2141,North America,Starter,62,38.65,2024-07-12
CUST-102142,Customer 2142,India,Business,5,147.99,2020-12-30
CUST-102143,Customer 2143,APAC,Enterprise,18,367.64,2022-05-24
CUST-102144,Customer 2144,India,Business,21,162.74,2021-02-28
CUST-102145,Customer 2145,APAC,Starter,38,42.09,2022-07-23
CUST-102146,Customer 2146,APAC,Starter,71,38.51,2025-02-07
CUST-102147,Customer 2147,APAC,Business,25,156.7,2020-10-31
CUST-102148,Customer 2148,APAC,Business,61,132.03,2023-02-18
CUST-102149,Customer 2149,Middle East,Starter,68,45.36,2023-12-15
CUST-102150,Customer 2150,APAC,Starter,22,25.57,2025-11-04
CUST-102151,Customer 2151,North America,Professional,53,83.07,2023-04-19
CUST-102152,Customer 2152,India,Starter,5,34.29,2021-02-28
CUST-102153,Customer 2153,North America,Business,39,150.94,2026-02-02
CUST-102154,Customer 2154,North America,Professional,29,93.52,2023-05-19
CUST-102155,Customer 2155,North America,Professional,59,86.0,2020-11-30
CUST-102156,Customer 2156,Middle East,Starter,55,35.23,2021-10-26
CUST-102157,Customer 2157,Middle East,Business,11,115.63,2023-08-17
CUST-102158,Customer 2158,India,Business,3,162.78,2022-02-23
CUST-102159,Customer 2159,India,Professional,6,77.51,2023-11-15
CUST-102160,Customer 2160,Europe,Professional,37,55.91,2024-12-09
CUST-102161,Customer 2161,India,Starter,71,34.15,2024-01-14
CUST-102162,Customer 2162,North America,Business,68,157.09,2026-01-03
CUST-102163,Customer 2163,North America,Professional,18,73.26,2026-04-03
CUST-102164,Customer 2164,Europe,Professional,24,74.43,2023-01-19
CUST-102165,Customer 2165,APAC,Business,27,161.26,2021-08-27
CUST-102166,Customer 2166,India,Professional,70,80.24,2024-08-11
CUST-102167,Customer 2167,APAC,Starter,16,36.86,2023-08-17
CUST-102168,Customer 2168,Europe,Business,18,170.85,2022-06-23
CUST-102169,Customer 2169,APAC,Professional,5,70.86,2024-01-14
CUST-102170,Customer 2170,India,Business,22,172.16,2020-09-01
CUST-102171,Customer 2171,North America,Starter,53,39.16,2024-07-12
CUST-102172,Customer 2172,Middle East,Starter,44,33.18,2022-07-23
CUST-102173,Customer 2173,APAC,Professional,4,59.13,2025-12-04
CUST-102174,Customer 2174,APAC,Starter,50,38.79,2024-02-13
CUST-102175,Customer 2175,Europe,Starter,34,34.83,2025-01-08
CUST-102176,Customer 2176,India,Starter,71,41.56,2026-02-02
CUST-102177,Customer 2177,India,Business,24,168.27,2022-02-23
CUST-102178,Customer 2178,Europe,Professional,12,84.9,2020-10-31
CUST-102179,Customer 2179,India,Professional,57,67.83,2020-09-01
CUST-102180,Customer 2180,India,Professional,4,80.53,2023-12-15
CUST-102181,Customer 2181,APAC,Professional,60,76.9,2024-07-12
CUST-102182,Customer 2182,APAC,Business,50,135.6,2023-02-18
CUST-102183,Customer 2183,Europe,Starter,31,32.29,2024-04-13
CUST-102184,Customer 2184,Middle East,Business,47,143.56,2024-05-13
CUST-102185,Customer 2185,North America,Enterprise,45,248.71,2023-10-16
CUST-102186,Customer 2186,North America,Starter,22,35.03,2021-06-28
CUST-102187,Customer 2187,Europe,Starter,10,30.17,2024-09-10
CUST-102188,Customer 2188,Middle East,Professional,52,74.4,2023-09-16
CUST-102189,Customer 2189,Middle East,Professional,56,78.45,2021-07-28
CUST-102190,Customer 2190,APAC,Professional,35,74.44,2023-01-19
CUST-102191,Customer 2191,Europe,Business,18,146.72,2021-02-28
CUST-102192,Customer 2192,APAC,Professional,38,65.55,2023-02-18
CUST-102193,Customer 2193,North America,Professional,33,89.12,2021-01-29
CUST-102194,Customer 2194,APAC,Starter,8,39.22,2023-07-18
CUST-102195,Customer 2195,Europe,Starter,71,35.28,2024-06-12
CUST-102196,Customer 2196,North America,Professional,53,79.05,2021-04-29
CUST-102197,Customer 2197,Middle East,Professional,66,69.42,2021-02-28
CUST-102198,Customer 2198,North America,Starter,21,34.37,2023-03-20
CUST-102199,Customer 2199,Europe,Business,71,171.11,2025-01-08
CUST-102200,Customer 2200,India,Starter,30,29.33,2024-02-13
CUST-102201,Customer 2201,Europe,Professional,44,62.97,2023-05-19
CUST-102202,Customer 2202,Europe,Professional,13,84.62,2020-10-31
CUST-102203,Customer 2203,India,Enterprise,23,453.91,2020-09-01
CUST-102204,Customer 2204,North America,Starter,34,46.31,2023-08-17
CUST-102205,Customer 2205,Middle East,Business,46,196.34,2022-12-20
CUST-102206,Customer 2206,Europe,Enterprise,60,389.0,2023-05-19
CUST-102207,Customer 2207,Middle East,Enterprise,40,475.58,2025-10-05
CUST-102208,Customer 2208,Europe,Starter,63,38.6,2021-04-29
CUST-102209,Customer 2209,India,Starter,70,42.4,2024-04-13
CUST-102210,Customer 2210,India,Starter,27,32.98,2023-07-18
CUST-102211,Customer 2211,North America,Professional,43,69.69,2025-08-06
CUST-102212,Customer 2212,Middle East,Business,27,187.17,2026-03-04
CUST-102213,Customer 2213,APAC,Business,23,153.38,2021-01-29
CUST-102214,Customer 2214,Middle East,Business,67,148.21,2022-04-24
CUST-102215,Customer 2215,India,Business,22,161.0,2022-04-24
CUST-102216,Customer 2216,North America,Professional,41,66.21,2023-07-18
CUST-102217,Customer 2217,APAC,Professional,4,91.71,2025-12-04
CUST-102218,Customer 2218,India,Starter,32,38.01,2022-04-24
CUST-102219,Customer 2219,Europe,Business,21,168.32,2021-04-29
CUST-102220,Customer 2220,Europe,Business,4,164.59,2025-09-05
CUST-102221,Customer 2221,APAC,Business,61,143.18,2026-04-03
CUST-102222,Customer 2222,APAC,Starter,66,30.83,2024-08-11
CUST-102223,Customer 2223,India,Professional,55,79.49,2021-06-28
CUST-102224,Customer 2224,North America,Professional,71,83.29,2022-05-24
CUST-102225,Customer 2225,Middle East,Professional,58,80.34,2022-07-23
CUST-102226,Customer 2226,Europe,Professional,35,81.06,2020-11-30
CUST-102227,Customer 2227,Middle East,Starter,30,32.38,2021-02-28
CUST-102228,Customer 2228,Middle East,Starter,35,32.87,2023-06-18
CUST-102229,Customer 2229,India,Professional,36,80.71,2021-03-30
CUST-102230,Customer 2230,Middle East,Professional,18,86.35,2023-03-20
CUST-102231,Customer 2231,India,Professional,55,75.3,2022-11-20
CUST-102232,Customer 2232,Middle East,Professional,39,79.77,2021-04-29
CUST-102233,Customer 2233,Middle East,Starter,67,27.14,2021-05-29
CUST-102234,Customer 2234,Europe,Starter,47,37.85,2025-08-06
CUST-102235,Customer 2235,North America,Starter,3,36.34,2021-05-29
CUST-102236,Customer 2236,India,Professional,59,92.15,2024-12-09
CUST-102237,Customer 2237,Europe,Professional,58,58.98,2021-11-25
CUST-102238,Customer 2238,North America,Professional,21,76.16,2024-05-13
CUST-102239,Customer 2239,India,Professional,71,80.53,2021-09-26
CUST-102240,Customer 2240,India,Starter,52,33.18,2021-10-26
CUST-102241,Customer 2241,Europe,Enterprise,27,384.69,2021-08-27
CUST-102242,Customer 2242,Europe,Professional,15,81.94,2020-09-01
CUST-102243,Customer 2243,Middle East,Starter,52,30.82,2025-06-07
CUST-102244,Customer 2244,India,Business,30,166.81,2025-04-08
CUST-102245,Customer 2245,Europe,Professional,55,62.76,2022-11-20
CUST-102246,Customer 2246,Middle East,Business,31,149.31,2025-07-07
CUST-102247,Customer 2247,APAC,Professional,22,77.51,2021-02-28
CUST-102248,Customer 2248,North America,Business,46,124.05,2022-09-21
CUST-102249,Customer 2249,Middle East,Business,45,168.91,2022-01-24
CUST-102250,Customer 2250,North America,Business,65,157.99,2025-11-04
CUST-102251,Customer 2251,Europe,Professional,16,80.54,2025-09-05
CUST-102252,Customer 2252,APAC,Professional,29,79.25,2022-07-23
CUST-102253,Customer 2253,Middle East,Starter,10,26.76,2024-09-10
CUST-102254,Customer 2254,Middle East,Professional,42,61.14,2021-11-25
CUST-102255,Customer 2255,North America,Professional,29,69.91,2021-11-25
CUST-102256,Customer 2256,North America,Business,49,204.35,2023-12-15
CUST-102257,Customer 2257,Europe,Business,37,144.6,2022-01-24
CUST-102258,Customer 2258,India,Business,68,148.08,2024-05-13
CUST-102259,Customer 2259,APAC,Business,29,131.07,2023-01-19
CUST-102260,Customer 2260,India,Professional,23,89.57,2023-05-19
CUST-102261,Customer 2261,India,Starter,19,30.32,2021-10-26
CUST-102262,Customer 2262,North America,Business,38,125.84,2025-01-08
CUST-102263,Customer 2263,Europe,Professional,61,70.91,2022-12-20
CUST-102264,Customer 2264,Europe,Professional,24,85.22,2021-05-29
CUST-102265,Customer 2265,APAC,Professional,62,78.1,2024-08-11
CUST-102266,Customer 2266,North America,Professional,28,98.53,2022-02-23
CUST-102267,Customer 2267,Europe,Starter,44,36.25,2024-05-13
CUST-102268,Customer 2268,Europe,Starter,9,40.84,2025-11-04
CUST-102269,Customer 2269,APAC,Business,24,151.76,2023-06-18
CUST-102270,Customer 2270,Europe,Starter,53,33.0,2022-11-20
CUST-102271,Customer 2271,India,Professional,20,72.6,2023-03-20
CUST-102272,Customer 2272,Europe,Starter,5,30.79,2023-10-16
CUST-102273,Customer 2273,North America,Starter,24,32.87,2021-12-25
CUST-102274,Customer 2274,Middle East,Professional,3,73.74,2020-10-01
CUST-102275,Customer 2275,India,Professional,8,96.25,2022-02-23
CUST-102276,Customer 2276,Europe,Professional,64,79.93,2026-04-03
CUST-102277,Customer 2277,APAC,Professional,15,74.51,2021-03-30
CUST-102278,Customer 2278,North America,Enterprise,64,422.15,2023-03-20
CUST-102279,Customer 2279,APAC,Professional,38,79.65,2025-08-06
CUST-102280,Customer 2280,Middle East,Business,53,180.22,2025-09-05
CUST-102281,Customer 2281,Middle East,Business,49,114.51,2021-03-30
CUST-102282,Customer 2282,APAC,Professional,44,86.34,2021-05-29
CUST-102283,Customer 2283,APAC,Starter,8,38.92,2024-01-14
CUST-102284,Customer 2284,North America,Professional,64,85.37,2023-07-18
CUST-102285,Customer 2285,Middle East,Professional,59,78.51,2022-01-24
CUST-102286,Customer 2286,APAC,Starter,27,40.54,2023-02-18
CUST-102287,Customer 2287,North America,Enterprise,71,464.02,2022-11-20
CUST-102288,Customer 2288,Middle East,Professional,29,79.2,2023-06-18
CUST-102289,Customer 2289,Middle East,Business,23,155.43,2021-01-29
CUST-102290,Customer 2290,Europe,Starter,49,36.25,2024-09-10
CUST-102291,Customer 2291,North America,Starter,49,43.03,2021-02-28
CUST-102292,Customer 2292,North America,Starter,39,33.34,2020-12-30
CUST-102293,Customer 2293,North America,Professional,65,85.26,2022-09-21
CUST-102294,Customer 2294,India,Business,39,184.13,2024-07-12
CUST-102295,Customer 2295,India,Business,7,164.18,2025-02-07
CUST-102296,Customer 2296,Middle East,Business,31,184.58,2023-05-19
CUST-102297,Customer 2297,North America,Starter,6,38.96,2023-08-17
CUST-102298,Customer 2298,North America,Business,46,144.11,2024-07-12
CUST-102299,Customer 2299,Europe,Starter,19,37.75,2020-11-30
CUST-102300,Customer 2300,APAC,Business,48,156.81,2026-05-03
CUST-102301,Customer 2301,Europe,Professional,7,82.85,2025-11-04
CUST-102302,Customer 2302,APAC,Professional,43,77.81,2024-10-10
CUST-102303,Customer 2303,Europe,Business,7,153.16,2022-04-24
CUST-102304,Customer 2304,North America,Professional,18,89.79,2024-04-13
CUST-102305,Customer 2305,Middle East,Professional,48,101.75,2023-06-18
CUST-102306,Customer 2306,North America,Business,69,121.76,2020-12-30
CUST-102307,Customer 2307,North America,Professional,67,84.47,2020-12-30
CUST-102308,Customer 2308,APAC,Professional,71,72.43,2023-11-15
CUST-102309,Customer 2309,North America,Enterprise,58,385.95,2026-02-02
CUST-102310,Customer 2310,Middle East,Professional,70,85.02,2023-03-20
CUST-102311,Customer 2311,Europe,Professional,26,75.46,2024-03-14
CUST-102312,Customer 2312,Europe,Starter,17,26.27,2025-11-04
CUST-102313,Customer 2313,North America,Professional,54,77.81,2020-11-30
CUST-102314,Customer 2314,Middle East,Professional,36,71.97,2024-02-13
CUST-102315,Customer 2315,Middle East,Starter,49,35.19,2022-06-23
CUST-102316,Customer 2316,North America,Enterprise,52,520.26,2023-02-18
CUST-102317,Customer 2317,Europe,Professional,33,77.5,2023-06-18
CUST-102318,Customer 2318,North America,Business,6,149.45,2024-12-09
CUST-102319,Customer 2319,Middle East,Professional,63,64.07,2024-08-11
CUST-102320,Customer 2320,APAC,Starter,42,35.39,2022-04-24
CUST-102321,Customer 2321,India,Professional,18,59.76,2021-12-25
CUST-102322,Customer 2322,Europe,Business,55,153.49,2025-06-07
CUST-102323,Customer 2323,Middle East,Business,23,164.52,2024-02-13
CUST-102324,Customer 2324,Middle East,Starter,66,37.98,2022-05-24
CUST-102325,Customer 2325,Middle East,Professional,62,69.51,2023-04-19
CUST-102326,Customer 2326,India,Enterprise,67,401.96,2022-02-23
CUST-102327,Customer 2327,APAC,Starter,9,31.17,2024-09-10
CUST-102328,Customer 2328,Europe,Professional,12,93.17,2026-05-03
CUST-102329,Customer 2329,North America,Enterprise,51,416.74,2020-10-01
CUST-102330,Customer 2330,India,Professional,5,86.41,2021-02-28
CUST-102331,Customer 2331,Middle East,Business,24,176.53,2020-09-01
CUST-102332,Customer 2332,Middle East,Professional,40,98.46,2022-03-25
CUST-102333,Customer 2333,APAC,Professional,5,88.45,2021-10-26
CUST-102334,Customer 2334,India,Starter,41,37.92,2023-08-17
CUST-102335,Customer 2335,Europe,Enterprise,35,445.99,2022-05-24
CUST-102336,Customer 2336,India,Professional,36,97.49,2022-09-21
CUST-102337,Customer 2337,APAC,Enterprise,15,403.08,2026-05-03
CUST-102338,Customer 2338,Europe,Business,15,150.89,2020-12-30
CUST-102339,Customer 2339,Middle East,Professional,17,69.78,2022-07-23
CUST-102340,Customer 2340,North America,Business,33,167.06,2021-04-29
CUST-102341,Customer 2341,Middle East,Professional,47,73.45,2023-06-18
CUST-102342,Customer 2342,Europe,Business,70,153.78,2025-12-04
CUST-102343,Customer 2343,India,Professional,32,76.47,2021-06-28
CUST-102344,Customer 2344,Europe,Starter,57,31.03,2025-09-05
CUST-102345,Customer 2345,North America,Starter,70,32.76,2020-10-01
CUST-102346,Customer 2346,Middle East,Starter,52,21.38,2021-10-26
CUST-102347,Customer 2347,Europe,Business,4,183.55,2025-11-04
CUST-102348,Customer 2348,Middle East,Business,5,138.38,2023-03-20
CUST-102349,Customer 2349,Middle East,Starter,48,40.68,2022-10-21
CUST-102350,Customer 2350,Europe,Professional,29,85.24,2022-03-25
CUST-102351,Customer 2351,North America,Enterprise,16,449.4,2024-10-10
CUST-102352,Customer 2352,Europe,Business,4,198.27,2026-02-02
CUST-102353,Customer 2353,Middle East,Enterprise,8,440.27,2023-05-19
CUST-102354,Customer 2354,Middle East,Professional,7,79.72,2022-10-21
CUST-102355,Customer 2355,Europe,Starter,24,32.59,2025-04-08
CUST-102356,Customer 2356,APAC,Starter,63,35.97,2023-07-18
CUST-102357,Customer 2357,North America,Enterprise,39,355.37,2026-05-03
CUST-102358,Customer 2358,India,Professional,46,67.08,2024-03-14
CUST-102359,Customer 2359,Middle East,Starter,27,41.06,2024-11-09
CUST-102360,Customer 2360,Europe,Business,25,159.52,2021-10-26
CUST-102361,Customer 2361,Europe,Business,20,151.45,2025-06-07
CUST-102362,Customer 2362,North America,Professional,58,88.44,2022-01-24
CUST-102363,Customer 2363,India,Professional,53,86.77,2025-08-06
CUST-102364,Customer 2364,North America,Enterprise,26,401.88,2023-09-16
CUST-102365,Customer 2365,North America,Business,27,163.17,2024-01-14
CUST-102366,Customer 2366,North America,Starter,11,33.96,2026-03-04
CUST-102367,Customer 2367,India,Professional,53,81.45,2023-01-19
CUST-102368,Customer 2368,North America,Professional,62,93.22,2021-09-26
CUST-102369,Customer 2369,Middle East,Enterprise,40,405.63,2021-04-29
CUST-102370,Customer 2370,Europe,Professional,57,80.79,2022-05-24
CUST-102371,Customer 2371,India,Enterprise,71,378.86,2022-06-23
CUST-102372,Customer 2372,Middle East,Professional,57,77.9,2025-01-08
CUST-102373,Customer 2373,India,Starter,15,34.66,2022-04-24
CUST-102374,Customer 2374,India,Business,67,164.2,2025-12-04
CUST-102375,Customer 2375,APAC,Enterprise,49,365.92,2020-09-01
CUST-102376,Customer 2376,APAC,Starter,40,41.43,2024-03-14
CUST-102377,Customer 2377,Europe,Business,29,157.14,2023-11-15
CUST-102378,Customer 2378,India,Business,44,200.38,2024-03-14
CUST-102379,Customer 2379,APAC,Starter,21,34.6,2023-10-16
CUST-102380,Customer 2380,Europe,Professional,8,78.82,2021-01-29
CUST-102381,Customer 2381,North America,Business,44,174.72,2025-06-07
CUST-102382,Customer 2382,Middle East,Professional,48,85.08,2026-01-03
CUST-102383,Customer 2383,India,Professional,63,85.73,2023-09-16
CUST-102384,Customer 2384,Middle East,Business,17,155.67,2021-09-26
CUST-102385,Customer 2385,Europe,Professional,68,86.54,2026-01-03
CUST-102386,Customer 2386,Middle East,Business,59,187.04,2024-06-12
CUST-102387,Customer 2387,APAC,Professional,72,74.26,2025-06-07
CUST-102388,Customer 2388,Europe,Professional,58,69.15,2024-02-13
CUST-102389,Customer 2389,APAC,Business,8,148.54,2021-12-25
CUST-102390,Customer 2390,North America,Business,14,190.46,2022-01-24
CUST-102391,Customer 2391,Europe,Starter,47,35.73,2025-08-06
CUST-102392,Customer 2392,Europe,Enterprise,50,400.43,2020-09-01
CUST-102393,Customer 2393,APAC,Starter,70,30.23,2025-06-07
CUST-102394,Customer 2394,Middle East,Starter,36,34.84,2022-11-20
CUST-102395,Customer 2395,APAC,Business,6,181.66,2024-10-10
CUST-102396,Customer 2396,APAC,Business,60,157.65,2021-04-29
CUST-102397,Customer 2397,APAC,Enterprise,59,430.91,2021-02-28
CUST-102398,Customer 2398,Middle East,Business,21,131.56,2022-07-23
CUST-102399,Customer 2399,North America,Professional,21,93.34,2023-05-19
CUST-102400,Customer 2400,APAC,Professional,64,89.28,2024-09-10
CUST-102401,Customer 2401,Middle East,Professional,46,57.78,2021-02-28
CUST-102402,Customer 2402,North America,Professional,15,76.02,2025-04-08
CUST-102403,Customer 2403,Middle East,Professional,21,97.37,2022-11-20
CUST-102404,Customer 2404,Europe,Enterprise,7,411.04,2025-12-04
CUST-102405,Customer 2405,India,Enterprise,60,382.95,2021-10-26
CUST-102406,Customer 2406,North America,Enterprise,33,466.6,2021-04-29
CUST-102407,Customer 2407,India,Starter,33,38.17,2025-06-07
CUST-102408,Customer 2408,Europe,Professional,62,76.0,2023-04-19
CUST-102409,Customer 2409,Europe,Starter,36,34.53,2024-11-09
CUST-102410,Customer 2410,APAC,Professional,24,66.96,2023-12-15
CUST-102411,Customer 2411,North America,Professional,65,76.22,2024-11-09
CUST-102412,Customer 2412,North America,Starter,36,30.86,2022-10-21
CUST-102413,Customer 2413,North America,Business,11,152.92,2022-06-23
CUST-102414,Customer 2414,India,Professional,8,85.15,2021-04-29
CUST-102415,Customer 2415,Middle East,Professional,39,75.78,2026-01-03
CUST-102416,Customer 2416,APAC,Professional,65,97.05,2024-12-09
CUST-102417,Customer 2417,APAC,Business,48,163.56,2024-04-13
CUST-102418,Customer 2418,APAC,Professional,25,75.82,2025-08-06
CUST-102419,Customer 2419,APAC,Business,66,140.02,2025-11-04
CUST-102420,Customer 2420,India,Starter,72,36.22,2022-05-24
CUST-102421,Customer 2421,Middle East,Professional,28,75.68,2026-03-04
CUST-102422,Customer 2422,India,Professional,33,93.12,2025-12-04
CUST-102423,Customer 2423,India,Starter,5,29.78,2022-03-25
CUST-102424,Customer 2424,Middle East,Business,50,143.44,2026-05-03
CUST-102425,Customer 2425,APAC,Professional,28,85.51,2023-05-19
CUST-102426,Customer 2426,Europe,Enterprise,14,395.14,2021-09-26
CUST-102427,Customer 2427,Europe,Professional,60,72.0,2024-08-11
CUST-102428,Customer 2428,North America,Starter,38,37.04,2022-01-24
CUST-102429,Customer 2429,Middle East,Business,16,123.64,2021-04-29
CUST-102430,Customer 2430,Middle East,Business,48,168.48,2021-07-28
CUST-102431,Customer 2431,Middle East,Starter,29,30.77,2024-08-11
CUST-102432,Customer 2432,APAC,Starter,17,33.38,2025-03-09
CUST-102433,Customer 2433,North America,Professional,12,63.05,2024-02-13
CUST-102434,Customer 2434,North America,Professional,17,77.39,2021-06-28
CUST-102435,Customer 2435,APAC,Starter,42,36.0,2022-07-23
CUST-102436,Customer 2436,Europe,Business,66,165.72,2023-11-15
CUST-102437,Customer 2437,Europe,Starter,15,37.84,2022-10-21
CUST-102438,Customer 2438,North America,Professional,59,68.62,2024-12-09
CUST-102439,Customer 2439,India,Starter,40,37.09,2024-12-09
CUST-102440,Customer 2440,Europe,Business,34,154.77,2025-12-04
CUST-102441,Customer 2441,Middle East,Starter,67,37.67,2023-06-18
CUST-102442,Customer 2442,North America,Business,38,147.01,2025-08-06
CUST-102443,Customer 2443,APAC,Starter,61,35.08,2021-02-28
CUST-102444,Customer 2444,India,Professional,16,74.01,2020-10-31
CUST-102445,Customer 2445,India,Starter,46,38.73,2022-12-20
CUST-102446,Customer 2446,India,Starter,69,30.48,2022-05-24
CUST-102447,Customer 2447,Middle East,Professional,37,92.03,2025-06-07
CUST-102448,Customer 2448,India,Business,32,159.43,2022-01-24
CUST-102449,Customer 2449,APAC,Professional,61,85.32,2022-08-22
CUST-102450,Customer 2450,Middle East,Starter,7,37.45,2022-09-21
CUST-102451,Customer 2451,India,Starter,38,37.61,2021-03-30
CUST-102452,Customer 2452,APAC,Professional,66,86.3,2021-08-27
CUST-102453,Customer 2453,India,Starter,62,38.17,2025-01-08
CUST-102454,Customer 2454,Middle East,Professional,53,93.76,2025-03-09
CUST-102455,Customer 2455,Europe,Enterprise,14,336.27,2025-08-06
CUST-102456,Customer 2456,APAC,Business,61,195.88,2021-05-29
CUST-102457,Customer 2457,North America,Enterprise,53,330.07,2023-10-16
CUST-102458,Customer 2458,North America,Business,37,143.47,2024-09-10
CUST-102459,Customer 2459,India,Professional,13,73.11,2022-02-23
CUST-102460,Customer 2460,North America,Starter,37,33.55,2020-09-01
CUST-102461,Customer 2461,APAC,Starter,45,30.83,2020-11-30
CUST-102462,Customer 2462,APAC,Professional,42,79.05,2025-01-08
CUST-102463,Customer 2463,North America,Starter,15,34.23,2022-11-20
CUST-102464,Customer 2464,Europe,Professional,47,73.57,2023-01-19
CUST-102465,Customer 2465,India,Starter,46,40.42,2021-03-30
CUST-102466,Customer 2466,Europe,Professional,16,86.92,2024-06-12
CUST-102467,Customer 2467,India,Starter,29,32.96,2022-11-20
CUST-102468,Customer 2468,Europe,Starter,22,33.59,2023-02-18
CUST-102469,Customer 2469,Middle East,Enterprise,24,310.36,2025-04-08
CUST-102470,Customer 2470,North America,Business,21,189.73,2025-03-09
CUST-102471,Customer 2471,APAC,Starter,28,38.0,2024-01-14
CUST-102472,Customer 2472,India,Starter,46,32.47,2023-07-18
CUST-102473,Customer 2473,Europe,Starter,3,35.52,2024-02-13
CUST-102474,Customer 2474,APAC,Starter,12,37.79,2025-02-07
CUST-102475,Customer 2475,Europe,Professional,52,83.52,2024-11-09
CUST-102476,Customer 2476,Europe,Enterprise,29,443.43,2024-07-12
CUST-102477,Customer 2477,APAC,Enterprise,34,479.07,2022-08-22
CUST-102478,Customer 2478,Middle East,Professional,13,70.63,2022-10-21
CUST-102479,Customer 2479,North America,Starter,16,32.54,2023-10-16
CUST-102480,Customer 2480,APAC,Enterprise,29,445.81,2024-08-11
CUST-102481,Customer 2481,APAC,Business,17,155.6,2021-02-28
CUST-102482,Customer 2482,North America,Starter,66,33.08,2024-04-13
CUST-102483,Customer 2483,North America,Professional,53,79.12,2020-10-31
CUST-102484,Customer 2484,North America,Business,4,161.71,2026-03-04
CUST-102485,Customer 2485,North America,Business,30,122.31,2024-09-10
CUST-102486,Customer 2486,Middle East,Business,8,157.08,2023-12-15
CUST-102487,Customer 2487,Middle East,Professional,39,61.0,2020-10-01
CUST-102488,Customer 2488,Middle East,Starter,6,31.3,2020-10-31
CUST-102489,Customer 2489,Europe,Starter,42,29.93,2023-03-20
CUST-102490,Customer 2490,Middle East,Enterprise,29,408.16,2021-01-29
CUST-102491,Customer 2491,India,Starter,35,31.08,2020-10-31
CUST-102492,Customer 2492,APAC,Professional,22,77.43,2026-03-04
CUST-102493,Customer 2493,India,Professional,11,74.55,2025-02-07
CUST-102494,Customer 2494,APAC,Professional,15,105.7,2025-06-07
CUST-102495,Customer 2495,North America,Business,51,169.93,2024-10-10
CUST-102496,Customer 2496,North America,Enterprise,3,441.17,2023-09-16
CUST-102497,Customer 2497,APAC,Starter,39,31.4,2021-12-25
CUST-102498,Customer 2498,North America,Enterprise,52,431.88,2020-09-01
CUST-102499,Customer 2499,Europe,Professional,58,72.8,2024-08-11
CUST-102500,Customer 2500,India,Starter,30,37.57,2021-07-28
CUST-102501,Customer 2501,Europe,Business,61,193.91,2021-05-29
CUST-102502,Customer 2502,Middle East,Enterprise,28,457.05,2021-02-28
CUST-102503,Customer 2503,APAC,Starter,6,31.52,2025-08-06
CUST-102504,Customer 2504,APAC,Starter,71,36.9,2023-04-19
CUST-102505,Customer 2505,APAC,Starter,13,32.55,2024-11-09
CUST-102506,Customer 2506,North America,Professional,49,73.68,2023-03-20
CUST-102507,Customer 2507,India,Professional,14,83.42,2022-09-21
CUST-102508,Customer 2508,North America,Starter,28,38.86,2024-03-14
CUST-102509,Customer 2509,Middle East,Business,64,183.92,2022-07-23
CUST-102510,Customer 2510,North America,Enterprise,26,446.78,2024-08-11
CUST-102511,Customer 2511,Middle East,Professional,68,57.13,2023-10-16
CUST-102512,Customer 2512,Middle East,Business,48,144.64,2021-01-29
CUST-102513,Customer 2513,Europe,Professional,20,73.29,2024-09-10
CUST-102514,Customer 2514,North America,Starter,7,37.44,2026-02-02
CUST-102515,Customer 2515,Europe,Professional,70,77.09,2024-01-14
CUST-102516,Customer 2516,Middle East,Professional,50,94.47,2022-05-24
CUST-102517,Customer 2517,North America,Starter,33,34.04,2022-09-21
CUST-102518,Customer 2518,APAC,Business,18,176.59,2023-04-19
CUST-102519,Customer 2519,North America,Professional,12,83.81,2024-08-11
CUST-102520,Customer 2520,India,Professional,26,80.74,2026-03-04
CUST-102521,Customer 2521,Europe,Professional,11,78.52,2021-06-28
CUST-102522,Customer 2522,North America,Starter,39,37.9,2022-04-24
CUST-102523,Customer 2523,North America,Enterprise,12,426.57,2024-07-12
CUST-102524,Customer 2524,APAC,Enterprise,52,263.48,2026-01-03
CUST-102525,Customer 2525,India,Professional,31,74.32,2024-07-12
CUST-102526,Customer 2526,Europe,Business,27,151.68,2025-08-06
CUST-102527,Customer 2527,APAC,Starter,48,38.31,2022-07-23
CUST-102528,Customer 2528,Europe,Professional,36,85.61,2025-03-09
CUST-102529,Customer 2529,North America,Enterprise,6,412.37,2026-01-03
CUST-102530,Customer 2530,Middle East,Professional,35,84.1,2020-11-30
CUST-102531,Customer 2531,Europe,Professional,8,72.72,2025-06-07
CUST-102532,Customer 2532,APAC,Business,29,174.22,2024-05-13
CUST-102533,Customer 2533,Europe,Starter,45,37.39,2021-07-28
CUST-102534,Customer 2534,North America,Professional,13,81.4,2025-03-09
CUST-102535,Customer 2535,Europe,Professional,51,80.99,2020-09-01
CUST-102536,Customer 2536,APAC,Professional,14,73.72,2026-04-03
CUST-102537,Customer 2537,APAC,Professional,18,70.42,2026-04-03
CUST-102538,Customer 2538,Europe,Starter,65,27.19,2023-12-15
CUST-102539,Customer 2539,APAC,Business,68,161.68,2024-01-14
CUST-102540,Customer 2540,Middle East,Business,44,155.24,2024-03-14
CUST-102541,Customer 2541,India,Starter,55,30.23,2023-04-19
CUST-102542,Customer 2542,Europe,Business,29,172.03,2020-11-30
CUST-102543,Customer 2543,Middle East,Business,37,165.1,2022-09-21
CUST-102544,Customer 2544,North America,Starter,5,34.33,2026-05-03
CUST-102545,Customer 2545,Middle East,Business,38,153.78,2021-11-25
CUST-102546,Customer 2546,Europe,Professional,24,58.42,2024-10-10
CUST-102547,Customer 2547,Middle East,Business,19,152.33,2022-06-23
CUST-102548,Customer 2548,Middle East,Business,14,174.54,2025-08-06
CUST-102549,Customer 2549,North America,Business,22,143.34,2022-12-20
CUST-102550,Customer 2550,APAC,Professional,63,83.74,2022-10-21
CUST-102551,Customer 2551,APAC,Professional,48,70.34,2024-04-13
CUST-102552,Customer 2552,North America,Starter,71,38.83,2022-02-23
CUST-102553,Customer 2553,Middle East,Professional,5,90.67,2025-08-06
CUST-102554,Customer 2554,Europe,Enterprise,5,367.02,2024-03-14
CUST-102555,Customer 2555,Middle East,Starter,8,26.58,2024-08-11
CUST-102556,Customer 2556,North America,Enterprise,47,351.81,2024-12-09
CUST-102557,Customer 2557,APAC,Business,61,156.73,2024-09-10
CUST-102558,Customer 2558,APAC,Professional,66,85.0,2022-05-24
CUST-102559,Customer 2559,Europe,Starter,3,37.82,2022-08-22
CUST-102560,Customer 2560,Middle East,Professional,13,96.09,2020-10-01
CUST-102561,Customer 2561,APAC,Starter,14,37.01,2026-01-03
CUST-102562,Customer 2562,Europe,Business,50,167.66,2026-03-04
CUST-102563,Customer 2563,Europe,Professional,39,91.74,2021-02-28
CUST-102564,Customer 2564,India,Starter,34,36.23,2020-12-30
CUST-102565,Customer 2565,India,Professional,20,63.05,2025-12-04
CUST-102566,Customer 2566,Middle East,Starter,42,27.78,2024-04-13
CUST-102567,Customer 2567,APAC,Starter,26,30.46,2026-01-03
CUST-102568,Customer 2568,North America,Professional,63,87.28,2025-06-07
CUST-102569,Customer 2569,Europe,Professional,28,69.65,2024-02-13
CUST-102570,Customer 2570,Middle East,Business,15,157.45,2025-09-05
CUST-102571,Customer 2571,Europe,Professional,67,85.29,2023-01-19
CUST-102572,Customer 2572,APAC,Professional,52,82.23,2024-02-13
CUST-102573,Customer 2573,Middle East,Professional,35,77.15,2022-05-24
CUST-102574,Customer 2574,India,Business,6,163.16,2020-12-30
CUST-102575,Customer 2575,APAC,Business,47,159.38,2023-09-16
CUST-102576,Customer 2576,Europe,Professional,23,80.35,2022-12-20
CUST-102577,Customer 2577,APAC,Starter,12,33.42,2021-01-29
CUST-102578,Customer 2578,Europe,Professional,47,79.36,2021-06-28
CUST-102579,Customer 2579,India,Professional,59,78.33,2025-05-08
CUST-102580,Customer 2580,India,Professional,4,80.33,2022-11-20
CUST-102581,Customer 2581,India,Business,8,149.41,2024-01-14
CUST-102582,Customer 2582,India,Starter,13,44.06,2023-03-20
CUST-102583,Customer 2583,India,Business,17,201.42,2022-02-23
CUST-102584,Customer 2584,APAC,Business,28,193.52,2023-03-20
CUST-102585,Customer 2585,Middle East,Professional,24,63.53,2022-10-21
CUST-102586,Customer 2586,India,Professional,50,80.17,2022-12-20
CUST-102587,Customer 2587,APAC,Business,70,130.14,2021-03-30
CUST-102588,Customer 2588,North America,Professional,54,72.23,2024-10-10
CUST-102589,Customer 2589,India,Professional,33,77.63,2023-09-16
CUST-102590,Customer 2590,Middle East,Professional,33,82.04,2024-07-12
CUST-102591,Customer 2591,North America,Professional,28,78.87,2022-05-24
CUST-102592,Customer 2592,India,Professional,48,76.27,2023-09-16
CUST-102593,Customer 2593,North America,Business,27,194.11,2025-11-04
CUST-102594,Customer 2594,Middle East,Starter,3,29.84,2023-11-15
CUST-102595,Customer 2595,India,Professional,43,88.52,2023-06-18
CUST-102596,Customer 2596,APAC,Starter,47,45.01,2022-07-23
CUST-102597,Customer 2597,APAC,Professional,63,71.9,2024-09-10
CUST-102598,Customer 2598,India,Business,50,181.88,2024-06-12
CUST-102599,Customer 2599,Europe,Starter,68,38.67,2025-05-08
CUST-102600,Customer 2600,Middle East,Professional,65,80.05,2023-12-15
CUST-102601,Customer 2601,North America,Professional,43,86.74,2024-12-09
CUST-102602,Customer 2602,APAC,Business,33,139.37,2024-02-13
CUST-102603,Customer 2603,India,Business,33,159.09,2025-06-07
CUST-102604,Customer 2604,India,Starter,19,35.03,2022-04-24
CUST-102605,Customer 2605,India,Starter,32,31.0,2025-11-04
CUST-102606,Customer 2606,APAC,Professional,47,83.74,2020-10-31
CUST-102607,Customer 2607,India,Professional,55,85.14,2025-11-04
CUST-102608,Customer 2608,Middle East,Starter,35,36.69,2023-03-20
CUST-102609,Customer 2609,APAC,Enterprise,4,436.28,2023-03-20
CUST-102610,Customer 2610,India,Starter,35,36.6,2024-05-13
CUST-102611,Customer 2611,APAC,Professional,26,96.11,2021-10-26
CUST-102612,Customer 2612,India,Professional,57,90.2,2020-11-30
CUST-102613,Customer 2613,APAC,Business,65,166.34,2021-01-29
CUST-102614,Customer 2614,Middle East,Enterprise,45,412.75,2024-06-12
CUST-102615,Customer 2615,Middle East,Starter,39,45.72,2024-02-13
CUST-102616,Customer 2616,APAC,Professional,65,73.66,2025-12-04
CUST-102617,Customer 2617,APAC,Starter,5,40.14,2026-01-03
CUST-102618,Customer 2618,Europe,Professional,67,87.43,2022-08-22
CUST-102619,Customer 2619,North America,Business,62,139.98,2026-03-04
CUST-102620,Customer 2620,North America,Starter,4,25.77,2021-01-29
CUST-102621,Customer 2621,Middle East,Business,4,165.98,2020-10-31
CUST-102622,Customer 2622,APAC,Professional,41,107.25,2023-08-17
CUST-102623,Customer 2623,Middle East,Professional,23,70.43,2024-08-11
CUST-102624,Customer 2624,Europe,Business,66,125.88,2021-06-28
CUST-102625,Customer 2625,India,Starter,6,36.38,2021-11-25
CUST-102626,Customer 2626,APAC,Starter,4,36.39,2024-08-11
CUST-102627,Customer 2627,Middle East,Starter,57,35.65,2025-10-05
CUST-102628,Customer 2628,India,Business,23,146.33,2023-07-18
CUST-102629,Customer 2629,Middle East,Business,48,162.42,2022-05-24
CUST-102630,Customer 2630,Europe,Professional,22,75.26,2024-12-09
CUST-102631,Customer 2631,North America,Professional,5,70.5,2025-01-08
CUST-102632,Customer 2632,India,Business,67,169.27,2023-09-16
CUST-102633,Customer 2633,Middle East,Starter,64,37.57,2025-01-08
CUST-102634,Customer 2634,India,Starter,59,32.26,2020-10-31
CUST-102635,Customer 2635,Europe,Starter,8,33.55,2021-06-28
CUST-102636,Customer 2636,North America,Professional,37,102.65,2023-09-16
CUST-102637,Customer 2637,APAC,Starter,45,36.52,2022-12-20
CUST-102638,Customer 2638,APAC,Professional,44,76.5,2023-01-19
CUST-102639,Customer 2639,Middle East,Professional,27,79.25,2025-03-09
CUST-102640,Customer 2640,India,Enterprise,3,397.3,2023-10-16
CUST-102641,Customer 2641,India,Starter,44,41.38,2021-06-28
CUST-102642,Customer 2642,North America,Professional,20,72.98,2024-04-13
CUST-102643,Customer 2643,Europe,Business,38,159.28,2021-02-28
CUST-102644,Customer 2644,India,Professional,57,78.76,2021-12-25
CUST-102645,Customer 2645,Europe,Starter,31,32.94,2025-08-06
CUST-102646,Customer 2646,North America,Professional,19,95.37,2020-09-01
CUST-102647,Customer 2647,APAC,Business,14,156.78,2026-03-04
CUST-102648,Customer 2648,India,Business,20,160.77,2025-06-07
CUST-102649,Customer 2649,India,Professional,45,80.32,2026-01-03
CUST-102650,Customer 2650,North America,Professional,40,67.96,2020-11-30
CUST-102651,Customer 2651,North America,Starter,39,39.43,2023-08-17
CUST-102652,Customer 2652,Europe,Professional,72,76.6,2024-10-10
CUST-102653,Customer 2653,India,Professional,68,66.86,2022-09-21
CUST-102654,Customer 2654,Europe,Professional,8,82.1,2023-09-16
CUST-102655,Customer 2655,India,Professional,62,86.82,2025-06-07
CUST-102656,Customer 2656,India,Professional,42,80.35,2022-11-20
CUST-102657,Customer 2657,North America,Business,51,136.23,2023-04-19
CUST-102658,Customer 2658,North America,Professional,52,88.29,2025-12-04
CUST-102659,Customer 2659,India,Business,44,140.22,2022-03-25
CUST-102660,Customer 2660,Europe,Professional,54,80.37,2022-11-20
CUST-102661,Customer 2661,India,Starter,39,34.33,2024-02-13
CUST-102662,Customer 2662,India,Professional,69,88.39,2025-06-07
CUST-102663,Customer 2663,APAC,Business,69,159.36,2025-03-09
CUST-102664,Customer 2664,Middle East,Business,38,169.14,2020-10-01
CUST-102665,Customer 2665,North America,Starter,13,32.7,2022-04-24
CUST-102666,Customer 2666,India,Starter,50,33.7,2025-08-06
CUST-102667,Customer 2667,Middle East,Starter,42,31.46,2022-03-25
CUST-102668,Customer 2668,Middle East,Professional,41,72.82,2024-01-14
CUST-102669,Customer 2669,North America,Business,21,171.13,2024-06-12
CUST-102670,Customer 2670,India,Business,45,147.81,2023-03-20
CUST-102671,Customer 2671,Middle East,Business,41,167.28,2024-03-14
CUST-102672,Customer 2672,India,Starter,41,32.02,2021-04-29
CUST-102673,Customer 2673,APAC,Business,10,176.29,2022-08-22
CUST-102674,Customer 2674,APAC,Business,15,142.86,2022-12-20
CUST-102675,Customer 2675,APAC,Starter,35,32.57,2021-01-29
CUST-102676,Customer 2676,APAC,Starter,44,31.12,2025-02-07
CUST-102677,Customer 2677,Middle East,Business,15,150.83,2023-03-20
CUST-102678,Customer 2678,Europe,Starter,11,33.92,2025-11-04
CUST-102679,Customer 2679,Europe,Starter,36,40.55,2021-05-29
CUST-102680,Customer 2680,APAC,Professional,12,73.29,2022-02-23
CUST-102681,Customer 2681,India,Starter,11,40.98,2020-09-01
CUST-102682,Customer 2682,Middle East,Starter,47,30.5,2021-05-29
CUST-102683,Customer 2683,India,Business,59,165.98,2024-03-14
CUST-102684,Customer 2684,India,Professional,69,86.01,2021-10-26
CUST-102685,Customer 2685,Europe,Starter,59,39.26,2025-01-08
CUST-102686,Customer 2686,India,Professional,23,79.54,2024-06-12
CUST-102687,Customer 2687,Europe,Business,13,163.43,2026-02-02
CUST-102688,Customer 2688,Middle East,Business,56,149.5,2025-12-04
CUST-102689,Customer 2689,APAC,Business,35,169.82,2024-08-11
CUST-102690,Customer 2690,Europe,Starter,21,33.45,2023-12-15
CUST-102691,Customer 2691,Middle East,Professional,48,76.45,2022-09-21
CUST-102692,Customer 2692,APAC,Starter,29,35.75,2021-02-28
CUST-102693,Customer 2693,North America,Business,50,166.57,2021-09-26
CUST-102694,Customer 2694,India,Starter,18,35.0,2023-12-15
CUST-102695,Customer 2695,APAC,Professional,17,92.98,2024-09-10
CUST-102696,Customer 2696,APAC,Business,56,166.24,2024-09-10
CUST-102697,Customer 2697,APAC,Professional,72,78.73,2023-07-18
CUST-102698,Customer 2698,North America,Professional,18,92.73,2026-03-04
CUST-102699,Customer 2699,Europe,Starter,53,32.15,2026-04-03
CUST-102700,Customer 2700,India,Starter,4,38.92,2023-06-18
CUST-102701,Customer 2701,APAC,Starter,68,35.59,2023-02-18
CUST-102702,Customer 2702,Middle East,Professional,3,86.72,2023-07-18
CUST-102703,Customer 2703,APAC,Starter,32,32.7,2024-02-13
CUST-102704,Customer 2704,Europe,Business,54,151.28,2025-05-08
CUST-102705,Customer 2705,India,Starter,51,37.41,2025-04-08
CUST-102706,Customer 2706,Europe,Business,56,149.71,2022-06-23
CUST-102707,Customer 2707,India,Professional,17,74.74,2026-05-03
CUST-102708,Customer 2708,APAC,Starter,27,35.42,2024-11-09
CUST-102709,Customer 2709,Europe,Professional,14,95.22,2022-01-24
CUST-102710,Customer 2710,Middle East,Professional,72,89.24,2022-05-24
CUST-102711,Customer 2711,Middle East,Business,52,140.41,2025-10-05
CUST-102712,Customer 2712,India,Starter,60,36.94,2022-12-20
CUST-102713,Customer 2713,APAC,Professional,15,63.17,2022-06-23
CUST-102714,Customer 2714,North America,Enterprise,8,358.16,2020-11-30
CUST-102715,Customer 2715,APAC,Enterprise,19,400.04,2023-11-15
CUST-102716,Customer 2716,Europe,Starter,24,33.86,2025-06-07
CUST-102717,Customer 2717,India,Starter,11,33.55,2022-09-21
CUST-102718,Customer 2718,India,Starter,41,33.48,2024-09-10
CUST-102719,Customer 2719,Europe,Business,34,152.91,2025-09-05
CUST-102720,Customer 2720,North America,Business,58,171.14,2020-09-01
CUST-102721,Customer 2721,Middle East,Starter,22,34.77,2024-01-14
CUST-102722,Customer 2722,Middle East,Starter,27,37.29,2025-05-08
CUST-102723,Customer 2723,Middle East,Business,12,160.63,2021-04-29
CUST-102724,Customer 2724,Europe,Starter,29,40.17,2022-01-24
CUST-102725,Customer 2725,Middle East,Business,18,143.03,2020-09-01
CUST-102726,Customer 2726,Europe,Starter,35,39.1,2021-01-29
CUST-102727,Customer 2727,APAC,Professional,46,83.76,2025-07-07
CUST-102728,Customer 2728,Europe,Business,36,182.37,2022-09-21
CUST-102729,Customer 2729,Middle East,Enterprise,31,458.75,2023-04-19
CUST-102730,Customer 2730,Middle East,Professional,42,76.73,2022-04-24
CUST-102731,Customer 2731,India,Professional,70,78.99,2022-07-23
CUST-102732,Customer 2732,Europe,Business,18,139.98,2020-09-01
CUST-102733,Customer 2733,North America,Professional,33,79.86,2022-07-23
CUST-102734,Customer 2734,Middle East,Enterprise,8,383.02,2022-01-24
CUST-102735,Customer 2735,India,Starter,3,34.46,2021-10-26
CUST-102736,Customer 2736,APAC,Professional,45,80.62,2022-07-23
CUST-102737,Customer 2737,Middle East,Professional,67,74.94,2023-08-17
CUST-102738,Customer 2738,Middle East,Starter,28,35.19,2023-02-18
CUST-102739,Customer 2739,APAC,Business,48,151.73,2020-11-30
CUST-102740,Customer 2740,Middle East,Starter,35,31.87,2025-10-05
CUST-102741,Customer 2741,North America,Starter,53,37.0,2024-02-13
CUST-102742,Customer 2742,Middle East,Starter,32,31.2,2021-09-26
CUST-102743,Customer 2743,India,Business,36,167.51,2025-01-08
CUST-102744,Customer 2744,Middle East,Starter,14,39.02,2024-06-12
CUST-102745,Customer 2745,Middle East,Business,57,135.11,2022-11-20
CUST-102746,Customer 2746,Middle East,Business,59,155.72,2023-03-20
CUST-102747,Customer 2747,Middle East,Enterprise,22,407.91,2026-02-02
CUST-102748,Customer 2748,APAC,Professional,70,69.58,2021-06-28
CUST-102749,Customer 2749,Europe,Business,60,110.26,2025-01-08
CUST-102750,Customer 2750,Europe,Business,20,181.57,2021-06-28
CUST-102751,Customer 2751,Middle East,Enterprise,29,407.55,2021-12-25
CUST-102752,Customer 2752,North America,Professional,17,86.86,2022-06-23
CUST-102753,Customer 2753,India,Professional,50,83.62,2022-10-21
CUST-102754,Customer 2754,North America,Business,37,179.58,2023-10-16
CUST-102755,Customer 2755,Europe,Business,56,179.86,2024-07-12
CUST-102756,Customer 2756,India,Professional,29,85.37,2024-09-10
CUST-102757,Customer 2757,India,Professional,54,81.3,2020-12-30
CUST-102758,Customer 2758,Middle East,Professional,13,68.05,2025-10-05
CUST-102759,Customer 2759,North America,Professional,57,73.78,2023-03-20
CUST-102760,Customer 2760,North America,Professional,39,76.75,2023-08-17
CUST-102761,Customer 2761,India,Professional,49,86.38,2021-07-28
CUST-102762,Customer 2762,India,Starter,16,33.81,2023-04-19
CUST-102763,Customer 2763,Europe,Enterprise,32,400.43,2023-10-16
CUST-102764,Customer 2764,India,Starter,63,37.15,2024-10-10
CUST-102765,Customer 2765,India,Business,27,174.4,2022-05-24
CUST-102766,Customer 2766,Europe,Business,67,161.4,2025-02-07
CUST-102767,Customer 2767,Middle East,Starter,66,34.2,2021-04-29
CUST-102768,Customer 2768,North America,Business,72,143.45,2025-10-05
CUST-102769,Customer 2769,Middle East,Business,25,174.37,2025-10-05
CUST-102770,Customer 2770,Europe,Starter,37,35.93,2022-01-24
CUST-102771,Customer 2771,APAC,Enterprise,65,438.64,2021-06-28
CUST-102772,Customer 2772,North America,Starter,7,40.88,2025-11-04
CUST-102773,Customer 2773,Europe,Professional,55,94.24,2021-06-28
CUST-102774,Customer 2774,Europe,Professional,23,68.51,2024-09-10
CUST-102775,Customer 2775,North America,Business,18,159.2,2025-01-08
CUST-102776,Customer 2776,Middle East,Business,34,184.88,2023-08-17
CUST-102777,Customer 2777,Middle East,Professional,42,56.41,2020-11-30
CUST-102778,Customer 2778,Europe,Professional,4,78.22,2022-11-20
CUST-102779,Customer 2779,APAC,Professional,7,80.65,2021-07-28
CUST-102780,Customer 2780,APAC,Business,17,167.74,2025-06-07
CUST-102781,Customer 2781,Europe,Professional,53,67.19,2020-10-31
CUST-102782,Customer 2782,India,Starter,17,35.23,2023-08-17
CUST-102783,Customer 2783,India,Starter,58,39.46,2024-03-14
CUST-102784,Customer 2784,Middle East,Business,11,154.24,2025-04-08
CUST-102785,Customer 2785,APAC,Professional,9,66.37,2024-05-13
CUST-102786,Customer 2786,Middle East,Starter,30,36.42,2021-06-28
CUST-102787,Customer 2787,Middle East,Professional,4,89.63,2022-10-21
CUST-102788,Customer 2788,North America,Professional,23,97.08,2022-12-20
CUST-102789,Customer 2789,India,Business,48,186.9,2022-08-22
CUST-102790,Customer 2790,Middle East,Professional,44,88.16,2021-01-29
CUST-102791,Customer 2791,India,Professional,32,81.03,2021-04-29
CUST-102792,Customer 2792,Europe,Business,37,150.54,2025-06-07
CUST-102793,Customer 2793,Europe,Business,13,131.24,2023-10-16
CUST-102794,Customer 2794,India,Business,47,136.4,2021-08-27
CUST-102795,Customer 2795,Middle East,Professional,49,76.27,2023-10-16
CUST-102796,Customer 2796,APAC,Enterprise,28,430.87,2026-05-03
CUST-102797,Customer 2797,North America,Starter,46,38.61,2020-12-30
CUST-102798,Customer 2798,Europe,Business,24,152.54,2023-05-19
CUST-102799,Customer 2799,APAC,Professional,31,74.54,2025-11-04
CUST-102800,Customer 2800,Europe,Business,12,164.81,2026-01-03
CUST-102801,Customer 2801,APAC,Professional,62,103.36,2022-11-20
CUST-102802,Customer 2802,North America,Professional,25,72.08,2022-01-24
CUST-102803,Customer 2803,Middle East,Professional,47,72.49,2024-11-09
CUST-102804,Customer 2804,Middle East,Business,27,156.76,2022-06-23
CUST-102805,Customer 2805,Europe,Professional,44,78.48,2025-07-07
CUST-102806,Customer 2806,Middle East,Business,64,148.39,2023-03-20
CUST-102807,Customer 2807,North America,Starter,5,31.99,2021-03-30
CUST-102808,Customer 2808,North America,Professional,31,74.01,2024-02-13
CUST-102809,Customer 2809,North America,Business,70,149.74,2022-05-24
CUST-102810,Customer 2810,Middle East,Starter,17,38.31,2023-11-15
CUST-102811,Customer 2811,Middle East,Business,14,192.84,2023-01-19
CUST-102812,Customer 2812,Europe,Professional,10,92.06,2022-09-21
CUST-102813,Customer 2813,Europe,Business,43,163.04,2023-06-18
CUST-102814,Customer 2814,North America,Starter,39,37.52,2023-10-16
CUST-102815,Customer 2815,APAC,Starter,7,43.68,2020-12-30
CUST-102816,Customer 2816,Europe,Business,10,137.48,2025-05-08
CUST-102817,Customer 2817,India,Professional,42,76.43,2022-10-21
CUST-102818,Customer 2818,Europe,Starter,69,29.52,2022-03-25
CUST-102819,Customer 2819,Middle East,Professional,41,72.73,2025-11-04
CUST-102820,Customer 2820,APAC,Business,50,175.38,2024-11-09
CUST-102821,Customer 2821,North America,Professional,38,85.71,2026-05-03
CUST-102822,Customer 2822,Europe,Starter,18,39.11,2022-03-25
CUST-102823,Customer 2823,India,Starter,51,40.82,2021-01-29
CUST-102824,Customer 2824,North America,Professional,55,75.93,2022-11-20
CUST-102825,Customer 2825,Europe,Business,66,150.85,2024-08-11
CUST-102826,Customer 2826,Middle East,Business,29,131.78,2025-04-08
CUST-102827,Customer 2827,India,Starter,49,35.8,2026-02-02
CUST-102828,Customer 2828,APAC,Starter,44,34.6,2024-12-09
CUST-102829,Customer 2829,APAC,Business,10,145.93,2021-04-29
CUST-102830,Customer 2830,Middle East,Starter,38,35.25,2025-09-05
CUST-102831,Customer 2831,India,Business,34,129.35,2021-10-26
CUST-102832,Customer 2832,North America,Enterprise,17,380.91,2026-01-03
CUST-102833,Customer 2833,Middle East,Professional,16,72.52,2025-05-08
CUST-102834,Customer 2834,India,Business,43,169.37,2021-08-27
CUST-102835,Customer 2835,Europe,Professional,42,79.2,2023-03-20
CUST-102836,Customer 2836,India,Professional,46,74.05,2025-03-09
CUST-102837,Customer 2837,Middle East,Business,44,180.85,2025-02-07
CUST-102838,Customer 2838,Europe,Starter,4,29.17,2024-07-12
CUST-102839,Customer 2839,Europe,Starter,21,37.95,2022-09-21
CUST-102840,Customer 2840,Europe,Starter,31,42.89,2024-07-12
CUST-102841,Customer 2841,Middle East,Starter,49,31.67,2022-10-21
CUST-102842,Customer 2842,APAC,Starter,15,41.82,2020-10-31
CUST-102843,Customer 2843,Europe,Professional,71,94.71,2024-05-13
CUST-102844,Customer 2844,Europe,Business,18,157.44,2020-12-30
CUST-102845,Customer 2845,Middle East,Professional,59,66.84,2025-08-06
CUST-102846,Customer 2846,Europe,Business,15,183.16,2023-08-17
CUST-102847,Customer 2847,North America,Business,63,162.16,2022-02-23
CUST-102848,Customer 2848,APAC,Professional,58,97.08,2025-02-07
CUST-102849,Customer 2849,North America,Starter,23,35.73,2023-08-17
CUST-102850,Customer 2850,APAC,Starter,59,39.75,2021-07-28
CUST-102851,Customer 2851,Middle East,Professional,51,85.01,2025-03-09
CUST-102852,Customer 2852,Europe,Starter,71,30.29,2025-11-04
CUST-102853,Customer 2853,Middle East,Business,48,186.37,2022-01-24
CUST-102854,Customer 2854,India,Professional,21,84.31,2020-11-30
CUST-102855,Customer 2855,Europe,Enterprise,61,347.15,2024-11-09
CUST-102856,Customer 2856,Europe,Starter,69,39.03,2022-06-23
CUST-102857,Customer 2857,North America,Professional,8,59.5,2021-02-28
CUST-102858,Customer 2858,North America,Starter,23,37.23,2023-04-19
CUST-102859,Customer 2859,Europe,Enterprise,11,452.52,2023-02-18
CUST-102860,Customer 2860,Europe,Professional,14,72.6,2024-11-09
CUST-102861,Customer 2861,Middle East,Starter,10,33.53,2024-08-11
CUST-102862,Customer 2862,Middle East,Professional,3,67.05,2022-12-20
CUST-102863,Customer 2863,APAC,Professional,43,74.95,2026-01-03
CUST-102864,Customer 2864,Middle East,Starter,39,35.81,2022-01-24
CUST-102865,Customer 2865,Middle East,Starter,56,37.42,2023-02-18
CUST-102866,Customer 2866,North America,Professional,46,75.01,2023-10-16
CUST-102867,Customer 2867,Europe,Starter,54,37.71,2025-12-04
CUST-102868,Customer 2868,North America,Professional,72,75.02,2023-08-17
CUST-102869,Customer 2869,Europe,Starter,50,26.17,2021-01-29
CUST-102870,Customer 2870,India,Starter,40,41.32,2020-10-01
CUST-102871,Customer 2871,Middle East,Starter,28,28.18,2021-08-27
CUST-102872,Customer 2872,North America,Starter,61,36.02,2020-12-30
CUST-102873,Customer 2873,Europe,Business,4,155.97,2023-11-15
CUST-102874,Customer 2874,India,Starter,29,30.75,2022-10-21
CUST-102875,Customer 2875,Middle East,Business,39,159.02,2023-04-19
CUST-102876,Customer 2876,India,Professional,40,79.88,2024-07-12
CUST-102877,Customer 2877,Europe,Starter,57,36.19,2025-12-04
CUST-102878,Customer 2878,APAC,Starter,71,37.26,2022-08-22
CUST-102879,Customer 2879,Middle East,Starter,51,33.33,2025-07-07
CUST-102880,Customer 2880,APAC,Professional,26,74.5,2023-01-19
CUST-102881,Customer 2881,North America,Starter,34,40.53,2021-11-25
CUST-102882,Customer 2882,India,Business,45,158.64,2021-12-25
CUST-102883,Customer 2883,India,Professional,7,87.59,2022-12-20
CUST-102884,Customer 2884,APAC,Starter,26,29.23,2025-02-07
CUST-102885,Customer 2885,Middle East,Professional,33,66.4,2024-12-09
CUST-102886,Customer 2886,APAC,Starter,35,32.62,2025-11-04
CUST-102887,Customer 2887,APAC,Business,59,169.27,2024-01-14
CUST-102888,Customer 2888,Middle East,Starter,30,34.82,2025-10-05
CUST-102889,Customer 2889,India,Starter,63,28.5,2024-04-13
CUST-102890,Customer 2890,Middle East,Enterprise,41,376.54,2023-10-16
CUST-102891,Customer 2891,APAC,Professional,14,79.21,2020-09-01
CUST-102892,Customer 2892,North America,Professional,37,64.51,2022-04-24
CUST-102893,Customer 2893,Middle East,Starter,68,37.27,2024-04-13
CUST-102894,Customer 2894,APAC,Professional,67,74.49,2023-07-18
CUST-102895,Customer 2895,Middle East,Starter,54,32.27,2025-08-06
CUST-102896,Customer 2896,India,Professional,7,85.02,2022-12-20
CUST-102897,Customer 2897,North America,Starter,41,38.49,2025-11-04
CUST-102898,Customer 2898,Europe,Professional,58,85.42,2020-10-31
CUST-102899,Customer 2899,Middle East,Starter,52,30.83,2024-03-14
CUST-102900,Customer 2900,India,Professional,3,90.31,2021-02-28
CUST-102901,Customer 2901,Middle East,Professional,71,67.13,2021-04-29
CUST-102902,Customer 2902,Middle East,Starter,27,35.52,2023-11-15
CUST-102903,Customer 2903,Middle East,Starter,25,37.67,2022-12-20
CUST-102904,Customer 2904,APAC,Starter,62,37.69,2025-10-05
CUST-102905,Customer 2905,Europe,Professional,12,80.54,2026-01-03
CUST-102906,Customer 2906,APAC,Professional,30,80.95,2025-05-08
CUST-102907,Customer 2907,India,Starter,20,42.57,2023-09-16
CUST-102908,Customer 2908,India,Starter,34,35.74,2023-01-19
CUST-102909,Customer 2909,Europe,Business,58,185.06,2022-02-23
CUST-102910,Customer 2910,North America,Starter,16,33.4,2025-02-07
CUST-102911,Customer 2911,Middle East,Professional,36,66.86,2026-02-02
CUST-102912,Customer 2912,APAC,Professional,72,80.94,2023-12-15
CUST-102913,Customer 2913,APAC,Professional,36,86.74,2022-10-21
CUST-102914,Customer 2914,Europe,Professional,45,72.78,2024-04-13
CUST-102915,Customer 2915,APAC,Professional,72,69.62,2024-12-09
CUST-102916,Customer 2916,North America,Professional,68,87.36,2023-02-18
CUST-102917,Customer 2917,North America,Professional,45,100.13,2023-05-19
CUST-102918,Customer 2918,Middle East,Professional,25,75.72,2021-05-29
CUST-102919,Customer 2919,APAC,Starter,34,34.82,2022-07-23
CUST-102920,Customer 2920,India,Professional,63,76.77,2020-11-30
CUST-102921,Customer 2921,Middle East,Business,25,188.92,2026-01-03
CUST-102922,Customer 2922,North America,Starter,20,36.71,2022-06-23
CUST-102923,Customer 2923,Middle East,Business,43,159.1,2023-05-19
CUST-102924,Customer 2924,Middle East,Professional,5,76.57,2020-12-30
CUST-102925,Customer 2925,APAC,Professional,43,70.06,2023-10-16
CUST-102926,Customer 2926,India,Starter,38,28.95,2023-08-17
CUST-102927,Customer 2927,Europe,Professional,67,74.13,2021-02-28
CUST-102928,Customer 2928,India,Professional,18,82.75,2023-11-15
CUST-102929,Customer 2929,North America,Starter,70,34.05,2023-02-18
CUST-102930,Customer 2930,APAC,Professional,71,78.79,2023-01-19
CUST-102931,Customer 2931,North America,Business,60,139.25,2021-06-28
CUST-102932,Customer 2932,APAC,Starter,30,29.76,2020-09-01
CUST-102933,Customer 2933,Europe,Starter,58,36.57,2021-11-25
CUST-102934,Customer 2934,North America,Starter,6,42.07,2023-03-20
CUST-102935,Customer 2935,India,Starter,44,29.72,2025-09-05
CUST-102936,Customer 2936,Middle East,Professional,20,79.71,2021-11-25
CUST-102937,Customer 2937,Middle East,Professional,9,84.74,2023-09-16
CUST-102938,Customer 2938,Europe,Professional,31,86.6,2024-07-12
CUST-102939,Customer 2939,India,Enterprise,9,411.5,2021-09-26
CUST-102940,Customer 2940,APAC,Starter,61,42.63,2024-02-13
CUST-102941,Customer 2941,Middle East,Business,42,186.96,2025-08-06
CUST-102942,Customer 2942,North America,Professional,46,81.55,2022-12-20
CUST-102943,Customer 2943,India,Business,6,160.2,2023-09-16
CUST-102944,Customer 2944,APAC,Professional,9,63.04,2024-11-09
CUST-102945,Customer 2945,Europe,Enterprise,8,339.68,2024-01-14
CUST-102946,Customer 2946,India,Starter,8,48.26,2023-06-18
CUST-102947,Customer 2947,APAC,Professional,3,71.8,2025-01-08
CUST-102948,Customer 2948,Europe,Professional,11,65.1,2024-09-10
CUST-102949,Customer 2949,North America,Professional,60,92.19,2020-12-30
CUST-102950,Customer 2950,APAC,Starter,49,27.9,2022-02-23
CUST-102951,Customer 2951,APAC,Business,24,188.99,2021-01-29
CUST-102952,Customer 2952,Europe,Starter,38,38.28,2022-03-25
CUST-102953,Customer 2953,Europe,Professional,6,74.46,2026-03-04
CUST-102954,Customer 2954,North America,Business,68,166.95,2026-05-03
CUST-102955,Customer 2955,North America,Starter,9,39.3,2023-01-19
CUST-102956,Customer 2956,APAC,Professional,49,71.23,2023-04-19
CUST-102957,Customer 2957,Europe,Business,28,144.25,2024-03-14
CUST-102958,Customer 2958,APAC,Starter,43,32.11,2021-01-29
CUST-102959,Customer 2959,Middle East,Professional,48,101.68,2025-01-08
CUST-102960,Customer 2960,APAC,Starter,7,34.41,2025-06-07
CUST-102961,Customer 2961,North America,Starter,67,33.04,2023-05-19
CUST-102962,Customer 2962,Middle East,Professional,67,78.32,2023-04-19
CUST-102963,Customer 2963,APAC,Professional,10,85.56,2022-08-22
CUST-102964,Customer 2964,India,Starter,65,38.43,2025-09-05
CUST-102965,Customer 2965,North America,Enterprise,21,443.43,2025-10-05
CUST-102966,Customer 2966,APAC,Professional,53,80.39,2022-04-24
CUST-102967,Customer 2967,APAC,Starter,27,31.55,2026-01-03
CUST-102968,Customer 2968,Europe,Starter,22,29.49,2021-09-26
CUST-102969,Customer 2969,Middle East,Professional,34,74.52,2022-02-23
CUST-102970,Customer 2970,Middle East,Professional,65,91.61,2022-08-22
CUST-102971,Customer 2971,Europe,Business,69,142.58,2024-07-12
CUST-102972,Customer 2972,Middle East,Professional,51,93.89,2021-11-25
CUST-102973,Customer 2973,Middle East,Starter,68,33.84,2023-05-19
CUST-102974,Customer 2974,Middle East,Starter,4,34.8,2025-04-08
CUST-102975,Customer 2975,Middle East,Business,12,158.22,2026-01-03
CUST-102976,Customer 2976,North America,Enterprise,30,370.06,2021-11-25
CUST-102977,Customer 2977,North America,Business,3,164.39,2022-10-21
CUST-102978,Customer 2978,Europe,Business,11,143.68,2020-12-30
CUST-102979,Customer 2979,India,Enterprise,43,455.37,2024-04-13
CUST-102980,Customer 2980,APAC,Business,59,147.94,2024-05-13
CUST-102981,Customer 2981,India,Starter,17,38.48,2023-06-18
CUST-102982,Customer 2982,North America,Enterprise,48,406.79,2026-02-02
CUST-102983,Customer 2983,Europe,Professional,48,90.0,2026-04-03
CUST-102984,Customer 2984,Middle East,Starter,4,37.33,2021-02-28
CUST-102985,Customer 2985,North America,Starter,56,39.84,2026-01-03
CUST-102986,Customer 2986,North America,Business,5,176.98,2021-05-29
CUST-102987,Customer 2987,India,Professional,26,89.41,2025-11-04
CUST-102988,Customer 2988,Europe,Business,58,129.56,2024-03-14
CUST-102989,Customer 2989,India,Starter,20,38.65,2023-07-18
CUST-102990,Customer 2990,Middle East,Enterprise,66,355.48,2024-12-09
CUST-102991,Customer 2991,North America,Business,26,156.96,2022-09-21
CUST-102992,Customer 2992,India,Starter,7,34.79,2020-12-30
CUST-102993,Customer 2993,Europe,Enterprise,71,399.23,2024-01-14
CUST-102994,Customer 2994,Middle East,Business,55,166.19,2021-02-28
CUST-102995,Customer 2995,India,Enterprise,21,390.8,2024-07-12
CUST-102996,Customer 2996,North America,Starter,4,39.91,2023-06-18
CUST-102997,Customer 2997,North America,Business,16,143.95,2022-10-21
CUST-102998,Customer 2998,North America,Professional,65,78.92,2025-10-05
CUST-102999,Customer 2999,Europe,Business,69,207.45,2023-07-18
CUST-103000,Customer 3000,APAC,Starter,68,32.82,2025-11-04
