customer_id,month,usage_hours,sessions,feature_adoption_pct,api_calls
CUST-100001,2026-03,80.6,6,28.2,665
CUST-100001,2026-04,79.5,13,71.6,922
CUST-100001,2026-05,90.0,16,77.2,773
CUST-100001,2026-06,75.4,11,63.8,821
CUST-100001,2026-07,86.3,12,47.4,851
CUST-100001,2026-08,77.2,10,37.7,673
CUST-100002,2026-03,362.8,52,44.7,3468
CUST-100002,2026-04,383.5,59,43.5,2915
CUST-100002,2026-05,374.0,51,26.0,3164
CUST-100002,2026-06,348.0,47,66.6,2776
CUST-100002,2026-07,268.8,33,40.7,2895
CUST-100002,2026-08,314.4,41,27.4,2234
CUST-100003,2026-03,383.4,56,66.6,3213
CUST-100003,2026-04,390.9,55,44.3,2127
CUST-100003,2026-05,392.5,55,72.4,4086
CUST-100003,2026-06,416.3,58,46.8,4747
CUST-100003,2026-07,386.5,55,30.7,4195
CUST-100003,2026-08,374.4,65,84.4,2635
CUST-100004,2026-03,882.1,130,50.4,7289
CUST-100004,2026-04,878.9,123,58.0,8321
CUST-100004,2026-05,811.8,114,42.1,5026
CUST-100004,2026-06,927.6,130,43.1,7904
CUST-100004,2026-07,887.2,117,48.2,6166
CUST-100004,2026-08,840.6,121,66.7,8164
CUST-100005,2026-03,83.1,11,48.7,650
CUST-100005,2026-04,70.6,23,49.9,846
CUST-100005,2026-05,80.5,10,39.2,753
CUST-100005,2026-06,66.8,13,63.8,704
CUST-100005,2026-07,92.9,16,61.0,902
CUST-100005,2026-08,80.3,10,46.0,723
CUST-100006,2026-03,145.9,24,56.5,1568
CUST-100006,2026-04,156.4,26,65.3,1197
CUST-100006,2026-05,170.3,17,60.7,1635
CUST-100006,2026-06,161.7,19,52.7,1279
CUST-100006,2026-07,179.7,29,63.9,1304
CUST-100006,2026-08,199.3,21,61.7,1900
CUST-100007,2026-03,183.1,23,63.9,1746
CUST-100007,2026-04,155.4,26,47.3,1468
CUST-100007,2026-05,140.6,22,22.2,961
CUST-100007,2026-06,109.9,21,44.7,1254
CUST-100007,2026-07,108.7,14,46.0,1219
CUST-100007,2026-08,78.9,6,42.1,786
CUST-100008,2026-03,76.9,9,53.2,617
CUST-100008,2026-04,82.6,16,68.7,788
CUST-100008,2026-05,79.2,1,46.5,896
CUST-100008,2026-06,83.6,17,59.2,970
CUST-100008,2026-07,80.2,6,75.1,787
CUST-100008,2026-08,68.9,17,61.7,435
CUST-100009,2026-03,164.2,25,55.2,1857
CUST-100009,2026-04,197.3,28,45.7,2382
CUST-100009,2026-05,189.3,29,62.2,1860
CUST-100009,2026-06,181.1,27,74.3,1730
CUST-100009,2026-07,178.0,29,60.4,1763
CUST-100009,2026-08,189.3,29,38.4,1931
CUST-100010,2026-03,84.4,8,30.5,791
CUST-100010,2026-04,76.8,9,69.8,524
CUST-100010,2026-05,66.9,10,44.1,768
CUST-100010,2026-06,67.6,7,55.5,915
CUST-100010,2026-07,82.7,14,53.0,781
CUST-100010,2026-08,77.4,12,37.9,836
CUST-100011,2026-03,78.8,7,62.4,703
CUST-100011,2026-04,86.4,17,58.7,707
CUST-100011,2026-05,94.0,22,51.2,985
CUST-100011,2026-06,90.3,16,66.0,890
CUST-100011,2026-07,74.1,8,46.1,658
CUST-100011,2026-08,92.1,18,63.7,983
CUST-100012,2026-03,389.0,56,43.6,3555
CUST-100012,2026-04,423.0,65,48.1,4278
CUST-100012,2026-05,404.7,56,56.3,4389
CUST-100012,2026-06,437.0,59,65.4,3291
CUST-100012,2026-07,374.1,48,65.6,2081
CUST-100012,2026-08,382.5,53,28.6,3228
CUST-100013,2026-03,174.1,21,52.4,2169
CUST-100013,2026-04,174.7,25,54.6,1768
CUST-100013,2026-05,171.1,27,56.0,1525
CUST-100013,2026-06,166.0,22,68.7,1785
CUST-100013,2026-07,215.3,30,60.7,1700
CUST-100013,2026-08,176.8,31,70.4,1721
CUST-100014,2026-03,70.1,9,50.5,581
CUST-100014,2026-04,82.8,11,47.2,822
CUST-100014,2026-05,84.0,14,61.0,721
CUST-100014,2026-06,75.4,11,70.4,766
CUST-100014,2026-07,82.3,13,50.6,870
CUST-100014,2026-08,74.4,7,62.0,665
CUST-100015,2026-03,392.1,54,65.0,3645
CUST-100015,2026-04,330.5,46,38.8,3167
CUST-100015,2026-05,412.7,52,61.2,3138
CUST-100015,2026-06,459.5,57,59.1,5192
CUST-100015,2026-07,436.5,63,59.9,3375
CUST-100015,2026-08,391.4,55,40.7,3032
CUST-100016,2026-03,92.5,15,62.2,981
CUST-100016,2026-04,80.3,10,55.9,602
CUST-100016,2026-05,74.7,4,45.2,608
CUST-100016,2026-06,81.3,6,67.2,694
CUST-100016,2026-07,90.6,13,78.1,825
CUST-100016,2026-08,80.8,6,48.6,813
CUST-100017,2026-03,963.9,135,70.5,5883
CUST-100017,2026-04,918.9,141,64.8,8708
CUST-100017,2026-05,701.5,90,37.1,6869
CUST-100017,2026-06,627.9,90,53.2,5957
CUST-100017,2026-07,565.6,86,37.7,6319
CUST-100017,2026-08,553.0,79,55.3,4711
CUST-100018,2026-03,91.8,5,73.8,622
CUST-100018,2026-04,100.0,12,62.2,807
CUST-100018,2026-05,84.0,10,59.5,764
CUST-100018,2026-06,80.5,11,53.1,536
CUST-100018,2026-07,87.4,15,79.6,670
CUST-100018,2026-08,80.9,12,57.5,686
CUST-100019,2026-03,152.2,20,49.1,1504
CUST-100019,2026-04,156.9,17,69.4,1271
CUST-100019,2026-05,159.2,23,46.2,1549
CUST-100019,2026-06,156.2,28,42.8,1582
CUST-100019,2026-07,192.9,31,48.2,2489
CUST-100019,2026-08,136.5,15,49.8,1338
CUST-100020,2026-03,84.3,13,71.1,613
CUST-100020,2026-04,77.3,10,53.8,421
CUST-100020,2026-05,82.3,7,67.0,506
CUST-100020,2026-06,95.3,7,46.4,597
CUST-100020,2026-07,88.3,13,54.0,540
CUST-100020,2026-08,88.2,9,61.4,668
CUST-100021,2026-03,367.0,51,62.8,3719
CUST-100021,2026-04,399.4,59,46.3,4185
CUST-100021,2026-05,347.8,52,44.0,3001
CUST-100021,2026-06,388.0,53,50.2,2549
CUST-100021,2026-07,372.5,54,46.4,3449
CUST-100021,2026-08,387.8,54,50.9,2223
CUST-100022,2026-03,71.5,10,63.9,498
CUST-100022,2026-04,72.6,3,67.7,691
CUST-100022,2026-05,73.9,8,74.7,745
CUST-100022,2026-06,64.9,13,49.8,501
CUST-100022,2026-07,71.2,12,51.7,701
CUST-100022,2026-08,71.7,9,56.1,709
CUST-100023,2026-03,193.9,28,55.6,1853
CUST-100023,2026-04,182.3,26,67.3,2303
CUST-100023,2026-05,127.3,14,64.9,1081
CUST-100023,2026-06,121.6,17,55.1,1120
CUST-100023,2026-07,116.9,14,49.3,814
CUST-100023,2026-08,104.0,12,51.8,1202
CUST-100024,2026-03,81.2,12,77.0,702
CUST-100024,2026-04,83.6,4,35.6,484
CUST-100024,2026-05,69.6,12,42.2,635
CUST-100024,2026-06,70.2,18,44.2,771
CUST-100024,2026-07,72.6,17,44.1,733
CUST-100024,2026-08,55.7,5,55.6,505
CUST-100025,2026-03,165.3,17,59.8,1739
CUST-100025,2026-04,167.6,23,54.7,1783
CUST-100025,2026-05,157.0,24,30.4,1159
CUST-100025,2026-06,178.0,30,59.4,1572
CUST-100025,2026-07,185.6,27,55.0,1735
CUST-100025,2026-08,188.8,27,44.9,1602
CUST-100026,2026-03,71.2,12,61.1,691
CUST-100026,2026-04,61.9,7,54.9,599
CUST-100026,2026-05,84.2,10,62.1,859
CUST-100026,2026-06,76.2,9,72.0,652
CUST-100026,2026-07,77.3,9,46.6,587
CUST-100026,2026-08,70.7,14,51.6,641
CUST-100027,2026-03,212.4,34,71.8,1846
CUST-100027,2026-04,187.9,21,36.9,2260
CUST-100027,2026-05,122.5,23,39.3,1076
CUST-100027,2026-06,158.6,26,53.5,1537
CUST-100027,2026-07,113.4,17,37.6,1016
CUST-100027,2026-08,86.0,11,46.5,553
CUST-100028,2026-03,196.2,28,52.3,2252
CUST-100028,2026-04,178.9,28,31.7,1498
CUST-100028,2026-05,143.8,15,45.2,847
CUST-100028,2026-06,130.3,20,16.9,1290
CUST-100028,2026-07,77.9,11,47.1,783
CUST-100028,2026-08,79.0,16,46.0,788
CUST-100029,2026-03,77.4,10,54.0,827
CUST-100029,2026-04,51.9,3,58.3,390
CUST-100029,2026-05,81.8,15,43.7,553
CUST-100029,2026-06,51.8,3,51.5,431
CUST-100029,2026-07,51.7,7,34.8,590
CUST-100029,2026-08,44.2,14,14.4,424
CUST-100030,2026-03,71.2,12,35.2,842
CUST-100030,2026-04,79.3,14,77.7,642
CUST-100030,2026-05,79.9,13,45.7,673
CUST-100030,2026-06,90.8,12,61.8,994
CUST-100030,2026-07,77.5,3,75.6,673
CUST-100030,2026-08,76.8,12,42.0,565
CUST-100031,2026-03,84.9,16,38.4,862
CUST-100031,2026-04,57.0,5,42.2,441
CUST-100031,2026-05,66.9,7,42.6,651
CUST-100031,2026-06,50.8,7,23.0,568
CUST-100031,2026-07,61.8,6,55.6,494
CUST-100031,2026-08,45.2,8,45.5,501
CUST-100032,2026-03,187.2,30,49.0,1758
CUST-100032,2026-04,139.2,20,43.3,1183
CUST-100032,2026-05,126.2,21,39.0,1058
CUST-100032,2026-06,115.6,9,46.8,1247
CUST-100032,2026-07,120.4,21,25.6,1105
CUST-100032,2026-08,85.2,9,48.7,969
CUST-100033,2026-03,425.5,67,53.3,3346
CUST-100033,2026-04,382.0,66,31.5,3596
CUST-100033,2026-05,340.2,55,58.4,2191
CUST-100033,2026-06,326.9,45,62.8,2780
CUST-100033,2026-07,288.1,36,40.0,2316
CUST-100033,2026-08,247.8,39,40.0,1314
CUST-100034,2026-03,165.1,26,62.0,1492
CUST-100034,2026-04,202.5,33,65.8,2173
CUST-100034,2026-05,160.9,15,53.7,1443
CUST-100034,2026-06,137.8,18,46.7,1561
CUST-100034,2026-07,189.2,32,44.8,2303
CUST-100034,2026-08,144.8,22,46.7,1298
CUST-100035,2026-03,374.8,47,60.3,3174
CUST-100035,2026-04,396.6,61,76.3,3221
CUST-100035,2026-05,423.4,55,56.6,3846
CUST-100035,2026-06,391.1,45,47.8,3291
CUST-100035,2026-07,408.2,52,62.7,2527
CUST-100035,2026-08,394.2,46,54.8,4321
CUST-100036,2026-03,340.7,49,60.4,3331
CUST-100036,2026-04,440.9,69,58.3,4021
CUST-100036,2026-05,362.5,52,71.2,3068
CUST-100036,2026-06,404.3,57,53.7,5393
CUST-100036,2026-07,399.8,59,58.0,3233
CUST-100036,2026-08,398.3,52,65.6,2669
CUST-100037,2026-03,372.6,52,51.0,4009
CUST-100037,2026-04,356.6,38,65.4,2574
CUST-100037,2026-05,373.1,54,72.3,2980
CUST-100037,2026-06,253.8,39,28.9,1758
CUST-100037,2026-07,279.1,37,46.6,1309
CUST-100037,2026-08,226.4,36,18.2,1731
CUST-100038,2026-03,81.0,10,42.0,850
CUST-100038,2026-04,76.4,14,65.5,716
CUST-100038,2026-05,77.2,17,39.0,710
CUST-100038,2026-06,79.0,10,77.6,573
CUST-100038,2026-07,90.3,13,61.8,775
CUST-100038,2026-08,91.9,9,68.7,779
CUST-100039,2026-03,361.1,51,40.0,3252
CUST-100039,2026-04,417.0,59,70.8,4678
CUST-100039,2026-05,304.3,46,48.4,2809
CUST-100039,2026-06,442.7,67,86.3,4444
CUST-100039,2026-07,396.5,57,59.1,2990
CUST-100039,2026-08,457.4,67,35.0,4975
CUST-100040,2026-03,77.0,15,48.0,586
CUST-100040,2026-04,74.2,1,61.3,426
CUST-100040,2026-05,72.5,2,64.8,737
CUST-100040,2026-06,67.4,6,52.4,524
CUST-100040,2026-07,65.6,5,58.6,531
CUST-100040,2026-08,50.7,5,41.3,550
CUST-100041,2026-03,83.0,4,44.2,1095
CUST-100041,2026-04,88.6,13,26.5,659
CUST-100041,2026-05,65.8,5,59.3,960
CUST-100041,2026-06,68.1,9,32.8,762
CUST-100041,2026-07,63.9,11,37.9,813
CUST-100041,2026-08,64.4,5,42.8,493
CUST-100042,2026-03,90.3,16,59.3,846
CUST-100042,2026-04,73.9,9,43.6,548
CUST-100042,2026-05,68.8,13,69.7,609
CUST-100042,2026-06,80.7,16,45.5,853
CUST-100042,2026-07,75.4,11,62.3,786
CUST-100042,2026-08,80.9,16,67.1,815
CUST-100043,2026-03,407.0,58,38.4,4247
CUST-100043,2026-04,395.2,59,40.6,3909
CUST-100043,2026-05,420.0,66,49.6,3287
CUST-100043,2026-06,441.1,65,68.1,5043
CUST-100043,2026-07,389.4,45,52.8,1875
CUST-100043,2026-08,392.3,53,76.0,4148
CUST-100044,2026-03,360.2,47,45.4,2856
CUST-100044,2026-04,382.4,56,64.7,3718
CUST-100044,2026-05,377.3,44,33.0,2628
CUST-100044,2026-06,369.7,47,51.1,2990
CUST-100044,2026-07,387.7,52,54.6,2513
CUST-100044,2026-08,383.6,54,49.1,2719
CUST-100045,2026-03,373.9,57,60.9,4389
CUST-100045,2026-04,395.9,56,67.2,4035
CUST-100045,2026-05,349.2,50,58.9,3480
CUST-100045,2026-06,347.9,44,60.2,2707
CUST-100045,2026-07,305.9,39,60.3,2608
CUST-100045,2026-08,383.0,56,65.6,3723
CUST-100046,2026-03,371.4,54,47.2,2627
CUST-100046,2026-04,352.6,54,49.8,3443
CUST-100046,2026-05,372.8,59,64.8,3799
CUST-100046,2026-06,292.8,48,62.9,2456
CUST-100046,2026-07,360.6,54,50.9,3585
CUST-100046,2026-08,342.9,43,26.1,3517
CUST-100047,2026-03,79.2,13,52.2,750
CUST-100047,2026-04,55.5,11,60.1,678
CUST-100047,2026-05,65.0,9,48.8,730
CUST-100047,2026-06,58.8,10,55.5,330
CUST-100047,2026-07,45.8,5,47.1,429
CUST-100047,2026-08,42.5,5,35.3,322
CUST-100048,2026-03,153.6,24,67.5,1158
CUST-100048,2026-04,180.6,26,49.9,1869
CUST-100048,2026-05,157.2,20,49.8,1574
CUST-100048,2026-06,119.8,19,60.5,907
CUST-100048,2026-07,140.1,19,18.1,1300
CUST-100048,2026-08,114.8,16,58.9,1030
CUST-100049,2026-03,174.4,23,63.1,1481
CUST-100049,2026-04,158.5,21,74.9,1549
CUST-100049,2026-05,182.2,32,39.2,2506
CUST-100049,2026-06,163.5,17,37.0,1415
CUST-100049,2026-07,189.3,27,60.9,1982
CUST-100049,2026-08,210.8,34,72.3,1998
CUST-100050,2026-03,209.0,32,68.6,1015
CUST-100050,2026-04,153.9,18,66.9,1617
CUST-100050,2026-05,145.3,17,63.1,1226
CUST-100050,2026-06,189.5,25,53.4,1325
CUST-100050,2026-07,171.7,27,52.8,924
CUST-100050,2026-08,149.5,12,49.3,1124
CUST-100051,2026-03,195.6,34,37.0,1293
CUST-100051,2026-04,185.6,26,61.1,1537
CUST-100051,2026-05,183.1,38,37.3,1699
CUST-100051,2026-06,161.5,24,53.2,2016
CUST-100051,2026-07,192.1,24,35.7,1832
CUST-100051,2026-08,134.2,15,47.7,1561
CUST-100052,2026-03,172.1,20,51.2,1021
CUST-100052,2026-04,187.1,30,54.6,1401
CUST-100052,2026-05,162.3,34,69.1,1520
CUST-100052,2026-06,172.8,24,62.2,1789
CUST-100052,2026-07,182.9,25,42.2,1513
CUST-100052,2026-08,175.5,22,55.8,1642
CUST-100053,2026-03,82.8,12,54.4,617
CUST-100053,2026-04,80.0,8,58.5,692
CUST-100053,2026-05,84.3,9,49.3,687
CUST-100053,2026-06,81.8,9,48.7,760
CUST-100053,2026-07,69.9,13,54.0,536
CUST-100053,2026-08,78.8,16,38.6,775
CUST-100054,2026-03,959.8,132,52.5,8734
CUST-100054,2026-04,1007.6,147,57.7,11008
CUST-100054,2026-05,841.0,111,65.6,6596
CUST-100054,2026-06,758.4,106,62.7,7378
CUST-100054,2026-07,944.1,136,66.5,8978
CUST-100054,2026-08,729.0,102,50.0,6348
CUST-100055,2026-03,88.8,5,67.8,721
CUST-100055,2026-04,71.9,8,48.4,441
CUST-100055,2026-05,64.4,11,63.8,512
CUST-100055,2026-06,61.0,10,28.2,557
CUST-100055,2026-07,37.4,3,31.7,412
CUST-100055,2026-08,39.1,2,37.4,311
CUST-100056,2026-03,184.1,28,64.8,1959
CUST-100056,2026-04,180.9,24,54.4,1354
CUST-100056,2026-05,146.4,21,56.3,1400
CUST-100056,2026-06,169.1,24,76.2,1745
CUST-100056,2026-07,158.4,27,40.6,1691
CUST-100056,2026-08,148.6,23,41.8,1304
CUST-100057,2026-03,177.5,25,35.7,1506
CUST-100057,2026-04,153.9,17,45.2,1328
CUST-100057,2026-05,165.4,9,54.4,1571
CUST-100057,2026-06,168.4,26,62.0,1753
CUST-100057,2026-07,135.5,21,47.7,1203
CUST-100057,2026-08,145.2,15,55.5,1487
CUST-100058,2026-03,81.8,8,67.0,800
CUST-100058,2026-04,82.3,11,63.0,777
CUST-100058,2026-05,80.5,13,27.5,721
CUST-100058,2026-06,77.1,14,56.0,772
CUST-100058,2026-07,79.4,6,44.6,759
CUST-100058,2026-08,84.3,12,35.5,800
CUST-100059,2026-03,865.3,119,57.5,5609
CUST-100059,2026-04,828.2,114,39.0,5708
CUST-100059,2026-05,1161.2,167,54.9,10116
CUST-100059,2026-06,929.4,136,70.1,9933
CUST-100059,2026-07,929.3,132,49.7,10803
CUST-100059,2026-08,923.1,141,56.4,10393
CUST-100060,2026-03,373.4,49,49.1,4331
CUST-100060,2026-04,409.9,59,44.8,3254
CUST-100060,2026-05,354.4,59,63.1,3162
CUST-100060,2026-06,336.4,46,65.5,2911
CUST-100060,2026-07,369.0,50,56.5,2647
CUST-100060,2026-08,430.6,59,29.6,3881
CUST-100061,2026-03,78.7,12,52.0,843
CUST-100061,2026-04,80.4,5,50.9,581
CUST-100061,2026-05,74.8,12,72.5,612
CUST-100061,2026-06,88.2,9,51.5,633
CUST-100061,2026-07,76.3,11,42.2,625
CUST-100061,2026-08,61.8,7,47.1,550
CUST-100062,2026-03,80.4,14,55.4,877
CUST-100062,2026-04,94.0,11,60.4,1159
CUST-100062,2026-05,84.3,12,58.4,592
CUST-100062,2026-06,80.4,11,78.5,595
CUST-100062,2026-07,87.7,10,37.3,614
CUST-100062,2026-08,74.3,13,56.4,703
CUST-100063,2026-03,74.9,13,54.5,843
CUST-100063,2026-04,70.6,7,32.9,640
CUST-100063,2026-05,87.8,17,53.3,769
CUST-100063,2026-06,79.7,8,39.4,491
CUST-100063,2026-07,73.5,13,33.5,828
CUST-100063,2026-08,69.9,11,62.2,434
CUST-100064,2026-03,807.9,113,57.3,8281
CUST-100064,2026-04,952.1,142,70.2,9285
CUST-100064,2026-05,847.0,116,69.3,7396
CUST-100064,2026-06,964.3,135,61.1,9436
CUST-100064,2026-07,1042.1,153,54.3,8228
CUST-100064,2026-08,852.9,129,52.8,6648
CUST-100065,2026-03,180.9,24,57.1,1216
CUST-100065,2026-04,165.5,21,78.2,1035
CUST-100065,2026-05,186.6,26,91.7,1665
CUST-100065,2026-06,164.5,21,42.4,1390
CUST-100065,2026-07,185.3,21,57.5,2305
CUST-100065,2026-08,165.5,27,66.6,1698
CUST-100066,2026-03,384.0,55,39.9,3847
CUST-100066,2026-04,364.0,52,62.1,3982
CUST-100066,2026-05,328.1,40,38.0,3899
CUST-100066,2026-06,313.7,48,56.5,2267
CUST-100066,2026-07,322.0,35,39.8,2612
CUST-100066,2026-08,218.4,31,44.7,1522
CUST-100067,2026-03,74.1,6,49.0,687
CUST-100067,2026-04,86.2,8,53.0,831
CUST-100067,2026-05,68.4,9,65.4,607
CUST-100067,2026-06,85.1,14,37.5,469
CUST-100067,2026-07,93.3,17,35.2,805
CUST-100067,2026-08,72.1,14,68.8,888
CUST-100068,2026-03,172.4,24,33.5,1513
CUST-100068,2026-04,214.5,27,62.5,2413
CUST-100068,2026-05,174.3,27,69.2,1713
CUST-100068,2026-06,177.6,21,65.3,1734
CUST-100068,2026-07,166.1,24,50.0,863
CUST-100068,2026-08,174.7,27,41.8,1722
CUST-100069,2026-03,171.4,25,52.4,1600
CUST-100069,2026-04,191.2,25,70.5,2244
CUST-100069,2026-05,181.6,24,56.0,1445
CUST-100069,2026-06,168.1,25,52.5,1085
CUST-100069,2026-07,144.4,28,47.4,1365
CUST-100069,2026-08,143.8,19,21.9,1266
CUST-100070,2026-03,352.0,46,49.0,2646
CUST-100070,2026-04,383.3,53,65.2,4457
CUST-100070,2026-05,395.7,58,58.7,3335
CUST-100070,2026-06,352.0,51,81.8,3508
CUST-100070,2026-07,425.0,58,41.0,3233
CUST-100070,2026-08,405.0,55,52.0,4662
CUST-100071,2026-03,178.3,24,45.9,1869
CUST-100071,2026-04,188.5,28,56.6,1393
CUST-100071,2026-05,186.7,23,55.2,1249
CUST-100071,2026-06,189.4,32,77.9,2009
CUST-100071,2026-07,156.8,18,47.8,1585
CUST-100071,2026-08,191.6,28,53.2,2592
CUST-100072,2026-03,180.9,24,56.0,1304
CUST-100072,2026-04,189.8,25,52.6,1775
CUST-100072,2026-05,139.6,23,33.0,1045
CUST-100072,2026-06,175.3,21,52.9,1857
CUST-100072,2026-07,147.8,24,48.3,1230
CUST-100072,2026-08,141.0,19,50.5,1412
CUST-100073,2026-03,72.2,11,41.1,419
CUST-100073,2026-04,65.4,15,60.3,618
CUST-100073,2026-05,89.9,11,85.0,946
CUST-100073,2026-06,87.7,11,70.5,818
CUST-100073,2026-07,86.8,16,53.4,885
CUST-100073,2026-08,81.6,8,47.0,695
CUST-100074,2026-03,75.2,11,55.4,601
CUST-100074,2026-04,66.8,12,62.8,553
CUST-100074,2026-05,68.8,3,61.8,667
CUST-100074,2026-06,61.0,11,60.9,429
CUST-100074,2026-07,54.0,11,49.8,487
CUST-100074,2026-08,37.6,4,29.5,233
CUST-100075,2026-03,84.4,5,45.2,511
CUST-100075,2026-04,75.8,11,51.9,739
CUST-100075,2026-05,90.4,14,64.1,672
CUST-100075,2026-06,85.0,20,71.5,325
CUST-100075,2026-07,90.9,11,25.4,590
CUST-100075,2026-08,84.3,9,45.1,504
CUST-100076,2026-03,190.3,27,68.4,1818
CUST-100076,2026-04,208.4,30,67.1,1773
CUST-100076,2026-05,205.3,35,49.4,2450
CUST-100076,2026-06,210.1,32,49.7,1224
CUST-100076,2026-07,185.0,28,71.0,2089
CUST-100076,2026-08,184.4,22,49.8,1922
CUST-100077,2026-03,189.4,27,54.0,1700
CUST-100077,2026-04,178.3,23,53.1,1145
CUST-100077,2026-05,161.6,21,32.3,1533
CUST-100077,2026-06,155.9,22,61.2,1622
CUST-100077,2026-07,109.3,23,40.7,939
CUST-100077,2026-08,127.4,21,23.4,1221
CUST-100078,2026-03,84.4,11,57.9,748
CUST-100078,2026-04,75.8,11,70.2,536
CUST-100078,2026-05,75.6,16,46.6,578
CUST-100078,2026-06,65.2,9,79.3,662
CUST-100078,2026-07,74.3,13,64.9,589
CUST-100078,2026-08,55.1,10,38.6,446
CUST-100079,2026-03,833.4,120,59.4,5724
CUST-100079,2026-04,914.1,137,52.4,8365
CUST-100079,2026-05,773.8,109,54.2,9159
CUST-100079,2026-06,859.2,120,34.1,8012
CUST-100079,2026-07,678.6,99,45.5,5475
CUST-100079,2026-08,950.9,132,46.2,10656
CUST-100080,2026-03,401.3,60,60.0,3433
CUST-100080,2026-04,412.6,63,44.2,4496
CUST-100080,2026-05,363.3,57,55.6,3320
CUST-100080,2026-06,377.7,50,59.1,3862
CUST-100080,2026-07,362.1,56,59.6,4367
CUST-100080,2026-08,378.1,57,50.4,3520
CUST-100081,2026-03,177.5,26,51.8,1742
CUST-100081,2026-04,172.1,27,40.5,1860
CUST-100081,2026-05,155.5,22,48.7,1538
CUST-100081,2026-06,138.6,17,30.6,1041
CUST-100081,2026-07,107.4,13,25.1,836
CUST-100081,2026-08,109.9,16,43.1,562
CUST-100082,2026-03,378.3,46,44.3,3873
CUST-100082,2026-04,357.9,53,62.2,4471
CUST-100082,2026-05,319.5,47,51.1,3213
CUST-100082,2026-06,336.9,51,35.1,2514
CUST-100082,2026-07,233.9,36,67.8,2807
CUST-100082,2026-08,302.3,40,21.4,2254
CUST-100083,2026-03,905.3,129,41.4,8902
CUST-100083,2026-04,614.5,85,64.2,6791
CUST-100083,2026-05,723.8,105,51.9,6294
CUST-100083,2026-06,581.7,86,54.0,5283
CUST-100083,2026-07,620.1,86,54.1,6167
CUST-100083,2026-08,403.5,63,27.3,4991
CUST-100084,2026-03,383.9,54,29.4,3967
CUST-100084,2026-04,423.7,56,47.8,3968
CUST-100084,2026-05,399.0,56,46.8,4650
CUST-100084,2026-06,363.8,49,55.4,2325
CUST-100084,2026-07,368.7,46,66.0,2668
CUST-100084,2026-08,363.7,48,64.7,2905
CUST-100085,2026-03,342.7,42,55.6,3384
CUST-100085,2026-04,391.1,64,55.3,2815
CUST-100085,2026-05,421.2,56,57.3,4928
CUST-100085,2026-06,440.1,59,60.2,3136
CUST-100085,2026-07,405.6,58,41.1,4474
CUST-100085,2026-08,376.1,56,65.5,2606
CUST-100086,2026-03,205.5,30,37.2,1658
CUST-100086,2026-04,172.3,19,52.8,2107
CUST-100086,2026-05,198.0,25,57.8,2226
CUST-100086,2026-06,183.6,21,44.2,1944
CUST-100086,2026-07,168.3,25,57.2,1623
CUST-100086,2026-08,174.3,23,62.6,1273
CUST-100087,2026-03,177.3,24,50.4,1462
CUST-100087,2026-04,192.3,28,41.3,1875
CUST-100087,2026-05,195.9,30,71.0,2060
CUST-100087,2026-06,192.1,25,60.1,1651
CUST-100087,2026-07,192.4,29,62.6,2226
CUST-100087,2026-08,192.5,27,76.5,1511
CUST-100088,2026-03,345.6,52,65.3,3608
CUST-100088,2026-04,341.3,48,58.6,2612
CUST-100088,2026-05,268.3,40,50.6,2761
CUST-100088,2026-06,221.8,25,60.0,2289
CUST-100088,2026-07,239.7,29,74.8,2371
CUST-100088,2026-08,169.7,20,39.2,2091
CUST-100089,2026-03,171.9,18,67.7,1814
CUST-100089,2026-04,147.3,23,49.1,891
CUST-100089,2026-05,161.9,23,37.7,1687
CUST-100089,2026-06,100.3,6,70.8,870
CUST-100089,2026-07,108.5,19,49.7,1005
CUST-100089,2026-08,114.0,15,34.3,1075
CUST-100090,2026-03,184.5,34,52.2,1285
CUST-100090,2026-04,178.8,29,34.0,1867
CUST-100090,2026-05,146.3,23,44.5,1551
CUST-100090,2026-06,117.4,12,43.3,1139
CUST-100090,2026-07,133.9,25,64.0,857
CUST-100090,2026-08,98.5,19,34.4,602
CUST-100091,2026-03,83.7,9,64.0,427
CUST-100091,2026-04,68.1,9,39.5,632
CUST-100091,2026-05,58.1,6,46.2,340
CUST-100091,2026-06,57.7,7,54.1,604
CUST-100091,2026-07,57.3,9,45.4,372
CUST-100091,2026-08,41.3,9,53.1,384
CUST-100092,2026-03,342.6,46,40.2,2619
CUST-100092,2026-04,382.9,51,66.4,3841
CUST-100092,2026-05,301.6,40,57.8,2961
CUST-100092,2026-06,229.8,34,56.2,1624
CUST-100092,2026-07,277.4,39,53.6,1768
CUST-100092,2026-08,231.2,38,31.3,1495
CUST-100093,2026-03,88.9,18,35.4,1014
CUST-100093,2026-04,86.9,10,82.0,435
CUST-100093,2026-05,89.3,7,49.3,850
CUST-100093,2026-06,89.9,13,62.6,1107
CUST-100093,2026-07,78.0,17,61.1,674
CUST-100093,2026-08,74.2,17,52.9,831
CUST-100094,2026-03,149.9,24,55.1,1214
CUST-100094,2026-04,149.4,21,51.4,1433
CUST-100094,2026-05,154.1,26,79.7,1818
CUST-100094,2026-06,132.3,22,58.3,771
CUST-100094,2026-07,107.5,17,45.0,1149
CUST-100094,2026-08,109.9,12,49.1,1068
CUST-100095,2026-03,345.7,51,61.0,2897
CUST-100095,2026-04,401.3,56,38.5,2818
CUST-100095,2026-05,362.2,53,49.1,3098
CUST-100095,2026-06,312.8,43,74.7,2191
CUST-100095,2026-07,415.1,55,62.3,3303
CUST-100095,2026-08,367.5,48,52.0,3566
CUST-100096,2026-03,396.1,60,69.2,3870
CUST-100096,2026-04,357.2,55,94.5,2836
CUST-100096,2026-05,446.2,61,65.6,4631
CUST-100096,2026-06,368.1,55,74.2,2681
CUST-100096,2026-07,360.7,54,50.4,2567
CUST-100096,2026-08,430.2,55,61.3,2321
CUST-100097,2026-03,177.5,21,56.7,2316
CUST-100097,2026-04,200.1,27,59.5,1816
CUST-100097,2026-05,167.5,23,48.2,1732
CUST-100097,2026-06,164.2,25,56.5,1242
CUST-100097,2026-07,166.1,33,71.1,1564
CUST-100097,2026-08,178.3,26,33.3,1900
CUST-100098,2026-03,86.6,10,41.0,732
CUST-100098,2026-04,55.9,5,42.1,554
CUST-100098,2026-05,51.7,8,50.4,515
CUST-100098,2026-06,60.6,1,53.1,465
CUST-100098,2026-07,44.7,7,62.6,442
CUST-100098,2026-08,51.6,6,48.1,457
CUST-100099,2026-03,216.9,38,69.8,1825
CUST-100099,2026-04,175.7,27,44.5,1899
CUST-100099,2026-05,173.5,30,45.7,1667
CUST-100099,2026-06,187.2,26,57.6,2219
CUST-100099,2026-07,147.3,20,72.8,1341
CUST-100099,2026-08,133.3,19,56.3,1081
CUST-100100,2026-03,75.1,5,59.1,699
CUST-100100,2026-04,77.5,8,42.8,658
CUST-100100,2026-05,75.5,13,55.4,601
CUST-100100,2026-06,85.4,11,62.5,618
CUST-100100,2026-07,90.1,10,64.4,703
CUST-100100,2026-08,87.5,15,45.6,728
CUST-100101,2026-03,77.9,12,70.6,487
CUST-100101,2026-04,82.8,9,64.9,716
CUST-100101,2026-05,74.9,11,56.8,545
CUST-100101,2026-06,68.2,9,57.3,519
CUST-100101,2026-07,66.5,2,49.6,724
CUST-100101,2026-08,75.6,14,55.0,819
CUST-100102,2026-03,160.1,19,43.0,1534
CUST-100102,2026-04,155.1,24,60.7,1521
CUST-100102,2026-05,131.7,24,46.3,652
CUST-100102,2026-06,141.7,19,36.0,1079
CUST-100102,2026-07,99.6,7,38.4,886
CUST-100102,2026-08,87.6,17,5.0,888
CUST-100103,2026-03,159.7,15,57.9,1389
CUST-100103,2026-04,158.1,23,63.2,1347
CUST-100103,2026-05,125.3,10,39.9,933
CUST-100103,2026-06,109.5,15,50.3,977
CUST-100103,2026-07,108.3,20,37.5,990
CUST-100103,2026-08,99.9,17,48.8,794
CUST-100104,2026-03,178.7,25,56.7,1040
CUST-100104,2026-04,162.1,17,51.0,1334
CUST-100104,2026-05,131.0,21,64.4,1236
CUST-100104,2026-06,143.4,19,57.5,1098
CUST-100104,2026-07,105.3,16,28.5,1137
CUST-100104,2026-08,88.9,9,36.5,876
CUST-100105,2026-03,156.3,20,32.0,1407
CUST-100105,2026-04,217.6,34,50.6,2284
CUST-100105,2026-05,169.6,23,66.0,1509
CUST-100105,2026-06,154.8,24,45.0,1033
CUST-100105,2026-07,144.4,17,46.6,1369
CUST-100105,2026-08,164.6,23,49.3,1106
CUST-100106,2026-03,184.8,28,62.9,1683
CUST-100106,2026-04,159.4,24,74.0,932
CUST-100106,2026-05,180.5,28,52.4,2017
CUST-100106,2026-06,179.6,23,43.9,1743
CUST-100106,2026-07,185.8,21,49.8,1960
CUST-100106,2026-08,208.4,29,80.1,1848
CUST-100107,2026-03,84.0,12,42.4,734
CUST-100107,2026-04,84.0,11,29.3,616
CUST-100107,2026-05,60.2,6,57.0,462
CUST-100107,2026-06,59.9,1,45.3,404
CUST-100107,2026-07,49.8,2,47.3,441
CUST-100107,2026-08,33.9,6,32.0,271
CUST-100108,2026-03,196.6,25,52.0,1979
CUST-100108,2026-04,177.7,23,58.7,1975
CUST-100108,2026-05,202.7,26,69.7,2241
CUST-100108,2026-06,191.5,27,55.5,1777
CUST-100108,2026-07,142.9,21,43.1,1284
CUST-100108,2026-08,149.0,18,36.7,1115
CUST-100109,2026-03,91.9,10,34.2,671
CUST-100109,2026-04,80.0,18,64.4,858
CUST-100109,2026-05,80.6,11,58.7,886
CUST-100109,2026-06,74.4,12,69.7,750
CUST-100109,2026-07,87.5,8,61.7,827
CUST-100109,2026-08,67.6,7,59.7,701
CUST-100110,2026-03,70.9,11,60.3,837
CUST-100110,2026-04,81.1,18,49.1,850
CUST-100110,2026-05,69.9,5,49.3,659
CUST-100110,2026-06,46.5,1,65.0,269
CUST-100110,2026-07,56.6,2,29.3,549
CUST-100110,2026-08,45.4,4,45.8,482
CUST-100111,2026-03,68.5,1,39.4,451
CUST-100111,2026-04,70.4,9,50.2,345
CUST-100111,2026-05,75.3,9,73.4,511
CUST-100111,2026-06,61.7,7,56.4,489
CUST-100111,2026-07,55.4,5,72.4,582
CUST-100111,2026-08,49.9,5,57.0,631
CUST-100112,2026-03,180.4,27,69.1,1125
CUST-100112,2026-04,176.7,24,63.8,1321
CUST-100112,2026-05,147.2,16,62.2,859
CUST-100112,2026-06,163.0,21,42.5,1264
CUST-100112,2026-07,150.6,21,63.3,1120
CUST-100112,2026-08,134.8,25,36.8,1128
CUST-100113,2026-03,166.5,23,53.2,1690
CUST-100113,2026-04,150.1,27,59.5,1202
CUST-100113,2026-05,166.3,26,75.9,912
CUST-100113,2026-06,175.2,29,35.1,1439
CUST-100113,2026-07,189.5,21,50.5,1463
CUST-100113,2026-08,149.1,26,40.1,1298
CUST-100114,2026-03,168.4,16,68.5,1179
CUST-100114,2026-04,190.4,22,48.8,2053
CUST-100114,2026-05,169.8,26,89.1,1969
CUST-100114,2026-06,149.7,21,56.8,1627
CUST-100114,2026-07,179.7,25,61.0,1751
CUST-100114,2026-08,185.0,25,40.1,1683
CUST-100115,2026-03,78.0,15,39.2,699
CUST-100115,2026-04,79.1,4,43.5,527
CUST-100115,2026-05,89.6,13,71.5,760
CUST-100115,2026-06,96.2,8,44.6,1019
CUST-100115,2026-07,69.2,20,42.7,560
CUST-100115,2026-08,80.9,8,47.3,685
CUST-100116,2026-03,193.3,22,58.1,1331
CUST-100116,2026-04,174.1,26,47.0,1545
CUST-100116,2026-05,193.9,31,56.0,1457
CUST-100116,2026-06,163.6,24,55.9,1365
CUST-100116,2026-07,183.8,29,57.3,1926
CUST-100116,2026-08,177.8,22,66.2,1695
CUST-100117,2026-03,213.8,29,44.8,1853
CUST-100117,2026-04,179.0,24,71.8,2022
CUST-100117,2026-05,168.0,24,68.8,1614
CUST-100117,2026-06,185.5,27,59.8,1359
CUST-100117,2026-07,188.7,32,40.8,1955
CUST-100117,2026-08,176.9,22,66.9,1761
CUST-100118,2026-03,67.9,10,36.8,569
CUST-100118,2026-04,82.7,15,46.6,691
CUST-100118,2026-05,87.5,12,34.9,848
CUST-100118,2026-06,82.7,9,52.1,722
CUST-100118,2026-07,77.3,12,56.5,705
CUST-100118,2026-08,86.1,16,44.9,976
CUST-100119,2026-03,164.3,29,46.6,1154
CUST-100119,2026-04,185.0,19,39.5,1676
CUST-100119,2026-05,151.2,22,45.3,1359
CUST-100119,2026-06,130.5,18,29.3,1229
CUST-100119,2026-07,164.8,19,47.5,1709
CUST-100119,2026-08,143.0,18,43.7,1084
CUST-100120,2026-03,184.0,33,47.5,1597
CUST-100120,2026-04,190.8,24,44.5,1602
CUST-100120,2026-05,193.2,23,59.4,1293
CUST-100120,2026-06,186.2,30,49.7,1504
CUST-100120,2026-07,191.3,25,48.3,1458
CUST-100120,2026-08,209.8,27,50.0,594
CUST-100121,2026-03,86.0,12,34.9,1039
CUST-100121,2026-04,73.1,7,44.9,816
CUST-100121,2026-05,75.3,5,58.6,832
CUST-100121,2026-06,68.5,5,49.3,677
CUST-100121,2026-07,57.4,7,41.4,591
CUST-100121,2026-08,40.2,7,54.5,258
CUST-100122,2026-03,89.0,7,38.2,752
CUST-100122,2026-04,77.4,7,63.4,993
CUST-100122,2026-05,84.0,6,74.5,916
CUST-100122,2026-06,89.0,9,30.8,908
CUST-100122,2026-07,86.6,19,46.7,633
CUST-100122,2026-08,83.3,14,68.1,738
CUST-100123,2026-03,85.5,15,68.9,875
CUST-100123,2026-04,73.5,17,56.3,868
CUST-100123,2026-05,67.1,11,75.6,696
CUST-100123,2026-06,56.5,1,75.8,472
CUST-100123,2026-07,68.7,15,47.8,733
CUST-100123,2026-08,51.5,1,48.5,414
CUST-100124,2026-03,79.2,20,56.4,803
CUST-100124,2026-04,87.0,9,57.4,757
CUST-100124,2026-05,77.3,10,76.0,679
CUST-100124,2026-06,89.7,16,63.2,869
CUST-100124,2026-07,77.2,9,46.9,646
CUST-100124,2026-08,83.5,9,81.5,525
CUST-100125,2026-03,365.7,48,39.5,3800
CUST-100125,2026-04,332.8,54,39.2,1768
CUST-100125,2026-05,301.6,35,42.3,3099
CUST-100125,2026-06,254.0,39,47.2,2423
CUST-100125,2026-07,222.8,34,61.5,2411
CUST-100125,2026-08,222.4,27,35.3,1765
CUST-100126,2026-03,190.5,25,66.3,1879
CUST-100126,2026-04,200.7,31,54.3,1733
CUST-100126,2026-05,183.7,20,78.0,1434
CUST-100126,2026-06,152.2,17,39.5,1600
CUST-100126,2026-07,169.8,26,81.9,1606
CUST-100126,2026-08,158.0,21,40.2,1278
CUST-100127,2026-03,177.3,26,39.3,2347
CUST-100127,2026-04,178.5,34,43.5,1848
CUST-100127,2026-05,140.8,20,61.5,1418
CUST-100127,2026-06,146.9,16,24.1,1507
CUST-100127,2026-07,119.8,15,36.4,1081
CUST-100127,2026-08,94.3,13,29.5,730
CUST-100128,2026-03,193.5,31,44.0,1660
CUST-100128,2026-04,185.7,18,64.1,1686
CUST-100128,2026-05,200.8,38,47.8,1968
CUST-100128,2026-06,183.1,34,45.8,1706
CUST-100128,2026-07,192.6,34,61.9,1656
CUST-100128,2026-08,189.6,26,47.5,1559
CUST-100129,2026-03,361.7,52,30.3,3088
CUST-100129,2026-04,372.1,57,57.0,4825
CUST-100129,2026-05,372.1,50,45.7,4013
CUST-100129,2026-06,431.5,64,48.9,3673
CUST-100129,2026-07,392.8,50,69.9,3340
CUST-100129,2026-08,414.8,54,39.2,3635
CUST-100130,2026-03,75.8,14,66.1,662
CUST-100130,2026-04,70.5,13,42.5,693
CUST-100130,2026-05,81.9,13,72.3,432
CUST-100130,2026-06,91.3,13,65.5,751
CUST-100130,2026-07,78.6,20,53.4,726
CUST-100130,2026-08,72.3,9,55.2,692
CUST-100131,2026-03,73.8,5,59.1,735
CUST-100131,2026-04,71.3,13,46.7,596
CUST-100131,2026-05,73.5,9,47.7,680
CUST-100131,2026-06,66.0,13,71.0,421
CUST-100131,2026-07,75.8,7,66.4,424
CUST-100131,2026-08,86.7,14,47.2,839
CUST-100132,2026-03,91.4,13,75.8,657
CUST-100132,2026-04,70.4,12,59.0,681
CUST-100132,2026-05,80.4,12,23.2,772
CUST-100132,2026-06,62.1,3,52.6,533
CUST-100132,2026-07,76.5,8,45.4,850
CUST-100132,2026-08,69.4,10,25.6,574
CUST-100133,2026-03,441.4,60,59.0,4661
CUST-100133,2026-04,413.4,59,42.0,4196
CUST-100133,2026-05,438.4,61,62.5,4089
CUST-100133,2026-06,412.0,55,34.9,2653
CUST-100133,2026-07,330.9,39,59.0,2565
CUST-100133,2026-08,407.0,62,52.7,4511
CUST-100134,2026-03,342.8,49,53.4,2277
CUST-100134,2026-04,390.6,55,50.3,4254
CUST-100134,2026-05,392.0,64,45.6,3811
CUST-100134,2026-06,327.9,44,46.9,2649
CUST-100134,2026-07,419.3,62,65.9,3836
CUST-100134,2026-08,381.5,54,62.1,2817
CUST-100135,2026-03,176.0,31,55.6,1667
CUST-100135,2026-04,185.8,24,36.7,1480
CUST-100135,2026-05,153.2,24,37.3,1727
CUST-100135,2026-06,131.3,23,21.5,664
CUST-100135,2026-07,141.7,19,77.0,1258
CUST-100135,2026-08,141.6,22,54.9,1127
CUST-100136,2026-03,388.5,56,49.6,3671
CUST-100136,2026-04,303.1,44,95.5,1941
CUST-100136,2026-05,337.2,49,38.0,2961
CUST-100136,2026-06,330.1,52,63.3,2944
CUST-100136,2026-07,371.3,55,48.4,3437
CUST-100136,2026-08,231.8,27,26.0,1596
CUST-100137,2026-03,377.8,52,48.9,3067
CUST-100137,2026-04,337.9,54,57.5,3687
CUST-100137,2026-05,449.0,63,35.3,3914
CUST-100137,2026-06,374.4,48,41.2,2642
CUST-100137,2026-07,408.9,55,53.9,3396
CUST-100137,2026-08,407.5,55,45.1,3971
CUST-100138,2026-03,164.3,26,52.7,2007
CUST-100138,2026-04,172.7,26,39.9,1676
CUST-100138,2026-05,183.9,29,56.9,1287
CUST-100138,2026-06,183.5,34,51.7,1934
CUST-100138,2026-07,184.7,28,45.0,1603
CUST-100138,2026-08,198.5,36,47.4,1310
CUST-100139,2026-03,373.3,53,68.4,3229
CUST-100139,2026-04,361.1,47,48.9,3401
CUST-100139,2026-05,447.2,57,74.6,4486
CUST-100139,2026-06,374.0,59,71.8,4360
CUST-100139,2026-07,428.7,61,67.0,5112
CUST-100139,2026-08,353.8,54,49.9,2466
CUST-100140,2026-03,206.5,29,50.4,1619
CUST-100140,2026-04,178.7,21,53.6,1585
CUST-100140,2026-05,192.9,29,29.2,1460
CUST-100140,2026-06,198.7,26,52.3,2292
CUST-100140,2026-07,198.5,30,69.9,1413
CUST-100140,2026-08,204.9,27,50.0,1915
CUST-100141,2026-03,156.5,26,47.2,1037
CUST-100141,2026-04,174.6,26,59.8,1574
CUST-100141,2026-05,203.9,28,34.8,2565
CUST-100141,2026-06,161.2,19,35.2,992
CUST-100141,2026-07,204.4,27,40.8,1351
CUST-100141,2026-08,199.5,31,67.8,1878
CUST-100142,2026-03,88.7,9,40.4,744
CUST-100142,2026-04,82.4,8,57.7,375
CUST-100142,2026-05,82.5,16,61.1,928
CUST-100142,2026-06,76.4,11,50.8,641
CUST-100142,2026-07,87.0,10,66.2,723
CUST-100142,2026-08,90.3,11,66.9,637
CUST-100143,2026-03,182.4,31,53.6,2306
CUST-100143,2026-04,185.1,26,41.9,1085
CUST-100143,2026-05,182.0,30,68.8,853
CUST-100143,2026-06,175.7,25,62.6,1635
CUST-100143,2026-07,175.5,28,61.2,2007
CUST-100143,2026-08,202.8,35,36.9,2112
CUST-100144,2026-03,176.0,24,69.3,917
CUST-100144,2026-04,179.0,37,43.8,1218
CUST-100144,2026-05,135.3,19,35.8,933
CUST-100144,2026-06,132.5,19,33.5,1134
CUST-100144,2026-07,143.5,17,76.2,986
CUST-100144,2026-08,161.9,18,52.8,1558
CUST-100145,2026-03,81.3,10,58.5,660
CUST-100145,2026-04,74.3,15,55.3,566
CUST-100145,2026-05,84.1,10,70.2,467
CUST-100145,2026-06,71.0,17,29.2,692
CUST-100145,2026-07,85.6,8,63.6,872
CUST-100145,2026-08,85.9,15,75.7,710
CUST-100146,2026-03,146.7,20,50.6,1287
CUST-100146,2026-04,169.3,21,51.6,1840
CUST-100146,2026-05,177.3,23,40.5,2022
CUST-100146,2026-06,184.1,21,83.3,1914
CUST-100146,2026-07,183.7,34,45.0,1328
CUST-100146,2026-08,205.6,32,61.8,2502
CUST-100147,2026-03,163.9,19,63.2,1203
CUST-100147,2026-04,170.4,20,44.4,1094
CUST-100147,2026-05,170.2,22,53.7,1946
CUST-100147,2026-06,220.0,29,50.2,2556
CUST-100147,2026-07,174.2,22,46.5,1327
CUST-100147,2026-08,153.3,29,51.8,1267
CUST-100148,2026-03,205.1,29,48.8,2071
CUST-100148,2026-04,160.2,17,31.9,1578
CUST-100148,2026-05,171.2,25,76.8,1302
CUST-100148,2026-06,185.2,28,72.1,1427
CUST-100148,2026-07,162.0,11,46.8,1391
CUST-100148,2026-08,138.5,18,56.7,1144
CUST-100149,2026-03,376.2,59,35.9,3396
CUST-100149,2026-04,378.6,51,46.5,2035
CUST-100149,2026-05,346.7,49,55.4,3070
CUST-100149,2026-06,399.0,62,71.2,2884
CUST-100149,2026-07,369.3,54,53.2,5042
CUST-100149,2026-08,404.8,52,72.8,3192
CUST-100150,2026-03,90.1,12,69.7,1285
CUST-100150,2026-04,76.7,4,53.3,565
CUST-100150,2026-05,68.1,1,43.2,650
CUST-100150,2026-06,71.8,9,46.9,478
CUST-100150,2026-07,58.5,10,53.1,711
CUST-100150,2026-08,61.7,7,47.5,541
CUST-100151,2026-03,858.0,123,50.1,4672
CUST-100151,2026-04,781.1,112,77.6,6431
CUST-100151,2026-05,787.6,113,69.6,6049
CUST-100151,2026-06,761.6,105,34.0,5925
CUST-100151,2026-07,513.8,77,45.7,3829
CUST-100151,2026-08,524.2,74,36.8,6204
CUST-100152,2026-03,414.5,61,68.2,4326
CUST-100152,2026-04,388.9,59,84.6,4173
CUST-100152,2026-05,368.2,51,54.1,3765
CUST-100152,2026-06,369.1,44,51.7,3737
CUST-100152,2026-07,398.9,48,64.1,3779
CUST-100152,2026-08,408.9,59,46.7,3299
CUST-100153,2026-03,694.3,93,64.3,7185
CUST-100153,2026-04,886.7,129,47.9,8393
CUST-100153,2026-05,792.8,101,60.0,5183
CUST-100153,2026-06,794.7,112,58.9,4577
CUST-100153,2026-07,1014.2,144,74.0,6995
CUST-100153,2026-08,983.5,142,69.7,6780
CUST-100154,2026-03,180.1,22,42.0,1578
CUST-100154,2026-04,191.0,33,57.1,2210
CUST-100154,2026-05,192.7,27,65.1,1040
CUST-100154,2026-06,169.3,28,58.2,1052
CUST-100154,2026-07,203.6,37,54.5,1629
CUST-100154,2026-08,175.8,25,79.2,1905
CUST-100155,2026-03,188.7,29,49.3,2160
CUST-100155,2026-04,151.7,23,56.4,1099
CUST-100155,2026-05,117.4,17,32.2,1063
CUST-100155,2026-06,110.7,7,41.0,1122
CUST-100155,2026-07,119.7,9,47.6,918
CUST-100155,2026-08,131.7,19,25.2,1103
CUST-100156,2026-03,181.0,24,66.2,2113
CUST-100156,2026-04,156.1,26,42.0,1367
CUST-100156,2026-05,98.7,7,48.8,819
CUST-100156,2026-06,104.9,18,51.1,877
CUST-100156,2026-07,98.0,11,54.2,718
CUST-100156,2026-08,83.9,19,39.2,843
CUST-100157,2026-03,1015.6,142,59.2,12356
CUST-100157,2026-04,946.3,134,36.7,8161
CUST-100157,2026-05,941.7,132,78.6,10050
CUST-100157,2026-06,887.9,124,33.2,14005
CUST-100157,2026-07,908.6,133,30.5,8138
CUST-100157,2026-08,981.2,144,61.5,11123
CUST-100158,2026-03,404.9,64,51.7,2791
CUST-100158,2026-04,356.1,51,23.2,3601
CUST-100158,2026-05,373.0,56,52.8,3653
CUST-100158,2026-06,376.7,54,52.6,3733
CUST-100158,2026-07,347.1,47,45.6,3519
CUST-100158,2026-08,419.4,56,61.4,4862
CUST-100159,2026-03,75.5,9,68.6,617
CUST-100159,2026-04,89.7,8,54.9,737
CUST-100159,2026-05,87.1,7,61.6,1067
CUST-100159,2026-06,76.9,10,69.1,559
CUST-100159,2026-07,76.4,11,46.2,756
CUST-100159,2026-08,78.9,9,62.0,538
CUST-100160,2026-03,80.3,10,69.5,792
CUST-100160,2026-04,77.2,1,64.2,690
CUST-100160,2026-05,74.0,8,41.7,735
CUST-100160,2026-06,59.9,5,42.3,523
CUST-100160,2026-07,70.8,2,51.2,438
CUST-100160,2026-08,72.3,12,50.5,586
CUST-100161,2026-03,78.8,8,69.5,613
CUST-100161,2026-04,80.6,15,52.8,589
CUST-100161,2026-05,73.8,8,71.4,693
CUST-100161,2026-06,78.5,6,41.0,770
CUST-100161,2026-07,84.1,18,75.1,862
CUST-100161,2026-08,82.4,5,57.5,820
CUST-100162,2026-03,432.5,60,29.7,4252
CUST-100162,2026-04,377.3,45,59.0,2129
CUST-100162,2026-05,282.1,39,63.6,2508
CUST-100162,2026-06,274.4,41,19.0,3437
CUST-100162,2026-07,202.9,30,52.8,1661
CUST-100162,2026-08,199.9,22,47.7,2040
CUST-100163,2026-03,82.6,1,68.7,913
CUST-100163,2026-04,61.4,1,69.1,443
CUST-100163,2026-05,67.6,13,48.5,879
CUST-100163,2026-06,74.2,10,39.1,550
CUST-100163,2026-07,59.6,3,42.7,546
CUST-100163,2026-08,36.1,6,67.4,204
CUST-100164,2026-03,161.1,22,62.4,1690
CUST-100164,2026-04,166.6,18,72.0,1468
CUST-100164,2026-05,198.1,28,49.5,1467
CUST-100164,2026-06,172.8,21,37.6,1127
CUST-100164,2026-07,164.4,23,37.6,1695
CUST-100164,2026-08,165.1,19,46.5,1464
CUST-100165,2026-03,173.3,24,87.1,1517
CUST-100165,2026-04,157.5,26,44.5,1699
CUST-100165,2026-05,162.2,25,49.7,1949
CUST-100165,2026-06,129.1,20,39.0,834
CUST-100165,2026-07,113.1,14,44.3,1290
CUST-100165,2026-08,77.9,11,21.9,674
CUST-100166,2026-03,83.6,18,63.6,710
CUST-100166,2026-04,84.1,11,54.3,780
CUST-100166,2026-05,70.3,4,58.7,762
CUST-100166,2026-06,92.8,5,55.2,882
CUST-100166,2026-07,90.1,15,51.0,1005
CUST-100166,2026-08,73.9,10,40.8,789
CUST-100167,2026-03,886.4,122,67.3,8168
CUST-100167,2026-04,888.4,131,54.2,7160
CUST-100167,2026-05,854.9,113,68.9,8246
CUST-100167,2026-06,630.6,92,53.8,6418
CUST-100167,2026-07,828.0,125,48.0,9013
CUST-100167,2026-08,636.6,86,65.9,6462
CUST-100168,2026-03,83.7,15,84.0,997
CUST-100168,2026-04,80.7,17,43.0,718
CUST-100168,2026-05,84.3,10,22.6,682
CUST-100168,2026-06,75.5,14,65.8,416
CUST-100168,2026-07,76.7,6,48.7,739
CUST-100168,2026-08,72.2,15,57.3,604
CUST-100169,2026-03,173.0,24,47.2,1463
CUST-100169,2026-04,167.7,22,46.2,1805
CUST-100169,2026-05,140.6,18,64.0,1659
CUST-100169,2026-06,165.5,26,59.0,1829
CUST-100169,2026-07,150.1,21,28.2,1752
CUST-100169,2026-08,125.7,21,38.3,1194
CUST-100170,2026-03,184.6,28,58.0,953
CUST-100170,2026-04,133.9,16,38.0,1031
CUST-100170,2026-05,191.4,16,46.5,1683
CUST-100170,2026-06,162.1,28,38.3,1640
CUST-100170,2026-07,89.5,12,43.7,969
CUST-100170,2026-08,94.3,14,51.4,994
CUST-100171,2026-03,431.5,59,59.1,4610
CUST-100171,2026-04,373.2,49,57.2,2801
CUST-100171,2026-05,346.0,46,57.6,2552
CUST-100171,2026-06,326.4,49,30.3,2704
CUST-100171,2026-07,308.8,38,49.1,2578
CUST-100171,2026-08,369.3,48,39.6,2879
CUST-100172,2026-03,78.0,12,72.2,524
CUST-100172,2026-04,78.1,20,52.3,576
CUST-100172,2026-05,72.2,11,15.4,466
CUST-100172,2026-06,59.8,14,35.3,665
CUST-100172,2026-07,50.6,10,52.0,352
CUST-100172,2026-08,28.4,1,48.6,226
CUST-100173,2026-03,92.9,10,56.8,516
CUST-100173,2026-04,88.2,16,53.5,745
CUST-100173,2026-05,78.9,12,46.9,586
CUST-100173,2026-06,68.4,5,61.5,625
CUST-100173,2026-07,68.1,3,82.7,525
CUST-100173,2026-08,60.8,6,54.8,698
CUST-100174,2026-03,200.8,33,50.4,1495
CUST-100174,2026-04,160.3,25,45.1,1323
CUST-100174,2026-05,185.5,28,48.7,2172
CUST-100174,2026-06,171.2,26,67.8,1000
CUST-100174,2026-07,172.8,24,49.1,1919
CUST-100174,2026-08,175.7,24,57.2,1781
CUST-100175,2026-03,825.7,120,55.1,9059
CUST-100175,2026-04,945.7,129,66.0,8459
CUST-100175,2026-05,939.1,132,39.5,9857
CUST-100175,2026-06,924.0,126,68.5,10893
CUST-100175,2026-07,837.6,126,44.1,5009
CUST-100175,2026-08,930.3,131,57.8,8346
CUST-100176,2026-03,82.9,10,57.1,680
CUST-100176,2026-04,79.5,7,50.8,1000
CUST-100176,2026-05,88.7,21,59.6,867
CUST-100176,2026-06,83.3,15,41.8,796
CUST-100176,2026-07,75.6,7,59.2,566
CUST-100176,2026-08,83.3,10,66.5,755
CUST-100177,2026-03,83.4,11,31.7,1026
CUST-100177,2026-04,80.0,7,52.2,963
CUST-100177,2026-05,90.6,9,67.0,704
CUST-100177,2026-06,87.9,14,51.1,532
CUST-100177,2026-07,84.5,11,75.8,816
CUST-100177,2026-08,87.8,14,59.0,816
CUST-100178,2026-03,176.5,29,46.8,1392
CUST-100178,2026-04,164.0,19,45.1,1776
CUST-100178,2026-05,180.5,20,54.5,1604
CUST-100178,2026-06,176.6,23,71.2,1411
CUST-100178,2026-07,175.2,29,52.8,1089
CUST-100178,2026-08,189.2,25,69.6,1399
CUST-100179,2026-03,80.5,14,74.8,709
CUST-100179,2026-04,51.1,4,51.6,314
CUST-100179,2026-05,67.9,14,54.8,686
CUST-100179,2026-06,64.6,7,43.3,839
CUST-100179,2026-07,48.0,1,43.1,529
CUST-100179,2026-08,47.7,4,42.2,361
CUST-100180,2026-03,90.6,15,56.9,679
CUST-100180,2026-04,72.8,9,41.3,820
CUST-100180,2026-05,57.3,9,41.5,582
CUST-100180,2026-06,57.9,7,25.2,510
CUST-100180,2026-07,46.5,7,48.8,377
CUST-100180,2026-08,33.2,4,39.7,287
CUST-100181,2026-03,75.7,9,46.5,610
CUST-100181,2026-04,83.7,12,55.2,634
CUST-100181,2026-05,75.8,18,31.7,772
CUST-100181,2026-06,74.4,9,66.7,656
CUST-100181,2026-07,67.3,12,39.4,536
CUST-100181,2026-08,58.8,4,63.1,549
CUST-100182,2026-03,72.0,15,55.8,630
CUST-100182,2026-04,71.1,9,57.5,627
CUST-100182,2026-05,71.4,15,28.3,428
CUST-100182,2026-06,67.0,6,60.5,706
CUST-100182,2026-07,61.6,8,36.8,442
CUST-100182,2026-08,67.7,10,41.7,652
CUST-100183,2026-03,204.3,37,58.8,1928
CUST-100183,2026-04,155.8,20,63.9,1305
CUST-100183,2026-05,190.8,30,48.8,1945
CUST-100183,2026-06,190.4,16,55.8,1929
CUST-100183,2026-07,178.1,27,52.6,1902
CUST-100183,2026-08,156.1,26,41.0,1281
CUST-100184,2026-03,225.6,28,49.5,1910
CUST-100184,2026-04,153.4,20,52.5,1400
CUST-100184,2026-05,163.0,27,68.5,1779
CUST-100184,2026-06,113.4,10,58.3,1242
CUST-100184,2026-07,112.7,20,52.3,892
CUST-100184,2026-08,104.6,11,55.8,934
CUST-100185,2026-03,190.5,24,54.6,1985
CUST-100185,2026-04,176.1,18,73.4,2138
CUST-100185,2026-05,175.6,20,51.7,2031
CUST-100185,2026-06,162.3,22,46.5,1901
CUST-100185,2026-07,190.5,27,56.1,2181
CUST-100185,2026-08,192.2,29,43.4,1937
CUST-100186,2026-03,393.6,59,58.4,3127
CUST-100186,2026-04,375.0,61,35.5,2618
CUST-100186,2026-05,367.1,49,53.0,3394
CUST-100186,2026-06,380.2,57,47.2,4204
CUST-100186,2026-07,326.2,56,45.5,2998
CUST-100186,2026-08,336.3,51,43.9,3122
CUST-100187,2026-03,379.6,54,44.6,4100
CUST-100187,2026-04,378.6,47,57.1,3841
CUST-100187,2026-05,296.1,38,52.0,2442
CUST-100187,2026-06,333.6,53,45.2,2554
CUST-100187,2026-07,228.1,29,44.8,1466
CUST-100187,2026-08,270.0,40,59.9,2571
CUST-100188,2026-03,184.1,26,39.9,2130
CUST-100188,2026-04,182.1,30,58.6,1861
CUST-100188,2026-05,165.2,25,65.8,1729
CUST-100188,2026-06,161.1,25,30.9,1376
CUST-100188,2026-07,138.5,17,55.7,1500
CUST-100188,2026-08,155.2,25,61.7,1439
CUST-100189,2026-03,847.9,118,75.4,7085
CUST-100189,2026-04,775.2,110,76.7,5738
CUST-100189,2026-05,819.9,119,59.2,8439
CUST-100189,2026-06,707.4,104,35.3,5781
CUST-100189,2026-07,737.7,112,50.1,7504
CUST-100189,2026-08,638.8,85,55.3,4872
CUST-100190,2026-03,73.8,15,43.7,679
CUST-100190,2026-04,73.1,1,42.7,629
CUST-100190,2026-05,67.8,6,57.3,785
CUST-100190,2026-06,57.5,6,54.5,426
CUST-100190,2026-07,49.9,7,30.8,616
CUST-100190,2026-08,50.1,10,44.6,332
CUST-100191,2026-03,77.2,8,54.3,707
CUST-100191,2026-04,82.1,10,66.4,906
CUST-100191,2026-05,60.9,12,62.2,530
CUST-100191,2026-06,78.6,13,19.4,689
CUST-100191,2026-07,72.8,18,43.3,684
CUST-100191,2026-08,82.2,13,68.6,409
CUST-100192,2026-03,830.8,115,61.7,10089
CUST-100192,2026-04,659.3,93,47.5,5469
CUST-100192,2026-05,601.6,87,35.6,5211
CUST-100192,2026-06,593.6,86,29.4,5328
CUST-100192,2026-07,547.8,74,58.6,5557
CUST-100192,2026-08,460.5,72,22.6,3556
CUST-100193,2026-03,60.6,6,61.8,649
CUST-100193,2026-04,87.3,11,76.4,812
CUST-100193,2026-05,76.6,4,58.2,749
CUST-100193,2026-06,75.8,1,52.3,589
CUST-100193,2026-07,84.1,18,57.9,747
CUST-100193,2026-08,63.7,2,56.9,499
CUST-100194,2026-03,83.4,19,69.6,601
CUST-100194,2026-04,67.5,6,43.6,573
CUST-100194,2026-05,68.1,16,58.2,458
CUST-100194,2026-06,59.7,13,30.3,371
CUST-100194,2026-07,51.1,9,49.5,427
CUST-100194,2026-08,47.0,9,33.4,383
CUST-100195,2026-03,75.0,11,52.6,772
CUST-100195,2026-04,79.1,8,57.8,885
CUST-100195,2026-05,76.3,13,51.8,696
CUST-100195,2026-06,77.5,10,57.2,769
CUST-100195,2026-07,83.1,10,62.9,626
CUST-100195,2026-08,91.6,7,51.9,876
CUST-100196,2026-03,391.5,58,67.7,3880
CUST-100196,2026-04,374.6,54,58.9,3887
CUST-100196,2026-05,408.8,55,37.1,3200
CUST-100196,2026-06,372.2,52,58.3,1894
CUST-100196,2026-07,425.3,59,61.6,3343
CUST-100196,2026-08,384.4,56,58.2,3237
CUST-100197,2026-03,360.3,54,49.9,3443
CUST-100197,2026-04,360.8,53,58.9,2486
CUST-100197,2026-05,298.2,49,64.8,2689
CUST-100197,2026-06,323.8,43,75.9,2781
CUST-100197,2026-07,343.4,51,55.8,2766
CUST-100197,2026-08,311.1,46,96.1,3414
CUST-100198,2026-03,173.9,27,60.2,1085
CUST-100198,2026-04,174.4,23,53.9,1622
CUST-100198,2026-05,145.8,29,48.4,1308
CUST-100198,2026-06,162.4,27,32.6,1498
CUST-100198,2026-07,152.0,21,74.4,1489
CUST-100198,2026-08,145.8,22,66.1,652
CUST-100199,2026-03,349.3,50,60.4,1299
CUST-100199,2026-04,354.8,50,54.2,3861
CUST-100199,2026-05,432.4,66,31.0,2909
CUST-100199,2026-06,431.3,60,62.6,3583
CUST-100199,2026-07,371.1,45,62.4,3189
CUST-100199,2026-08,379.7,55,59.8,3662
CUST-100200,2026-03,79.2,14,57.9,714
CUST-100200,2026-04,86.1,14,86.5,895
CUST-100200,2026-05,86.0,14,47.6,547
CUST-100200,2026-06,83.5,16,50.8,790
CUST-100200,2026-07,84.2,8,62.1,895
CUST-100200,2026-08,83.7,10,54.4,627
CUST-100201,2026-03,71.4,16,58.5,773
CUST-100201,2026-04,72.1,10,38.1,505
CUST-100201,2026-05,67.9,5,46.2,835
CUST-100201,2026-06,50.3,1,20.8,383
CUST-100201,2026-07,28.7,2,30.9,170
CUST-100201,2026-08,55.1,7,60.1,466
CUST-100202,2026-03,69.7,11,66.3,838
CUST-100202,2026-04,74.9,11,50.6,254
CUST-100202,2026-05,63.6,9,53.7,531
CUST-100202,2026-06,65.4,15,51.4,691
CUST-100202,2026-07,80.4,11,54.1,773
CUST-100202,2026-08,77.7,10,58.4,875
CUST-100203,2026-03,862.9,120,44.8,7665
CUST-100203,2026-04,850.2,119,43.1,4853
CUST-100203,2026-05,697.6,103,48.5,6473
CUST-100203,2026-06,816.9,118,77.7,3972
CUST-100203,2026-07,540.9,75,18.5,4693
CUST-100203,2026-08,530.6,65,48.8,5669
CUST-100204,2026-03,180.0,24,60.6,1804
CUST-100204,2026-04,149.1,26,43.7,1739
CUST-100204,2026-05,154.0,27,51.4,1712
CUST-100204,2026-06,195.4,25,42.1,1749
CUST-100204,2026-07,183.7,29,63.2,1123
CUST-100204,2026-08,162.5,22,66.2,1256
CUST-100205,2026-03,772.0,113,55.0,7497
CUST-100205,2026-04,905.4,140,49.4,9251
CUST-100205,2026-05,865.3,123,45.3,7674
CUST-100205,2026-06,897.0,126,41.5,9438
CUST-100205,2026-07,747.3,107,40.5,4138
CUST-100205,2026-08,862.0,120,62.1,7262
CUST-100206,2026-03,401.5,56,59.8,3280
CUST-100206,2026-04,429.9,62,40.4,4431
CUST-100206,2026-05,374.1,53,50.2,3472
CUST-100206,2026-06,405.2,58,57.8,4968
CUST-100206,2026-07,396.5,57,38.7,4198
CUST-100206,2026-08,396.7,56,74.9,3908
CUST-100207,2026-03,168.1,20,58.0,1720
CUST-100207,2026-04,164.0,21,52.3,1416
CUST-100207,2026-05,161.6,23,40.1,1493
CUST-100207,2026-06,140.2,14,54.5,1012
CUST-100207,2026-07,108.2,23,32.8,547
CUST-100207,2026-08,113.6,18,19.6,892
CUST-100208,2026-03,160.4,24,48.6,1625
CUST-100208,2026-04,151.9,20,26.8,1378
CUST-100208,2026-05,160.6,22,30.7,1387
CUST-100208,2026-06,133.7,24,57.7,1230
CUST-100208,2026-07,146.3,21,42.5,1342
CUST-100208,2026-08,145.0,24,46.5,1430
CUST-100209,2026-03,192.1,25,66.9,1462
CUST-100209,2026-04,185.1,33,59.3,1538
CUST-100209,2026-05,147.0,16,44.5,1433
CUST-100209,2026-06,216.3,32,64.6,2163
CUST-100209,2026-07,184.9,37,60.2,1289
CUST-100209,2026-08,200.6,24,73.4,1899
CUST-100210,2026-03,192.7,28,74.4,1770
CUST-100210,2026-04,192.1,22,48.8,1468
CUST-100210,2026-05,193.5,30,65.6,1764
CUST-100210,2026-06,195.2,26,92.7,1780
CUST-100210,2026-07,184.8,33,46.4,1343
CUST-100210,2026-08,184.2,30,74.0,1220
CUST-100211,2026-03,394.2,56,67.8,4199
CUST-100211,2026-04,402.3,57,37.3,3697
CUST-100211,2026-05,286.5,47,40.2,2292
CUST-100211,2026-06,278.2,38,60.9,1808
CUST-100211,2026-07,238.0,36,60.6,2338
CUST-100211,2026-08,140.7,24,55.4,1343
CUST-100212,2026-03,63.2,10,69.2,366
CUST-100212,2026-04,85.6,15,58.7,709
CUST-100212,2026-05,98.8,14,74.2,859
CUST-100212,2026-06,78.7,6,49.4,983
CUST-100212,2026-07,72.9,9,35.6,567
CUST-100212,2026-08,83.7,9,44.4,735
CUST-100213,2026-03,446.1,68,53.1,2891
CUST-100213,2026-04,281.6,44,48.8,2559
CUST-100213,2026-05,323.7,44,54.2,2927
CUST-100213,2026-06,272.1,35,46.0,3513
CUST-100213,2026-07,219.8,30,65.7,2668
CUST-100213,2026-08,168.0,19,35.7,1763
CUST-100214,2026-03,409.1,65,72.9,2778
CUST-100214,2026-04,397.9,53,48.3,3481
CUST-100214,2026-05,353.0,54,52.3,3825
CUST-100214,2026-06,286.5,37,39.0,2917
CUST-100214,2026-07,252.0,32,39.6,2039
CUST-100214,2026-08,192.4,25,42.2,1817
CUST-100215,2026-03,86.3,19,53.2,770
CUST-100215,2026-04,74.6,8,78.7,632
CUST-100215,2026-05,90.1,16,44.5,839
CUST-100215,2026-06,66.2,16,41.5,528
CUST-100215,2026-07,78.7,7,61.4,755
CUST-100215,2026-08,58.1,3,51.6,491
CUST-100216,2026-03,180.7,25,73.4,1560
CUST-100216,2026-04,180.3,21,47.4,1509
CUST-100216,2026-05,175.5,28,46.4,1312
CUST-100216,2026-06,188.8,28,25.9,1920
CUST-100216,2026-07,196.5,24,65.7,2405
CUST-100216,2026-08,177.3,33,59.2,1594
CUST-100217,2026-03,83.4,14,55.0,933
CUST-100217,2026-04,83.4,11,62.2,969
CUST-100217,2026-05,78.0,1,63.3,920
CUST-100217,2026-06,60.2,12,47.2,329
CUST-100217,2026-07,74.8,18,48.2,659
CUST-100217,2026-08,55.9,7,36.6,653
CUST-100218,2026-03,85.0,11,49.6,854
CUST-100218,2026-04,76.3,17,51.3,800
CUST-100218,2026-05,74.4,8,47.1,763
CUST-100218,2026-06,84.6,11,41.1,954
CUST-100218,2026-07,79.3,9,43.9,399
CUST-100218,2026-08,92.0,13,30.3,741
CUST-100219,2026-03,393.5,61,48.9,2430
CUST-100219,2026-04,351.9,50,52.4,3196
CUST-100219,2026-05,378.4,51,50.6,2949
CUST-100219,2026-06,354.4,58,44.1,2761
CUST-100219,2026-07,386.2,60,47.8,2811
CUST-100219,2026-08,431.0,56,53.0,4379
CUST-100220,2026-03,430.7,68,72.5,4821
CUST-100220,2026-04,379.9,54,39.4,3913
CUST-100220,2026-05,283.2,44,34.9,2282
CUST-100220,2026-06,225.0,34,53.4,2252
CUST-100220,2026-07,242.6,38,31.2,2081
CUST-100220,2026-08,278.8,42,55.5,1166
CUST-100221,2026-03,69.6,9,73.5,587
CUST-100221,2026-04,70.9,9,21.3,933
CUST-100221,2026-05,72.5,8,55.1,713
CUST-100221,2026-06,49.7,14,58.9,404
CUST-100221,2026-07,55.0,12,25.2,536
CUST-100221,2026-08,43.3,2,18.5,457
CUST-100222,2026-03,72.8,17,62.9,821
CUST-100222,2026-04,81.7,2,63.1,756
CUST-100222,2026-05,79.3,8,47.7,729
CUST-100222,2026-06,81.3,7,72.8,649
CUST-100222,2026-07,81.4,17,38.3,570
CUST-100222,2026-08,67.2,1,80.3,862
CUST-100223,2026-03,201.1,31,59.2,2120
CUST-100223,2026-04,187.7,33,44.5,937
CUST-100223,2026-05,180.7,23,56.7,1646
CUST-100223,2026-06,172.5,20,65.7,1507
CUST-100223,2026-07,210.4,24,70.8,1218
CUST-100223,2026-08,162.7,18,60.8,1534
CUST-100224,2026-03,75.2,11,46.3,762
CUST-100224,2026-04,69.2,18,72.1,538
CUST-100224,2026-05,84.5,10,63.0,734
CUST-100224,2026-06,67.5,4,43.8,748
CUST-100224,2026-07,63.1,7,42.5,566
CUST-100224,2026-08,73.4,16,30.4,883
CUST-100225,2026-03,183.7,22,41.1,2043
CUST-100225,2026-04,139.3,17,51.2,1126
CUST-100225,2026-05,142.5,16,60.8,1436
CUST-100225,2026-06,117.6,18,53.3,712
CUST-100225,2026-07,96.9,7,48.7,1081
CUST-100225,2026-08,83.6,8,40.0,445
CUST-100226,2026-03,94.6,15,62.5,874
CUST-100226,2026-04,78.0,12,68.9,651
CUST-100226,2026-05,72.2,11,64.9,455
CUST-100226,2026-06,82.9,14,46.8,553
CUST-100226,2026-07,84.4,17,57.0,1029
CUST-100226,2026-08,74.0,18,45.7,797
CUST-100227,2026-03,775.5,105,27.6,5749
CUST-100227,2026-04,934.0,125,66.3,7729
CUST-100227,2026-05,819.5,115,60.0,6945
CUST-100227,2026-06,796.6,121,38.1,9532
CUST-100227,2026-07,586.2,81,64.3,6521
CUST-100227,2026-08,771.7,113,61.2,7553
CUST-100228,2026-03,814.7,108,56.0,9437
CUST-100228,2026-04,845.7,119,62.2,6072
CUST-100228,2026-05,874.4,122,48.3,7223
CUST-100228,2026-06,973.7,141,74.2,8601
CUST-100228,2026-07,902.1,127,56.0,4390
CUST-100228,2026-08,1064.5,148,39.3,7050
CUST-100229,2026-03,171.9,25,80.3,1591
CUST-100229,2026-04,181.6,27,55.8,2032
CUST-100229,2026-05,161.4,23,37.1,1290
CUST-100229,2026-06,128.7,27,34.4,1285
CUST-100229,2026-07,94.2,18,46.3,951
CUST-100229,2026-08,80.7,11,44.3,913
CUST-100230,2026-03,158.3,20,39.4,1149
CUST-100230,2026-04,177.4,23,30.3,1693
CUST-100230,2026-05,180.9,29,62.9,1638
CUST-100230,2026-06,178.2,20,49.9,891
CUST-100230,2026-07,158.3,29,45.7,1181
CUST-100230,2026-08,169.8,24,41.2,1804
CUST-100231,2026-03,929.2,136,66.0,7617
CUST-100231,2026-04,759.7,110,63.9,8952
CUST-100231,2026-05,937.1,128,56.1,6413
CUST-100231,2026-06,904.7,127,50.3,6220
CUST-100231,2026-07,836.3,117,45.1,5195
CUST-100231,2026-08,662.3,98,73.5,7633
CUST-100232,2026-03,189.5,33,76.1,2145
CUST-100232,2026-04,180.1,30,47.2,1134
CUST-100232,2026-05,175.4,28,59.4,1188
CUST-100232,2026-06,155.4,21,56.1,1334
CUST-100232,2026-07,182.3,25,49.3,1394
CUST-100232,2026-08,179.7,26,41.9,1872
CUST-100233,2026-03,85.4,11,50.9,907
CUST-100233,2026-04,79.1,12,70.1,736
CUST-100233,2026-05,68.4,2,50.7,572
CUST-100233,2026-06,59.4,7,37.8,427
CUST-100233,2026-07,65.2,9,49.9,583
CUST-100233,2026-08,74.5,19,71.1,488
CUST-100234,2026-03,165.7,32,53.0,1830
CUST-100234,2026-04,147.8,22,37.5,1219
CUST-100234,2026-05,143.7,23,56.8,1309
CUST-100234,2026-06,128.0,16,44.7,1636
CUST-100234,2026-07,101.2,17,39.7,1306
CUST-100234,2026-08,47.6,10,53.6,180
CUST-100235,2026-03,199.1,22,63.0,1536
CUST-100235,2026-04,153.2,23,54.3,1731
CUST-100235,2026-05,153.7,26,54.5,1487
CUST-100235,2026-06,133.1,21,40.7,1467
CUST-100235,2026-07,109.5,10,33.9,1290
CUST-100235,2026-08,91.6,10,17.2,932
CUST-100236,2026-03,78.0,15,55.1,611
CUST-100236,2026-04,89.7,11,29.9,595
CUST-100236,2026-05,78.4,19,78.7,523
CUST-100236,2026-06,86.7,20,66.5,730
CUST-100236,2026-07,84.4,17,70.0,776
CUST-100236,2026-08,88.5,13,59.0,541
CUST-100237,2026-03,71.9,3,61.9,549
CUST-100237,2026-04,69.7,11,25.1,379
CUST-100237,2026-05,64.3,5,58.2,788
CUST-100237,2026-06,63.1,6,49.0,374
CUST-100237,2026-07,79.6,6,43.2,763
CUST-100237,2026-08,60.6,7,66.3,614
CUST-100238,2026-03,79.8,7,65.0,819
CUST-100238,2026-04,76.8,9,57.0,649
CUST-100238,2026-05,82.0,3,36.3,833
CUST-100238,2026-06,82.2,9,44.9,776
CUST-100238,2026-07,94.8,10,39.2,833
CUST-100238,2026-08,81.9,13,50.3,596
CUST-100239,2026-03,177.5,31,71.5,2103
CUST-100239,2026-04,197.8,29,50.9,1553
CUST-100239,2026-05,157.1,20,54.3,1018
CUST-100239,2026-06,156.3,25,58.8,1349
CUST-100239,2026-07,156.6,25,39.7,1574
CUST-100239,2026-08,105.1,13,29.1,705
CUST-100240,2026-03,908.9,130,30.3,9342
CUST-100240,2026-04,955.9,137,54.8,7939
CUST-100240,2026-05,912.8,129,48.3,6043
CUST-100240,2026-06,1121.0,164,51.2,9825
CUST-100240,2026-07,964.1,135,44.7,9214
CUST-100240,2026-08,903.6,125,60.7,10138
CUST-100241,2026-03,85.6,14,44.4,579
CUST-100241,2026-04,78.7,12,62.6,624
CUST-100241,2026-05,84.0,18,59.3,986
CUST-100241,2026-06,84.3,7,72.7,645
CUST-100241,2026-07,70.8,8,53.7,791
CUST-100241,2026-08,94.0,11,41.0,1061
CUST-100242,2026-03,165.2,24,60.6,2377
CUST-100242,2026-04,177.4,24,37.9,1788
CUST-100242,2026-05,149.3,26,66.1,1757
CUST-100242,2026-06,134.4,19,31.2,1363
CUST-100242,2026-07,121.7,13,52.8,1469
CUST-100242,2026-08,103.7,16,38.7,1025
CUST-100243,2026-03,374.4,55,55.4,3473
CUST-100243,2026-04,338.4,43,53.4,3070
CUST-100243,2026-05,340.8,40,68.7,2913
CUST-100243,2026-06,391.3,53,31.8,2878
CUST-100243,2026-07,280.6,33,67.2,2851
CUST-100243,2026-08,294.6,32,76.4,2990
CUST-100244,2026-03,81.0,8,33.8,689
CUST-100244,2026-04,78.3,21,61.1,722
CUST-100244,2026-05,76.1,8,70.0,756
CUST-100244,2026-06,83.2,8,40.9,956
CUST-100244,2026-07,73.2,13,35.5,849
CUST-100244,2026-08,71.7,9,41.1,802
CUST-100245,2026-03,172.4,29,72.3,1749
CUST-100245,2026-04,186.6,33,57.6,860
CUST-100245,2026-05,175.8,25,56.2,1597
CUST-100245,2026-06,178.4,26,41.1,1795
CUST-100245,2026-07,185.6,25,67.2,1678
CUST-100245,2026-08,183.1,22,38.3,1664
CUST-100246,2026-03,77.4,11,86.0,826
CUST-100246,2026-04,82.6,12,59.9,699
CUST-100246,2026-05,70.4,7,68.8,625
CUST-100246,2026-06,59.6,2,45.1,421
CUST-100246,2026-07,61.8,6,42.2,499
CUST-100246,2026-08,64.2,9,53.1,564
CUST-100247,2026-03,166.7,25,58.7,1802
CUST-100247,2026-04,150.6,20,70.9,713
CUST-100247,2026-05,174.3,23,49.9,945
CUST-100247,2026-06,164.8,19,46.8,1725
CUST-100247,2026-07,149.9,20,62.1,1312
CUST-100247,2026-08,137.6,23,43.5,855
CUST-100248,2026-03,89.4,8,56.0,968
CUST-100248,2026-04,68.8,13,58.8,487
CUST-100248,2026-05,60.4,11,22.1,618
CUST-100248,2026-06,65.7,9,36.6,551
CUST-100248,2026-07,44.6,5,41.8,328
CUST-100248,2026-08,38.7,10,60.2,369
CUST-100249,2026-03,71.5,11,55.5,714
CUST-100249,2026-04,82.3,14,64.1,883
CUST-100249,2026-05,56.2,8,47.7,545
CUST-100249,2026-06,50.7,7,34.6,406
CUST-100249,2026-07,53.9,11,57.2,609
CUST-100249,2026-08,53.4,8,29.6,401
CUST-100250,2026-03,81.0,17,68.0,842
CUST-100250,2026-04,75.1,13,53.7,767
CUST-100250,2026-05,87.9,16,65.2,938
CUST-100250,2026-06,88.3,24,45.6,890
CUST-100250,2026-07,89.8,7,75.3,1174
CUST-100250,2026-08,81.9,8,58.1,722
CUST-100251,2026-03,376.9,50,55.1,2610
CUST-100251,2026-04,426.4,55,42.6,4113
CUST-100251,2026-05,356.5,52,54.5,4277
CUST-100251,2026-06,379.4,54,69.0,3208
CUST-100251,2026-07,460.8,65,87.9,4976
CUST-100251,2026-08,395.4,61,35.3,4674
CUST-100252,2026-03,152.7,25,59.2,1237
CUST-100252,2026-04,190.0,21,50.7,1829
CUST-100252,2026-05,179.9,31,31.1,1714
CUST-100252,2026-06,181.0,30,47.1,1911
CUST-100252,2026-07,196.0,21,59.1,1783
CUST-100252,2026-08,188.0,25,57.5,2147
CUST-100253,2026-03,85.2,7,43.1,832
CUST-100253,2026-04,91.9,17,68.6,837
CUST-100253,2026-05,55.9,5,68.4,663
CUST-100253,2026-06,68.4,8,54.7,770
CUST-100253,2026-07,70.9,10,29.1,538
CUST-100253,2026-08,69.1,5,70.6,733
CUST-100254,2026-03,320.8,48,56.2,1938
CUST-100254,2026-04,352.3,55,60.6,3271
CUST-100254,2026-05,379.0,51,42.9,2695
CUST-100254,2026-06,417.3,66,53.4,4895
CUST-100254,2026-07,387.2,59,70.7,3737
CUST-100254,2026-08,381.3,58,78.3,3260
CUST-100255,2026-03,389.5,56,45.5,3258
CUST-100255,2026-04,447.2,57,40.6,3879
CUST-100255,2026-05,409.7,51,51.4,4402
CUST-100255,2026-06,360.7,52,57.9,1209
CUST-100255,2026-07,356.2,48,56.8,3607
CUST-100255,2026-08,297.7,47,38.3,1703
CUST-100256,2026-03,92.7,18,56.4,1039
CUST-100256,2026-04,76.7,18,53.9,703
CUST-100256,2026-05,51.8,15,43.6,380
CUST-100256,2026-06,52.7,10,43.9,512
CUST-100256,2026-07,59.4,8,55.8,731
CUST-100256,2026-08,56.4,8,23.7,648
CUST-100257,2026-03,87.3,12,34.4,763
CUST-100257,2026-04,72.0,8,52.6,623
CUST-100257,2026-05,64.7,9,55.5,617
CUST-100257,2026-06,57.9,5,57.2,636
CUST-100257,2026-07,55.4,2,44.2,540
CUST-100257,2026-08,36.4,3,59.8,205
CUST-100258,2026-03,174.4,24,59.8,1853
CUST-100258,2026-04,150.0,18,38.3,1382
CUST-100258,2026-05,139.5,21,70.6,1115
CUST-100258,2026-06,119.4,15,53.5,942
CUST-100258,2026-07,111.4,9,44.4,784
CUST-100258,2026-08,139.1,19,51.7,822
CUST-100259,2026-03,187.9,26,48.9,1710
CUST-100259,2026-04,190.1,31,64.6,1704
CUST-100259,2026-05,187.9,23,56.0,1234
CUST-100259,2026-06,195.5,25,63.7,1845
CUST-100259,2026-07,173.0,19,61.8,1436
CUST-100259,2026-08,221.9,38,52.2,1944
CUST-100260,2026-03,182.2,24,73.7,1605
CUST-100260,2026-04,164.8,20,49.4,1502
CUST-100260,2026-05,168.4,22,63.8,1314
CUST-100260,2026-06,212.3,29,47.7,2043
CUST-100260,2026-07,187.3,22,54.4,1097
CUST-100260,2026-08,194.5,28,62.4,1577
CUST-100261,2026-03,93.2,17,45.5,858
CUST-100261,2026-04,78.4,4,57.9,694
CUST-100261,2026-05,74.4,15,51.9,483
CUST-100261,2026-06,89.8,12,82.1,763
CUST-100261,2026-07,75.7,12,55.7,794
CUST-100261,2026-08,80.3,12,57.9,582
CUST-100262,2026-03,168.9,34,39.8,1950
CUST-100262,2026-04,184.4,25,46.6,1918
CUST-100262,2026-05,206.5,33,58.6,2147
CUST-100262,2026-06,184.6,24,44.3,1568
CUST-100262,2026-07,190.4,30,44.5,1612
CUST-100262,2026-08,194.1,36,68.4,1485
CUST-100263,2026-03,200.6,29,42.9,1962
CUST-100263,2026-04,153.3,14,54.4,1621
CUST-100263,2026-05,203.6,26,65.9,1954
CUST-100263,2026-06,172.9,29,66.6,1392
CUST-100263,2026-07,189.7,26,48.8,2042
CUST-100263,2026-08,171.5,15,55.3,997
CUST-100264,2026-03,978.6,137,61.9,8227
CUST-100264,2026-04,726.8,101,49.9,8414
CUST-100264,2026-05,771.8,113,40.9,5927
CUST-100264,2026-06,608.2,88,52.4,6092
CUST-100264,2026-07,522.8,76,50.7,4254
CUST-100264,2026-08,564.3,86,42.2,6414
CUST-100265,2026-03,844.9,122,51.0,11528
CUST-100265,2026-04,829.2,122,64.8,7622
CUST-100265,2026-05,849.2,126,67.1,9565
CUST-100265,2026-06,1063.4,151,71.3,9323
CUST-100265,2026-07,979.9,140,56.9,7805
CUST-100265,2026-08,958.2,131,69.4,8357
CUST-100266,2026-03,378.7,56,62.3,3552
CUST-100266,2026-04,316.0,47,56.1,2886
CUST-100266,2026-05,375.3,54,35.1,3024
CUST-100266,2026-06,382.6,58,34.6,3727
CUST-100266,2026-07,348.0,46,37.2,2343
CUST-100266,2026-08,341.9,52,29.6,3618
CUST-100267,2026-03,448.7,54,47.8,4825
CUST-100267,2026-04,362.7,49,66.3,3700
CUST-100267,2026-05,405.8,59,72.1,3963
CUST-100267,2026-06,395.5,59,46.5,3302
CUST-100267,2026-07,442.0,58,49.5,5597
CUST-100267,2026-08,413.1,64,50.0,3601
CUST-100268,2026-03,86.0,13,34.3,828
CUST-100268,2026-04,79.9,11,47.2,870
CUST-100268,2026-05,94.1,14,56.7,787
CUST-100268,2026-06,85.3,14,44.6,733
CUST-100268,2026-07,87.5,13,55.9,783
CUST-100268,2026-08,74.8,15,74.1,631
CUST-100269,2026-03,370.8,60,48.2,3499
CUST-100269,2026-04,426.2,64,62.5,4041
CUST-100269,2026-05,384.8,45,65.2,3860
CUST-100269,2026-06,406.5,59,60.2,2999
CUST-100269,2026-07,393.5,55,65.3,3225
CUST-100269,2026-08,374.3,53,43.7,2277
CUST-100270,2026-03,192.8,28,75.9,2326
CUST-100270,2026-04,181.7,26,79.9,1296
CUST-100270,2026-05,165.7,23,30.7,1301
CUST-100270,2026-06,197.0,32,55.5,2065
CUST-100270,2026-07,194.0,30,76.9,1759
CUST-100270,2026-08,192.9,35,50.6,1804
CUST-100271,2026-03,188.9,17,61.2,1556
CUST-100271,2026-04,215.3,26,36.1,1941
CUST-100271,2026-05,167.3,22,62.6,1542
CUST-100271,2026-06,175.3,31,76.4,1242
CUST-100271,2026-07,215.8,31,36.0,2043
CUST-100271,2026-08,227.0,30,62.2,1488
CUST-100272,2026-03,96.8,16,49.9,1110
CUST-100272,2026-04,80.6,13,69.9,571
CUST-100272,2026-05,71.7,1,52.8,871
CUST-100272,2026-06,53.6,9,49.5,581
CUST-100272,2026-07,62.8,10,55.9,289
CUST-100272,2026-08,57.2,1,50.8,514
CUST-100273,2026-03,363.0,55,62.6,3790
CUST-100273,2026-04,399.4,56,45.8,2897
CUST-100273,2026-05,288.6,42,62.1,2489
CUST-100273,2026-06,241.4,34,33.9,1651
CUST-100273,2026-07,235.8,31,48.1,2176
CUST-100273,2026-08,177.5,25,46.2,1281
CUST-100274,2026-03,180.9,23,60.2,1319
CUST-100274,2026-04,193.7,25,37.3,1107
CUST-100274,2026-05,159.3,20,40.2,1570
CUST-100274,2026-06,181.1,33,28.0,1409
CUST-100274,2026-07,179.9,33,65.7,1359
CUST-100274,2026-08,174.5,20,29.7,2100
CUST-100275,2026-03,416.3,63,42.7,4676
CUST-100275,2026-04,361.1,50,39.9,2998
CUST-100275,2026-05,456.6,62,70.5,5046
CUST-100275,2026-06,391.0,51,45.6,3341
CUST-100275,2026-07,366.8,57,59.5,4121
CUST-100275,2026-08,415.0,59,68.4,3301
CUST-100276,2026-03,168.3,27,50.2,2002
CUST-100276,2026-04,179.7,21,51.9,1563
CUST-100276,2026-05,147.0,20,49.5,1159
CUST-100276,2026-06,149.5,24,61.4,1479
CUST-100276,2026-07,143.7,22,42.1,1846
CUST-100276,2026-08,146.3,20,34.5,1157
CUST-100277,2026-03,91.7,14,75.7,605
CUST-100277,2026-04,67.5,6,47.4,796
CUST-100277,2026-05,62.6,11,59.4,596
CUST-100277,2026-06,59.5,8,34.6,421
CUST-100277,2026-07,50.4,1,56.0,467
CUST-100277,2026-08,53.9,4,39.4,424
CUST-100278,2026-03,370.8,55,52.3,1900
CUST-100278,2026-04,390.5,52,50.7,5002
CUST-100278,2026-05,413.9,58,63.9,4475
CUST-100278,2026-06,331.8,44,44.2,2385
CUST-100278,2026-07,362.1,53,64.6,2978
CUST-100278,2026-08,345.3,48,62.5,2921
CUST-100279,2026-03,173.4,22,48.4,1631
CUST-100279,2026-04,181.3,26,39.2,1762
CUST-100279,2026-05,134.8,22,48.7,1824
CUST-100279,2026-06,133.1,24,23.8,1113
CUST-100279,2026-07,122.6,18,47.9,1289
CUST-100279,2026-08,84.2,9,54.0,707
CUST-100280,2026-03,390.1,59,74.8,3426
CUST-100280,2026-04,414.5,58,53.7,3199
CUST-100280,2026-05,444.0,59,51.3,5159
CUST-100280,2026-06,386.5,52,53.5,3054
CUST-100280,2026-07,398.3,58,46.0,2422
CUST-100280,2026-08,352.5,44,45.8,3406
CUST-100281,2026-03,152.6,16,52.3,1509
CUST-100281,2026-04,164.8,28,52.8,1370
CUST-100281,2026-05,171.5,24,58.8,1576
CUST-100281,2026-06,117.2,19,45.4,910
CUST-100281,2026-07,108.3,17,50.4,929
CUST-100281,2026-08,78.8,18,46.6,603
CUST-100282,2026-03,357.7,52,35.1,2847
CUST-100282,2026-04,370.2,51,70.1,2726
CUST-100282,2026-05,377.0,50,37.4,3459
CUST-100282,2026-06,417.5,55,60.4,3030
CUST-100282,2026-07,400.4,53,48.8,3230
CUST-100282,2026-08,383.0,51,66.1,4499
CUST-100283,2026-03,385.4,57,42.9,3460
CUST-100283,2026-04,388.4,63,54.1,3698
CUST-100283,2026-05,358.5,54,47.8,3118
CUST-100283,2026-06,431.0,65,43.2,4269
CUST-100283,2026-07,398.2,53,72.8,3914
CUST-100283,2026-08,403.1,52,43.3,4596
CUST-100284,2026-03,189.5,30,56.4,1652
CUST-100284,2026-04,194.1,24,65.8,1796
CUST-100284,2026-05,188.2,28,83.4,1217
CUST-100284,2026-06,156.3,19,67.1,1491
CUST-100284,2026-07,154.7,28,57.2,1265
CUST-100284,2026-08,164.9,24,32.4,1821
CUST-100285,2026-03,84.4,11,70.6,953
CUST-100285,2026-04,70.5,9,38.3,613
CUST-100285,2026-05,63.0,8,74.8,491
CUST-100285,2026-06,72.2,9,52.9,651
CUST-100285,2026-07,63.9,14,50.6,593
CUST-100285,2026-08,63.3,11,53.8,471
CUST-100286,2026-03,364.9,55,41.4,4132
CUST-100286,2026-04,344.4,45,67.4,2832
CUST-100286,2026-05,341.2,44,41.4,3183
CUST-100286,2026-06,268.9,33,46.6,2390
CUST-100286,2026-07,254.0,34,34.2,2874
CUST-100286,2026-08,153.7,21,48.1,1197
CUST-100287,2026-03,74.3,14,46.4,662
CUST-100287,2026-04,78.2,18,54.4,770
CUST-100287,2026-05,65.3,15,31.9,479
CUST-100287,2026-06,66.2,9,49.2,652
CUST-100287,2026-07,72.4,10,63.7,608
CUST-100287,2026-08,57.9,5,46.9,640
CUST-100288,2026-03,1028.6,143,61.4,7409
CUST-100288,2026-04,834.2,112,45.7,7989
CUST-100288,2026-05,659.7,95,31.3,7195
CUST-100288,2026-06,708.1,97,57.2,5247
CUST-100288,2026-07,566.9,86,54.3,7695
CUST-100288,2026-08,403.6,55,58.9,3620
CUST-100289,2026-03,177.7,24,26.0,1039
CUST-100289,2026-04,170.1,20,48.0,1588
CUST-100289,2026-05,129.7,21,36.7,975
CUST-100289,2026-06,149.6,26,20.1,1129
CUST-100289,2026-07,103.2,19,31.2,923
CUST-100289,2026-08,44.4,4,41.1,389
CUST-100290,2026-03,381.9,57,48.3,4362
CUST-100290,2026-04,404.0,52,65.1,4062
CUST-100290,2026-05,362.9,51,42.9,3772
CUST-100290,2026-06,374.2,44,76.2,3384
CUST-100290,2026-07,451.0,63,57.2,5111
CUST-100290,2026-08,403.5,50,59.0,4819
CUST-100291,2026-03,857.1,126,42.8,9849
CUST-100291,2026-04,871.8,127,74.9,8666
CUST-100291,2026-05,855.7,123,31.8,6643
CUST-100291,2026-06,536.3,78,54.6,3672
CUST-100291,2026-07,456.2,69,56.4,3455
CUST-100291,2026-08,527.2,69,51.7,6270
CUST-100292,2026-03,73.8,9,66.3,736
CUST-100292,2026-04,72.1,10,60.6,507
CUST-100292,2026-05,87.8,9,59.5,772
CUST-100292,2026-06,69.8,8,52.7,768
CUST-100292,2026-07,82.3,15,54.7,947
CUST-100292,2026-08,89.9,17,54.3,762
CUST-100293,2026-03,186.8,22,51.5,2018
CUST-100293,2026-04,222.3,37,54.2,2073
CUST-100293,2026-05,202.9,41,69.2,2134
CUST-100293,2026-06,198.4,22,69.8,1760
CUST-100293,2026-07,175.5,24,45.6,1969
CUST-100293,2026-08,185.3,23,51.2,1339
CUST-100294,2026-03,396.6,58,50.1,3843
CUST-100294,2026-04,402.8,55,61.3,3431
CUST-100294,2026-05,385.6,57,51.3,3040
CUST-100294,2026-06,377.1,47,71.5,2786
CUST-100294,2026-07,505.2,71,54.2,4876
CUST-100294,2026-08,391.6,50,73.7,3333
CUST-100295,2026-03,187.1,24,72.7,1708
CUST-100295,2026-04,189.1,30,32.5,1267
CUST-100295,2026-05,200.0,31,47.9,1779
CUST-100295,2026-06,174.1,23,71.6,1465
CUST-100295,2026-07,194.4,19,68.4,2264
CUST-100295,2026-08,182.2,26,54.0,1811
CUST-100296,2026-03,399.0,57,61.8,3979
CUST-100296,2026-04,369.1,51,72.7,2637
CUST-100296,2026-05,351.9,45,57.5,3146
CUST-100296,2026-06,278.4,38,41.8,2295
CUST-100296,2026-07,144.7,19,66.2,1469
CUST-100296,2026-08,225.2,34,24.2,1529
CUST-100297,2026-03,786.6,110,50.9,7187
CUST-100297,2026-04,958.4,139,69.2,9393
CUST-100297,2026-05,1030.8,145,59.8,10601
CUST-100297,2026-06,955.5,130,40.6,5442
CUST-100297,2026-07,805.8,119,55.3,7319
CUST-100297,2026-08,855.2,128,39.4,8334
CUST-100298,2026-03,78.9,10,60.4,645
CUST-100298,2026-04,86.5,17,28.3,834
CUST-100298,2026-05,68.3,15,65.7,457
CUST-100298,2026-06,97.3,12,43.7,883
CUST-100298,2026-07,85.2,12,38.6,869
CUST-100298,2026-08,86.7,10,67.2,539
CUST-100299,2026-03,165.9,27,49.0,1632
CUST-100299,2026-04,153.6,18,52.2,745
CUST-100299,2026-05,156.6,20,67.5,1164
CUST-100299,2026-06,122.6,18,40.6,1066
CUST-100299,2026-07,104.8,16,59.2,766
CUST-100299,2026-08,80.4,17,55.9,742
CUST-100300,2026-03,987.9,137,69.7,6457
CUST-100300,2026-04,942.4,131,64.8,8211
CUST-100300,2026-05,844.7,127,64.6,6763
CUST-100300,2026-06,961.7,138,37.8,8470
CUST-100300,2026-07,889.9,125,69.3,10015
CUST-100300,2026-08,868.3,122,65.6,7470
CUST-100301,2026-03,72.2,10,62.9,502
CUST-100301,2026-04,64.2,10,48.1,636
CUST-100301,2026-05,73.9,7,62.6,686
CUST-100301,2026-06,79.4,16,58.6,741
CUST-100301,2026-07,88.1,11,77.4,497
CUST-100301,2026-08,84.4,12,51.3,846
CUST-100302,2026-03,207.8,25,54.4,2441
CUST-100302,2026-04,161.6,17,57.6,1662
CUST-100302,2026-05,172.6,26,49.6,1647
CUST-100302,2026-06,186.4,30,78.3,1861
CUST-100302,2026-07,185.1,19,39.8,1351
CUST-100302,2026-08,189.9,21,46.1,1766
CUST-100303,2026-03,398.3,55,55.9,3794
CUST-100303,2026-04,347.6,53,52.0,2430
CUST-100303,2026-05,312.4,51,63.5,2215
CUST-100303,2026-06,201.5,28,50.3,2421
CUST-100303,2026-07,238.5,42,59.6,2279
CUST-100303,2026-08,215.0,31,36.1,1649
CUST-100304,2026-03,91.8,10,57.7,1014
CUST-100304,2026-04,72.5,15,75.7,773
CUST-100304,2026-05,66.3,8,63.6,548
CUST-100304,2026-06,68.1,12,51.3,495
CUST-100304,2026-07,46.1,10,47.9,337
CUST-100304,2026-08,47.0,9,50.0,408
CUST-100305,2026-03,174.3,24,34.3,1488
CUST-100305,2026-04,166.8,20,61.7,1322
CUST-100305,2026-05,152.0,23,52.3,1380
CUST-100305,2026-06,168.0,16,66.6,1282
CUST-100305,2026-07,128.5,17,48.0,846
CUST-100305,2026-08,152.8,24,52.9,1025
CUST-100306,2026-03,83.4,10,53.3,441
CUST-100306,2026-04,80.7,6,60.9,828
CUST-100306,2026-05,86.8,11,45.2,1024
CUST-100306,2026-06,80.4,7,45.5,1052
CUST-100306,2026-07,94.9,12,47.2,899
CUST-100306,2026-08,67.4,7,43.7,532
CUST-100307,2026-03,875.2,121,46.9,10129
CUST-100307,2026-04,981.5,142,59.5,8206
CUST-100307,2026-05,986.0,138,61.7,11169
CUST-100307,2026-06,916.8,132,67.6,7165
CUST-100307,2026-07,848.3,122,49.7,8360
CUST-100307,2026-08,932.9,132,52.2,9274
CUST-100308,2026-03,73.5,6,85.3,700
CUST-100308,2026-04,74.7,9,42.9,593
CUST-100308,2026-05,94.8,18,56.1,1227
CUST-100308,2026-06,84.2,8,36.9,882
CUST-100308,2026-07,89.4,16,49.4,585
CUST-100308,2026-08,86.4,6,57.1,885
CUST-100309,2026-03,189.0,21,68.3,1361
CUST-100309,2026-04,174.6,21,50.1,1835
CUST-100309,2026-05,129.4,25,50.8,905
CUST-100309,2026-06,129.0,17,27.4,1037
CUST-100309,2026-07,94.2,7,51.5,905
CUST-100309,2026-08,73.8,4,38.0,488
CUST-100310,2026-03,767.1,116,40.2,6914
CUST-100310,2026-04,813.2,117,23.6,8065
CUST-100310,2026-05,924.8,137,29.7,8206
CUST-100310,2026-06,1010.9,139,42.1,8819
CUST-100310,2026-07,876.2,124,60.9,10150
CUST-100310,2026-08,1071.3,157,65.2,9509
CUST-100311,2026-03,197.7,33,56.5,1466
CUST-100311,2026-04,189.3,23,52.5,1553
CUST-100311,2026-05,193.7,30,68.6,1759
CUST-100311,2026-06,211.2,28,74.5,1516
CUST-100311,2026-07,195.3,25,59.5,1857
CUST-100311,2026-08,204.6,35,64.3,1936
CUST-100312,2026-03,214.4,33,62.6,1706
CUST-100312,2026-04,169.1,23,32.4,1394
CUST-100312,2026-05,116.9,18,62.6,830
CUST-100312,2026-06,125.4,28,45.9,1277
CUST-100312,2026-07,118.1,13,33.9,714
CUST-100312,2026-08,61.2,7,34.2,466
CUST-100313,2026-03,206.9,31,51.9,2008
CUST-100313,2026-04,164.5,31,66.5,1543
CUST-100313,2026-05,187.9,23,55.9,2109
CUST-100313,2026-06,187.3,30,75.1,1670
CUST-100313,2026-07,189.6,23,33.3,1769
CUST-100313,2026-08,193.0,22,61.1,1625
CUST-100314,2026-03,812.5,113,45.4,7917
CUST-100314,2026-04,839.1,121,66.4,8383
CUST-100314,2026-05,881.0,120,54.3,10372
CUST-100314,2026-06,864.2,125,74.0,7100
CUST-100314,2026-07,838.9,121,55.4,9724
CUST-100314,2026-08,863.5,128,45.9,6015
CUST-100315,2026-03,388.0,61,51.0,3423
CUST-100315,2026-04,397.4,55,58.8,2402
CUST-100315,2026-05,344.2,52,60.9,2524
CUST-100315,2026-06,405.6,55,33.8,3097
CUST-100315,2026-07,409.5,60,66.6,4243
CUST-100315,2026-08,307.4,41,69.0,2638
CUST-100316,2026-03,1033.3,152,50.2,7277
CUST-100316,2026-04,925.6,136,54.2,7183
CUST-100316,2026-05,798.9,118,46.7,5439
CUST-100316,2026-06,510.4,67,49.5,4027
CUST-100316,2026-07,546.2,83,27.3,4511
CUST-100316,2026-08,461.8,71,62.5,3842
CUST-100317,2026-03,413.9,57,48.0,3831
CUST-100317,2026-04,395.8,55,51.0,2155
CUST-100317,2026-05,407.5,61,64.8,3691
CUST-100317,2026-06,350.5,48,65.2,4242
CUST-100317,2026-07,431.2,62,66.8,3538
CUST-100317,2026-08,453.6,64,69.0,3451
CUST-100318,2026-03,163.4,29,27.1,1265
CUST-100318,2026-04,172.4,26,28.7,1497
CUST-100318,2026-05,157.3,28,50.6,1753
CUST-100318,2026-06,120.1,14,48.8,1182
CUST-100318,2026-07,110.1,22,34.7,1226
CUST-100318,2026-08,94.1,21,42.2,751
CUST-100319,2026-03,93.1,9,60.7,702
CUST-100319,2026-04,76.3,12,42.8,800
CUST-100319,2026-05,78.9,12,48.2,916
CUST-100319,2026-06,67.3,1,52.0,408
CUST-100319,2026-07,64.8,13,64.5,515
CUST-100319,2026-08,67.7,13,70.7,525
CUST-100320,2026-03,70.6,16,41.4,473
CUST-100320,2026-04,80.1,14,47.0,914
CUST-100320,2026-05,72.7,7,62.6,641
CUST-100320,2026-06,80.1,6,48.1,788
CUST-100320,2026-07,90.6,14,41.6,997
CUST-100320,2026-08,79.2,17,68.3,580
CUST-100321,2026-03,176.1,24,62.4,1628
CUST-100321,2026-04,170.9,22,54.6,1466
CUST-100321,2026-05,129.7,14,40.4,1504
CUST-100321,2026-06,121.1,13,18.0,1435
CUST-100321,2026-07,80.9,12,35.7,555
CUST-100321,2026-08,81.0,8,33.6,904
CUST-100322,2026-03,430.6,60,60.6,3864
CUST-100322,2026-04,319.9,46,40.5,2729
CUST-100322,2026-05,313.3,44,35.4,2123
CUST-100322,2026-06,342.1,51,45.7,2780
CUST-100322,2026-07,243.1,30,44.9,2063
CUST-100322,2026-08,138.6,19,26.9,1136
CUST-100323,2026-03,67.9,1,62.2,750
CUST-100323,2026-04,84.1,10,32.9,733
CUST-100323,2026-05,81.6,13,45.7,947
CUST-100323,2026-06,91.3,7,52.6,1090
CUST-100323,2026-07,90.0,12,51.4,871
CUST-100323,2026-08,75.4,8,51.4,579
CUST-100324,2026-03,73.6,13,51.3,791
CUST-100324,2026-04,90.6,7,58.5,903
CUST-100324,2026-05,76.2,7,35.8,758
CUST-100324,2026-06,80.6,11,56.2,765
CUST-100324,2026-07,88.1,11,56.7,800
CUST-100324,2026-08,89.9,19,74.3,479
CUST-100325,2026-03,87.3,12,77.8,1012
CUST-100325,2026-04,76.0,10,64.5,789
CUST-100325,2026-05,93.6,9,55.7,703
CUST-100325,2026-06,86.9,13,56.2,705
CUST-100325,2026-07,84.8,16,37.9,734
CUST-100325,2026-08,77.9,10,54.5,723
CUST-100326,2026-03,429.0,58,59.5,3688
CUST-100326,2026-04,403.2,59,76.9,4417
CUST-100326,2026-05,370.2,51,61.3,2043
CUST-100326,2026-06,309.6,45,42.5,2812
CUST-100326,2026-07,343.2,48,62.3,3234
CUST-100326,2026-08,299.7,41,47.4,2744
CUST-100327,2026-03,87.4,10,42.0,823
CUST-100327,2026-04,72.8,5,46.4,694
CUST-100327,2026-05,65.5,10,52.6,432
CUST-100327,2026-06,52.8,9,41.2,337
CUST-100327,2026-07,43.5,3,61.1,291
CUST-100327,2026-08,50.5,4,34.3,569
CUST-100328,2026-03,182.1,27,55.4,1893
CUST-100328,2026-04,181.3,27,55.0,1114
CUST-100328,2026-05,170.8,30,41.2,1350
CUST-100328,2026-06,222.4,26,52.8,1674
CUST-100328,2026-07,196.8,30,53.4,1258
CUST-100328,2026-08,206.5,24,62.0,1988
CUST-100329,2026-03,961.4,138,29.0,8828
CUST-100329,2026-04,889.5,131,50.5,8441
CUST-100329,2026-05,1000.8,145,60.2,10034
CUST-100329,2026-06,967.1,130,76.6,7595
CUST-100329,2026-07,1066.8,147,51.9,12130
CUST-100329,2026-08,764.0,109,59.4,5158
CUST-100330,2026-03,313.3,48,39.4,1996
CUST-100330,2026-04,388.7,50,46.3,3993
CUST-100330,2026-05,411.0,58,67.5,3178
CUST-100330,2026-06,394.6,57,55.3,4559
CUST-100330,2026-07,391.7,57,65.4,4219
CUST-100330,2026-08,387.5,56,43.8,3470
CUST-100331,2026-03,184.2,19,67.7,1672
CUST-100331,2026-04,177.1,26,50.3,1563
CUST-100331,2026-05,186.9,28,61.3,1183
CUST-100331,2026-06,190.3,23,25.6,1971
CUST-100331,2026-07,179.3,28,60.1,1954
CUST-100331,2026-08,139.7,15,63.6,1608
CUST-100332,2026-03,89.3,13,60.3,932
CUST-100332,2026-04,72.0,9,62.0,747
CUST-100332,2026-05,67.5,6,49.4,360
CUST-100332,2026-06,52.8,4,34.9,470
CUST-100332,2026-07,34.0,4,42.7,178
CUST-100332,2026-08,37.8,4,24.5,325
CUST-100333,2026-03,225.5,27,66.7,1447
CUST-100333,2026-04,168.7,26,61.4,1338
CUST-100333,2026-05,183.4,27,53.9,2080
CUST-100333,2026-06,194.3,24,72.9,2125
CUST-100333,2026-07,168.4,22,49.6,1441
CUST-100333,2026-08,186.7,30,61.8,1277
CUST-100334,2026-03,181.2,22,58.1,991
CUST-100334,2026-04,185.5,21,58.3,1798
CUST-100334,2026-05,198.5,29,59.4,2284
CUST-100334,2026-06,197.8,24,49.0,2264
CUST-100334,2026-07,179.9,24,45.6,1316
CUST-100334,2026-08,198.7,30,46.3,1646
CUST-100335,2026-03,83.5,16,15.7,689
CUST-100335,2026-04,81.3,7,47.8,717
CUST-100335,2026-05,80.8,14,42.3,512
CUST-100335,2026-06,91.4,11,47.6,726
CUST-100335,2026-07,81.5,13,67.9,666
CUST-100335,2026-08,82.7,20,68.7,919
CUST-100336,2026-03,449.0,65,62.3,3902
CUST-100336,2026-04,369.0,48,50.0,3356
CUST-100336,2026-05,414.2,65,82.8,3277
CUST-100336,2026-06,401.9,53,68.2,3544
CUST-100336,2026-07,391.0,50,60.6,4172
CUST-100336,2026-08,437.4,55,79.5,5654
CUST-100337,2026-03,77.5,13,65.2,577
CUST-100337,2026-04,85.0,14,31.7,839
CUST-100337,2026-05,62.1,12,36.3,756
CUST-100337,2026-06,59.8,4,58.6,585
CUST-100337,2026-07,49.2,6,58.8,386
CUST-100337,2026-08,34.7,1,52.7,191
CUST-100338,2026-03,153.6,22,58.7,1379
CUST-100338,2026-04,172.7,29,41.7,1757
CUST-100338,2026-05,140.3,17,59.6,1690
CUST-100338,2026-06,164.4,27,61.3,1667
CUST-100338,2026-07,200.0,28,63.7,2209
CUST-100338,2026-08,150.1,24,40.4,1126
CUST-100339,2026-03,200.4,27,51.3,1715
CUST-100339,2026-04,161.7,22,50.7,1106
CUST-100339,2026-05,142.7,23,44.0,1369
CUST-100339,2026-06,119.6,12,42.1,1304
CUST-100339,2026-07,109.3,15,49.2,1222
CUST-100339,2026-08,59.6,2,36.6,551
CUST-100340,2026-03,1046.9,153,69.7,11142
CUST-100340,2026-04,906.2,132,47.0,7758
CUST-100340,2026-05,766.9,110,52.8,8006
CUST-100340,2026-06,821.9,117,68.2,9187
CUST-100340,2026-07,767.6,115,57.0,6585
CUST-100340,2026-08,768.1,101,50.7,7199
CUST-100341,2026-03,393.0,52,54.0,3784
CUST-100341,2026-04,409.0,62,47.1,2159
CUST-100341,2026-05,336.8,42,45.4,3279
CUST-100341,2026-06,403.7,53,42.6,4056
CUST-100341,2026-07,298.9,37,41.1,3130
CUST-100341,2026-08,289.4,40,30.2,2257
CUST-100342,2026-03,74.1,7,42.8,495
CUST-100342,2026-04,82.4,10,48.2,595
CUST-100342,2026-05,67.1,9,39.1,596
CUST-100342,2026-06,66.3,3,53.7,630
CUST-100342,2026-07,62.6,9,35.6,598
CUST-100342,2026-08,65.9,14,53.5,814
CUST-100343,2026-03,84.9,13,65.7,767
CUST-100343,2026-04,82.9,14,42.7,907
CUST-100343,2026-05,88.3,3,52.5,1135
CUST-100343,2026-06,81.1,7,51.8,725
CUST-100343,2026-07,79.9,20,39.9,531
CUST-100343,2026-08,83.8,11,56.1,985
CUST-100344,2026-03,322.8,40,62.5,2712
CUST-100344,2026-04,380.0,54,58.1,3515
CUST-100344,2026-05,348.8,57,57.8,4294
CUST-100344,2026-06,372.0,52,60.4,3420
CUST-100344,2026-07,378.3,48,56.7,2938
CUST-100344,2026-08,390.7,51,38.9,4537
CUST-100345,2026-03,428.2,61,55.0,4656
CUST-100345,2026-04,358.9,52,72.1,3214
CUST-100345,2026-05,390.1,56,36.8,3168
CUST-100345,2026-06,360.3,50,67.1,2633
CUST-100345,2026-07,407.6,62,82.2,4478
CUST-100345,2026-08,385.4,61,60.7,4461
CUST-100346,2026-03,194.6,31,53.6,2216
CUST-100346,2026-04,198.5,22,52.6,1703
CUST-100346,2026-05,190.1,31,50.0,2313
CUST-100346,2026-06,208.9,18,64.2,2374
CUST-100346,2026-07,171.7,29,68.8,1342
CUST-100346,2026-08,201.5,25,66.4,1252
CUST-100347,2026-03,81.1,1,57.9,948
CUST-100347,2026-04,83.6,15,68.2,923
CUST-100347,2026-05,71.3,12,48.7,474
CUST-100347,2026-06,49.0,16,57.2,293
CUST-100347,2026-07,47.5,8,33.7,460
CUST-100347,2026-08,38.2,3,48.9,221
CUST-100348,2026-03,379.1,59,50.7,5009
CUST-100348,2026-04,308.8,45,63.2,2216
CUST-100348,2026-05,321.0,38,37.7,2478
CUST-100348,2026-06,353.6,48,57.4,1565
CUST-100348,2026-07,281.8,34,39.0,1917
CUST-100348,2026-08,260.4,33,59.2,1640
CUST-100349,2026-03,80.0,7,61.7,824
CUST-100349,2026-04,86.7,15,62.0,756
CUST-100349,2026-05,80.3,12,64.2,664
CUST-100349,2026-06,70.1,6,69.5,685
CUST-100349,2026-07,57.3,12,51.1,694
CUST-100349,2026-08,76.0,10,35.3,666
CUST-100350,2026-03,206.0,32,74.7,2103
CUST-100350,2026-04,171.1,18,44.5,1527
CUST-100350,2026-05,205.4,31,40.3,2209
CUST-100350,2026-06,154.6,27,50.5,1329
CUST-100350,2026-07,190.9,28,56.3,2273
CUST-100350,2026-08,203.0,30,66.1,1834
CUST-100351,2026-03,181.8,23,58.7,1637
CUST-100351,2026-04,157.4,17,60.7,1677
CUST-100351,2026-05,139.8,23,63.9,1493
CUST-100351,2026-06,132.9,18,31.2,849
CUST-100351,2026-07,92.5,12,42.9,817
CUST-100351,2026-08,93.0,8,44.0,884
CUST-100352,2026-03,906.2,124,61.0,7990
CUST-100352,2026-04,850.6,126,47.3,7850
CUST-100352,2026-05,813.4,119,13.9,8721
CUST-100352,2026-06,694.7,104,17.4,5119
CUST-100352,2026-07,432.5,63,33.3,3507
CUST-100352,2026-08,317.0,48,46.2,1890
CUST-100353,2026-03,417.8,57,68.0,4548
CUST-100353,2026-04,377.5,46,50.2,4046
CUST-100353,2026-05,400.0,55,52.7,2867
CUST-100353,2026-06,371.6,48,57.1,2940
CUST-100353,2026-07,321.5,39,52.8,1883
CUST-100353,2026-08,273.9,32,37.3,2406
CUST-100354,2026-03,204.9,32,65.0,1553
CUST-100354,2026-04,158.5,21,38.1,1634
CUST-100354,2026-05,173.6,18,59.3,1749
CUST-100354,2026-06,177.4,24,51.9,1844
CUST-100354,2026-07,167.6,27,62.8,1038
CUST-100354,2026-08,164.3,25,50.1,1394
CUST-100355,2026-03,173.9,28,61.7,1247
CUST-100355,2026-04,174.0,16,63.8,1631
CUST-100355,2026-05,183.9,26,58.1,1650
CUST-100355,2026-06,146.3,22,57.0,1444
CUST-100355,2026-07,139.0,20,76.3,1154
CUST-100355,2026-08,174.5,21,54.8,1278
CUST-100356,2026-03,360.3,50,65.4,2982
CUST-100356,2026-04,402.0,59,49.4,3049
CUST-100356,2026-05,396.2,54,62.6,4264
CUST-100356,2026-06,401.6,60,60.4,2442
CUST-100356,2026-07,370.8,60,65.8,3121
CUST-100356,2026-08,368.1,49,62.0,3685
CUST-100357,2026-03,861.8,128,59.4,8608
CUST-100357,2026-04,1063.4,147,35.0,9605
CUST-100357,2026-05,1050.6,144,66.5,10286
CUST-100357,2026-06,1022.7,146,44.7,8818
CUST-100357,2026-07,911.6,134,63.1,8475
CUST-100357,2026-08,991.7,137,46.6,11020
CUST-100358,2026-03,178.3,29,59.5,1602
CUST-100358,2026-04,162.6,21,59.9,2035
CUST-100358,2026-05,160.7,29,41.9,829
CUST-100358,2026-06,130.8,21,60.8,1549
CUST-100358,2026-07,127.4,17,58.2,696
CUST-100358,2026-08,116.7,15,60.3,680
CUST-100359,2026-03,950.4,137,59.2,7881
CUST-100359,2026-04,970.0,142,45.8,7653
CUST-100359,2026-05,847.4,118,55.6,8968
CUST-100359,2026-06,735.9,105,39.1,5183
CUST-100359,2026-07,669.9,90,49.9,6887
CUST-100359,2026-08,630.5,87,31.0,7627
CUST-100360,2026-03,411.9,62,34.8,3778
CUST-100360,2026-04,400.3,54,62.7,3854
CUST-100360,2026-05,368.6,50,43.7,4040
CUST-100360,2026-06,354.5,49,58.2,3474
CUST-100360,2026-07,364.2,54,75.4,3773
CUST-100360,2026-08,424.9,58,31.8,3143
CUST-100361,2026-03,409.3,58,41.8,2810
CUST-100361,2026-04,337.4,47,61.6,3165
CUST-100361,2026-05,396.6,52,67.1,4193
CUST-100361,2026-06,451.8,68,47.6,3338
CUST-100361,2026-07,376.7,50,50.1,2980
CUST-100361,2026-08,343.3,50,50.6,3113
CUST-100362,2026-03,434.1,63,46.3,3947
CUST-100362,2026-04,384.4,49,50.5,3837
CUST-100362,2026-05,414.5,60,64.6,2974
CUST-100362,2026-06,413.3,57,47.6,4144
CUST-100362,2026-07,393.6,61,41.5,3800
CUST-100362,2026-08,440.1,62,64.2,5166
CUST-100363,2026-03,73.7,13,62.5,731
CUST-100363,2026-04,82.4,12,43.5,498
CUST-100363,2026-05,81.0,9,69.9,386
CUST-100363,2026-06,88.6,12,58.8,908
CUST-100363,2026-07,75.9,10,48.3,494
CUST-100363,2026-08,81.5,10,60.5,604
CUST-100364,2026-03,185.1,27,73.9,2358
CUST-100364,2026-04,209.4,26,55.0,2274
CUST-100364,2026-05,195.4,25,47.7,1720
CUST-100364,2026-06,189.9,24,73.8,1211
CUST-100364,2026-07,201.8,35,43.4,1394
CUST-100364,2026-08,164.2,19,65.2,1497
CUST-100365,2026-03,82.5,14,63.4,493
CUST-100365,2026-04,73.6,9,53.5,674
CUST-100365,2026-05,65.3,10,72.3,610
CUST-100365,2026-06,51.8,1,44.9,347
CUST-100365,2026-07,63.5,3,57.1,592
CUST-100365,2026-08,51.0,4,49.7,293
CUST-100366,2026-03,921.1,128,26.1,8811
CUST-100366,2026-04,744.5,113,49.9,7145
CUST-100366,2026-05,685.8,100,53.9,4801
CUST-100366,2026-06,509.3,79,58.8,4771
CUST-100366,2026-07,630.4,92,43.5,4223
CUST-100366,2026-08,484.5,63,76.7,3825
CUST-100367,2026-03,94.7,12,63.1,1024
CUST-100367,2026-04,71.0,15,49.4,526
CUST-100367,2026-05,63.0,4,60.0,694
CUST-100367,2026-06,74.8,7,38.4,751
CUST-100367,2026-07,62.3,9,35.5,621
CUST-100367,2026-08,54.2,6,52.3,597
CUST-100368,2026-03,90.7,18,43.7,896
CUST-100368,2026-04,86.2,12,59.2,693
CUST-100368,2026-05,74.9,15,64.0,624
CUST-100368,2026-06,88.3,15,56.7,1024
CUST-100368,2026-07,81.8,17,49.1,858
CUST-100368,2026-08,87.0,11,43.6,925
CUST-100369,2026-03,70.5,13,33.7,527
CUST-100369,2026-04,80.4,9,42.0,868
CUST-100369,2026-05,75.8,17,52.6,795
CUST-100369,2026-06,63.0,7,49.8,612
CUST-100369,2026-07,66.9,9,61.1,551
CUST-100369,2026-08,55.3,3,62.4,527
CUST-100370,2026-03,86.8,14,41.2,816
CUST-100370,2026-04,70.0,5,34.3,722
CUST-100370,2026-05,84.0,18,49.0,727
CUST-100370,2026-06,79.5,10,42.5,563
CUST-100370,2026-07,64.7,13,61.8,517
CUST-100370,2026-08,69.4,12,61.9,594
CUST-100371,2026-03,173.0,27,49.1,1136
CUST-100371,2026-04,195.9,25,52.9,2177
CUST-100371,2026-05,158.8,19,44.6,1508
CUST-100371,2026-06,146.2,19,67.9,1012
CUST-100371,2026-07,174.3,23,58.8,1972
CUST-100371,2026-08,197.2,16,55.1,2136
CUST-100372,2026-03,84.2,17,50.5,751
CUST-100372,2026-04,74.6,12,48.3,731
CUST-100372,2026-05,78.8,14,49.4,736
CUST-100372,2026-06,72.4,14,70.5,792
CUST-100372,2026-07,69.1,15,51.7,670
CUST-100372,2026-08,66.3,11,50.1,478
CUST-100373,2026-03,187.5,32,29.5,2337
CUST-100373,2026-04,157.4,23,54.5,1442
CUST-100373,2026-05,177.8,27,45.0,1590
CUST-100373,2026-06,130.0,16,56.5,1188
CUST-100373,2026-07,160.6,24,45.3,1616
CUST-100373,2026-08,124.3,23,38.2,1301
CUST-100374,2026-03,310.3,41,41.8,3199
CUST-100374,2026-04,349.1,48,50.1,4194
CUST-100374,2026-05,292.1,46,51.7,2621
CUST-100374,2026-06,312.8,38,62.5,3271
CUST-100374,2026-07,300.5,38,52.6,2778
CUST-100374,2026-08,282.3,37,55.7,2583
CUST-100375,2026-03,160.0,20,33.5,1286
CUST-100375,2026-04,207.9,23,35.3,2246
CUST-100375,2026-05,154.3,19,48.3,1728
CUST-100375,2026-06,151.9,25,43.7,1097
CUST-100375,2026-07,161.9,25,53.0,1355
CUST-100375,2026-08,132.9,15,44.2,1341
CUST-100376,2026-03,193.1,26,51.1,2035
CUST-100376,2026-04,190.8,34,51.9,2011
CUST-100376,2026-05,156.3,21,78.4,1771
CUST-100376,2026-06,136.3,16,41.8,939
CUST-100376,2026-07,110.0,14,36.4,1043
CUST-100376,2026-08,102.4,20,42.1,1131
CUST-100377,2026-03,81.4,8,55.7,766
CUST-100377,2026-04,77.5,7,55.2,606
CUST-100377,2026-05,90.5,14,31.7,1149
CUST-100377,2026-06,80.2,11,61.4,715
CUST-100377,2026-07,84.2,14,55.6,775
CUST-100377,2026-08,91.3,15,45.6,962
CUST-100378,2026-03,364.9,51,59.3,4427
CUST-100378,2026-04,365.4,55,56.5,3258
CUST-100378,2026-05,448.1,63,45.6,3442
CUST-100378,2026-06,412.5,58,52.4,4671
CUST-100378,2026-07,394.8,60,63.3,2754
CUST-100378,2026-08,387.3,62,68.6,3057
CUST-100379,2026-03,193.1,27,55.2,1483
CUST-100379,2026-04,191.9,29,60.3,1526
CUST-100379,2026-05,195.7,30,56.4,1574
CUST-100379,2026-06,186.7,26,68.7,988
CUST-100379,2026-07,194.9,30,62.6,1568
CUST-100379,2026-08,189.6,23,45.6,2528
CUST-100380,2026-03,84.7,7,49.1,763
CUST-100380,2026-04,87.1,8,40.5,677
CUST-100380,2026-05,97.2,10,61.7,839
CUST-100380,2026-06,78.2,10,60.9,693
CUST-100380,2026-07,86.3,15,71.4,774
CUST-100380,2026-08,82.6,14,71.6,722
CUST-100381,2026-03,179.2,23,48.0,1401
CUST-100381,2026-04,186.1,26,60.1,1465
CUST-100381,2026-05,166.3,24,63.0,1852
CUST-100381,2026-06,180.0,29,56.5,1351
CUST-100381,2026-07,161.0,25,52.6,1706
CUST-100381,2026-08,182.3,21,56.0,1526
CUST-100382,2026-03,74.7,8,50.6,816
CUST-100382,2026-04,69.6,8,30.9,573
CUST-100382,2026-05,65.0,11,38.7,534
CUST-100382,2026-06,59.6,4,52.6,460
CUST-100382,2026-07,69.2,11,66.5,561
CUST-100382,2026-08,51.1,5,34.8,538
CUST-100383,2026-03,174.4,21,50.9,1677
CUST-100383,2026-04,191.1,20,57.0,1650
CUST-100383,2026-05,188.5,23,74.2,2547
CUST-100383,2026-06,190.1,31,77.9,2122
CUST-100383,2026-07,212.9,33,48.9,2031
CUST-100383,2026-08,201.0,26,41.1,2041
CUST-100384,2026-03,868.5,125,46.1,8360
CUST-100384,2026-04,784.3,105,67.9,7480
CUST-100384,2026-05,837.4,121,43.1,9443
CUST-100384,2026-06,737.3,106,46.2,4445
CUST-100384,2026-07,640.7,92,25.6,8219
CUST-100384,2026-08,445.0,64,35.6,3738
CUST-100385,2026-03,175.3,28,59.0,1338
CUST-100385,2026-04,173.7,25,56.1,1435
CUST-100385,2026-05,180.4,29,50.0,839
CUST-100385,2026-06,182.3,25,45.6,1697
CUST-100385,2026-07,184.5,30,56.1,1942
CUST-100385,2026-08,175.4,20,53.8,1662
CUST-100386,2026-03,185.5,25,55.8,1540
CUST-100386,2026-04,166.2,23,49.0,1632
CUST-100386,2026-05,185.9,24,48.5,1648
CUST-100386,2026-06,211.1,36,57.9,2203
CUST-100386,2026-07,203.1,32,51.5,1894
CUST-100386,2026-08,187.5,20,45.8,1636
CUST-100387,2026-03,195.2,31,40.5,2186
CUST-100387,2026-04,205.4,35,68.5,2072
CUST-100387,2026-05,180.7,31,54.2,1453
CUST-100387,2026-06,200.8,35,46.8,1134
CUST-100387,2026-07,189.6,32,59.5,1961
CUST-100387,2026-08,184.6,26,64.7,2178
CUST-100388,2026-03,68.3,7,53.1,546
CUST-100388,2026-04,72.7,6,59.7,595
CUST-100388,2026-05,92.0,18,67.2,1117
CUST-100388,2026-06,92.3,10,47.2,1260
CUST-100388,2026-07,76.2,12,62.1,832
CUST-100388,2026-08,69.3,8,93.0,707
CUST-100389,2026-03,889.0,127,61.8,8310
CUST-100389,2026-04,965.5,139,28.1,10651
CUST-100389,2026-05,917.9,124,55.8,7851
CUST-100389,2026-06,971.5,138,81.1,9328
CUST-100389,2026-07,1025.6,152,57.8,10124
CUST-100389,2026-08,989.2,144,74.1,6488
CUST-100390,2026-03,173.1,25,53.0,1928
CUST-100390,2026-04,169.6,19,72.4,1457
CUST-100390,2026-05,160.7,24,58.8,1081
CUST-100390,2026-06,189.8,32,50.4,1594
CUST-100390,2026-07,174.4,22,60.2,1508
CUST-100390,2026-08,174.6,26,58.5,1623
CUST-100391,2026-03,92.1,11,59.2,1090
CUST-100391,2026-04,76.5,11,61.8,596
CUST-100391,2026-05,70.8,10,53.4,652
CUST-100391,2026-06,77.6,5,52.7,637
CUST-100391,2026-07,68.2,11,37.0,577
CUST-100391,2026-08,47.9,3,50.5,341
CUST-100392,2026-03,905.8,127,48.2,7947
CUST-100392,2026-04,767.2,106,54.0,5512
CUST-100392,2026-05,775.4,108,45.3,6564
CUST-100392,2026-06,533.5,80,47.5,5226
CUST-100392,2026-07,545.7,78,37.3,5388
CUST-100392,2026-08,370.4,54,38.7,2171
CUST-100393,2026-03,197.8,18,57.0,2022
CUST-100393,2026-04,186.7,25,46.7,1589
CUST-100393,2026-05,176.3,22,34.8,1878
CUST-100393,2026-06,204.1,31,43.3,2337
CUST-100393,2026-07,192.4,24,48.9,1792
CUST-100393,2026-08,215.9,31,43.8,2332
CUST-100394,2026-03,169.2,31,71.1,1184
CUST-100394,2026-04,159.4,18,57.7,1329
CUST-100394,2026-05,136.9,22,43.0,962
CUST-100394,2026-06,146.2,19,43.1,476
CUST-100394,2026-07,115.9,7,42.6,1354
CUST-100394,2026-08,82.8,6,55.4,602
CUST-100395,2026-03,374.8,53,64.6,4556
CUST-100395,2026-04,375.9,52,52.9,2968
CUST-100395,2026-05,328.1,44,61.3,3333
CUST-100395,2026-06,258.2,31,58.0,2320
CUST-100395,2026-07,185.6,27,50.1,1650
CUST-100395,2026-08,191.9,28,46.0,1553
CUST-100396,2026-03,180.4,30,50.3,1559
CUST-100396,2026-04,161.9,18,61.5,1467
CUST-100396,2026-05,160.0,26,43.3,1417
CUST-100396,2026-06,170.7,23,25.2,1873
CUST-100396,2026-07,130.6,17,44.8,1305
CUST-100396,2026-08,135.3,26,71.0,1178
CUST-100397,2026-03,73.2,5,41.1,680
CUST-100397,2026-04,93.2,9,34.0,1044
CUST-100397,2026-05,85.7,9,67.4,707
CUST-100397,2026-06,76.1,15,66.5,586
CUST-100397,2026-07,92.6,12,51.5,642
CUST-100397,2026-08,77.7,7,55.6,761
CUST-100398,2026-03,404.8,58,53.1,4255
CUST-100398,2026-04,380.3,49,51.1,4682
CUST-100398,2026-05,400.0,57,69.4,4625
CUST-100398,2026-06,322.9,40,53.5,3086
CUST-100398,2026-07,303.0,38,54.9,3121
CUST-100398,2026-08,350.9,53,74.9,2417
CUST-100399,2026-03,81.0,14,44.7,1000
CUST-100399,2026-04,76.9,11,55.9,723
CUST-100399,2026-05,90.1,14,49.5,937
CUST-100399,2026-06,73.6,4,57.6,624
CUST-100399,2026-07,86.5,4,56.2,407
CUST-100399,2026-08,79.5,18,55.5,854
CUST-100400,2026-03,852.7,121,63.0,7068
CUST-100400,2026-04,926.9,133,31.6,6394
CUST-100400,2026-05,687.8,98,34.8,6810
CUST-100400,2026-06,773.5,109,48.8,6933
CUST-100400,2026-07,586.3,79,60.0,5434
CUST-100400,2026-08,465.8,67,50.4,4599
CUST-100401,2026-03,163.7,22,58.8,1294
CUST-100401,2026-04,170.3,28,57.5,1364
CUST-100401,2026-05,167.7,15,80.3,1222
CUST-100401,2026-06,161.6,19,48.6,1171
CUST-100401,2026-07,202.8,35,67.5,1792
CUST-100401,2026-08,193.6,26,29.9,2132
CUST-100402,2026-03,84.8,9,48.0,1002
CUST-100402,2026-04,92.0,15,64.4,873
CUST-100402,2026-05,63.2,10,44.4,486
CUST-100402,2026-06,59.7,4,37.4,430
CUST-100402,2026-07,44.6,8,16.3,497
CUST-100402,2026-08,36.0,2,50.3,240
CUST-100403,2026-03,82.7,13,57.9,781
CUST-100403,2026-04,77.0,10,66.5,724
CUST-100403,2026-05,71.7,10,38.6,755
CUST-100403,2026-06,72.2,9,28.3,491
CUST-100403,2026-07,61.2,11,57.9,446
CUST-100403,2026-08,56.1,5,47.9,555
CUST-100404,2026-03,77.9,11,47.6,619
CUST-100404,2026-04,74.4,16,58.1,680
CUST-100404,2026-05,68.0,8,50.1,668
CUST-100404,2026-06,78.4,6,35.2,696
CUST-100404,2026-07,88.3,21,64.3,918
CUST-100404,2026-08,75.6,9,57.5,687
CUST-100405,2026-03,81.4,8,49.6,788
CUST-100405,2026-04,71.5,1,44.8,558
CUST-100405,2026-05,81.5,12,60.3,682
CUST-100405,2026-06,71.0,14,74.7,749
CUST-100405,2026-07,86.7,6,34.3,726
CUST-100405,2026-08,93.3,13,46.5,661
CUST-100406,2026-03,93.9,16,49.1,875
CUST-100406,2026-04,79.3,12,55.8,864
CUST-100406,2026-05,83.7,7,50.6,757
CUST-100406,2026-06,68.5,10,70.8,732
CUST-100406,2026-07,56.7,8,52.9,514
CUST-100406,2026-08,40.2,4,33.3,340
CUST-100407,2026-03,174.7,15,75.7,1137
CUST-100407,2026-04,185.4,35,38.1,1792
CUST-100407,2026-05,181.9,31,55.2,1517
CUST-100407,2026-06,175.5,22,52.3,1551
CUST-100407,2026-07,198.3,29,48.4,1860
CUST-100407,2026-08,180.1,22,49.3,1351
CUST-100408,2026-03,413.9,50,61.6,4166
CUST-100408,2026-04,384.6,55,61.2,5294
CUST-100408,2026-05,262.5,37,57.3,2241
CUST-100408,2026-06,265.8,44,40.0,2278
CUST-100408,2026-07,248.1,35,35.4,2737
CUST-100408,2026-08,183.1,20,46.4,1653
CUST-100409,2026-03,199.8,33,71.0,1786
CUST-100409,2026-04,169.4,32,46.6,1080
CUST-100409,2026-05,165.4,23,53.4,1137
CUST-100409,2026-06,133.3,25,57.7,1518
CUST-100409,2026-07,128.2,12,52.4,1219
CUST-100409,2026-08,107.6,8,73.8,1304
CUST-100410,2026-03,73.6,17,33.5,713
CUST-100410,2026-04,86.6,13,62.9,910
CUST-100410,2026-05,71.1,14,48.1,746
CUST-100410,2026-06,56.4,7,46.3,501
CUST-100410,2026-07,45.7,9,38.6,401
CUST-100410,2026-08,50.5,13,36.0,379
CUST-100411,2026-03,157.4,17,47.1,1124
CUST-100411,2026-04,170.1,19,38.7,1530
CUST-100411,2026-05,139.9,22,67.3,1019
CUST-100411,2026-06,167.5,30,63.4,1215
CUST-100411,2026-07,189.6,23,34.5,1629
CUST-100411,2026-08,203.3,24,57.3,2098
CUST-100412,2026-03,464.6,67,69.8,4102
CUST-100412,2026-04,387.9,57,56.8,3051
CUST-100412,2026-05,362.6,60,62.5,3228
CUST-100412,2026-06,360.3,57,56.1,2551
CUST-100412,2026-07,414.6,61,50.8,2199
CUST-100412,2026-08,382.1,53,59.1,3056
CUST-100413,2026-03,357.5,46,43.5,2812
CUST-100413,2026-04,379.7,57,35.6,4190
CUST-100413,2026-05,407.5,62,58.9,3987
CUST-100413,2026-06,440.1,66,59.8,2902
CUST-100413,2026-07,400.8,57,74.4,2752
CUST-100413,2026-08,373.9,52,71.7,3233
CUST-100414,2026-03,79.7,8,53.7,813
CUST-100414,2026-04,86.3,8,73.5,768
CUST-100414,2026-05,80.2,5,66.6,793
CUST-100414,2026-06,86.8,9,84.8,912
CUST-100414,2026-07,75.0,12,51.1,516
CUST-100414,2026-08,77.8,13,46.2,657
CUST-100415,2026-03,310.9,46,69.0,2940
CUST-100415,2026-04,395.8,55,55.1,4753
CUST-100415,2026-05,383.6,49,32.9,4382
CUST-100415,2026-06,385.6,47,46.4,4280
CUST-100415,2026-07,424.7,53,74.1,3555
CUST-100415,2026-08,428.7,68,54.0,4816
CUST-100416,2026-03,78.6,12,58.6,473
CUST-100416,2026-04,72.5,10,57.8,693
CUST-100416,2026-05,72.9,4,30.6,538
CUST-100416,2026-06,66.4,11,39.5,442
CUST-100416,2026-07,58.4,11,60.2,532
CUST-100416,2026-08,48.0,1,44.4,438
CUST-100417,2026-03,907.7,130,47.9,8923
CUST-100417,2026-04,1007.2,151,44.1,10102
CUST-100417,2026-05,1018.5,142,52.9,10105
CUST-100417,2026-06,892.8,127,83.5,8493
CUST-100417,2026-07,978.0,145,46.9,7597
CUST-100417,2026-08,806.9,117,48.0,7839
CUST-100418,2026-03,156.6,24,60.8,1541
CUST-100418,2026-04,151.8,20,47.2,1682
CUST-100418,2026-05,181.8,19,48.3,1574
CUST-100418,2026-06,147.1,18,62.3,1528
CUST-100418,2026-07,168.8,21,46.0,2076
CUST-100418,2026-08,124.8,14,38.9,864
CUST-100419,2026-03,84.1,7,45.1,847
CUST-100419,2026-04,82.4,16,43.6,617
CUST-100419,2026-05,82.8,12,48.8,655
CUST-100419,2026-06,88.9,10,45.7,738
CUST-100419,2026-07,90.5,14,55.9,611
CUST-100419,2026-08,81.8,12,55.5,633
CUST-100420,2026-03,76.4,6,58.3,720
CUST-100420,2026-04,61.2,8,53.0,513
CUST-100420,2026-05,64.1,9,66.1,591
CUST-100420,2026-06,58.3,6,23.9,587
CUST-100420,2026-07,44.0,3,43.2,456
CUST-100420,2026-08,50.0,9,52.4,286
CUST-100421,2026-03,403.2,62,57.6,4539
CUST-100421,2026-04,402.7,53,47.2,2595
CUST-100421,2026-05,350.8,54,35.7,3241
CUST-100421,2026-06,475.0,70,39.9,3964
CUST-100421,2026-07,359.5,48,53.4,3165
CUST-100421,2026-08,399.6,55,55.7,4354
CUST-100422,2026-03,163.3,20,65.5,1245
CUST-100422,2026-04,166.9,16,57.3,1487
CUST-100422,2026-05,161.2,26,45.1,1223
CUST-100422,2026-06,181.4,25,48.3,1518
CUST-100422,2026-07,185.0,34,42.5,1848
CUST-100422,2026-08,188.4,23,57.2,1457
CUST-100423,2026-03,355.8,51,64.8,3432
CUST-100423,2026-04,359.2,50,67.8,3807
CUST-100423,2026-05,329.3,41,50.2,1683
CUST-100423,2026-06,359.5,50,49.4,2487
CUST-100423,2026-07,391.7,58,74.1,2920
CUST-100423,2026-08,331.1,43,45.3,2236
CUST-100424,2026-03,894.0,133,49.5,9388
CUST-100424,2026-04,906.1,127,57.4,5137
CUST-100424,2026-05,802.7,107,66.0,4270
CUST-100424,2026-06,932.0,134,46.9,6657
CUST-100424,2026-07,763.0,107,51.9,7955
CUST-100424,2026-08,825.7,116,56.1,5449
CUST-100425,2026-03,402.4,56,55.0,3301
CUST-100425,2026-04,360.3,52,54.1,3520
CUST-100425,2026-05,274.5,37,46.7,2699
CUST-100425,2026-06,347.0,54,65.7,3056
CUST-100425,2026-07,214.6,31,32.5,1685
CUST-100425,2026-08,272.1,45,40.4,2065
CUST-100426,2026-03,166.5,23,42.8,1253
CUST-100426,2026-04,180.7,29,65.4,1333
CUST-100426,2026-05,173.4,23,42.1,1036
CUST-100426,2026-06,136.0,22,65.3,1600
CUST-100426,2026-07,172.2,20,61.2,1999
CUST-100426,2026-08,169.0,25,50.9,1728
CUST-100427,2026-03,293.0,37,69.9,2892
CUST-100427,2026-04,362.2,51,28.2,4171
CUST-100427,2026-05,392.8,48,59.6,2899
CUST-100427,2026-06,276.0,30,45.1,3524
CUST-100427,2026-07,412.2,56,62.7,4442
CUST-100427,2026-08,322.9,49,51.0,2757
CUST-100428,2026-03,360.2,50,53.9,3688
CUST-100428,2026-04,397.1,54,57.4,2690
CUST-100428,2026-05,302.4,43,39.7,2298
CUST-100428,2026-06,324.0,47,27.1,2712
CUST-100428,2026-07,322.2,39,26.3,2839
CUST-100428,2026-08,293.2,47,53.4,4213
CUST-100429,2026-03,157.1,24,70.1,1383
CUST-100429,2026-04,167.8,27,58.3,2311
CUST-100429,2026-05,128.4,17,53.0,1152
CUST-100429,2026-06,116.6,14,66.9,871
CUST-100429,2026-07,130.0,23,42.8,855
CUST-100429,2026-08,107.5,16,43.6,988
CUST-100430,2026-03,915.3,129,61.6,8296
CUST-100430,2026-04,899.1,129,57.3,8302
CUST-100430,2026-05,1074.6,151,56.5,9242
CUST-100430,2026-06,1057.5,150,56.8,8416
CUST-100430,2026-07,925.2,131,45.1,8143
CUST-100430,2026-08,906.8,130,68.1,7081
CUST-100431,2026-03,167.4,26,62.8,1164
CUST-100431,2026-04,175.9,31,45.5,1422
CUST-100431,2026-05,178.3,18,77.8,1724
CUST-100431,2026-06,186.7,28,36.1,1566
CUST-100431,2026-07,186.3,29,68.3,1872
CUST-100431,2026-08,184.4,22,54.5,2073
CUST-100432,2026-03,165.9,26,65.7,1256
CUST-100432,2026-04,189.0,27,64.6,2132
CUST-100432,2026-05,187.0,26,54.0,1389
CUST-100432,2026-06,164.2,17,44.3,1522
CUST-100432,2026-07,175.6,22,64.9,1663
CUST-100432,2026-08,204.4,29,29.9,1344
CUST-100433,2026-03,166.3,19,59.7,947
CUST-100433,2026-04,188.0,20,55.0,2102
CUST-100433,2026-05,207.6,36,38.9,1624
CUST-100433,2026-06,164.7,28,38.0,1402
CUST-100433,2026-07,225.5,28,74.5,2530
CUST-100433,2026-08,179.7,18,55.8,1383
CUST-100434,2026-03,160.1,20,48.1,1615
CUST-100434,2026-04,183.2,29,35.9,2191
CUST-100434,2026-05,189.5,21,70.3,1820
CUST-100434,2026-06,191.6,26,50.6,1955
CUST-100434,2026-07,171.8,22,52.1,1296
CUST-100434,2026-08,174.5,21,62.4,1815
CUST-100435,2026-03,177.4,27,71.7,1621
CUST-100435,2026-04,189.0,22,50.8,2142
CUST-100435,2026-05,150.4,26,72.2,784
CUST-100435,2026-06,101.4,13,52.7,673
CUST-100435,2026-07,80.3,3,46.4,561
CUST-100435,2026-08,106.4,16,40.5,1090
CUST-100436,2026-03,209.5,29,53.1,2468
CUST-100436,2026-04,193.3,35,54.0,2661
CUST-100436,2026-05,178.4,24,45.9,1773
CUST-100436,2026-06,190.4,23,45.1,1999
CUST-100436,2026-07,180.3,23,43.7,1985
CUST-100436,2026-08,201.2,24,49.4,2044
CUST-100437,2026-03,858.1,122,56.2,8004
CUST-100437,2026-04,852.8,117,67.0,6344
CUST-100437,2026-05,890.4,123,60.9,8286
CUST-100437,2026-06,852.6,123,62.9,6923
CUST-100437,2026-07,847.8,126,63.7,8439
CUST-100437,2026-08,719.2,105,66.9,4852
CUST-100438,2026-03,193.9,28,66.7,2029
CUST-100438,2026-04,178.9,27,39.0,1414
CUST-100438,2026-05,128.4,20,44.7,1276
CUST-100438,2026-06,127.7,17,48.3,1679
CUST-100438,2026-07,83.6,9,38.7,724
CUST-100438,2026-08,88.2,11,49.8,773
CUST-100439,2026-03,212.5,28,51.5,2060
CUST-100439,2026-04,209.7,25,49.5,1939
CUST-100439,2026-05,155.6,19,57.8,1220
CUST-100439,2026-06,188.6,29,50.0,1822
CUST-100439,2026-07,184.5,30,40.5,1835
CUST-100439,2026-08,208.8,32,51.7,1790
CUST-100440,2026-03,183.7,28,63.6,1706
CUST-100440,2026-04,205.2,31,58.8,2157
CUST-100440,2026-05,154.2,24,90.1,1700
CUST-100440,2026-06,192.8,16,42.7,1933
CUST-100440,2026-07,174.0,25,66.4,1518
CUST-100440,2026-08,212.6,39,42.5,1233
CUST-100441,2026-03,320.7,46,63.4,3090
CUST-100441,2026-04,357.2,47,41.4,2628
CUST-100441,2026-05,378.1,54,30.5,3428
CUST-100441,2026-06,349.6,47,35.3,2858
CUST-100441,2026-07,363.5,49,76.5,2923
CUST-100441,2026-08,441.9,56,53.5,5000
CUST-100442,2026-03,164.0,23,76.2,1479
CUST-100442,2026-04,187.6,21,47.4,1167
CUST-100442,2026-05,194.4,28,62.9,1602
CUST-100442,2026-06,184.0,23,56.8,1772
CUST-100442,2026-07,197.7,20,55.5,2083
CUST-100442,2026-08,184.7,29,82.9,1451
CUST-100443,2026-03,94.8,16,71.1,935
CUST-100443,2026-04,80.7,9,48.4,919
CUST-100443,2026-05,96.4,17,72.5,1105
CUST-100443,2026-06,85.5,14,64.0,736
CUST-100443,2026-07,81.0,3,62.8,431
CUST-100443,2026-08,96.9,19,52.2,975
CUST-100444,2026-03,357.1,55,66.2,3122
CUST-100444,2026-04,360.5,46,56.3,4319
CUST-100444,2026-05,373.1,46,59.5,3554
CUST-100444,2026-06,397.8,63,46.2,2887
CUST-100444,2026-07,409.8,62,45.6,3406
CUST-100444,2026-08,425.8,63,71.0,4754
CUST-100445,2026-03,1038.2,148,68.3,12561
CUST-100445,2026-04,874.4,125,44.7,5767
CUST-100445,2026-05,783.9,111,40.2,6835
CUST-100445,2026-06,679.1,98,24.4,7283
CUST-100445,2026-07,543.1,72,49.6,4205
CUST-100445,2026-08,453.5,61,30.9,3620
CUST-100446,2026-03,167.1,27,54.2,1795
CUST-100446,2026-04,145.9,14,51.7,1687
CUST-100446,2026-05,164.9,27,46.8,1294
CUST-100446,2026-06,178.6,33,58.8,1860
CUST-100446,2026-07,182.1,25,54.5,934
CUST-100446,2026-08,197.2,20,57.5,1813
CUST-100447,2026-03,192.5,28,58.3,1934
CUST-100447,2026-04,149.2,17,56.1,1633
CUST-100447,2026-05,157.1,17,68.6,885
CUST-100447,2026-06,142.3,17,34.2,1083
CUST-100447,2026-07,166.8,10,39.3,1217
CUST-100447,2026-08,120.4,13,41.0,1329
CUST-100448,2026-03,192.6,32,45.7,1796
CUST-100448,2026-04,166.9,13,38.9,1228
CUST-100448,2026-05,197.0,20,58.3,1953
CUST-100448,2026-06,128.3,12,68.4,787
CUST-100448,2026-07,123.7,18,30.7,1176
CUST-100448,2026-08,142.8,18,50.2,1627
CUST-100449,2026-03,177.0,23,60.0,1172
CUST-100449,2026-04,164.9,22,54.0,1460
CUST-100449,2026-05,184.1,28,62.5,1774
CUST-100449,2026-06,195.4,28,50.2,1384
CUST-100449,2026-07,165.6,25,46.7,2187
CUST-100449,2026-08,179.8,26,61.5,1491
CUST-100450,2026-03,176.8,22,60.8,1078
CUST-100450,2026-04,197.5,26,59.5,1812
CUST-100450,2026-05,173.7,28,42.0,1445
CUST-100450,2026-06,173.1,16,62.1,1576
CUST-100450,2026-07,173.7,29,59.2,1362
CUST-100450,2026-08,204.1,31,57.2,1343
CUST-100451,2026-03,85.7,9,64.5,879
CUST-100451,2026-04,57.2,1,63.9,598
CUST-100451,2026-05,64.0,8,43.5,621
CUST-100451,2026-06,59.1,11,34.6,756
CUST-100451,2026-07,41.8,3,29.0,397
CUST-100451,2026-08,30.1,3,44.4,279
CUST-100452,2026-03,80.1,10,85.6,599
CUST-100452,2026-04,83.4,13,62.0,727
CUST-100452,2026-05,67.8,11,33.1,440
CUST-100452,2026-06,67.4,6,44.4,662
CUST-100452,2026-07,32.8,1,52.3,325
CUST-100452,2026-08,35.9,2,45.0,276
CUST-100453,2026-03,193.8,26,47.0,1624
CUST-100453,2026-04,155.8,20,24.6,1032
CUST-100453,2026-05,184.6,26,57.9,1582
CUST-100453,2026-06,157.5,22,41.4,1052
CUST-100453,2026-07,199.7,25,58.2,1361
CUST-100453,2026-08,172.6,21,49.2,1667
CUST-100454,2026-03,174.9,24,45.1,2149
CUST-100454,2026-04,195.0,27,42.6,1729
CUST-100454,2026-05,181.1,23,59.4,1721
CUST-100454,2026-06,172.0,25,59.7,1728
CUST-100454,2026-07,191.6,16,39.3,1746
CUST-100454,2026-08,188.2,22,42.8,1945
CUST-100455,2026-03,89.1,13,73.4,831
CUST-100455,2026-04,75.4,16,50.2,686
CUST-100455,2026-05,65.8,9,57.5,492
CUST-100455,2026-06,52.4,2,42.2,463
CUST-100455,2026-07,49.4,10,59.8,661
CUST-100455,2026-08,54.5,7,24.0,596
CUST-100456,2026-03,84.9,13,39.8,660
CUST-100456,2026-04,73.3,13,79.4,842
CUST-100456,2026-05,88.6,19,30.4,703
CUST-100456,2026-06,83.1,7,49.6,892
CUST-100456,2026-07,78.5,2,52.9,845
CUST-100456,2026-08,72.4,10,50.5,746
CUST-100457,2026-03,86.4,5,50.0,792
CUST-100457,2026-04,87.0,9,40.4,520
CUST-100457,2026-05,76.2,12,80.9,643
CUST-100457,2026-06,80.3,12,53.6,718
CUST-100457,2026-07,87.8,14,74.4,941
CUST-100457,2026-08,90.7,14,53.9,826
CUST-100458,2026-03,166.7,29,44.9,1545
CUST-100458,2026-04,160.1,25,44.5,1532
CUST-100458,2026-05,184.9,26,50.3,1522
CUST-100458,2026-06,200.2,25,46.5,1641
CUST-100458,2026-07,181.1,28,46.8,1623
CUST-100458,2026-08,171.8,23,46.9,1668
CUST-100459,2026-03,334.3,45,76.4,3205
CUST-100459,2026-04,331.9,49,42.9,3048
CUST-100459,2026-05,320.1,41,42.9,1687
CUST-100459,2026-06,241.7,30,33.4,2042
CUST-100459,2026-07,189.5,35,48.5,2145
CUST-100459,2026-08,196.2,22,49.1,1820
CUST-100460,2026-03,197.7,33,53.5,2040
CUST-100460,2026-04,191.6,25,63.1,1353
CUST-100460,2026-05,129.8,21,42.4,1228
CUST-100460,2026-06,191.5,27,64.1,1571
CUST-100460,2026-07,150.0,21,64.0,1191
CUST-100460,2026-08,160.8,20,53.3,1566
CUST-100461,2026-03,360.9,56,50.1,3608
CUST-100461,2026-04,377.5,54,54.9,4099
CUST-100461,2026-05,353.7,48,55.8,2831
CUST-100461,2026-06,483.5,73,48.2,4631
CUST-100461,2026-07,451.7,69,63.9,5128
CUST-100461,2026-08,398.8,55,33.9,3121
CUST-100462,2026-03,385.2,56,60.9,4241
CUST-100462,2026-04,426.6,59,59.7,3730
CUST-100462,2026-05,450.0,64,60.4,5034
CUST-100462,2026-06,374.6,57,40.1,3779
CUST-100462,2026-07,439.0,62,53.4,5022
CUST-100462,2026-08,421.7,56,62.4,4122
CUST-100463,2026-03,82.5,17,56.5,683
CUST-100463,2026-04,76.1,11,33.9,683
CUST-100463,2026-05,88.3,11,52.7,560
CUST-100463,2026-06,85.1,12,57.4,815
CUST-100463,2026-07,70.8,10,66.1,817
CUST-100463,2026-08,78.8,5,71.0,736
CUST-100464,2026-03,87.1,10,54.7,664
CUST-100464,2026-04,88.7,16,75.6,658
CUST-100464,2026-05,75.3,11,69.9,641
CUST-100464,2026-06,73.8,4,66.5,854
CUST-100464,2026-07,70.7,4,54.4,706
CUST-100464,2026-08,83.4,15,46.3,874
CUST-100465,2026-03,302.1,36,64.6,2443
CUST-100465,2026-04,361.3,56,65.3,2014
CUST-100465,2026-05,369.4,51,43.4,3278
CUST-100465,2026-06,309.0,36,35.8,3822
CUST-100465,2026-07,407.7,54,29.9,3753
CUST-100465,2026-08,293.2,43,37.2,2553
CUST-100466,2026-03,196.2,30,40.1,1809
CUST-100466,2026-04,165.1,25,51.7,1654
CUST-100466,2026-05,182.1,23,73.5,1641
CUST-100466,2026-06,160.5,25,35.1,1421
CUST-100466,2026-07,144.9,20,56.5,1191
CUST-100466,2026-08,123.1,14,46.5,1571
CUST-100467,2026-03,185.6,31,78.2,1737
CUST-100467,2026-04,173.0,28,79.7,1508
CUST-100467,2026-05,185.2,32,46.3,1886
CUST-100467,2026-06,182.7,24,66.5,1895
CUST-100467,2026-07,163.5,26,85.2,1349
CUST-100467,2026-08,222.0,28,44.7,1596
CUST-100468,2026-03,401.0,55,76.7,3561
CUST-100468,2026-04,392.1,49,75.4,3556
CUST-100468,2026-05,393.1,51,54.3,4153
CUST-100468,2026-06,420.3,55,55.6,4808
CUST-100468,2026-07,411.4,61,60.9,3283
CUST-100468,2026-08,354.4,49,36.0,4386
CUST-100469,2026-03,169.8,19,56.1,1448
CUST-100469,2026-04,188.1,29,43.3,1965
CUST-100469,2026-05,134.8,15,53.1,1152
CUST-100469,2026-06,171.4,26,60.6,1578
CUST-100469,2026-07,181.7,19,59.7,1372
CUST-100469,2026-08,137.9,26,56.1,1494
CUST-100470,2026-03,337.9,47,45.9,3005
CUST-100470,2026-04,358.1,54,52.4,3284
CUST-100470,2026-05,304.6,39,69.0,3241
CUST-100470,2026-06,320.0,44,57.0,1743
CUST-100470,2026-07,205.4,29,39.2,2077
CUST-100470,2026-08,159.0,24,27.9,1462
CUST-100471,2026-03,86.6,15,64.0,634
CUST-100471,2026-04,78.8,11,69.6,579
CUST-100471,2026-05,77.8,13,62.3,736
CUST-100471,2026-06,79.0,8,59.4,831
CUST-100471,2026-07,62.4,14,43.8,730
CUST-100471,2026-08,66.8,15,45.5,424
CUST-100472,2026-03,83.3,12,32.0,548
CUST-100472,2026-04,67.6,20,49.5,683
CUST-100472,2026-05,81.9,12,72.9,564
CUST-100472,2026-06,88.6,7,53.1,569
CUST-100472,2026-07,92.7,10,56.1,767
CUST-100472,2026-08,82.4,8,49.0,945
CUST-100473,2026-03,175.0,21,51.2,1382
CUST-100473,2026-04,175.8,20,42.7,1704
CUST-100473,2026-05,160.2,24,40.1,1549
CUST-100473,2026-06,145.4,16,33.6,1574
CUST-100473,2026-07,124.2,23,68.0,1101
CUST-100473,2026-08,150.4,19,52.0,1310
CUST-100474,2026-03,79.0,14,47.3,745
CUST-100474,2026-04,72.6,7,77.5,522
CUST-100474,2026-05,54.9,4,71.8,403
CUST-100474,2026-06,59.8,12,53.0,472
CUST-100474,2026-07,53.0,2,35.5,443
CUST-100474,2026-08,33.8,6,47.8,333
CUST-100475,2026-03,423.9,66,47.9,3565
CUST-100475,2026-04,355.7,44,54.8,3250
CUST-100475,2026-05,373.8,55,61.1,3714
CUST-100475,2026-06,379.5,48,43.0,1715
CUST-100475,2026-07,420.0,62,72.1,3836
CUST-100475,2026-08,391.7,53,58.5,2798
CUST-100476,2026-03,163.8,23,39.6,1429
CUST-100476,2026-04,193.7,27,43.9,2009
CUST-100476,2026-05,165.4,24,72.5,2162
CUST-100476,2026-06,181.2,24,63.7,2083
CUST-100476,2026-07,208.4,30,50.1,1767
CUST-100476,2026-08,199.3,32,51.2,2234
CUST-100477,2026-03,180.5,24,36.0,1372
CUST-100477,2026-04,203.6,25,25.7,2269
CUST-100477,2026-05,176.3,24,69.3,1763
CUST-100477,2026-06,189.6,24,36.0,1751
CUST-100477,2026-07,184.4,26,48.3,1442
CUST-100477,2026-08,220.2,30,57.9,1670
CUST-100478,2026-03,907.0,124,72.9,9001
CUST-100478,2026-04,989.6,146,53.1,11541
CUST-100478,2026-05,869.5,130,32.7,7025
CUST-100478,2026-06,860.6,125,42.5,8284
CUST-100478,2026-07,724.0,113,43.2,5081
CUST-100478,2026-08,920.2,127,72.4,7556
CUST-100479,2026-03,78.3,14,58.9,662
CUST-100479,2026-04,67.5,13,66.5,615
CUST-100479,2026-05,62.4,11,36.5,602
CUST-100479,2026-06,49.8,7,63.6,564
CUST-100479,2026-07,49.7,1,29.2,484
CUST-100479,2026-08,43.3,6,32.5,385
CUST-100480,2026-03,184.9,28,65.3,1146
CUST-100480,2026-04,171.1,23,48.3,1381
CUST-100480,2026-05,145.8,26,43.3,1200
CUST-100480,2026-06,145.9,16,37.1,1517
CUST-100480,2026-07,148.4,24,65.7,929
CUST-100480,2026-08,89.7,8,41.9,565
CUST-100481,2026-03,185.8,29,47.2,1517
CUST-100481,2026-04,184.0,19,54.0,2128
CUST-100481,2026-05,173.9,16,59.8,1540
CUST-100481,2026-06,138.8,17,53.8,1359
CUST-100481,2026-07,147.7,21,54.2,996
CUST-100481,2026-08,155.0,18,39.3,1370
CUST-100482,2026-03,84.7,16,46.9,865
CUST-100482,2026-04,82.2,6,65.1,682
CUST-100482,2026-05,91.7,7,44.5,800
CUST-100482,2026-06,94.1,15,42.7,810
CUST-100482,2026-07,79.6,11,58.5,692
CUST-100482,2026-08,72.8,8,67.8,641
CUST-100483,2026-03,80.3,9,51.6,481
CUST-100483,2026-04,78.8,8,45.7,826
CUST-100483,2026-05,83.5,6,51.3,774
CUST-100483,2026-06,74.6,17,91.4,681
CUST-100483,2026-07,84.2,8,58.1,614
CUST-100483,2026-08,85.5,15,80.3,1050
CUST-100484,2026-03,168.8,22,49.5,1553
CUST-100484,2026-04,183.2,25,56.0,1703
CUST-100484,2026-05,192.6,28,50.1,1812
CUST-100484,2026-06,187.8,26,43.8,1148
CUST-100484,2026-07,209.8,30,52.5,1326
CUST-100484,2026-08,217.3,31,48.0,1924
CUST-100485,2026-03,165.7,17,70.0,984
CUST-100485,2026-04,171.4,26,38.2,2388
CUST-100485,2026-05,173.7,29,46.2,1226
CUST-100485,2026-06,148.6,21,47.0,1388
CUST-100485,2026-07,149.3,20,38.0,1231
CUST-100485,2026-08,152.8,25,35.5,1147
CUST-100486,2026-03,79.9,3,53.9,755
CUST-100486,2026-04,79.4,15,40.9,836
CUST-100486,2026-05,72.6,6,59.5,808
CUST-100486,2026-06,64.8,5,44.5,832
CUST-100486,2026-07,38.6,3,45.1,344
CUST-100486,2026-08,43.7,4,43.5,437
CUST-100487,2026-03,852.2,121,59.4,4364
CUST-100487,2026-04,872.1,129,72.3,12077
CUST-100487,2026-05,789.6,114,38.7,5481
CUST-100487,2026-06,565.3,82,63.9,6432
CUST-100487,2026-07,489.1,72,51.1,3736
CUST-100487,2026-08,394.3,57,23.9,3793
CUST-100488,2026-03,86.5,11,45.7,840
CUST-100488,2026-04,62.4,5,54.9,452
CUST-100488,2026-05,58.9,8,56.1,545
CUST-100488,2026-06,53.1,4,37.8,623
CUST-100488,2026-07,49.0,1,67.5,457
CUST-100488,2026-08,40.5,12,38.0,438
CUST-100489,2026-03,817.3,122,49.7,5232
CUST-100489,2026-04,700.9,97,45.0,6380
CUST-100489,2026-05,786.5,113,57.8,7924
CUST-100489,2026-06,703.6,101,56.1,4946
CUST-100489,2026-07,551.0,77,52.6,3813
CUST-100489,2026-08,572.8,85,32.6,5061
CUST-100490,2026-03,422.3,61,62.8,3551
CUST-100490,2026-04,387.5,50,49.0,4140
CUST-100490,2026-05,377.5,48,52.9,4189
CUST-100490,2026-06,384.4,51,46.5,3948
CUST-100490,2026-07,394.5,60,64.5,3767
CUST-100490,2026-08,440.7,60,54.5,5014
CUST-100491,2026-03,321.3,44,59.1,3222
CUST-100491,2026-04,371.4,48,46.9,3383
CUST-100491,2026-05,391.2,56,52.8,3133
CUST-100491,2026-06,319.5,42,57.8,4257
CUST-100491,2026-07,316.0,52,42.6,3664
CUST-100491,2026-08,271.9,41,56.4,1687
CUST-100492,2026-03,172.6,23,60.7,1503
CUST-100492,2026-04,154.3,24,66.1,1267
CUST-100492,2026-05,148.8,19,22.1,1379
CUST-100492,2026-06,140.6,17,57.1,1158
CUST-100492,2026-07,106.1,14,47.5,1188
CUST-100492,2026-08,86.8,9,26.7,856
CUST-100493,2026-03,81.3,17,69.7,588
CUST-100493,2026-04,65.2,10,54.5,522
CUST-100493,2026-05,54.5,1,45.6,413
CUST-100493,2026-06,46.1,7,58.3,496
CUST-100493,2026-07,53.5,9,23.6,310
CUST-100493,2026-08,36.1,1,47.5,243
CUST-100494,2026-03,891.4,129,71.3,10072
CUST-100494,2026-04,853.8,125,51.6,8565
CUST-100494,2026-05,705.1,96,64.3,6283
CUST-100494,2026-06,790.9,115,67.5,9031
CUST-100494,2026-07,495.6,70,46.2,5255
CUST-100494,2026-08,489.7,70,53.6,4411
CUST-100495,2026-03,369.9,50,45.8,2863
CUST-100495,2026-04,372.5,53,84.2,4347
CUST-100495,2026-05,362.3,58,34.1,2989
CUST-100495,2026-06,386.5,45,43.7,2928
CUST-100495,2026-07,343.7,54,47.8,2466
CUST-100495,2026-08,378.2,61,24.1,3891
CUST-100496,2026-03,378.7,52,63.9,2694
CUST-100496,2026-04,305.9,39,60.2,3146
CUST-100496,2026-05,326.1,51,48.6,2336
CUST-100496,2026-06,273.4,40,53.9,1557
CUST-100496,2026-07,224.2,31,20.7,2206
CUST-100496,2026-08,231.3,37,46.3,2058
CUST-100497,2026-03,83.4,9,33.5,465
CUST-100497,2026-04,63.7,11,46.5,674
CUST-100497,2026-05,57.4,9,25.5,484
CUST-100497,2026-06,61.6,8,57.9,490
CUST-100497,2026-07,57.4,13,43.2,600
CUST-100497,2026-08,35.2,1,35.1,344
CUST-100498,2026-03,181.2,21,58.7,1497
CUST-100498,2026-04,187.0,30,61.6,1274
CUST-100498,2026-05,202.8,31,45.7,1625
CUST-100498,2026-06,208.0,22,45.9,2128
CUST-100498,2026-07,199.5,26,49.1,2159
CUST-100498,2026-08,171.3,18,87.8,1387
CUST-100499,2026-03,91.2,15,67.6,838
CUST-100499,2026-04,86.3,17,49.9,604
CUST-100499,2026-05,67.4,17,62.3,759
CUST-100499,2026-06,61.7,14,53.2,637
CUST-100499,2026-07,45.0,12,57.8,461
CUST-100499,2026-08,46.6,5,37.1,457
CUST-100500,2026-03,79.2,14,61.8,1063
CUST-100500,2026-04,81.2,13,57.6,714
CUST-100500,2026-05,71.7,5,41.3,550
CUST-100500,2026-06,63.9,10,62.1,580
CUST-100500,2026-07,68.5,14,51.5,662
CUST-100500,2026-08,55.9,8,53.7,392
CUST-100501,2026-03,202.4,30,69.6,2031
CUST-100501,2026-04,160.0,24,39.8,1795
CUST-100501,2026-05,166.5,31,40.9,1599
CUST-100501,2026-06,142.8,17,56.0,1241
CUST-100501,2026-07,127.6,18,52.2,1514
CUST-100501,2026-08,135.3,21,60.4,1379
CUST-100502,2026-03,448.1,65,44.2,4270
CUST-100502,2026-04,415.9,61,74.6,2693
CUST-100502,2026-05,454.8,64,62.1,3673
CUST-100502,2026-06,412.8,61,55.4,5842
CUST-100502,2026-07,341.8,44,58.5,3388
CUST-100502,2026-08,414.6,61,55.3,3400
CUST-100503,2026-03,368.6,56,62.6,3870
CUST-100503,2026-04,402.7,59,53.2,3468
CUST-100503,2026-05,349.8,49,62.1,2850
CUST-100503,2026-06,357.5,52,43.7,2973
CUST-100503,2026-07,386.1,50,39.2,3326
CUST-100503,2026-08,394.4,55,71.3,3437
CUST-100504,2026-03,174.5,36,72.0,1361
CUST-100504,2026-04,167.7,28,49.3,1692
CUST-100504,2026-05,142.1,25,43.7,1127
CUST-100504,2026-06,137.6,19,42.4,1188
CUST-100504,2026-07,118.6,19,40.5,951
CUST-100504,2026-08,85.9,10,55.6,967
CUST-100505,2026-03,442.0,64,65.0,3073
CUST-100505,2026-04,449.6,70,36.0,4630
CUST-100505,2026-05,337.0,44,69.1,2698
CUST-100505,2026-06,359.7,53,43.2,3059
CUST-100505,2026-07,441.3,64,64.5,2258
CUST-100505,2026-08,462.4,68,57.1,4546
CUST-100506,2026-03,200.0,32,57.4,1933
CUST-100506,2026-04,167.0,21,79.5,1067
CUST-100506,2026-05,115.6,18,49.5,1148
CUST-100506,2026-06,114.7,10,51.6,683
CUST-100506,2026-07,106.1,14,61.6,1004
CUST-100506,2026-08,121.9,14,48.5,1033
CUST-100507,2026-03,66.7,10,50.8,733
CUST-100507,2026-04,89.6,18,60.0,870
CUST-100507,2026-05,76.3,13,78.8,894
CUST-100507,2026-06,72.0,13,66.7,789
CUST-100507,2026-07,62.4,10,74.7,676
CUST-100507,2026-08,64.9,2,46.1,393
CUST-100508,2026-03,81.2,5,58.3,943
CUST-100508,2026-04,83.0,9,53.8,573
CUST-100508,2026-05,70.1,13,51.7,512
CUST-100508,2026-06,70.3,15,14.8,498
CUST-100508,2026-07,44.0,7,45.2,376
CUST-100508,2026-08,29.7,1,34.7,271
CUST-100509,2026-03,938.3,126,53.1,9716
CUST-100509,2026-04,789.1,107,47.0,7265
CUST-100509,2026-05,707.5,95,73.0,6693
CUST-100509,2026-06,594.3,88,34.7,7463
CUST-100509,2026-07,515.0,78,36.8,4887
CUST-100509,2026-08,469.1,64,22.1,3977
CUST-100510,2026-03,175.2,20,70.6,1362
CUST-100510,2026-04,169.4,29,63.4,1427
CUST-100510,2026-05,176.8,31,50.5,1526
CUST-100510,2026-06,168.9,22,61.5,1794
CUST-100510,2026-07,173.2,29,41.4,1747
CUST-100510,2026-08,181.2,19,67.7,2004
CUST-100511,2026-03,178.2,27,49.9,1983
CUST-100511,2026-04,167.2,19,27.6,1613
CUST-100511,2026-05,173.4,31,54.2,2176
CUST-100511,2026-06,156.4,23,57.5,1724
CUST-100511,2026-07,143.5,28,35.8,1590
CUST-100511,2026-08,163.1,16,29.2,1446
CUST-100512,2026-03,177.5,20,39.7,1789
CUST-100512,2026-04,147.6,30,59.6,1454
CUST-100512,2026-05,191.3,24,61.8,1752
CUST-100512,2026-06,157.0,19,52.6,1674
CUST-100512,2026-07,165.5,18,55.3,394
CUST-100512,2026-08,151.1,20,49.1,879
CUST-100513,2026-03,994.8,141,42.1,9159
CUST-100513,2026-04,962.1,139,51.5,10262
CUST-100513,2026-05,682.9,100,25.7,6738
CUST-100513,2026-06,739.7,111,55.1,4399
CUST-100513,2026-07,633.7,88,44.6,4615
CUST-100513,2026-08,569.0,79,34.4,6009
CUST-100514,2026-03,187.7,26,63.3,1832
CUST-100514,2026-04,148.8,14,57.5,1256
CUST-100514,2026-05,124.1,16,59.2,865
CUST-100514,2026-06,130.4,18,50.1,1359
CUST-100514,2026-07,111.0,19,58.2,887
CUST-100514,2026-08,95.2,14,31.5,587
CUST-100515,2026-03,856.9,119,63.0,6298
CUST-100515,2026-04,983.3,142,56.5,8361
CUST-100515,2026-05,895.4,126,37.2,8925
CUST-100515,2026-06,918.1,122,58.8,8874
CUST-100515,2026-07,970.4,139,42.9,9322
CUST-100515,2026-08,870.7,126,48.2,3832
CUST-100516,2026-03,208.6,34,67.1,1317
CUST-100516,2026-04,204.5,28,65.2,2163
CUST-100516,2026-05,176.8,28,67.9,1974
CUST-100516,2026-06,182.8,21,37.1,1536
CUST-100516,2026-07,202.3,25,53.1,2516
CUST-100516,2026-08,187.1,27,48.9,1952
CUST-100517,2026-03,169.5,18,80.5,1426
CUST-100517,2026-04,181.8,24,51.3,1919
CUST-100517,2026-05,173.3,19,49.4,1587
CUST-100517,2026-06,194.4,23,76.0,1746
CUST-100517,2026-07,137.3,16,51.8,1242
CUST-100517,2026-08,165.5,29,42.1,991
CUST-100518,2026-03,376.9,47,53.5,4481
CUST-100518,2026-04,400.3,53,63.9,4727
CUST-100518,2026-05,393.9,58,39.2,3270
CUST-100518,2026-06,386.6,60,77.2,3303
CUST-100518,2026-07,411.7,57,50.4,4737
CUST-100518,2026-08,378.9,50,55.8,3218
CUST-100519,2026-03,82.1,17,39.1,771
CUST-100519,2026-04,94.5,18,62.2,585
CUST-100519,2026-05,68.6,13,25.6,798
CUST-100519,2026-06,58.7,12,25.2,432
CUST-100519,2026-07,43.3,3,37.7,348
CUST-100519,2026-08,43.2,2,49.2,408
CUST-100520,2026-03,187.2,29,60.8,2267
CUST-100520,2026-04,182.4,21,57.3,1696
CUST-100520,2026-05,143.6,13,39.2,1672
CUST-100520,2026-06,164.5,24,41.6,1240
CUST-100520,2026-07,136.0,24,43.4,1239
CUST-100520,2026-08,163.6,15,58.8,1468
CUST-100521,2026-03,158.2,18,56.2,1138
CUST-100521,2026-04,188.6,30,55.3,1375
CUST-100521,2026-05,180.6,21,58.8,1476
CUST-100521,2026-06,207.0,34,76.5,1301
CUST-100521,2026-07,146.6,23,61.5,1427
CUST-100521,2026-08,201.0,28,66.1,1378
CUST-100522,2026-03,173.9,17,53.2,1416
CUST-100522,2026-04,152.1,20,53.0,1180
CUST-100522,2026-05,175.7,30,40.7,1537
CUST-100522,2026-06,169.1,19,49.3,1614
CUST-100522,2026-07,166.4,26,45.9,2329
CUST-100522,2026-08,189.0,20,62.9,1349
CUST-100523,2026-03,97.8,9,60.9,906
CUST-100523,2026-04,71.2,10,81.5,616
CUST-100523,2026-05,99.1,16,54.4,884
CUST-100523,2026-06,84.5,14,31.2,804
CUST-100523,2026-07,93.6,9,33.9,733
CUST-100523,2026-08,79.2,4,64.4,800
CUST-100524,2026-03,81.9,19,58.1,951
CUST-100524,2026-04,93.0,16,61.2,450
CUST-100524,2026-05,71.5,11,52.1,632
CUST-100524,2026-06,84.3,11,55.8,832
CUST-100524,2026-07,83.3,13,58.2,728
CUST-100524,2026-08,82.8,19,62.7,857
CUST-100525,2026-03,81.5,14,60.6,668
CUST-100525,2026-04,79.3,19,58.3,715
CUST-100525,2026-05,77.9,20,50.9,962
CUST-100525,2026-06,78.4,8,63.8,553
CUST-100525,2026-07,82.1,7,62.7,763
CUST-100525,2026-08,80.6,10,55.0,851
CUST-100526,2026-03,382.9,56,43.9,3762
CUST-100526,2026-04,385.2,61,45.2,2713
CUST-100526,2026-05,354.0,52,64.4,3004
CUST-100526,2026-06,386.0,56,66.9,3803
CUST-100526,2026-07,388.0,53,53.9,2713
CUST-100526,2026-08,410.7,57,55.8,3138
CUST-100527,2026-03,936.0,132,54.2,8381
CUST-100527,2026-04,816.2,114,37.7,7781
CUST-100527,2026-05,745.5,108,48.0,6449
CUST-100527,2026-06,848.6,120,63.9,8676
CUST-100527,2026-07,750.8,112,59.1,7830
CUST-100527,2026-08,899.8,128,49.9,6592
CUST-100528,2026-03,90.3,18,45.8,1047
CUST-100528,2026-04,80.7,12,50.5,751
CUST-100528,2026-05,65.5,2,46.3,537
CUST-100528,2026-06,64.4,5,59.7,687
CUST-100528,2026-07,53.6,5,40.2,352
CUST-100528,2026-08,41.2,7,35.3,483
CUST-100529,2026-03,179.4,23,77.6,1570
CUST-100529,2026-04,173.9,27,36.1,1859
CUST-100529,2026-05,175.5,23,30.2,1816
CUST-100529,2026-06,125.3,15,58.8,1052
CUST-100529,2026-07,117.6,26,60.3,1186
CUST-100529,2026-08,148.7,23,50.8,902
CUST-100530,2026-03,887.0,128,53.4,8433
CUST-100530,2026-04,898.6,128,75.7,6822
CUST-100530,2026-05,712.1,99,30.5,6155
CUST-100530,2026-06,432.8,58,27.6,4052
CUST-100530,2026-07,543.1,74,40.3,6124
CUST-100530,2026-08,453.3,67,23.9,3219
CUST-100531,2026-03,69.5,7,37.7,723
CUST-100531,2026-04,75.6,9,62.4,577
CUST-100531,2026-05,73.9,13,55.6,714
CUST-100531,2026-06,76.6,14,57.4,861
CUST-100531,2026-07,71.3,1,53.3,715
CUST-100531,2026-08,89.5,8,58.8,817
CUST-100532,2026-03,86.2,6,37.4,647
CUST-100532,2026-04,54.3,2,67.8,455
CUST-100532,2026-05,76.8,15,25.3,556
CUST-100532,2026-06,62.8,9,35.4,609
CUST-100532,2026-07,55.6,10,46.6,457
CUST-100532,2026-08,57.0,4,53.4,571
CUST-100533,2026-03,76.7,4,24.8,892
CUST-100533,2026-04,63.9,8,55.6,563
CUST-100533,2026-05,64.4,2,45.0,757
CUST-100533,2026-06,59.4,5,26.9,653
CUST-100533,2026-07,49.6,4,24.5,585
CUST-100533,2026-08,50.6,1,30.4,376
CUST-100534,2026-03,347.2,44,65.0,2621
CUST-100534,2026-04,421.8,62,46.6,3342
CUST-100534,2026-05,384.9,58,55.8,2795
CUST-100534,2026-06,399.9,58,44.6,5364
CUST-100534,2026-07,419.8,58,61.4,3972
CUST-100534,2026-08,329.3,40,44.5,3687
CUST-100535,2026-03,388.0,52,82.7,4357
CUST-100535,2026-04,375.7,52,55.4,3182
CUST-100535,2026-05,364.3,53,31.3,3137
CUST-100535,2026-06,261.5,38,52.4,1589
CUST-100535,2026-07,115.1,14,78.6,1079
CUST-100535,2026-08,197.8,28,42.1,2338
CUST-100536,2026-03,178.7,25,44.5,1665
CUST-100536,2026-04,163.5,22,41.0,1509
CUST-100536,2026-05,181.6,25,52.1,1633
CUST-100536,2026-06,153.0,23,33.5,1784
CUST-100536,2026-07,130.0,16,37.4,1391
CUST-100536,2026-08,85.1,10,22.9,890
CUST-100537,2026-03,176.6,23,39.1,1461
CUST-100537,2026-04,142.9,17,61.5,1143
CUST-100537,2026-05,133.0,14,25.9,1174
CUST-100537,2026-06,129.5,15,51.7,1530
CUST-100537,2026-07,111.3,19,41.4,1135
CUST-100537,2026-08,130.7,18,35.2,1399
CUST-100538,2026-03,73.1,11,49.2,734
CUST-100538,2026-04,79.0,9,61.8,756
CUST-100538,2026-05,87.0,19,77.8,897
CUST-100538,2026-06,73.7,6,71.8,574
CUST-100538,2026-07,71.9,11,52.0,800
CUST-100538,2026-08,79.5,12,57.6,796
CUST-100539,2026-03,191.8,27,41.0,1728
CUST-100539,2026-04,198.4,20,51.5,1639
CUST-100539,2026-05,170.2,33,67.8,792
CUST-100539,2026-06,202.6,35,40.3,1674
CUST-100539,2026-07,168.3,21,68.9,1852
CUST-100539,2026-08,171.3,24,45.7,1104
CUST-100540,2026-03,184.1,29,59.4,1959
CUST-100540,2026-04,168.4,22,38.0,1179
CUST-100540,2026-05,145.8,23,46.1,943
CUST-100540,2026-06,121.5,25,37.1,548
CUST-100540,2026-07,100.6,9,32.5,1177
CUST-100540,2026-08,79.9,18,27.4,619
CUST-100541,2026-03,83.9,13,55.1,742
CUST-100541,2026-04,89.0,6,50.2,921
CUST-100541,2026-05,73.4,11,61.3,747
CUST-100541,2026-06,87.0,9,49.2,568
CUST-100541,2026-07,92.0,10,40.7,850
CUST-100541,2026-08,72.5,1,68.4,508
CUST-100542,2026-03,78.5,8,52.3,778
CUST-100542,2026-04,75.2,12,53.3,760
CUST-100542,2026-05,57.5,11,55.8,317
CUST-100542,2026-06,60.3,8,61.7,484
CUST-100542,2026-07,53.3,8,57.7,461
CUST-100542,2026-08,37.1,9,55.3,323
CUST-100543,2026-03,353.0,52,58.9,3407
CUST-100543,2026-04,387.5,52,34.9,3724
CUST-100543,2026-05,398.1,58,56.0,4689
CUST-100543,2026-06,424.0,58,33.0,3777
CUST-100543,2026-07,431.8,61,37.3,5267
CUST-100543,2026-08,423.5,60,24.9,3919
CUST-100544,2026-03,389.4,48,62.7,3563
CUST-100544,2026-04,356.1,52,41.3,2017
CUST-100544,2026-05,342.5,48,36.0,3347
CUST-100544,2026-06,354.6,49,54.9,2480
CUST-100544,2026-07,185.3,27,59.9,1587
CUST-100544,2026-08,177.3,23,34.1,2000
CUST-100545,2026-03,391.0,51,73.0,2605
CUST-100545,2026-04,402.0,51,48.6,5022
CUST-100545,2026-05,339.1,50,44.8,3454
CUST-100545,2026-06,339.7,54,64.2,3056
CUST-100545,2026-07,275.0,35,47.9,3001
CUST-100545,2026-08,253.5,37,50.8,2598
CUST-100546,2026-03,179.6,27,61.6,1859
CUST-100546,2026-04,142.9,18,53.2,1577
CUST-100546,2026-05,151.2,32,43.1,1749
CUST-100546,2026-06,172.2,31,69.9,1094
CUST-100546,2026-07,180.5,26,78.7,1636
CUST-100546,2026-08,197.3,28,29.2,1401
CUST-100547,2026-03,78.6,9,41.6,920
CUST-100547,2026-04,81.3,11,41.2,717
CUST-100547,2026-05,82.9,8,80.4,722
CUST-100547,2026-06,79.8,8,59.2,757
CUST-100547,2026-07,77.2,8,68.9,703
CUST-100547,2026-08,81.3,8,66.1,765
CUST-100548,2026-03,844.4,120,44.8,6033
CUST-100548,2026-04,909.4,132,53.7,7228
CUST-100548,2026-05,975.1,142,64.1,7532
CUST-100548,2026-06,923.6,130,68.9,7188
CUST-100548,2026-07,998.9,139,53.6,12075
CUST-100548,2026-08,1003.6,138,38.7,8938
CUST-100549,2026-03,394.5,59,50.1,3375
CUST-100549,2026-04,345.2,46,44.5,3910
CUST-100549,2026-05,359.8,51,44.9,3394
CUST-100549,2026-06,405.0,58,27.4,4201
CUST-100549,2026-07,323.9,49,53.8,3006
CUST-100549,2026-08,344.0,43,51.0,3410
CUST-100550,2026-03,921.0,133,61.3,5668
CUST-100550,2026-04,868.2,120,49.0,7176
CUST-100550,2026-05,840.6,124,51.1,8106
CUST-100550,2026-06,713.3,100,56.4,7067
CUST-100550,2026-07,853.8,120,52.5,8528
CUST-100550,2026-08,731.6,101,51.7,6462
CUST-100551,2026-03,165.3,20,53.8,1868
CUST-100551,2026-04,143.5,22,56.9,1214
CUST-100551,2026-05,144.7,19,63.3,1396
CUST-100551,2026-06,107.7,12,51.8,972
CUST-100551,2026-07,118.5,26,39.2,1114
CUST-100551,2026-08,96.6,14,43.6,838
CUST-100552,2026-03,159.1,25,32.0,1411
CUST-100552,2026-04,173.7,26,52.7,1528
CUST-100552,2026-05,108.2,19,39.6,895
CUST-100552,2026-06,139.0,20,35.1,1585
CUST-100552,2026-07,103.0,10,35.3,658
CUST-100552,2026-08,109.9,17,38.0,1134
CUST-100553,2026-03,173.4,26,36.5,1965
CUST-100553,2026-04,197.2,27,86.6,2040
CUST-100553,2026-05,192.7,30,59.7,1577
CUST-100553,2026-06,198.3,25,79.0,1742
CUST-100553,2026-07,189.3,24,63.8,1659
CUST-100553,2026-08,170.4,21,64.6,1142
CUST-100554,2026-03,80.9,11,55.5,674
CUST-100554,2026-04,90.3,16,36.9,745
CUST-100554,2026-05,83.7,11,86.1,943
CUST-100554,2026-06,77.5,16,42.3,495
CUST-100554,2026-07,86.4,16,42.6,470
CUST-100554,2026-08,90.8,15,46.6,872
CUST-100555,2026-03,363.7,47,51.7,3541
CUST-100555,2026-04,332.3,50,21.1,3650
CUST-100555,2026-05,281.2,35,63.7,1762
CUST-100555,2026-06,252.9,38,43.4,2030
CUST-100555,2026-07,205.3,25,47.2,1739
CUST-100555,2026-08,255.6,45,48.0,1696
CUST-100556,2026-03,376.4,53,63.0,3219
CUST-100556,2026-04,296.4,40,79.9,2906
CUST-100556,2026-05,320.9,44,64.9,3073
CUST-100556,2026-06,248.3,37,54.1,2190
CUST-100556,2026-07,252.3,39,29.6,3009
CUST-100556,2026-08,241.9,30,53.8,2594
CUST-100557,2026-03,375.4,57,53.5,3506
CUST-100557,2026-04,442.5,62,73.8,3419
CUST-100557,2026-05,267.7,36,24.3,2295
CUST-100557,2026-06,293.7,39,29.1,3099
CUST-100557,2026-07,200.1,33,24.2,1743
CUST-100557,2026-08,278.2,31,50.6,2567
CUST-100558,2026-03,366.2,55,78.0,3619
CUST-100558,2026-04,415.6,59,32.2,2275
CUST-100558,2026-05,423.2,57,51.7,2556
CUST-100558,2026-06,488.0,63,57.4,3884
CUST-100558,2026-07,385.8,49,78.8,4106
CUST-100558,2026-08,366.3,54,65.7,3120
CUST-100559,2026-03,430.7,58,44.5,4230
CUST-100559,2026-04,442.9,68,51.7,4279
CUST-100559,2026-05,392.8,60,50.3,3977
CUST-100559,2026-06,421.4,59,61.2,4996
CUST-100559,2026-07,343.1,55,63.2,3254
CUST-100559,2026-08,389.0,57,59.7,3608
CUST-100560,2026-03,339.1,50,40.5,4023
CUST-100560,2026-04,399.2,58,45.9,2330
CUST-100560,2026-05,374.3,57,65.6,3692
CUST-100560,2026-06,387.1,54,66.6,4447
CUST-100560,2026-07,392.9,61,62.8,2441
CUST-100560,2026-08,393.0,54,62.3,5029
CUST-100561,2026-03,178.0,22,46.8,1676
CUST-100561,2026-04,176.9,25,55.4,1653
CUST-100561,2026-05,167.5,18,68.5,1578
CUST-100561,2026-06,203.9,32,52.3,2650
CUST-100561,2026-07,192.5,29,44.9,1896
CUST-100561,2026-08,197.1,26,34.4,2148
CUST-100562,2026-03,86.8,11,49.9,801
CUST-100562,2026-04,89.9,16,45.6,706
CUST-100562,2026-05,83.1,14,67.1,838
CUST-100562,2026-06,75.9,11,53.8,516
CUST-100562,2026-07,81.5,13,46.3,778
CUST-100562,2026-08,83.5,8,57.4,814
CUST-100563,2026-03,375.2,51,60.3,2797
CUST-100563,2026-04,319.3,52,45.5,4095
CUST-100563,2026-05,278.5,41,48.7,1793
CUST-100563,2026-06,259.1,34,33.3,1941
CUST-100563,2026-07,263.9,35,55.2,3339
CUST-100563,2026-08,252.3,32,50.8,2078
CUST-100564,2026-03,254.1,32,49.9,1991
CUST-100564,2026-04,400.8,56,65.2,3083
CUST-100564,2026-05,389.7,57,51.3,4763
CUST-100564,2026-06,378.0,56,47.3,2522
CUST-100564,2026-07,340.7,44,46.9,3266
CUST-100564,2026-08,352.1,47,56.5,3724
CUST-100565,2026-03,212.0,28,36.6,2041
CUST-100565,2026-04,191.0,36,57.0,890
CUST-100565,2026-05,185.5,28,36.9,1581
CUST-100565,2026-06,168.8,31,36.2,1631
CUST-100565,2026-07,206.3,31,21.2,2079
CUST-100565,2026-08,165.0,26,49.2,1668
CUST-100566,2026-03,81.0,12,49.1,887
CUST-100566,2026-04,69.8,9,44.6,512
CUST-100566,2026-05,65.3,5,28.5,717
CUST-100566,2026-06,54.3,3,52.1,441
CUST-100566,2026-07,45.3,3,7.2,399
CUST-100566,2026-08,39.1,14,29.6,375
CUST-100567,2026-03,316.1,49,37.1,3344
CUST-100567,2026-04,376.9,52,64.9,2687
CUST-100567,2026-05,396.4,58,70.1,4325
CUST-100567,2026-06,382.1,58,59.6,2866
CUST-100567,2026-07,308.1,48,69.2,4414
CUST-100567,2026-08,356.4,45,69.1,4219
CUST-100568,2026-03,174.6,24,60.3,1937
CUST-100568,2026-04,178.5,23,60.5,1400
CUST-100568,2026-05,152.7,24,58.6,1553
CUST-100568,2026-06,165.5,24,46.0,1720
CUST-100568,2026-07,166.9,20,31.7,2050
CUST-100568,2026-08,153.9,19,40.5,1543
CUST-100569,2026-03,178.9,28,38.6,1241
CUST-100569,2026-04,176.2,24,53.1,1540
CUST-100569,2026-05,200.4,30,73.0,1966
CUST-100569,2026-06,205.4,33,51.6,777
CUST-100569,2026-07,171.6,27,50.3,1579
CUST-100569,2026-08,184.2,23,47.3,2000
CUST-100570,2026-03,181.5,31,69.4,1344
CUST-100570,2026-04,186.4,17,54.7,1438
CUST-100570,2026-05,182.9,29,74.2,2255
CUST-100570,2026-06,200.6,23,49.2,1842
CUST-100570,2026-07,175.9,27,57.4,1729
CUST-100570,2026-08,183.5,26,49.1,1750
CUST-100571,2026-03,167.3,28,63.8,1946
CUST-100571,2026-04,192.5,21,39.5,2196
CUST-100571,2026-05,147.2,19,32.8,1070
CUST-100571,2026-06,175.7,28,61.6,1745
CUST-100571,2026-07,133.4,17,76.2,1214
CUST-100571,2026-08,171.4,19,53.7,1465
CUST-100572,2026-03,82.7,9,53.0,954
CUST-100572,2026-04,81.2,8,78.3,910
CUST-100572,2026-05,78.5,3,48.2,620
CUST-100572,2026-06,71.7,15,34.4,701
CUST-100572,2026-07,92.7,9,62.7,818
CUST-100572,2026-08,78.9,15,60.5,573
CUST-100573,2026-03,81.5,11,59.3,533
CUST-100573,2026-04,88.8,7,60.2,965
CUST-100573,2026-05,74.2,9,68.3,855
CUST-100573,2026-06,86.9,8,54.4,766
CUST-100573,2026-07,70.4,13,73.6,668
CUST-100573,2026-08,79.4,9,36.6,804
CUST-100574,2026-03,947.5,136,45.9,11540
CUST-100574,2026-04,999.2,139,53.5,8521
CUST-100574,2026-05,834.1,120,41.8,7426
CUST-100574,2026-06,790.3,114,68.9,7346
CUST-100574,2026-07,765.1,112,40.0,7312
CUST-100574,2026-08,881.8,138,43.9,5160
CUST-100575,2026-03,165.5,18,52.5,1443
CUST-100575,2026-04,187.2,29,47.0,1736
CUST-100575,2026-05,184.7,28,57.1,1465
CUST-100575,2026-06,205.1,29,57.9,897
CUST-100575,2026-07,176.4,23,54.2,1301
CUST-100575,2026-08,170.9,31,63.3,1669
CUST-100576,2026-03,948.8,138,48.0,7922
CUST-100576,2026-04,802.7,112,44.7,6538
CUST-100576,2026-05,611.2,85,50.1,6554
CUST-100576,2026-06,541.3,76,34.5,7033
CUST-100576,2026-07,679.0,98,46.1,5870
CUST-100576,2026-08,501.9,69,35.6,4812
CUST-100577,2026-03,384.1,57,65.5,2950
CUST-100577,2026-04,382.9,56,63.4,3535
CUST-100577,2026-05,383.6,51,63.5,2026
CUST-100577,2026-06,345.9,53,68.1,2566
CUST-100577,2026-07,327.9,47,44.0,3080
CUST-100577,2026-08,258.5,35,27.7,2902
CUST-100578,2026-03,401.5,54,65.4,3663
CUST-100578,2026-04,442.0,68,46.6,5376
CUST-100578,2026-05,357.5,57,59.7,2415
CUST-100578,2026-06,365.5,50,65.9,3624
CUST-100578,2026-07,409.8,64,71.6,2787
CUST-100578,2026-08,395.3,56,63.8,4980
CUST-100579,2026-03,305.2,47,39.3,3017
CUST-100579,2026-04,325.3,50,49.7,3674
CUST-100579,2026-05,346.7,50,56.3,4123
CUST-100579,2026-06,298.2,44,55.9,2600
CUST-100579,2026-07,274.6,36,57.2,2176
CUST-100579,2026-08,316.2,45,28.6,2297
CUST-100580,2026-03,83.2,12,62.1,711
CUST-100580,2026-04,77.7,9,62.3,480
CUST-100580,2026-05,62.5,5,52.5,589
CUST-100580,2026-06,59.6,7,38.5,579
CUST-100580,2026-07,44.9,10,61.2,342
CUST-100580,2026-08,48.6,16,31.9,215
CUST-100581,2026-03,176.2,36,63.3,1476
CUST-100581,2026-04,171.0,28,27.9,1955
CUST-100581,2026-05,189.3,29,71.8,1633
CUST-100581,2026-06,201.1,28,50.6,2396
CUST-100581,2026-07,161.6,26,35.9,1334
CUST-100581,2026-08,157.2,19,75.5,1329
CUST-100582,2026-03,950.1,135,79.6,6560
CUST-100582,2026-04,889.3,122,44.1,7022
CUST-100582,2026-05,962.6,136,63.8,9192
CUST-100582,2026-06,971.9,137,56.9,9741
CUST-100582,2026-07,912.3,128,55.7,8231
CUST-100582,2026-08,917.9,137,52.9,6783
CUST-100583,2026-03,872.5,127,82.8,9745
CUST-100583,2026-04,901.4,123,38.6,9033
CUST-100583,2026-05,908.9,122,54.6,7344
CUST-100583,2026-06,855.9,118,64.9,6234
CUST-100583,2026-07,901.1,129,55.7,6446
CUST-100583,2026-08,1056.7,146,73.2,10602
CUST-100584,2026-03,917.9,128,53.1,8981
CUST-100584,2026-04,888.5,123,37.9,8154
CUST-100584,2026-05,983.4,137,45.1,7216
CUST-100584,2026-06,842.8,119,66.6,7947
CUST-100584,2026-07,1056.7,149,52.3,12483
CUST-100584,2026-08,814.3,111,57.9,8089
CUST-100585,2026-03,172.5,21,39.1,1267
CUST-100585,2026-04,187.4,31,69.0,2330
CUST-100585,2026-05,163.6,19,61.3,1762
CUST-100585,2026-06,189.5,24,52.6,1709
CUST-100585,2026-07,159.6,32,49.1,897
CUST-100585,2026-08,186.7,22,65.3,1485
CUST-100586,2026-03,189.5,19,49.3,1245
CUST-100586,2026-04,169.1,22,65.3,2212
CUST-100586,2026-05,210.8,29,71.7,1771
CUST-100586,2026-06,190.0,20,47.5,2049
CUST-100586,2026-07,184.7,27,48.8,1853
CUST-100586,2026-08,200.1,31,77.1,1603
CUST-100587,2026-03,400.4,60,58.7,3460
CUST-100587,2026-04,339.0,38,38.7,3590
CUST-100587,2026-05,366.6,45,41.7,4765
CUST-100587,2026-06,252.4,38,40.4,2025
CUST-100587,2026-07,280.1,41,47.5,3647
CUST-100587,2026-08,297.5,49,38.9,2439
CUST-100588,2026-03,397.3,62,63.1,4419
CUST-100588,2026-04,350.9,52,62.8,3928
CUST-100588,2026-05,374.6,55,60.0,3071
CUST-100588,2026-06,346.6,44,33.7,3648
CUST-100588,2026-07,225.6,34,18.3,1795
CUST-100588,2026-08,363.4,52,48.3,3577
CUST-100589,2026-03,172.4,25,48.6,1597
CUST-100589,2026-04,169.0,27,52.3,1995
CUST-100589,2026-05,189.2,26,37.6,1985
CUST-100589,2026-06,187.5,25,63.7,1952
CUST-100589,2026-07,144.3,13,56.6,920
CUST-100589,2026-08,219.7,32,59.7,2135
CUST-100590,2026-03,355.0,53,49.7,2313
CUST-100590,2026-04,347.7,45,49.6,2916
CUST-100590,2026-05,352.0,47,49.8,4230
CUST-100590,2026-06,287.5,39,39.1,2425
CUST-100590,2026-07,257.4,35,75.9,2584
CUST-100590,2026-08,128.1,18,53.8,1450
CUST-100591,2026-03,407.2,56,53.6,3592
CUST-100591,2026-04,331.7,56,63.8,2726
CUST-100591,2026-05,435.6,61,41.5,2843
CUST-100591,2026-06,401.9,49,61.6,2113
CUST-100591,2026-07,463.7,64,57.9,3446
CUST-100591,2026-08,414.5,57,70.6,3158
CUST-100592,2026-03,85.4,8,83.2,1049
CUST-100592,2026-04,78.0,19,37.2,797
CUST-100592,2026-05,59.9,3,52.4,622
CUST-100592,2026-06,74.4,4,65.9,652
CUST-100592,2026-07,55.7,3,14.9,301
CUST-100592,2026-08,48.0,11,29.6,307
CUST-100593,2026-03,303.2,44,51.3,3492
CUST-100593,2026-04,403.7,61,56.4,4348
CUST-100593,2026-05,347.5,48,57.4,2902
CUST-100593,2026-06,337.6,48,37.6,2498
CUST-100593,2026-07,298.8,39,42.8,2130
CUST-100593,2026-08,307.0,45,27.9,2942
CUST-100594,2026-03,410.1,59,49.4,4546
CUST-100594,2026-04,301.3,39,45.3,2130
CUST-100594,2026-05,355.8,55,36.8,2669
CUST-100594,2026-06,302.2,37,70.4,2688
CUST-100594,2026-07,316.6,42,56.0,3329
CUST-100594,2026-08,347.9,43,45.0,3582
CUST-100595,2026-03,415.9,57,52.5,4977
CUST-100595,2026-04,351.8,40,68.3,4031
CUST-100595,2026-05,389.6,55,73.7,3268
CUST-100595,2026-06,408.9,63,60.0,4010
CUST-100595,2026-07,346.6,50,77.3,2860
CUST-100595,2026-08,442.4,59,52.3,2498
CUST-100596,2026-03,182.6,28,66.4,2428
CUST-100596,2026-04,165.6,23,51.2,1042
CUST-100596,2026-05,162.6,22,38.8,1551
CUST-100596,2026-06,175.3,29,62.4,1693
CUST-100596,2026-07,166.0,21,53.7,1270
CUST-100596,2026-08,167.1,18,79.4,1648
CUST-100597,2026-03,67.0,12,31.6,570
CUST-100597,2026-04,71.4,11,61.0,647
CUST-100597,2026-05,71.4,1,43.7,691
CUST-100597,2026-06,71.6,8,37.6,513
CUST-100597,2026-07,51.6,10,46.0,310
CUST-100597,2026-08,34.6,2,40.4,249
CUST-100598,2026-03,201.0,31,57.3,1844
CUST-100598,2026-04,170.2,30,56.4,1164
CUST-100598,2026-05,146.9,21,30.4,1173
CUST-100598,2026-06,131.7,21,45.1,1517
CUST-100598,2026-07,102.5,15,63.8,989
CUST-100598,2026-08,93.6,7,53.3,1065
CUST-100599,2026-03,205.2,27,71.6,1638
CUST-100599,2026-04,123.7,21,48.3,925
CUST-100599,2026-05,173.3,23,39.5,1607
CUST-100599,2026-06,122.4,18,41.3,974
CUST-100599,2026-07,137.1,24,23.9,834
CUST-100599,2026-08,91.3,14,35.6,797
CUST-100600,2026-03,849.7,124,45.1,7306
CUST-100600,2026-04,857.8,120,31.9,6596
CUST-100600,2026-05,731.0,103,51.5,7571
CUST-100600,2026-06,697.3,95,35.8,7120
CUST-100600,2026-07,490.3,65,48.6,4702
CUST-100600,2026-08,522.6,73,31.3,4376
CUST-100601,2026-03,383.2,56,45.5,4247
CUST-100601,2026-04,376.3,54,54.6,2959
CUST-100601,2026-05,364.4,52,52.6,2353
CUST-100601,2026-06,235.7,33,19.3,2579
CUST-100601,2026-07,228.8,31,18.3,2001
CUST-100601,2026-08,162.6,24,42.0,1336
CUST-100602,2026-03,192.5,19,56.0,1188
CUST-100602,2026-04,212.3,37,58.8,1255
CUST-100602,2026-05,173.1,21,56.1,1221
CUST-100602,2026-06,154.6,23,58.2,1458
CUST-100602,2026-07,195.9,29,68.6,1546
CUST-100602,2026-08,187.8,34,54.7,2635
CUST-100603,2026-03,179.8,26,56.3,1966
CUST-100603,2026-04,175.7,18,62.6,978
CUST-100603,2026-05,194.4,27,70.1,1957
CUST-100603,2026-06,193.3,27,54.7,2260
CUST-100603,2026-07,167.6,30,46.1,1550
CUST-100603,2026-08,201.4,30,65.6,2050
CUST-100604,2026-03,87.5,13,57.3,678
CUST-100604,2026-04,73.2,11,23.6,688
CUST-100604,2026-05,64.4,7,54.0,592
CUST-100604,2026-06,51.9,4,34.7,542
CUST-100604,2026-07,59.7,9,49.5,775
CUST-100604,2026-08,30.7,3,37.6,224
CUST-100605,2026-03,171.0,26,56.8,1396
CUST-100605,2026-04,191.6,23,53.2,1937
CUST-100605,2026-05,134.4,18,36.6,1156
CUST-100605,2026-06,114.4,14,61.1,1238
CUST-100605,2026-07,121.0,8,31.9,1026
CUST-100605,2026-08,134.5,17,69.2,1771
CUST-100606,2026-03,152.7,32,46.4,1277
CUST-100606,2026-04,195.2,23,40.5,1061
CUST-100606,2026-05,207.4,29,72.4,1618
CUST-100606,2026-06,187.3,25,54.9,2039
CUST-100606,2026-07,178.5,28,45.0,1582
CUST-100606,2026-08,157.6,27,41.0,1287
CUST-100607,2026-03,84.9,9,40.1,732
CUST-100607,2026-04,89.7,12,61.3,823
CUST-100607,2026-05,84.3,17,51.9,758
CUST-100607,2026-06,88.2,11,49.7,1005
CUST-100607,2026-07,85.9,8,76.7,838
CUST-100607,2026-08,70.6,8,71.1,544
CUST-100608,2026-03,78.2,11,50.1,654
CUST-100608,2026-04,68.3,8,22.6,818
CUST-100608,2026-05,79.1,13,50.2,568
CUST-100608,2026-06,68.0,15,60.1,622
CUST-100608,2026-07,59.1,8,50.6,560
CUST-100608,2026-08,60.4,9,49.3,570
CUST-100609,2026-03,325.0,46,72.0,3848
CUST-100609,2026-04,395.4,51,54.5,2506
CUST-100609,2026-05,262.3,39,48.2,2723
CUST-100609,2026-06,278.1,42,68.5,1950
CUST-100609,2026-07,212.9,35,55.4,1728
CUST-100609,2026-08,171.4,26,47.3,1612
CUST-100610,2026-03,97.0,7,50.5,855
CUST-100610,2026-04,80.3,7,54.0,729
CUST-100610,2026-05,69.1,5,33.3,279
CUST-100610,2026-06,58.9,14,32.8,564
CUST-100610,2026-07,44.3,4,64.9,290
CUST-100610,2026-08,45.1,4,40.7,420
CUST-100611,2026-03,184.7,27,34.5,1521
CUST-100611,2026-04,149.6,16,39.5,1381
CUST-100611,2026-05,144.3,18,51.0,1403
CUST-100611,2026-06,129.8,25,33.3,1235
CUST-100611,2026-07,110.5,17,60.4,1069
CUST-100611,2026-08,70.6,3,58.0,563
CUST-100612,2026-03,175.7,20,70.9,1298
CUST-100612,2026-04,173.3,25,52.0,2152
CUST-100612,2026-05,157.1,21,50.2,1486
CUST-100612,2026-06,158.4,21,61.5,1613
CUST-100612,2026-07,166.7,30,43.0,1243
CUST-100612,2026-08,178.7,28,61.6,2396
CUST-100613,2026-03,181.0,22,43.4,2011
CUST-100613,2026-04,189.6,25,26.0,1517
CUST-100613,2026-05,207.7,28,59.3,2183
CUST-100613,2026-06,174.3,22,33.6,1370
CUST-100613,2026-07,194.9,32,43.2,2307
CUST-100613,2026-08,178.4,22,76.1,1364
CUST-100614,2026-03,362.3,56,59.8,3510
CUST-100614,2026-04,400.6,58,44.3,4691
CUST-100614,2026-05,418.4,61,47.9,3336
CUST-100614,2026-06,403.1,64,67.5,4044
CUST-100614,2026-07,315.3,43,24.5,1865
CUST-100614,2026-08,339.5,47,65.4,2659
CUST-100615,2026-03,73.1,1,54.6,515
CUST-100615,2026-04,79.1,9,63.2,771
CUST-100615,2026-05,88.5,11,50.4,955
CUST-100615,2026-06,84.1,12,59.4,798
CUST-100615,2026-07,83.5,13,41.6,857
CUST-100615,2026-08,88.6,4,75.3,712
CUST-100616,2026-03,163.1,18,43.9,1646
CUST-100616,2026-04,169.7,23,43.4,1914
CUST-100616,2026-05,183.3,23,40.9,1953
CUST-100616,2026-06,147.2,19,71.3,1368
CUST-100616,2026-07,141.6,12,56.0,1385
CUST-100616,2026-08,132.8,16,37.5,1071
CUST-100617,2026-03,1003.1,140,57.1,7192
CUST-100617,2026-04,887.6,127,66.8,10691
CUST-100617,2026-05,929.2,134,44.4,10443
CUST-100617,2026-06,775.8,105,63.7,9203
CUST-100617,2026-07,746.9,104,28.2,5719
CUST-100617,2026-08,662.8,98,68.0,5581
CUST-100618,2026-03,192.6,25,59.6,1262
CUST-100618,2026-04,164.6,22,44.6,1434
CUST-100618,2026-05,165.1,20,48.2,1537
CUST-100618,2026-06,134.1,14,36.3,1630
CUST-100618,2026-07,130.9,18,34.9,1096
CUST-100618,2026-08,118.4,14,42.1,1136
CUST-100619,2026-03,189.7,30,52.9,1948
CUST-100619,2026-04,177.1,23,49.4,2088
CUST-100619,2026-05,164.7,21,63.7,1264
CUST-100619,2026-06,125.5,19,41.6,1077
CUST-100619,2026-07,117.0,21,35.3,1189
CUST-100619,2026-08,87.5,15,43.8,976
CUST-100620,2026-03,87.8,12,45.7,807
CUST-100620,2026-04,82.1,12,66.3,789
CUST-100620,2026-05,75.3,8,60.2,826
CUST-100620,2026-06,88.2,7,60.9,837
CUST-100620,2026-07,64.6,8,42.9,786
CUST-100620,2026-08,70.9,12,59.3,803
CUST-100621,2026-03,76.8,11,69.4,592
CUST-100621,2026-04,79.8,17,28.0,868
CUST-100621,2026-05,88.1,14,45.4,994
CUST-100621,2026-06,91.2,12,50.6,364
CUST-100621,2026-07,77.7,9,52.6,355
CUST-100621,2026-08,92.7,12,44.2,629
CUST-100622,2026-03,87.4,10,71.6,885
CUST-100622,2026-04,87.1,17,40.6,1005
CUST-100622,2026-05,74.0,5,43.9,696
CUST-100622,2026-06,64.2,17,52.4,535
CUST-100622,2026-07,86.6,17,41.0,981
CUST-100622,2026-08,63.1,6,38.1,550
CUST-100623,2026-03,397.1,43,53.2,3840
CUST-100623,2026-04,374.1,53,50.6,3302
CUST-100623,2026-05,428.5,55,55.4,4850
CUST-100623,2026-06,470.2,69,68.0,5235
CUST-100623,2026-07,428.6,56,34.9,5695
CUST-100623,2026-08,307.3,49,52.9,3317
CUST-100624,2026-03,154.5,20,40.2,1334
CUST-100624,2026-04,187.6,34,71.4,1725
CUST-100624,2026-05,191.8,32,39.5,1478
CUST-100624,2026-06,197.5,27,62.5,1359
CUST-100624,2026-07,229.1,34,66.8,2664
CUST-100624,2026-08,188.6,26,51.2,1593
CUST-100625,2026-03,88.9,12,51.0,824
CUST-100625,2026-04,77.8,19,63.8,624
CUST-100625,2026-05,75.0,7,44.3,683
CUST-100625,2026-06,70.0,14,49.1,766
CUST-100625,2026-07,77.3,7,51.2,490
CUST-100625,2026-08,88.7,14,65.6,794
CUST-100626,2026-03,182.0,27,55.3,1309
CUST-100626,2026-04,167.8,21,51.4,1447
CUST-100626,2026-05,140.8,20,70.7,1418
CUST-100626,2026-06,130.8,19,69.7,904
CUST-100626,2026-07,146.9,18,27.6,1537
CUST-100626,2026-08,125.3,21,62.2,1356
CUST-100627,2026-03,373.2,54,27.5,3027
CUST-100627,2026-04,339.5,47,42.9,2799
CUST-100627,2026-05,386.7,52,49.6,3930
CUST-100627,2026-06,334.0,45,54.0,2556
CUST-100627,2026-07,319.1,47,59.0,2764
CUST-100627,2026-08,252.9,37,22.9,2714
CUST-100628,2026-03,166.7,25,73.4,2107
CUST-100628,2026-04,175.9,25,35.5,1677
CUST-100628,2026-05,186.0,28,63.4,1615
CUST-100628,2026-06,210.4,33,60.3,1604
CUST-100628,2026-07,171.4,24,66.0,1287
CUST-100628,2026-08,187.5,23,58.9,1488
CUST-100629,2026-03,162.1,12,54.7,1701
CUST-100629,2026-04,187.2,26,39.4,906
CUST-100629,2026-05,214.6,27,43.3,2179
CUST-100629,2026-06,197.8,21,51.2,1310
CUST-100629,2026-07,176.9,26,57.5,917
CUST-100629,2026-08,203.3,31,59.5,1612
CUST-100630,2026-03,86.2,12,43.2,801
CUST-100630,2026-04,65.7,9,49.8,574
CUST-100630,2026-05,64.7,9,36.5,547
CUST-100630,2026-06,51.9,9,26.1,381
CUST-100630,2026-07,48.6,1,35.6,623
CUST-100630,2026-08,42.4,10,33.3,375
CUST-100631,2026-03,187.4,26,59.9,1710
CUST-100631,2026-04,185.3,36,55.1,1883
CUST-100631,2026-05,181.8,26,73.0,1659
CUST-100631,2026-06,171.8,28,37.8,1720
CUST-100631,2026-07,173.0,27,56.7,1305
CUST-100631,2026-08,189.7,30,56.1,910
CUST-100632,2026-03,80.9,10,57.5,723
CUST-100632,2026-04,76.5,11,58.5,713
CUST-100632,2026-05,69.7,9,47.0,523
CUST-100632,2026-06,82.5,15,68.0,797
CUST-100632,2026-07,74.0,16,61.3,738
CUST-100632,2026-08,97.5,14,71.4,871
CUST-100633,2026-03,408.3,54,36.6,4027
CUST-100633,2026-04,330.1,51,50.5,3222
CUST-100633,2026-05,365.2,55,55.4,3678
CUST-100633,2026-06,264.1,37,52.2,2760
CUST-100633,2026-07,258.8,34,38.3,3025
CUST-100633,2026-08,240.4,38,43.4,1959
CUST-100634,2026-03,82.2,12,44.0,664
CUST-100634,2026-04,74.6,11,55.5,628
CUST-100634,2026-05,60.4,4,52.6,760
CUST-100634,2026-06,50.7,1,49.4,433
CUST-100634,2026-07,59.6,11,49.8,526
CUST-100634,2026-08,42.6,7,25.5,396
CUST-100635,2026-03,171.2,24,32.3,1202
CUST-100635,2026-04,178.6,33,57.3,1465
CUST-100635,2026-05,142.5,20,24.7,1391
CUST-100635,2026-06,109.9,11,59.3,940
CUST-100635,2026-07,121.2,23,67.7,914
CUST-100635,2026-08,71.2,7,55.2,643
CUST-100636,2026-03,168.4,18,72.4,1781
CUST-100636,2026-04,159.4,26,70.3,1617
CUST-100636,2026-05,201.8,30,66.3,1729
CUST-100636,2026-06,192.0,26,67.4,1291
CUST-100636,2026-07,182.8,21,36.0,1498
CUST-100636,2026-08,225.0,31,43.0,2197
CUST-100637,2026-03,164.3,26,69.8,1652
CUST-100637,2026-04,183.3,30,53.2,1390
CUST-100637,2026-05,129.3,27,64.9,979
CUST-100637,2026-06,116.3,9,49.6,1078
CUST-100637,2026-07,135.3,15,20.9,1524
CUST-100637,2026-08,105.0,12,59.2,959
CUST-100638,2026-03,1030.0,148,68.0,12642
CUST-100638,2026-04,888.8,129,57.1,6182
CUST-100638,2026-05,898.2,122,42.7,7863
CUST-100638,2026-06,908.8,133,71.9,10089
CUST-100638,2026-07,890.1,121,83.8,6256
CUST-100638,2026-08,851.4,123,42.6,9345
CUST-100639,2026-03,388.7,57,31.1,2259
CUST-100639,2026-04,336.1,49,69.0,3749
CUST-100639,2026-05,370.9,55,74.6,2529
CUST-100639,2026-06,283.5,41,41.8,1924
CUST-100639,2026-07,263.7,26,37.4,2322
CUST-100639,2026-08,205.3,35,23.1,2199
CUST-100640,2026-03,152.3,28,62.2,1402
CUST-100640,2026-04,163.4,23,57.4,1413
CUST-100640,2026-05,144.8,13,50.8,1511
CUST-100640,2026-06,145.1,29,39.8,1365
CUST-100640,2026-07,151.5,27,37.5,1555
CUST-100640,2026-08,117.3,7,33.1,913
CUST-100641,2026-03,827.9,123,59.4,6861
CUST-100641,2026-04,842.3,115,57.3,9519
CUST-100641,2026-05,666.7,94,64.8,6296
CUST-100641,2026-06,734.6,100,33.0,6931
CUST-100641,2026-07,519.4,79,31.8,3098
CUST-100641,2026-08,294.4,39,44.4,2222
CUST-100642,2026-03,75.9,2,66.2,803
CUST-100642,2026-04,75.0,15,61.5,435
CUST-100642,2026-05,69.9,11,35.5,618
CUST-100642,2026-06,50.4,9,62.7,477
CUST-100642,2026-07,50.9,14,33.4,391
CUST-100642,2026-08,47.0,12,59.9,313
CUST-100643,2026-03,186.9,30,53.9,1101
CUST-100643,2026-04,182.1,27,73.7,1595
CUST-100643,2026-05,183.0,18,71.1,2004
CUST-100643,2026-06,181.9,21,41.4,1602
CUST-100643,2026-07,207.6,33,78.5,1575
CUST-100643,2026-08,191.8,34,51.4,1923
CUST-100644,2026-03,198.7,20,55.9,2532
CUST-100644,2026-04,182.5,28,62.0,2180
CUST-100644,2026-05,180.8,20,46.1,1613
CUST-100644,2026-06,170.8,23,57.5,1389
CUST-100644,2026-07,167.5,24,81.1,1283
CUST-100644,2026-08,175.7,20,72.6,1613
CUST-100645,2026-03,92.4,13,65.7,944
CUST-100645,2026-04,87.7,11,46.1,803
CUST-100645,2026-05,66.2,11,35.2,776
CUST-100645,2026-06,53.0,8,50.3,397
CUST-100645,2026-07,46.5,4,39.2,367
CUST-100645,2026-08,48.3,12,34.6,476
CUST-100646,2026-03,406.9,55,42.9,4005
CUST-100646,2026-04,383.0,58,55.0,1623
CUST-100646,2026-05,364.4,53,78.1,2835
CUST-100646,2026-06,421.8,59,50.3,2452
CUST-100646,2026-07,365.3,44,40.2,2540
CUST-100646,2026-08,409.7,64,53.9,3432
CUST-100647,2026-03,442.2,51,38.9,4263
CUST-100647,2026-04,419.4,61,36.0,5536
CUST-100647,2026-05,343.6,47,59.3,3774
CUST-100647,2026-06,394.3,49,59.6,3453
CUST-100647,2026-07,372.0,53,54.8,3215
CUST-100647,2026-08,396.5,61,50.7,4430
CUST-100648,2026-03,75.4,8,38.2,582
CUST-100648,2026-04,85.2,16,58.3,952
CUST-100648,2026-05,75.4,17,53.6,529
CUST-100648,2026-06,65.7,13,59.5,738
CUST-100648,2026-07,48.3,5,40.0,418
CUST-100648,2026-08,64.7,10,39.6,669
CUST-100649,2026-03,296.1,38,64.0,2669
CUST-100649,2026-04,333.0,55,68.7,2630
CUST-100649,2026-05,273.6,33,54.3,1837
CUST-100649,2026-06,310.8,49,61.7,2189
CUST-100649,2026-07,226.1,33,68.7,1810
CUST-100649,2026-08,234.7,37,38.2,2233
CUST-100650,2026-03,172.8,21,37.3,1312
CUST-100650,2026-04,161.8,24,52.2,1292
CUST-100650,2026-05,160.3,20,56.5,1143
CUST-100650,2026-06,115.6,18,35.4,1307
CUST-100650,2026-07,125.1,15,40.5,808
CUST-100650,2026-08,106.4,10,62.5,1012
CUST-100651,2026-03,72.1,12,60.1,687
CUST-100651,2026-04,91.1,16,60.6,847
CUST-100651,2026-05,84.2,7,65.0,730
CUST-100651,2026-06,78.5,12,59.0,806
CUST-100651,2026-07,79.3,20,65.5,710
CUST-100651,2026-08,88.4,14,68.0,952
CUST-100652,2026-03,170.8,25,73.2,1558
CUST-100652,2026-04,201.2,19,82.1,1729
CUST-100652,2026-05,148.6,17,35.9,1353
CUST-100652,2026-06,151.0,23,46.2,1539
CUST-100652,2026-07,113.6,19,24.2,984
CUST-100652,2026-08,109.2,13,41.9,594
CUST-100653,2026-03,80.2,10,46.9,811
CUST-100653,2026-04,83.6,12,80.9,816
CUST-100653,2026-05,81.5,7,45.2,931
CUST-100653,2026-06,78.7,9,68.5,784
CUST-100653,2026-07,89.9,10,56.1,957
CUST-100653,2026-08,69.9,10,61.7,726
CUST-100654,2026-03,192.3,23,46.3,1989
CUST-100654,2026-04,179.7,22,47.9,2190
CUST-100654,2026-05,165.0,14,28.1,1899
CUST-100654,2026-06,147.3,16,62.1,1250
CUST-100654,2026-07,139.3,21,60.8,1099
CUST-100654,2026-08,167.1,21,52.3,1703
CUST-100655,2026-03,198.3,26,36.3,1582
CUST-100655,2026-04,199.1,29,63.9,1705
CUST-100655,2026-05,184.8,23,58.6,1283
CUST-100655,2026-06,200.8,30,45.4,1506
CUST-100655,2026-07,200.1,23,35.6,1355
CUST-100655,2026-08,168.4,26,62.5,1810
CUST-100656,2026-03,160.1,29,58.1,1307
CUST-100656,2026-04,164.5,27,66.0,1451
CUST-100656,2026-05,175.9,28,74.5,2125
CUST-100656,2026-06,157.9,21,62.6,1013
CUST-100656,2026-07,151.9,18,71.0,1224
CUST-100656,2026-08,136.1,23,49.9,1770
CUST-100657,2026-03,174.4,23,49.9,1920
CUST-100657,2026-04,176.9,25,45.1,2559
CUST-100657,2026-05,168.7,22,48.6,1300
CUST-100657,2026-06,190.8,29,40.3,1373
CUST-100657,2026-07,176.0,23,61.0,2087
CUST-100657,2026-08,184.0,26,56.1,1263
CUST-100658,2026-03,199.6,26,71.8,1660
CUST-100658,2026-04,193.5,28,60.5,1506
CUST-100658,2026-05,162.3,22,46.3,953
CUST-100658,2026-06,171.3,26,54.4,1669
CUST-100658,2026-07,188.1,21,68.7,1667
CUST-100658,2026-08,200.4,36,45.8,2285
CUST-100659,2026-03,441.8,60,51.8,3595
CUST-100659,2026-04,413.2,56,52.6,3830
CUST-100659,2026-05,366.2,52,44.9,3031
CUST-100659,2026-06,358.6,45,47.8,2783
CUST-100659,2026-07,360.1,52,45.0,2465
CUST-100659,2026-08,385.1,55,46.4,4087
CUST-100660,2026-03,198.5,35,67.8,2037
CUST-100660,2026-04,176.9,29,33.6,1780
CUST-100660,2026-05,191.0,32,32.5,1462
CUST-100660,2026-06,200.8,26,37.9,1149
CUST-100660,2026-07,170.7,23,50.2,1610
CUST-100660,2026-08,182.6,19,74.4,1588
CUST-100661,2026-03,185.6,26,42.0,1748
CUST-100661,2026-04,194.2,27,43.0,1627
CUST-100661,2026-05,135.7,13,28.7,1182
CUST-100661,2026-06,142.4,27,56.0,1740
CUST-100661,2026-07,114.7,17,32.4,1012
CUST-100661,2026-08,127.2,19,44.1,816
CUST-100662,2026-03,177.4,29,50.4,967
CUST-100662,2026-04,183.4,33,90.1,2167
CUST-100662,2026-05,177.1,26,40.1,1081
CUST-100662,2026-06,182.9,30,58.2,1374
CUST-100662,2026-07,186.2,26,40.7,1433
CUST-100662,2026-08,185.2,25,60.3,1160
CUST-100663,2026-03,80.6,9,46.7,804
CUST-100663,2026-04,69.6,11,36.8,535
CUST-100663,2026-05,64.4,8,30.5,596
CUST-100663,2026-06,61.3,7,62.7,494
CUST-100663,2026-07,53.5,6,40.7,615
CUST-100663,2026-08,51.2,7,54.0,343
CUST-100664,2026-03,162.2,20,67.6,1135
CUST-100664,2026-04,175.8,26,37.4,1975
CUST-100664,2026-05,111.6,11,67.5,983
CUST-100664,2026-06,116.0,16,32.5,1249
CUST-100664,2026-07,137.9,13,40.2,1269
CUST-100664,2026-08,84.2,13,33.0,589
CUST-100665,2026-03,376.5,58,52.8,3991
CUST-100665,2026-04,320.6,37,27.6,2899
CUST-100665,2026-05,338.0,54,50.4,2370
CUST-100665,2026-06,327.5,44,48.8,1691
CUST-100665,2026-07,235.9,31,36.5,1388
CUST-100665,2026-08,179.6,32,56.1,1773
CUST-100666,2026-03,403.6,54,44.2,3408
CUST-100666,2026-04,389.7,57,59.4,2772
CUST-100666,2026-05,399.8,47,44.6,4204
CUST-100666,2026-06,358.0,51,52.5,3344
CUST-100666,2026-07,281.2,32,66.8,1968
CUST-100666,2026-08,310.0,40,39.7,2153
CUST-100667,2026-03,79.4,6,35.8,675
CUST-100667,2026-04,75.1,10,37.3,750
CUST-100667,2026-05,82.7,18,27.8,843
CUST-100667,2026-06,71.2,10,46.4,695
CUST-100667,2026-07,82.4,12,67.9,553
CUST-100667,2026-08,82.2,9,68.3,563
CUST-100668,2026-03,202.3,33,50.0,1966
CUST-100668,2026-04,197.1,21,60.6,2063
CUST-100668,2026-05,162.9,22,34.7,1310
CUST-100668,2026-06,188.9,28,59.6,1879
CUST-100668,2026-07,209.7,19,54.8,1521
CUST-100668,2026-08,215.7,32,53.6,2531
CUST-100669,2026-03,385.7,53,42.6,3778
CUST-100669,2026-04,293.7,47,49.7,3124
CUST-100669,2026-05,265.6,40,61.3,2456
CUST-100669,2026-06,331.8,49,40.0,2509
CUST-100669,2026-07,268.2,34,46.8,2131
CUST-100669,2026-08,191.8,25,16.1,2106
CUST-100670,2026-03,167.7,24,69.4,1548
CUST-100670,2026-04,187.0,34,27.5,1532
CUST-100670,2026-05,186.1,29,85.3,1691
CUST-100670,2026-06,146.3,21,57.6,1284
CUST-100670,2026-07,169.1,34,30.9,1792
CUST-100670,2026-08,171.2,30,69.4,1928
CUST-100671,2026-03,449.6,65,37.7,5819
CUST-100671,2026-04,411.9,57,66.5,3205
CUST-100671,2026-05,325.9,57,47.5,2592
CUST-100671,2026-06,432.2,63,47.3,5232
CUST-100671,2026-07,341.8,50,43.5,3590
CUST-100671,2026-08,445.6,64,64.4,4212
CUST-100672,2026-03,217.5,27,75.3,2135
CUST-100672,2026-04,161.4,28,52.7,2057
CUST-100672,2026-05,155.4,20,61.1,1768
CUST-100672,2026-06,144.0,19,53.0,1429
CUST-100672,2026-07,124.3,16,47.2,1119
CUST-100672,2026-08,80.8,7,52.7,950
CUST-100673,2026-03,172.8,19,54.8,1350
CUST-100673,2026-04,179.1,21,58.3,1424
CUST-100673,2026-05,149.8,22,33.8,1519
CUST-100673,2026-06,95.4,20,46.3,1024
CUST-100673,2026-07,93.7,10,51.1,820
CUST-100673,2026-08,70.4,12,47.0,572
CUST-100674,2026-03,342.0,46,28.3,4320
CUST-100674,2026-04,345.8,50,47.1,3181
CUST-100674,2026-05,397.1,58,39.4,3967
CUST-100674,2026-06,314.7,42,46.2,2971
CUST-100674,2026-07,305.0,39,34.6,4044
CUST-100674,2026-08,275.0,45,64.5,2645
CUST-100675,2026-03,75.4,3,54.3,841
CUST-100675,2026-04,70.8,10,64.0,571
CUST-100675,2026-05,85.2,19,82.8,623
CUST-100675,2026-06,81.8,9,32.4,842
CUST-100675,2026-07,78.6,15,47.9,761
CUST-100675,2026-08,95.3,10,81.1,586
CUST-100676,2026-03,424.0,60,54.8,4325
CUST-100676,2026-04,351.1,50,62.0,3237
CUST-100676,2026-05,305.8,37,73.5,2962
CUST-100676,2026-06,231.1,34,41.0,2381
CUST-100676,2026-07,199.6,24,54.8,1345
CUST-100676,2026-08,195.1,31,47.1,1822
CUST-100677,2026-03,180.0,25,54.2,1466
CUST-100677,2026-04,171.0,20,64.2,1595
CUST-100677,2026-05,150.0,16,45.2,1549
CUST-100677,2026-06,175.1,24,56.1,1656
CUST-100677,2026-07,193.6,28,34.0,1515
CUST-100677,2026-08,166.4,16,56.1,1386
CUST-100678,2026-03,80.5,16,52.8,738
CUST-100678,2026-04,84.7,14,51.2,679
CUST-100678,2026-05,82.4,9,75.6,858
CUST-100678,2026-06,73.7,15,78.6,728
CUST-100678,2026-07,78.0,10,44.4,708
CUST-100678,2026-08,67.5,20,64.7,749
CUST-100679,2026-03,881.6,124,69.4,7685
CUST-100679,2026-04,880.1,121,52.2,7160
CUST-100679,2026-05,600.3,87,37.2,5464
CUST-100679,2026-06,473.7,65,46.9,5031
CUST-100679,2026-07,555.4,70,51.6,5026
CUST-100679,2026-08,490.5,70,30.1,4856
CUST-100680,2026-03,79.2,11,32.2,761
CUST-100680,2026-04,86.5,7,39.6,1074
CUST-100680,2026-05,81.5,13,57.0,906
CUST-100680,2026-06,87.1,22,72.9,754
CUST-100680,2026-07,91.3,10,69.9,812
CUST-100680,2026-08,69.9,5,60.5,774
CUST-100681,2026-03,163.1,22,64.4,1001
CUST-100681,2026-04,155.6,18,46.0,1520
CUST-100681,2026-05,173.0,26,58.6,1467
CUST-100681,2026-06,155.3,21,54.0,1322
CUST-100681,2026-07,160.8,23,62.8,1224
CUST-100681,2026-08,171.7,26,45.1,1643
CUST-100682,2026-03,372.8,52,38.1,4390
CUST-100682,2026-04,343.4,52,73.1,3570
CUST-100682,2026-05,375.8,51,33.7,2356
CUST-100682,2026-06,374.3,57,65.0,2770
CUST-100682,2026-07,420.6,56,65.4,3860
CUST-100682,2026-08,438.6,67,56.3,4535
CUST-100683,2026-03,372.2,50,64.5,2145
CUST-100683,2026-04,411.9,49,60.0,2016
CUST-100683,2026-05,389.7,55,62.7,3784
CUST-100683,2026-06,377.5,50,46.0,3311
CUST-100683,2026-07,413.2,55,43.0,4538
CUST-100683,2026-08,379.1,57,58.7,4365
CUST-100684,2026-03,158.1,24,54.8,1166
CUST-100684,2026-04,160.4,18,39.6,1380
CUST-100684,2026-05,164.6,15,58.4,1330
CUST-100684,2026-06,144.1,24,36.6,1276
CUST-100684,2026-07,96.8,12,38.7,929
CUST-100684,2026-08,109.6,19,37.4,978
CUST-100685,2026-03,358.3,46,63.0,2568
CUST-100685,2026-04,351.9,61,44.4,2803
CUST-100685,2026-05,366.3,53,52.1,1473
CUST-100685,2026-06,287.0,47,49.9,2259
CUST-100685,2026-07,332.8,48,44.0,2392
CUST-100685,2026-08,246.9,26,43.7,2792
CUST-100686,2026-03,82.7,8,53.2,718
CUST-100686,2026-04,75.2,7,70.8,498
CUST-100686,2026-05,60.7,1,75.7,438
CUST-100686,2026-06,52.0,12,26.6,529
CUST-100686,2026-07,53.6,11,44.4,423
CUST-100686,2026-08,38.9,9,39.8,349
CUST-100687,2026-03,85.1,10,69.0,828
CUST-100687,2026-04,62.8,7,28.3,494
CUST-100687,2026-05,67.0,8,45.0,642
CUST-100687,2026-06,65.4,13,36.5,790
CUST-100687,2026-07,57.1,2,51.1,330
CUST-100687,2026-08,46.0,8,26.7,456
CUST-100688,2026-03,89.0,9,54.7,1248
CUST-100688,2026-04,78.0,17,53.1,626
CUST-100688,2026-05,91.8,11,57.0,1059
CUST-100688,2026-06,85.8,12,79.1,984
CUST-100688,2026-07,70.8,10,70.9,487
CUST-100688,2026-08,79.2,19,43.7,944
CUST-100689,2026-03,91.7,16,72.0,784
CUST-100689,2026-04,79.4,15,56.1,869
CUST-100689,2026-05,92.7,8,59.7,770
CUST-100689,2026-06,75.6,3,52.2,633
CUST-100689,2026-07,85.1,10,60.4,783
CUST-100689,2026-08,103.9,10,50.2,950
CUST-100690,2026-03,165.0,26,61.8,1436
CUST-100690,2026-04,165.5,15,68.9,1470
CUST-100690,2026-05,159.9,28,55.0,1355
CUST-100690,2026-06,156.4,19,41.2,2017
CUST-100690,2026-07,145.3,20,35.8,1316
CUST-100690,2026-08,119.8,11,63.7,1243
CUST-100691,2026-03,209.8,33,35.6,1935
CUST-100691,2026-04,204.8,26,80.7,1412
CUST-100691,2026-05,193.3,28,72.9,2545
CUST-100691,2026-06,199.8,27,50.6,2214
CUST-100691,2026-07,202.5,28,68.4,2265
CUST-100691,2026-08,197.2,26,42.9,1820
CUST-100692,2026-03,184.2,24,39.3,1691
CUST-100692,2026-04,180.3,30,53.8,1036
CUST-100692,2026-05,186.0,25,40.3,1752
CUST-100692,2026-06,182.0,29,44.2,1378
CUST-100692,2026-07,204.4,23,61.9,1622
CUST-100692,2026-08,156.6,24,48.1,2099
CUST-100693,2026-03,181.8,26,71.3,1763
CUST-100693,2026-04,167.4,16,61.9,2122
CUST-100693,2026-05,183.3,31,48.6,1888
CUST-100693,2026-06,168.1,21,42.1,1746
CUST-100693,2026-07,184.8,32,49.7,1454
CUST-100693,2026-08,177.1,30,52.9,1213
CUST-100694,2026-03,180.4,26,40.6,1482
CUST-100694,2026-04,190.9,29,57.2,1422
CUST-100694,2026-05,174.0,23,59.4,1780
CUST-100694,2026-06,177.6,25,46.9,1568
CUST-100694,2026-07,173.0,23,45.9,1516
CUST-100694,2026-08,197.3,30,44.8,1843
CUST-100695,2026-03,336.3,45,47.5,3590
CUST-100695,2026-04,346.3,47,49.6,2411
CUST-100695,2026-05,364.8,54,35.3,3658
CUST-100695,2026-06,370.9,53,42.4,3704
CUST-100695,2026-07,312.6,45,45.1,2617
CUST-100695,2026-08,403.9,53,46.3,3257
CUST-100696,2026-03,171.3,28,35.6,1706
CUST-100696,2026-04,183.6,25,34.1,1270
CUST-100696,2026-05,173.4,21,50.5,1710
CUST-100696,2026-06,189.4,22,45.2,1767
CUST-100696,2026-07,178.9,32,46.1,1885
CUST-100696,2026-08,185.2,26,67.0,2046
CUST-100697,2026-03,81.9,12,57.4,667
CUST-100697,2026-04,72.6,15,49.8,716
CUST-100697,2026-05,88.0,19,57.0,768
CUST-100697,2026-06,72.4,8,72.1,550
CUST-100697,2026-07,82.2,9,58.2,626
CUST-100697,2026-08,96.1,12,65.2,508
CUST-100698,2026-03,85.1,4,50.4,758
CUST-100698,2026-04,86.0,13,47.0,827
CUST-100698,2026-05,71.6,16,53.2,696
CUST-100698,2026-06,73.4,19,45.0,836
CUST-100698,2026-07,73.0,9,56.4,604
CUST-100698,2026-08,73.7,10,43.2,351
CUST-100699,2026-03,70.8,3,67.6,775
CUST-100699,2026-04,73.5,13,69.6,655
CUST-100699,2026-05,80.7,11,53.0,786
CUST-100699,2026-06,61.0,8,43.0,676
CUST-100699,2026-07,53.4,1,37.8,584
CUST-100699,2026-08,30.4,2,52.7,175
CUST-100700,2026-03,324.6,47,49.4,3266
CUST-100700,2026-04,399.4,47,57.3,3551
CUST-100700,2026-05,386.6,63,53.3,3902
CUST-100700,2026-06,372.0,53,45.5,5125
CUST-100700,2026-07,430.9,59,37.1,2390
CUST-100700,2026-08,419.5,59,55.4,3890
CUST-100701,2026-03,199.2,26,11.0,1833
CUST-100701,2026-04,193.0,26,54.8,1910
CUST-100701,2026-05,161.8,20,43.2,1477
CUST-100701,2026-06,175.1,28,83.3,1315
CUST-100701,2026-07,167.7,26,56.0,1023
CUST-100701,2026-08,168.8,22,56.1,1771
CUST-100702,2026-03,364.4,50,59.7,3104
CUST-100702,2026-04,421.7,62,49.8,3644
CUST-100702,2026-05,355.5,53,61.3,2090
CUST-100702,2026-06,293.0,45,34.0,2111
CUST-100702,2026-07,338.5,53,67.0,2998
CUST-100702,2026-08,286.8,38,45.3,2778
CUST-100703,2026-03,81.2,10,57.7,630
CUST-100703,2026-04,77.1,21,56.8,765
CUST-100703,2026-05,91.5,12,54.0,934
CUST-100703,2026-06,86.6,12,55.5,791
CUST-100703,2026-07,89.4,10,56.5,767
CUST-100703,2026-08,76.8,14,41.4,730
CUST-100704,2026-03,140.7,18,45.5,1611
CUST-100704,2026-04,187.7,28,53.4,1262
CUST-100704,2026-05,156.1,26,57.8,1212
CUST-100704,2026-06,183.7,21,71.2,1517
CUST-100704,2026-07,203.7,27,59.2,2596
CUST-100704,2026-08,153.7,22,48.1,1584
CUST-100705,2026-03,173.4,27,50.8,1462
CUST-100705,2026-04,177.8,19,42.4,1082
CUST-100705,2026-05,170.6,30,65.8,1339
CUST-100705,2026-06,178.5,30,54.3,1699
CUST-100705,2026-07,175.2,32,57.4,1279
CUST-100705,2026-08,205.2,25,49.0,2001
CUST-100706,2026-03,162.6,20,72.3,1754
CUST-100706,2026-04,168.1,21,63.9,1298
CUST-100706,2026-05,172.1,19,57.7,1062
CUST-100706,2026-06,167.3,27,64.5,1422
CUST-100706,2026-07,174.9,23,48.0,1720
CUST-100706,2026-08,169.9,32,65.3,1888
CUST-100707,2026-03,87.5,14,44.2,725
CUST-100707,2026-04,75.7,17,52.4,668
CUST-100707,2026-05,69.6,6,46.5,377
CUST-100707,2026-06,67.2,14,56.0,591
CUST-100707,2026-07,50.5,6,35.5,85
CUST-100707,2026-08,37.2,10,28.0,224
CUST-100708,2026-03,207.8,32,73.7,1608
CUST-100708,2026-04,192.8,33,68.1,2047
CUST-100708,2026-05,150.6,24,54.1,1036
CUST-100708,2026-06,155.0,20,56.0,1135
CUST-100708,2026-07,145.4,21,58.4,1051
CUST-100708,2026-08,122.3,13,49.6,1157
CUST-100709,2026-03,167.8,24,48.1,1672
CUST-100709,2026-04,193.2,33,42.0,1362
CUST-100709,2026-05,201.3,31,59.9,1073
CUST-100709,2026-06,194.4,33,55.2,2068
CUST-100709,2026-07,196.6,27,53.0,1719
CUST-100709,2026-08,193.9,27,66.6,1151
CUST-100710,2026-03,67.2,11,28.2,684
CUST-100710,2026-04,74.2,12,47.5,565
CUST-100710,2026-05,68.3,7,54.0,677
CUST-100710,2026-06,66.7,4,55.3,553
CUST-100710,2026-07,62.1,12,30.3,564
CUST-100710,2026-08,63.3,8,46.2,371
CUST-100711,2026-03,289.9,41,65.4,3016
CUST-100711,2026-04,329.4,49,67.3,2829
CUST-100711,2026-05,310.2,45,47.9,2515
CUST-100711,2026-06,294.9,41,54.8,2903
CUST-100711,2026-07,278.8,47,39.2,2045
CUST-100711,2026-08,207.8,24,54.6,2101
CUST-100712,2026-03,148.6,23,68.3,1412
CUST-100712,2026-04,175.2,26,55.8,1476
CUST-100712,2026-05,173.0,31,72.7,1339
CUST-100712,2026-06,174.4,28,75.3,1701
CUST-100712,2026-07,214.8,33,28.5,1866
CUST-100712,2026-08,163.1,21,66.0,1362
CUST-100713,2026-03,81.2,16,46.4,725
CUST-100713,2026-04,72.5,10,62.4,595
CUST-100713,2026-05,74.7,6,72.8,986
CUST-100713,2026-06,73.5,6,45.3,674
CUST-100713,2026-07,74.5,6,45.7,864
CUST-100713,2026-08,77.1,14,49.7,667
CUST-100714,2026-03,349.9,48,78.8,4054
CUST-100714,2026-04,325.6,39,56.8,2936
CUST-100714,2026-05,315.1,45,46.5,3274
CUST-100714,2026-06,261.9,25,43.2,2289
CUST-100714,2026-07,191.7,30,49.0,1680
CUST-100714,2026-08,205.4,26,41.6,1837
CUST-100715,2026-03,328.4,43,26.2,3120
CUST-100715,2026-04,399.9,53,62.9,4034
CUST-100715,2026-05,377.8,53,65.7,3413
CUST-100715,2026-06,363.2,48,62.0,4555
CUST-100715,2026-07,380.5,51,49.1,3657
CUST-100715,2026-08,419.1,68,62.6,4119
CUST-100716,2026-03,182.1,27,48.7,1084
CUST-100716,2026-04,177.3,31,63.6,1327
CUST-100716,2026-05,188.2,31,41.1,1364
CUST-100716,2026-06,175.4,26,70.8,1638
CUST-100716,2026-07,191.2,31,44.4,1566
CUST-100716,2026-08,189.4,33,57.9,1888
CUST-100717,2026-03,923.3,138,64.3,9968
CUST-100717,2026-04,903.9,130,68.1,8505
CUST-100717,2026-05,923.8,138,44.0,6109
CUST-100717,2026-06,902.0,136,34.7,7791
CUST-100717,2026-07,971.4,141,56.0,10022
CUST-100717,2026-08,880.6,124,55.3,7930
CUST-100718,2026-03,76.1,3,61.3,577
CUST-100718,2026-04,74.2,8,43.7,872
CUST-100718,2026-05,79.5,7,39.2,832
CUST-100718,2026-06,47.7,1,61.0,611
CUST-100718,2026-07,45.7,4,41.5,297
CUST-100718,2026-08,45.0,10,30.9,403
CUST-100719,2026-03,343.4,47,80.0,3015
CUST-100719,2026-04,333.7,41,66.6,2905
CUST-100719,2026-05,409.2,60,88.8,4492
CUST-100719,2026-06,367.2,64,53.8,4795
CUST-100719,2026-07,362.2,51,64.3,2331
CUST-100719,2026-08,377.0,50,55.9,3678
CUST-100720,2026-03,79.7,13,62.7,735
CUST-100720,2026-04,75.3,11,53.6,585
CUST-100720,2026-05,68.5,4,29.3,465
CUST-100720,2026-06,59.0,9,70.4,427
CUST-100720,2026-07,48.2,8,25.5,439
CUST-100720,2026-08,34.5,6,34.9,289
CUST-100721,2026-03,186.4,28,64.9,1725
CUST-100721,2026-04,168.2,26,59.3,1465
CUST-100721,2026-05,208.7,30,44.7,2115
CUST-100721,2026-06,184.3,30,67.6,1564
CUST-100721,2026-07,203.2,23,66.3,1408
CUST-100721,2026-08,176.2,26,75.2,1729
CUST-100722,2026-03,81.7,16,66.0,543
CUST-100722,2026-04,80.8,19,46.4,984
CUST-100722,2026-05,72.6,5,62.5,836
CUST-100722,2026-06,85.9,17,40.5,858
CUST-100722,2026-07,73.0,10,54.5,389
CUST-100722,2026-08,75.7,8,42.5,776
CUST-100723,2026-03,72.7,9,73.8,508
CUST-100723,2026-04,85.4,6,38.1,613
CUST-100723,2026-05,85.0,21,81.8,494
CUST-100723,2026-06,76.9,9,57.9,542
CUST-100723,2026-07,76.9,9,54.5,578
CUST-100723,2026-08,79.8,7,33.2,654
CUST-100724,2026-03,152.1,23,38.0,1429
CUST-100724,2026-04,185.1,27,41.9,1339
CUST-100724,2026-05,142.1,13,64.2,1253
CUST-100724,2026-06,148.7,19,52.2,1282
CUST-100724,2026-07,109.8,19,51.9,1100
CUST-100724,2026-08,94.6,15,30.2,718
CUST-100725,2026-03,168.8,24,72.2,1630
CUST-100725,2026-04,195.9,33,38.8,2326
CUST-100725,2026-05,179.3,23,61.3,1850
CUST-100725,2026-06,166.1,29,56.1,1436
CUST-100725,2026-07,158.7,28,43.5,1778
CUST-100725,2026-08,174.1,24,43.5,2026
CUST-100726,2026-03,78.3,11,64.0,597
CUST-100726,2026-04,84.1,13,55.5,334
CUST-100726,2026-05,81.4,12,38.6,708
CUST-100726,2026-06,67.8,13,44.7,473
CUST-100726,2026-07,58.8,11,12.5,574
CUST-100726,2026-08,56.9,5,38.8,682
CUST-100727,2026-03,201.1,31,58.9,1383
CUST-100727,2026-04,183.9,24,43.9,1365
CUST-100727,2026-05,202.2,22,63.6,1436
CUST-100727,2026-06,191.7,26,74.4,1162
CUST-100727,2026-07,166.1,20,55.7,1712
CUST-100727,2026-08,191.8,25,29.3,1069
CUST-100728,2026-03,85.0,14,35.1,1052
CUST-100728,2026-04,69.5,16,55.4,742
CUST-100728,2026-05,46.4,3,55.3,404
CUST-100728,2026-06,45.3,8,56.5,385
CUST-100728,2026-07,53.6,7,71.1,589
CUST-100728,2026-08,43.2,5,23.6,331
CUST-100729,2026-03,201.1,30,54.2,2461
CUST-100729,2026-04,171.4,22,42.9,1212
CUST-100729,2026-05,160.8,22,37.2,1823
CUST-100729,2026-06,131.4,17,16.0,932
CUST-100729,2026-07,149.5,14,40.6,1359
CUST-100729,2026-08,193.3,25,56.5,1935
CUST-100730,2026-03,157.9,16,55.6,1468
CUST-100730,2026-04,191.0,28,68.9,2248
CUST-100730,2026-05,171.1,21,53.4,1508
CUST-100730,2026-06,202.4,31,63.1,1777
CUST-100730,2026-07,188.2,29,50.7,1569
CUST-100730,2026-08,184.8,32,55.4,1892
CUST-100731,2026-03,80.9,15,39.0,775
CUST-100731,2026-04,77.3,10,46.1,839
CUST-100731,2026-05,76.0,6,54.9,914
CUST-100731,2026-06,84.7,12,48.0,1080
CUST-100731,2026-07,70.7,5,67.4,744
CUST-100731,2026-08,76.9,9,71.2,682
CUST-100732,2026-03,424.3,63,66.4,4330
CUST-100732,2026-04,352.6,43,44.1,3022
CUST-100732,2026-05,273.4,40,61.3,2392
CUST-100732,2026-06,364.6,49,50.1,4342
CUST-100732,2026-07,337.2,47,32.3,2908
CUST-100732,2026-08,274.6,42,67.9,2374
CUST-100733,2026-03,74.1,3,48.4,705
CUST-100733,2026-04,68.8,11,60.4,638
CUST-100733,2026-05,72.6,8,41.9,712
CUST-100733,2026-06,63.1,3,46.4,450
CUST-100733,2026-07,44.9,11,28.4,329
CUST-100733,2026-08,52.9,15,49.1,511
CUST-100734,2026-03,83.5,12,53.3,1017
CUST-100734,2026-04,70.5,4,64.9,760
CUST-100734,2026-05,96.9,14,51.9,613
CUST-100734,2026-06,91.7,10,63.8,841
CUST-100734,2026-07,89.2,17,57.8,789
CUST-100734,2026-08,83.2,11,51.8,648
CUST-100735,2026-03,431.7,59,62.2,3651
CUST-100735,2026-04,341.0,43,68.7,3493
CUST-100735,2026-05,336.7,55,59.8,3077
CUST-100735,2026-06,333.4,47,35.4,3047
CUST-100735,2026-07,337.3,46,37.6,2173
CUST-100735,2026-08,278.6,37,56.8,2647
CUST-100736,2026-03,428.6,59,61.2,3346
CUST-100736,2026-04,364.8,53,49.0,3235
CUST-100736,2026-05,302.1,48,47.0,2303
CUST-100736,2026-06,269.8,43,54.9,2479
CUST-100736,2026-07,230.5,37,45.7,2026
CUST-100736,2026-08,143.8,25,63.6,1562
CUST-100737,2026-03,199.1,24,84.0,1640
CUST-100737,2026-04,116.7,16,37.7,1006
CUST-100737,2026-05,186.9,22,73.8,1584
CUST-100737,2026-06,191.2,30,58.9,1958
CUST-100737,2026-07,189.3,22,52.3,1349
CUST-100737,2026-08,169.0,21,64.9,1756
CUST-100738,2026-03,205.8,29,57.5,2030
CUST-100738,2026-04,181.8,24,56.1,1387
CUST-100738,2026-05,192.7,28,79.6,1867
CUST-100738,2026-06,166.3,20,53.0,1509
CUST-100738,2026-07,171.8,24,49.8,1814
CUST-100738,2026-08,212.1,29,43.8,2147
CUST-100739,2026-03,79.0,9,39.3,645
CUST-100739,2026-04,82.9,6,79.8,374
CUST-100739,2026-05,71.4,14,41.5,988
CUST-100739,2026-06,82.8,8,49.8,312
CUST-100739,2026-07,76.2,9,68.4,862
CUST-100739,2026-08,78.2,6,56.1,658
CUST-100740,2026-03,183.8,23,67.1,1732
CUST-100740,2026-04,196.5,33,31.1,2286
CUST-100740,2026-05,170.3,20,45.6,1439
CUST-100740,2026-06,168.7,20,59.9,1356
CUST-100740,2026-07,200.3,29,48.8,1793
CUST-100740,2026-08,210.6,31,63.8,1984
CUST-100741,2026-03,200.0,33,58.8,1812
CUST-100741,2026-04,183.7,26,42.5,1933
CUST-100741,2026-05,163.6,32,65.0,1525
CUST-100741,2026-06,122.3,16,48.9,1474
CUST-100741,2026-07,114.3,21,45.9,1387
CUST-100741,2026-08,91.4,15,29.8,681
CUST-100742,2026-03,161.0,22,61.9,1233
CUST-100742,2026-04,169.7,27,75.1,1758
CUST-100742,2026-05,189.1,32,77.0,1299
CUST-100742,2026-06,153.7,30,75.7,1332
CUST-100742,2026-07,187.5,31,64.6,1604
CUST-100742,2026-08,193.4,26,48.1,1647
CUST-100743,2026-03,369.0,53,44.3,3457
CUST-100743,2026-04,319.2,46,44.3,1154
CUST-100743,2026-05,413.7,55,68.3,3217
CUST-100743,2026-06,411.6,55,50.3,4020
CUST-100743,2026-07,380.4,57,60.2,3632
CUST-100743,2026-08,374.8,55,61.1,2893
CUST-100744,2026-03,382.0,58,33.1,4419
CUST-100744,2026-04,348.3,52,58.6,1461
CUST-100744,2026-05,321.0,44,48.1,2920
CUST-100744,2026-06,244.6,45,58.8,1685
CUST-100744,2026-07,296.2,45,32.8,2991
CUST-100744,2026-08,203.9,32,43.6,2086
CUST-100745,2026-03,363.4,47,64.5,3011
CUST-100745,2026-04,468.6,66,72.0,5387
CUST-100745,2026-05,376.1,58,60.5,3382
CUST-100745,2026-06,394.8,59,58.4,2279
CUST-100745,2026-07,396.6,58,51.0,2574
CUST-100745,2026-08,436.6,56,44.6,5386
CUST-100746,2026-03,72.1,16,56.8,541
CUST-100746,2026-04,78.7,14,53.3,854
CUST-100746,2026-05,94.7,15,60.6,811
CUST-100746,2026-06,89.8,11,44.1,850
CUST-100746,2026-07,81.9,13,50.5,688
CUST-100746,2026-08,86.6,6,55.3,773
CUST-100747,2026-03,365.6,49,54.1,3752
CUST-100747,2026-04,415.8,53,42.7,3167
CUST-100747,2026-05,357.7,49,52.7,3912
CUST-100747,2026-06,411.1,53,48.2,4220
CUST-100747,2026-07,395.5,55,53.5,3593
CUST-100747,2026-08,321.2,45,56.6,3374
CUST-100748,2026-03,178.8,24,42.5,1425
CUST-100748,2026-04,134.9,16,64.3,1179
CUST-100748,2026-05,133.0,23,31.9,914
CUST-100748,2026-06,141.8,18,36.5,1038
CUST-100748,2026-07,86.8,5,45.3,701
CUST-100748,2026-08,91.6,4,49.7,927
CUST-100749,2026-03,405.6,59,51.1,3163
CUST-100749,2026-04,416.5,58,45.4,2709
CUST-100749,2026-05,399.8,62,69.8,4544
CUST-100749,2026-06,394.5,60,65.4,4054
CUST-100749,2026-07,349.2,48,45.9,3140
CUST-100749,2026-08,405.6,55,55.7,3338
CUST-100750,2026-03,169.8,21,51.5,1549
CUST-100750,2026-04,145.6,24,33.4,1134
CUST-100750,2026-05,166.2,19,75.6,844
CUST-100750,2026-06,127.0,21,61.6,984
CUST-100750,2026-07,94.4,14,50.8,844
CUST-100750,2026-08,111.8,17,39.5,880
CUST-100751,2026-03,156.5,19,47.7,1411
CUST-100751,2026-04,203.4,31,71.4,1748
CUST-100751,2026-05,173.9,27,52.1,1649
CUST-100751,2026-06,180.1,27,80.9,1702
CUST-100751,2026-07,199.3,28,64.0,1596
CUST-100751,2026-08,209.1,26,42.0,1797
CUST-100752,2026-03,80.9,14,65.1,840
CUST-100752,2026-04,71.3,11,55.8,756
CUST-100752,2026-05,77.9,11,60.6,714
CUST-100752,2026-06,81.1,3,48.5,628
CUST-100752,2026-07,84.9,16,55.1,725
CUST-100752,2026-08,74.0,6,56.6,515
CUST-100753,2026-03,194.8,28,64.7,2082
CUST-100753,2026-04,206.5,44,64.9,2195
CUST-100753,2026-05,198.3,28,62.1,2412
CUST-100753,2026-06,210.6,32,38.0,1383
CUST-100753,2026-07,192.5,33,47.3,1929
CUST-100753,2026-08,186.8,34,76.6,1366
CUST-100754,2026-03,336.6,51,39.9,2879
CUST-100754,2026-04,339.8,46,71.6,1560
CUST-100754,2026-05,355.0,50,58.4,2943
CUST-100754,2026-06,337.7,49,50.1,2623
CUST-100754,2026-07,278.3,37,54.6,2512
CUST-100754,2026-08,304.1,42,61.8,2309
CUST-100755,2026-03,68.8,7,56.6,601
CUST-100755,2026-04,63.6,9,44.5,602
CUST-100755,2026-05,68.3,5,44.2,585
CUST-100755,2026-06,58.4,10,38.1,329
CUST-100755,2026-07,45.5,1,34.9,508
CUST-100755,2026-08,33.1,6,44.0,339
CUST-100756,2026-03,203.4,31,60.3,1127
CUST-100756,2026-04,154.5,16,50.8,1317
CUST-100756,2026-05,157.4,16,61.5,1069
CUST-100756,2026-06,129.4,19,26.2,1578
CUST-100756,2026-07,115.9,14,32.8,784
CUST-100756,2026-08,82.4,18,53.3,722
CUST-100757,2026-03,189.7,28,62.8,1918
CUST-100757,2026-04,187.4,32,48.9,1199
CUST-100757,2026-05,191.1,25,50.2,1067
CUST-100757,2026-06,177.4,30,51.4,1444
CUST-100757,2026-07,216.8,25,62.4,1777
CUST-100757,2026-08,186.7,23,44.4,2099
CUST-100758,2026-03,171.5,28,46.7,1346
CUST-100758,2026-04,186.1,25,63.0,2054
CUST-100758,2026-05,187.5,33,76.1,1852
CUST-100758,2026-06,178.8,28,68.8,1997
CUST-100758,2026-07,189.5,26,54.1,1738
CUST-100758,2026-08,171.8,25,42.5,1755
CUST-100759,2026-03,74.6,19,67.4,629
CUST-100759,2026-04,73.8,13,52.9,375
CUST-100759,2026-05,77.8,6,66.0,644
CUST-100759,2026-06,85.1,5,58.4,647
CUST-100759,2026-07,82.6,8,64.4,823
CUST-100759,2026-08,94.0,13,53.0,1048
CUST-100760,2026-03,177.0,20,71.3,1574
CUST-100760,2026-04,143.0,18,65.4,1178
CUST-100760,2026-05,180.5,23,37.0,1497
CUST-100760,2026-06,162.7,19,47.1,1136
CUST-100760,2026-07,201.7,21,36.8,998
CUST-100760,2026-08,193.9,26,56.8,1812
CUST-100761,2026-03,75.4,11,57.0,630
CUST-100761,2026-04,80.1,12,52.1,954
CUST-100761,2026-05,70.2,10,56.5,506
CUST-100761,2026-06,63.8,8,60.4,630
CUST-100761,2026-07,64.2,12,42.1,420
CUST-100761,2026-08,73.5,10,44.5,659
CUST-100762,2026-03,76.6,10,56.3,688
CUST-100762,2026-04,78.7,14,64.3,603
CUST-100762,2026-05,65.8,12,61.6,656
CUST-100762,2026-06,62.9,11,46.8,542
CUST-100762,2026-07,64.7,7,35.5,550
CUST-100762,2026-08,54.7,10,45.2,445
CUST-100763,2026-03,372.4,49,51.8,2812
CUST-100763,2026-04,380.4,51,62.1,3412
CUST-100763,2026-05,307.1,43,50.7,2995
CUST-100763,2026-06,272.6,39,64.6,2469
CUST-100763,2026-07,267.7,40,44.1,2711
CUST-100763,2026-08,244.2,36,40.3,2770
CUST-100764,2026-03,85.4,20,44.8,748
CUST-100764,2026-04,60.5,2,85.3,517
CUST-100764,2026-05,63.5,2,54.1,616
CUST-100764,2026-06,51.5,4,43.4,479
CUST-100764,2026-07,48.1,11,47.8,456
CUST-100764,2026-08,51.7,9,40.9,382
CUST-100765,2026-03,87.2,12,55.6,744
CUST-100765,2026-04,76.6,9,71.6,662
CUST-100765,2026-05,55.5,6,37.2,495
CUST-100765,2026-06,67.9,14,33.2,701
CUST-100765,2026-07,61.7,4,51.7,504
CUST-100765,2026-08,45.6,2,45.0,515
CUST-100766,2026-03,151.5,20,49.8,2019
CUST-100766,2026-04,208.1,29,77.1,1659
CUST-100766,2026-05,186.6,28,35.3,1635
CUST-100766,2026-06,180.9,25,62.3,2060
CUST-100766,2026-07,186.0,24,39.3,1768
CUST-100766,2026-08,198.9,22,63.0,1851
CUST-100767,2026-03,197.5,33,46.6,1576
CUST-100767,2026-04,176.0,23,43.3,1486
CUST-100767,2026-05,184.2,25,67.3,1908
CUST-100767,2026-06,161.9,22,65.4,1372
CUST-100767,2026-07,180.0,20,40.5,1677
CUST-100767,2026-08,182.1,26,53.7,1686
CUST-100768,2026-03,340.5,55,53.6,3273
CUST-100768,2026-04,449.5,63,36.7,4613
CUST-100768,2026-05,411.8,69,39.0,3456
CUST-100768,2026-06,364.7,50,60.1,3177
CUST-100768,2026-07,383.1,51,41.0,2531
CUST-100768,2026-08,362.0,56,83.9,3991
CUST-100769,2026-03,73.8,11,40.4,498
CUST-100769,2026-04,83.5,20,76.0,904
CUST-100769,2026-05,60.4,4,53.3,532
CUST-100769,2026-06,62.5,14,56.0,533
CUST-100769,2026-07,62.2,7,41.8,791
CUST-100769,2026-08,53.9,10,83.1,645
CUST-100770,2026-03,89.7,7,56.5,942
CUST-100770,2026-04,76.1,20,39.9,716
CUST-100770,2026-05,81.8,8,52.0,508
CUST-100770,2026-06,65.0,9,58.4,608
CUST-100770,2026-07,61.5,8,66.5,438
CUST-100770,2026-08,51.3,6,35.6,467
CUST-100771,2026-03,382.9,53,44.4,4238
CUST-100771,2026-04,371.3,56,47.4,2850
CUST-100771,2026-05,390.7,61,60.8,2757
CUST-100771,2026-06,320.3,41,53.3,3294
CUST-100771,2026-07,341.7,54,54.0,2555
CUST-100771,2026-08,302.4,52,60.2,3118
CUST-100772,2026-03,170.2,21,68.0,1246
CUST-100772,2026-04,180.8,27,33.0,1157
CUST-100772,2026-05,146.3,18,31.7,941
CUST-100772,2026-06,186.3,30,56.3,1754
CUST-100772,2026-07,161.3,27,74.7,1028
CUST-100772,2026-08,174.0,21,32.7,1614
CUST-100773,2026-03,931.1,129,63.1,7645
CUST-100773,2026-04,970.5,139,53.3,12272
CUST-100773,2026-05,881.1,125,45.1,8843
CUST-100773,2026-06,1018.9,155,45.8,10514
CUST-100773,2026-07,1038.3,145,61.5,11631
CUST-100773,2026-08,904.7,122,51.7,5247
CUST-100774,2026-03,210.4,32,46.0,1541
CUST-100774,2026-04,191.3,27,70.4,1980
CUST-100774,2026-05,161.5,30,52.3,1636
CUST-100774,2026-06,190.1,21,48.5,1361
CUST-100774,2026-07,149.1,19,52.9,1326
CUST-100774,2026-08,140.9,17,70.7,949
CUST-100775,2026-03,177.6,26,39.8,1281
CUST-100775,2026-04,177.0,21,64.3,2240
CUST-100775,2026-05,157.3,26,44.6,1492
CUST-100775,2026-06,181.5,29,48.0,1457
CUST-100775,2026-07,211.2,32,65.7,1616
CUST-100775,2026-08,184.8,24,32.1,1558
CUST-100776,2026-03,81.3,19,66.0,798
CUST-100776,2026-04,85.8,9,15.4,720
CUST-100776,2026-05,62.9,8,43.8,679
CUST-100776,2026-06,50.8,5,54.3,519
CUST-100776,2026-07,53.6,14,44.9,408
CUST-100776,2026-08,45.8,3,51.3,459
CUST-100777,2026-03,172.9,24,56.0,1627
CUST-100777,2026-04,180.9,25,67.9,1238
CUST-100777,2026-05,200.0,28,61.5,1961
CUST-100777,2026-06,202.0,34,55.2,1083
CUST-100777,2026-07,192.2,26,30.5,1616
CUST-100777,2026-08,175.9,30,35.0,1411
CUST-100778,2026-03,982.4,142,67.5,5866
CUST-100778,2026-04,938.3,132,32.0,8153
CUST-100778,2026-05,856.1,116,38.7,8753
CUST-100778,2026-06,875.8,118,41.9,7816
CUST-100778,2026-07,956.3,140,71.9,5404
CUST-100778,2026-08,913.9,132,42.7,10481
CUST-100779,2026-03,390.3,55,55.8,3872
CUST-100779,2026-04,389.6,54,64.9,3591
CUST-100779,2026-05,284.9,44,45.8,2790
CUST-100779,2026-06,270.7,41,51.4,1943
CUST-100779,2026-07,165.6,27,30.8,1816
CUST-100779,2026-08,182.5,24,46.5,1986
CUST-100780,2026-03,191.6,27,56.9,1704
CUST-100780,2026-04,180.9,21,48.4,1819
CUST-100780,2026-05,141.1,20,41.9,1184
CUST-100780,2026-06,137.4,26,37.7,1495
CUST-100780,2026-07,127.1,24,30.8,997
CUST-100780,2026-08,124.6,18,44.9,1505
CUST-100781,2026-03,74.6,14,38.5,661
CUST-100781,2026-04,90.2,15,69.3,815
CUST-100781,2026-05,90.5,3,74.4,845
CUST-100781,2026-06,83.5,7,46.3,745
CUST-100781,2026-07,78.7,11,70.8,857
CUST-100781,2026-08,74.3,5,40.6,793
CUST-100782,2026-03,185.9,26,48.0,1621
CUST-100782,2026-04,140.0,19,39.8,826
CUST-100782,2026-05,162.9,26,45.4,1172
CUST-100782,2026-06,150.7,23,50.3,1021
CUST-100782,2026-07,165.6,23,39.4,1185
CUST-100782,2026-08,146.9,23,47.7,1516
CUST-100783,2026-03,952.3,136,57.3,8502
CUST-100783,2026-04,854.9,125,44.4,9071
CUST-100783,2026-05,887.7,127,52.4,10659
CUST-100783,2026-06,937.1,132,84.3,6991
CUST-100783,2026-07,944.6,130,60.9,7830
CUST-100783,2026-08,1038.4,150,77.4,6267
CUST-100784,2026-03,185.0,28,49.7,1256
CUST-100784,2026-04,153.6,27,71.3,873
CUST-100784,2026-05,144.2,21,59.4,1604
CUST-100784,2026-06,142.5,20,61.5,1462
CUST-100784,2026-07,116.8,12,43.8,876
CUST-100784,2026-08,110.7,21,32.8,1135
CUST-100785,2026-03,426.3,62,49.4,4395
CUST-100785,2026-04,425.7,59,71.5,3748
CUST-100785,2026-05,446.5,56,31.4,2720
CUST-100785,2026-06,406.3,53,77.0,4120
CUST-100785,2026-07,393.5,56,75.4,2631
CUST-100785,2026-08,391.1,46,56.0,1954
CUST-100786,2026-03,179.9,27,51.4,2105
CUST-100786,2026-04,167.5,23,69.1,1332
CUST-100786,2026-05,164.1,25,50.6,1615
CUST-100786,2026-06,163.0,20,34.3,959
CUST-100786,2026-07,197.4,29,52.4,1691
CUST-100786,2026-08,171.2,26,69.3,1621
CUST-100787,2026-03,353.0,47,48.0,3341
CUST-100787,2026-04,391.0,55,40.1,3215
CUST-100787,2026-05,410.0,60,47.2,4597
CUST-100787,2026-06,405.4,58,88.0,3697
CUST-100787,2026-07,383.5,55,54.5,4032
CUST-100787,2026-08,395.8,53,60.8,2342
CUST-100788,2026-03,783.8,112,60.3,5794
CUST-100788,2026-04,925.1,135,49.1,6705
CUST-100788,2026-05,952.9,136,61.5,6343
CUST-100788,2026-06,904.5,134,62.2,9474
CUST-100788,2026-07,1014.1,145,71.8,9064
CUST-100788,2026-08,1039.7,151,43.3,11036
CUST-100789,2026-03,82.6,16,57.3,597
CUST-100789,2026-04,72.2,10,62.2,582
CUST-100789,2026-05,67.9,11,44.1,376
CUST-100789,2026-06,52.7,12,76.4,457
CUST-100789,2026-07,49.5,2,47.2,572
CUST-100789,2026-08,38.1,1,61.0,367
CUST-100790,2026-03,396.4,61,52.6,1979
CUST-100790,2026-04,399.8,48,59.5,4402
CUST-100790,2026-05,329.6,39,44.2,2904
CUST-100790,2026-06,241.2,31,43.2,2875
CUST-100790,2026-07,236.3,40,58.6,2366
CUST-100790,2026-08,249.8,33,41.2,2169
CUST-100791,2026-03,170.5,27,63.9,1574
CUST-100791,2026-04,166.3,24,60.4,1692
CUST-100791,2026-05,146.5,20,67.6,1260
CUST-100791,2026-06,162.1,24,34.2,862
CUST-100791,2026-07,151.3,22,44.5,1217
CUST-100791,2026-08,129.7,14,43.2,1769
CUST-100792,2026-03,825.0,115,50.5,6739
CUST-100792,2026-04,963.1,145,44.7,8152
CUST-100792,2026-05,850.1,121,53.6,11415
CUST-100792,2026-06,926.9,138,61.9,7296
CUST-100792,2026-07,892.5,127,58.8,7842
CUST-100792,2026-08,1015.9,142,48.9,7777
CUST-100793,2026-03,175.1,24,49.3,1342
CUST-100793,2026-04,174.9,23,48.3,1399
CUST-100793,2026-05,149.4,20,58.1,1150
CUST-100793,2026-06,148.3,28,47.1,1414
CUST-100793,2026-07,99.7,8,38.3,929
CUST-100793,2026-08,53.1,7,48.8,470
CUST-100794,2026-03,165.7,21,60.4,1572
CUST-100794,2026-04,177.6,19,49.8,1127
CUST-100794,2026-05,206.4,27,50.5,1260
CUST-100794,2026-06,173.3,22,82.4,1988
CUST-100794,2026-07,193.0,25,79.6,2474
CUST-100794,2026-08,186.1,30,57.7,1998
CUST-100795,2026-03,188.3,16,71.5,1426
CUST-100795,2026-04,149.2,21,65.9,1566
CUST-100795,2026-05,159.1,31,51.1,1168
CUST-100795,2026-06,168.2,22,56.6,870
CUST-100795,2026-07,134.3,23,30.3,1681
CUST-100795,2026-08,139.6,11,45.7,1055
CUST-100796,2026-03,397.0,56,66.3,2327
CUST-100796,2026-04,374.4,56,57.4,4267
CUST-100796,2026-05,324.2,50,58.2,2808
CUST-100796,2026-06,336.2,49,85.9,3805
CUST-100796,2026-07,311.5,45,53.1,2790
CUST-100796,2026-08,352.3,51,59.8,3312
CUST-100797,2026-03,1050.9,161,53.8,10294
CUST-100797,2026-04,929.0,133,29.6,9527
CUST-100797,2026-05,813.3,117,65.5,8195
CUST-100797,2026-06,672.9,97,51.9,5108
CUST-100797,2026-07,786.3,115,43.7,7670
CUST-100797,2026-08,534.5,78,45.8,5581
CUST-100798,2026-03,1023.5,152,56.1,12282
CUST-100798,2026-04,721.3,96,62.2,5935
CUST-100798,2026-05,868.1,123,79.8,9411
CUST-100798,2026-06,829.2,117,57.8,7044
CUST-100798,2026-07,654.0,103,42.6,4956
CUST-100798,2026-08,724.5,97,58.9,6410
CUST-100799,2026-03,168.4,19,53.0,1652
CUST-100799,2026-04,161.6,24,52.7,1414
CUST-100799,2026-05,177.0,30,72.2,1398
CUST-100799,2026-06,207.2,28,42.4,1608
CUST-100799,2026-07,182.8,26,81.0,2029
CUST-100799,2026-08,175.3,25,62.0,1650
CUST-100800,2026-03,423.7,66,41.6,4560
CUST-100800,2026-04,356.4,54,45.1,3213
CUST-100800,2026-05,291.2,40,52.0,3869
CUST-100800,2026-06,266.4,36,53.6,2219
CUST-100800,2026-07,262.8,36,25.4,2307
CUST-100800,2026-08,171.3,22,49.0,1891
CUST-100801,2026-03,80.1,14,63.8,569
CUST-100801,2026-04,85.0,20,69.8,745
CUST-100801,2026-05,71.8,7,59.1,447
CUST-100801,2026-06,79.3,3,45.6,502
CUST-100801,2026-07,77.5,5,61.8,734
CUST-100801,2026-08,79.8,9,52.6,604
CUST-100802,2026-03,183.6,29,32.7,1701
CUST-100802,2026-04,154.1,24,42.4,1290
CUST-100802,2026-05,180.7,30,37.6,1210
CUST-100802,2026-06,172.8,24,60.6,1771
CUST-100802,2026-07,140.1,19,46.6,978
CUST-100802,2026-08,133.9,21,58.5,1734
CUST-100803,2026-03,325.3,45,50.3,2821
CUST-100803,2026-04,388.9,55,47.9,3896
CUST-100803,2026-05,324.0,50,43.9,2098
CUST-100803,2026-06,235.9,36,20.0,1665
CUST-100803,2026-07,284.0,41,58.2,1660
CUST-100803,2026-08,245.2,44,41.9,2562
CUST-100804,2026-03,336.1,50,46.6,3799
CUST-100804,2026-04,341.3,50,57.2,3556
CUST-100804,2026-05,367.6,54,53.9,3242
CUST-100804,2026-06,384.1,59,48.3,4265
CUST-100804,2026-07,331.2,35,60.8,3690
CUST-100804,2026-08,314.4,50,55.5,4195
CUST-100805,2026-03,85.5,11,48.5,796
CUST-100805,2026-04,78.9,13,52.6,925
CUST-100805,2026-05,87.7,12,40.6,717
CUST-100805,2026-06,82.9,10,47.4,948
CUST-100805,2026-07,85.4,2,52.4,632
CUST-100805,2026-08,71.7,16,54.4,762
CUST-100806,2026-03,201.7,37,64.0,1643
CUST-100806,2026-04,157.8,28,41.5,1307
CUST-100806,2026-05,172.6,29,54.7,1779
CUST-100806,2026-06,140.3,16,38.6,1085
CUST-100806,2026-07,135.9,20,34.2,1612
CUST-100806,2026-08,117.3,16,38.1,1130
CUST-100807,2026-03,173.8,26,44.2,907
CUST-100807,2026-04,170.4,32,67.5,1884
CUST-100807,2026-05,195.3,29,53.8,1201
CUST-100807,2026-06,169.8,25,57.9,1185
CUST-100807,2026-07,180.4,28,66.8,1601
CUST-100807,2026-08,167.2,21,64.0,1705
CUST-100808,2026-03,144.4,27,72.2,1398
CUST-100808,2026-04,167.2,20,53.2,1241
CUST-100808,2026-05,184.3,26,79.4,2185
CUST-100808,2026-06,180.4,30,69.4,1916
CUST-100808,2026-07,169.8,18,62.4,1726
CUST-100808,2026-08,179.1,20,51.5,1823
CUST-100809,2026-03,197.3,29,66.6,2064
CUST-100809,2026-04,179.8,24,58.5,1240
CUST-100809,2026-05,175.5,18,39.6,1845
CUST-100809,2026-06,157.2,24,50.6,1259
CUST-100809,2026-07,158.4,25,35.6,1379
CUST-100809,2026-08,133.5,21,47.4,1096
CUST-100810,2026-03,70.5,10,41.3,289
CUST-100810,2026-04,80.1,8,46.4,715
CUST-100810,2026-05,92.8,13,51.8,749
CUST-100810,2026-06,91.4,8,55.0,624
CUST-100810,2026-07,85.8,9,47.8,1029
CUST-100810,2026-08,80.9,18,43.0,556
CUST-100811,2026-03,933.1,132,52.1,9134
CUST-100811,2026-04,849.2,121,48.7,6919
CUST-100811,2026-05,757.5,109,43.1,8642
CUST-100811,2026-06,620.2,85,43.0,4745
CUST-100811,2026-07,567.0,84,37.4,4449
CUST-100811,2026-08,269.3,39,32.8,1356
CUST-100812,2026-03,381.1,50,52.3,3723
CUST-100812,2026-04,325.8,52,49.8,2233
CUST-100812,2026-05,369.6,54,73.6,4486
CUST-100812,2026-06,342.6,54,61.6,3593
CUST-100812,2026-07,305.4,49,55.5,3919
CUST-100812,2026-08,299.8,40,40.1,2599
CUST-100813,2026-03,983.0,143,56.0,10359
CUST-100813,2026-04,901.6,136,51.3,7385
CUST-100813,2026-05,724.9,106,47.7,6510
CUST-100813,2026-06,841.3,117,33.6,8107
CUST-100813,2026-07,743.1,105,55.6,5916
CUST-100813,2026-08,590.7,90,60.7,4200
CUST-100814,2026-03,85.1,15,59.7,764
CUST-100814,2026-04,70.0,9,60.9,868
CUST-100814,2026-05,76.9,10,67.7,637
CUST-100814,2026-06,77.3,11,55.6,825
CUST-100814,2026-07,54.2,4,55.3,424
CUST-100814,2026-08,62.7,12,50.8,524
CUST-100815,2026-03,176.2,25,52.8,1606
CUST-100815,2026-04,158.7,23,57.2,1533
CUST-100815,2026-05,154.4,23,48.8,1692
CUST-100815,2026-06,142.8,23,42.7,1134
CUST-100815,2026-07,97.1,9,54.0,838
CUST-100815,2026-08,94.9,10,40.8,831
CUST-100816,2026-03,371.6,61,56.2,4241
CUST-100816,2026-04,336.6,44,51.8,2948
CUST-100816,2026-05,388.5,61,65.4,3524
CUST-100816,2026-06,370.7,56,56.2,3146
CUST-100816,2026-07,274.7,42,58.8,2687
CUST-100816,2026-08,322.9,47,46.4,3262
CUST-100817,2026-03,186.2,28,54.8,1516
CUST-100817,2026-04,188.8,32,65.8,2054
CUST-100817,2026-05,206.4,26,47.4,1642
CUST-100817,2026-06,198.8,29,25.6,1796
CUST-100817,2026-07,162.0,20,66.2,1612
CUST-100817,2026-08,178.0,27,61.2,1905
CUST-100818,2026-03,176.3,25,58.8,1290
CUST-100818,2026-04,189.0,28,33.6,1486
CUST-100818,2026-05,131.5,12,64.2,1178
CUST-100818,2026-06,133.8,22,66.3,1281
CUST-100818,2026-07,123.8,19,47.1,1116
CUST-100818,2026-08,126.6,19,47.4,1519
CUST-100819,2026-03,82.0,10,57.5,880
CUST-100819,2026-04,73.9,7,52.6,767
CUST-100819,2026-05,58.5,10,46.6,499
CUST-100819,2026-06,48.3,3,43.1,518
CUST-100819,2026-07,48.1,4,57.1,399
CUST-100819,2026-08,37.0,2,34.5,349
CUST-100820,2026-03,364.0,45,60.2,3204
CUST-100820,2026-04,317.8,39,65.0,2947
CUST-100820,2026-05,263.4,36,50.9,2498
CUST-100820,2026-06,250.5,33,36.0,2543
CUST-100820,2026-07,305.2,44,27.8,2754
CUST-100820,2026-08,178.7,28,37.1,1589
CUST-100821,2026-03,151.1,20,47.1,1235
CUST-100821,2026-04,152.0,23,62.8,1782
CUST-100821,2026-05,159.0,22,50.6,1505
CUST-100821,2026-06,152.0,26,32.6,1215
CUST-100821,2026-07,135.6,25,30.8,1317
CUST-100821,2026-08,99.9,21,40.8,819
CUST-100822,2026-03,414.9,60,27.0,2904
CUST-100822,2026-04,394.7,59,62.0,4268
CUST-100822,2026-05,261.0,36,50.8,1951
CUST-100822,2026-06,308.6,42,29.3,2519
CUST-100822,2026-07,255.0,34,37.1,1870
CUST-100822,2026-08,225.9,37,40.8,2358
CUST-100823,2026-03,183.2,25,51.5,1338
CUST-100823,2026-04,159.0,24,57.4,1369
CUST-100823,2026-05,163.3,24,51.3,1675
CUST-100823,2026-06,115.6,17,51.9,1060
CUST-100823,2026-07,139.2,17,56.2,1194
CUST-100823,2026-08,72.9,11,37.4,675
CUST-100824,2026-03,70.5,11,55.6,416
CUST-100824,2026-04,57.7,10,30.1,629
CUST-100824,2026-05,65.3,11,45.2,506
CUST-100824,2026-06,77.1,5,44.3,374
CUST-100824,2026-07,58.5,5,55.5,431
CUST-100824,2026-08,67.3,9,48.3,537
CUST-100825,2026-03,349.5,48,27.9,3119
CUST-100825,2026-04,382.6,52,58.5,3405
CUST-100825,2026-05,370.0,51,34.0,2821
CUST-100825,2026-06,370.0,53,13.3,3603
CUST-100825,2026-07,321.2,37,50.4,2252
CUST-100825,2026-08,311.1,50,41.6,3819
CUST-100826,2026-03,216.9,32,54.4,2594
CUST-100826,2026-04,162.9,22,62.6,1626
CUST-100826,2026-05,206.5,25,42.5,2172
CUST-100826,2026-06,199.4,30,44.5,2318
CUST-100826,2026-07,226.3,25,56.5,1715
CUST-100826,2026-08,159.7,11,58.8,1309
CUST-100827,2026-03,161.1,23,34.6,1652
CUST-100827,2026-04,159.2,24,52.2,1478
CUST-100827,2026-05,131.1,19,56.7,1532
CUST-100827,2026-06,121.6,13,64.2,893
CUST-100827,2026-07,92.6,14,24.8,974
CUST-100827,2026-08,85.8,13,29.8,650
CUST-100828,2026-03,88.2,6,71.7,573
CUST-100828,2026-04,70.7,16,77.5,840
CUST-100828,2026-05,84.7,10,48.8,842
CUST-100828,2026-06,67.6,14,45.0,671
CUST-100828,2026-07,71.2,12,43.7,862
CUST-100828,2026-08,60.7,10,49.5,418
CUST-100829,2026-03,354.3,50,61.2,4960
CUST-100829,2026-04,381.9,56,34.7,3694
CUST-100829,2026-05,287.8,33,45.7,2251
CUST-100829,2026-06,268.2,36,47.8,3431
CUST-100829,2026-07,280.8,40,51.7,2899
CUST-100829,2026-08,296.7,41,36.6,2525
CUST-100830,2026-03,71.5,7,45.0,571
CUST-100830,2026-04,81.9,5,57.1,963
CUST-100830,2026-05,69.6,1,55.7,867
CUST-100830,2026-06,69.4,3,47.1,626
CUST-100830,2026-07,65.1,8,30.1,613
CUST-100830,2026-08,64.7,12,39.1,529
CUST-100831,2026-03,356.1,55,52.1,3245
CUST-100831,2026-04,403.4,57,36.2,4394
CUST-100831,2026-05,397.4,51,39.1,4765
CUST-100831,2026-06,405.2,66,51.4,4565
CUST-100831,2026-07,417.4,58,33.9,3825
CUST-100831,2026-08,384.9,57,51.6,5015
CUST-100832,2026-03,79.5,12,52.0,921
CUST-100832,2026-04,72.4,4,45.9,619
CUST-100832,2026-05,67.4,8,57.7,754
CUST-100832,2026-06,78.6,5,72.1,717
CUST-100832,2026-07,80.3,6,57.2,619
CUST-100832,2026-08,84.8,5,47.7,858
CUST-100833,2026-03,192.4,33,38.1,2256
CUST-100833,2026-04,221.9,33,60.5,2292
CUST-100833,2026-05,188.0,32,39.7,1399
CUST-100833,2026-06,173.8,20,45.7,1617
CUST-100833,2026-07,197.7,26,56.3,1752
CUST-100833,2026-08,182.0,22,52.6,1829
CUST-100834,2026-03,74.4,15,51.3,684
CUST-100834,2026-04,87.8,19,52.5,864
CUST-100834,2026-05,83.6,9,57.3,744
CUST-100834,2026-06,82.2,12,60.7,752
CUST-100834,2026-07,89.6,16,39.6,953
CUST-100834,2026-08,84.5,6,48.0,704
CUST-100835,2026-03,189.8,27,54.4,1377
CUST-100835,2026-04,173.6,26,61.2,1377
CUST-100835,2026-05,157.5,22,58.0,1377
CUST-100835,2026-06,160.8,22,31.1,1456
CUST-100835,2026-07,140.6,14,43.6,1288
CUST-100835,2026-08,117.1,17,35.4,840
CUST-100836,2026-03,85.0,7,53.6,800
CUST-100836,2026-04,76.0,11,74.5,841
CUST-100836,2026-05,61.5,7,23.7,630
CUST-100836,2026-06,64.4,17,51.5,546
CUST-100836,2026-07,46.7,7,53.8,440
CUST-100836,2026-08,35.5,8,33.3,219
CUST-100837,2026-03,66.5,15,48.8,657
CUST-100837,2026-04,81.2,12,50.2,801
CUST-100837,2026-05,89.2,4,55.1,998
CUST-100837,2026-06,73.4,2,75.2,547
CUST-100837,2026-07,79.9,14,57.2,809
CUST-100837,2026-08,93.8,20,41.1,717
CUST-100838,2026-03,187.6,25,45.2,1421
CUST-100838,2026-04,156.4,24,42.1,1664
CUST-100838,2026-05,179.1,26,72.4,1395
CUST-100838,2026-06,160.7,23,40.4,1435
CUST-100838,2026-07,174.8,28,39.0,1716
CUST-100838,2026-08,195.6,26,75.0,1882
CUST-100839,2026-03,170.9,24,42.4,2064
CUST-100839,2026-04,179.7,19,48.3,1965
CUST-100839,2026-05,188.4,30,36.4,1745
CUST-100839,2026-06,191.7,25,48.3,1886
CUST-100839,2026-07,199.8,24,53.9,1551
CUST-100839,2026-08,169.5,22,59.2,1440
CUST-100840,2026-03,398.9,60,72.4,4316
CUST-100840,2026-04,451.2,57,40.9,3860
CUST-100840,2026-05,377.4,48,51.9,3889
CUST-100840,2026-06,415.5,57,45.1,4624
CUST-100840,2026-07,385.6,52,51.8,2117
CUST-100840,2026-08,404.6,67,68.5,3699
CUST-100841,2026-03,351.3,52,57.6,3939
CUST-100841,2026-04,401.2,52,59.4,4643
CUST-100841,2026-05,417.6,64,55.4,3546
CUST-100841,2026-06,390.9,57,69.9,4577
CUST-100841,2026-07,357.9,55,59.1,3884
CUST-100841,2026-08,334.7,49,57.3,2716
CUST-100842,2026-03,204.8,30,55.8,2252
CUST-100842,2026-04,185.9,20,46.2,1705
CUST-100842,2026-05,193.2,23,60.9,1594
CUST-100842,2026-06,186.7,28,61.8,1970
CUST-100842,2026-07,161.2,20,63.4,1268
CUST-100842,2026-08,170.7,25,62.0,1653
CUST-100843,2026-03,197.8,34,53.2,1328
CUST-100843,2026-04,193.9,28,54.0,1307
CUST-100843,2026-05,180.6,23,40.0,1148
CUST-100843,2026-06,160.4,25,64.0,1257
CUST-100843,2026-07,168.6,26,41.6,1061
CUST-100843,2026-08,182.6,25,50.1,1538
CUST-100844,2026-03,337.4,44,52.7,2490
CUST-100844,2026-04,359.4,49,47.6,2457
CUST-100844,2026-05,417.7,62,58.4,2161
CUST-100844,2026-06,406.7,69,63.3,3199
CUST-100844,2026-07,359.9,56,34.5,2787
CUST-100844,2026-08,398.0,59,58.8,4469
CUST-100845,2026-03,97.8,19,58.7,892
CUST-100845,2026-04,68.5,17,56.9,678
CUST-100845,2026-05,62.5,5,34.4,685
CUST-100845,2026-06,53.7,3,48.5,508
CUST-100845,2026-07,45.7,10,45.1,406
CUST-100845,2026-08,44.9,10,38.1,524
CUST-100846,2026-03,867.0,122,35.8,8103
CUST-100846,2026-04,860.3,119,39.6,9343
CUST-100846,2026-05,950.1,135,69.8,5947
CUST-100846,2026-06,759.1,110,62.8,6193
CUST-100846,2026-07,822.2,120,58.0,6168
CUST-100846,2026-08,837.4,118,58.8,10709
CUST-100847,2026-03,72.4,13,65.0,795
CUST-100847,2026-04,76.6,14,31.5,478
CUST-100847,2026-05,77.1,7,51.9,720
CUST-100847,2026-06,86.7,12,50.3,866
CUST-100847,2026-07,69.0,4,66.6,443
CUST-100847,2026-08,52.9,1,34.7,367
CUST-100848,2026-03,93.4,18,42.7,1007
CUST-100848,2026-04,84.1,18,62.6,763
CUST-100848,2026-05,74.1,12,46.6,640
CUST-100848,2026-06,82.3,20,42.0,783
CUST-100848,2026-07,81.5,14,46.4,706
CUST-100848,2026-08,86.9,13,64.7,510
CUST-100849,2026-03,382.8,57,63.1,2752
CUST-100849,2026-04,396.7,62,63.3,4496
CUST-100849,2026-05,405.8,49,43.4,4941
CUST-100849,2026-06,397.6,57,51.3,3986
CUST-100849,2026-07,414.9,62,60.6,4189
CUST-100849,2026-08,405.9,53,61.7,4193
CUST-100850,2026-03,179.8,19,61.6,1237
CUST-100850,2026-04,147.8,14,61.2,1126
CUST-100850,2026-05,183.7,26,69.8,1756
CUST-100850,2026-06,143.4,19,53.8,1000
CUST-100850,2026-07,111.6,11,53.0,633
CUST-100850,2026-08,101.0,9,52.2,885
CUST-100851,2026-03,177.1,26,73.3,1512
CUST-100851,2026-04,208.2,29,73.6,1705
CUST-100851,2026-05,211.1,25,64.6,1676
CUST-100851,2026-06,188.3,30,37.2,1472
CUST-100851,2026-07,198.4,26,45.9,949
CUST-100851,2026-08,200.9,28,58.5,2570
CUST-100852,2026-03,178.8,26,84.2,1322
CUST-100852,2026-04,146.8,19,51.6,1222
CUST-100852,2026-05,186.0,23,67.8,1566
CUST-100852,2026-06,144.3,18,70.7,1512
CUST-100852,2026-07,148.0,17,61.8,802
CUST-100852,2026-08,118.1,16,20.3,872
CUST-100853,2026-03,174.9,28,46.6,1565
CUST-100853,2026-04,196.6,31,46.3,1189
CUST-100853,2026-05,186.0,27,53.4,1128
CUST-100853,2026-06,180.0,24,55.6,2136
CUST-100853,2026-07,172.2,24,47.4,2073
CUST-100853,2026-08,241.5,35,51.9,2811
CUST-100854,2026-03,179.7,26,40.7,1157
CUST-100854,2026-04,171.6,22,37.5,1562
CUST-100854,2026-05,184.9,24,34.8,2027
CUST-100854,2026-06,189.5,31,48.0,1449
CUST-100854,2026-07,155.5,25,52.9,934
CUST-100854,2026-08,189.1,35,59.2,1543
CUST-100855,2026-03,183.8,18,49.0,2454
CUST-100855,2026-04,186.0,24,49.4,2180
CUST-100855,2026-05,125.3,15,58.9,966
CUST-100855,2026-06,149.7,17,61.8,1924
CUST-100855,2026-07,107.5,13,29.3,1400
CUST-100855,2026-08,81.3,12,52.0,794
CUST-100856,2026-03,84.9,16,70.0,605
CUST-100856,2026-04,80.8,14,39.1,666
CUST-100856,2026-05,71.1,9,61.7,515
CUST-100856,2026-06,76.4,10,33.2,632
CUST-100856,2026-07,71.8,14,59.6,437
CUST-100856,2026-08,68.6,15,48.4,553
CUST-100857,2026-03,179.7,28,54.4,1321
CUST-100857,2026-04,180.0,32,62.8,1702
CUST-100857,2026-05,186.1,30,53.8,1589
CUST-100857,2026-06,121.4,11,52.8,1002
CUST-100857,2026-07,102.3,18,56.0,685
CUST-100857,2026-08,75.6,11,46.3,679
CUST-100858,2026-03,351.6,46,66.5,2421
CUST-100858,2026-04,346.4,54,69.2,3154
CUST-100858,2026-05,306.3,44,31.6,2125
CUST-100858,2026-06,330.1,54,58.2,2913
CUST-100858,2026-07,322.4,50,44.8,2699
CUST-100858,2026-08,305.8,37,51.2,2429
CUST-100859,2026-03,380.4,58,59.8,3722
CUST-100859,2026-04,412.6,59,52.2,3200
CUST-100859,2026-05,392.7,61,35.3,3269
CUST-100859,2026-06,425.3,64,58.3,3985
CUST-100859,2026-07,384.7,48,59.9,3011
CUST-100859,2026-08,389.0,55,74.2,3245
CUST-100860,2026-03,473.4,65,48.5,4979
CUST-100860,2026-04,351.3,53,49.6,3752
CUST-100860,2026-05,396.7,58,52.8,3773
CUST-100860,2026-06,361.8,59,68.2,3838
CUST-100860,2026-07,460.1,65,61.6,3998
CUST-100860,2026-08,410.0,61,58.3,4196
CUST-100861,2026-03,89.4,5,59.3,765
CUST-100861,2026-04,73.8,9,43.6,743
CUST-100861,2026-05,85.3,5,64.2,772
CUST-100861,2026-06,84.1,14,63.3,643
CUST-100861,2026-07,80.6,11,55.1,405
CUST-100861,2026-08,85.9,15,55.6,520
CUST-100862,2026-03,146.0,23,76.1,995
CUST-100862,2026-04,194.8,36,53.6,1741
CUST-100862,2026-05,196.6,32,44.4,2338
CUST-100862,2026-06,197.1,27,75.1,2012
CUST-100862,2026-07,149.6,17,62.1,1268
CUST-100862,2026-08,144.1,22,49.4,1157
CUST-100863,2026-03,359.7,58,68.7,3157
CUST-100863,2026-04,380.6,53,46.4,3930
CUST-100863,2026-05,392.4,55,55.6,3881
CUST-100863,2026-06,308.8,47,56.0,2682
CUST-100863,2026-07,301.9,47,61.2,2768
CUST-100863,2026-08,366.0,58,46.8,2572
CUST-100864,2026-03,79.5,11,44.2,1002
CUST-100864,2026-04,84.6,6,57.8,783
CUST-100864,2026-05,74.3,5,55.1,543
CUST-100864,2026-06,69.0,7,48.4,668
CUST-100864,2026-07,52.9,7,38.4,207
CUST-100864,2026-08,50.6,4,33.5,551
CUST-100865,2026-03,83.6,11,68.0,412
CUST-100865,2026-04,74.5,11,62.8,666
CUST-100865,2026-05,79.8,11,60.5,795
CUST-100865,2026-06,68.4,13,52.6,528
CUST-100865,2026-07,68.2,13,37.7,546
CUST-100865,2026-08,68.7,7,54.5,558
CUST-100866,2026-03,82.2,8,44.7,426
CUST-100866,2026-04,64.2,14,66.0,646
CUST-100866,2026-05,75.5,12,27.8,837
CUST-100866,2026-06,57.9,6,42.3,560
CUST-100866,2026-07,66.3,1,43.7,448
CUST-100866,2026-08,64.5,7,57.1,433
CUST-100867,2026-03,82.0,16,46.8,846
CUST-100867,2026-04,66.5,10,40.2,515
CUST-100867,2026-05,70.4,13,45.5,633
CUST-100867,2026-06,55.5,10,61.9,549
CUST-100867,2026-07,52.7,9,50.4,321
CUST-100867,2026-08,38.5,5,40.9,343
CUST-100868,2026-03,820.4,121,70.5,5572
CUST-100868,2026-04,724.0,103,48.6,6599
CUST-100868,2026-05,670.7,97,54.2,2939
CUST-100868,2026-06,533.6,67,45.0,5408
CUST-100868,2026-07,564.0,80,30.6,5492
CUST-100868,2026-08,530.1,71,32.1,4290
CUST-100869,2026-03,177.5,15,58.9,1518
CUST-100869,2026-04,174.3,27,60.1,2006
CUST-100869,2026-05,174.4,20,64.0,1683
CUST-100869,2026-06,184.0,22,49.2,1713
CUST-100869,2026-07,171.2,20,76.7,1697
CUST-100869,2026-08,152.2,28,53.3,1469
CUST-100870,2026-03,198.4,32,64.1,1550
CUST-100870,2026-04,185.4,22,42.6,898
CUST-100870,2026-05,170.9,25,98.0,1439
CUST-100870,2026-06,197.1,26,42.0,1526
CUST-100870,2026-07,168.5,29,64.5,1502
CUST-100870,2026-08,161.8,18,61.9,1554
CUST-100871,2026-03,1021.4,146,53.5,8489
CUST-100871,2026-04,779.5,112,57.5,7613
CUST-100871,2026-05,673.1,101,56.5,4567
CUST-100871,2026-06,809.9,118,41.1,7296
CUST-100871,2026-07,630.2,95,31.5,6095
CUST-100871,2026-08,454.5,61,29.2,3270
CUST-100872,2026-03,203.1,30,60.0,2362
CUST-100872,2026-04,161.1,16,46.9,1169
CUST-100872,2026-05,137.8,21,27.5,1497
CUST-100872,2026-06,128.9,12,45.2,1162
CUST-100872,2026-07,116.6,17,43.4,1250
CUST-100872,2026-08,86.2,6,33.1,643
CUST-100873,2026-03,183.0,26,57.7,2053
CUST-100873,2026-04,173.7,26,51.0,1839
CUST-100873,2026-05,159.0,21,49.3,1186
CUST-100873,2026-06,158.7,19,60.7,1324
CUST-100873,2026-07,160.2,20,48.8,1490
CUST-100873,2026-08,143.8,15,48.2,1370
CUST-100874,2026-03,192.4,25,61.7,907
CUST-100874,2026-04,171.5,23,55.1,2163
CUST-100874,2026-05,174.9,27,54.9,1154
CUST-100874,2026-06,142.6,25,73.0,1746
CUST-100874,2026-07,123.1,13,65.8,1784
CUST-100874,2026-08,134.3,14,27.7,1202
CUST-100875,2026-03,420.5,54,68.8,2797
CUST-100875,2026-04,469.4,72,61.8,4015
CUST-100875,2026-05,387.8,51,59.2,2680
CUST-100875,2026-06,406.5,57,40.5,3866
CUST-100875,2026-07,406.3,52,43.9,2338
CUST-100875,2026-08,400.7,56,51.0,3533
CUST-100876,2026-03,855.5,120,42.6,8136
CUST-100876,2026-04,872.1,124,50.6,5470
CUST-100876,2026-05,972.3,141,48.8,9432
CUST-100876,2026-06,1048.2,158,53.7,9713
CUST-100876,2026-07,959.8,139,46.5,8739
CUST-100876,2026-08,1050.6,153,71.5,10369
CUST-100877,2026-03,161.1,16,91.2,1256
CUST-100877,2026-04,166.3,18,60.8,1162
CUST-100877,2026-05,132.8,15,40.0,1241
CUST-100877,2026-06,98.1,11,67.5,749
CUST-100877,2026-07,83.3,12,29.7,812
CUST-100877,2026-08,71.9,8,42.2,542
CUST-100878,2026-03,75.0,13,31.3,806
CUST-100878,2026-04,84.8,7,44.0,806
CUST-100878,2026-05,71.7,10,56.0,574
CUST-100878,2026-06,71.7,8,43.2,658
CUST-100878,2026-07,94.1,11,63.5,795
CUST-100878,2026-08,95.2,16,62.6,990
CUST-100879,2026-03,405.5,54,60.7,4542
CUST-100879,2026-04,352.5,49,10.8,4106
CUST-100879,2026-05,343.0,51,54.5,2748
CUST-100879,2026-06,346.1,46,44.2,1772
CUST-100879,2026-07,352.4,54,48.3,3865
CUST-100879,2026-08,285.6,42,50.1,3497
CUST-100880,2026-03,177.3,19,61.4,1433
CUST-100880,2026-04,159.1,21,39.5,615
CUST-100880,2026-05,215.0,33,48.4,2016
CUST-100880,2026-06,189.5,22,40.7,2280
CUST-100880,2026-07,176.2,31,49.1,1847
CUST-100880,2026-08,198.0,33,95.4,2143
CUST-100881,2026-03,69.7,7,49.9,642
CUST-100881,2026-04,81.2,7,70.1,814
CUST-100881,2026-05,78.4,11,56.4,351
CUST-100881,2026-06,78.2,11,50.9,712
CUST-100881,2026-07,62.3,12,65.3,364
CUST-100881,2026-08,82.7,11,70.7,609
CUST-100882,2026-03,195.0,20,50.3,2125
CUST-100882,2026-04,174.4,26,56.2,1235
CUST-100882,2026-05,159.7,17,49.2,1326
CUST-100882,2026-06,148.9,24,46.8,1132
CUST-100882,2026-07,90.7,9,45.1,996
CUST-100882,2026-08,86.4,15,38.4,587
CUST-100883,2026-03,324.9,55,52.6,3584
CUST-100883,2026-04,368.9,50,48.1,2769
CUST-100883,2026-05,369.0,52,69.6,2981
CUST-100883,2026-06,407.5,62,34.1,3468
CUST-100883,2026-07,441.3,62,46.0,2391
CUST-100883,2026-08,426.6,65,58.0,4532
CUST-100884,2026-03,395.9,53,66.1,5431
CUST-100884,2026-04,373.5,56,76.0,2579
CUST-100884,2026-05,359.9,49,60.9,1320
CUST-100884,2026-06,344.4,47,60.5,3292
CUST-100884,2026-07,293.8,47,61.0,2877
CUST-100884,2026-08,308.8,43,60.3,2190
CUST-100885,2026-03,74.7,11,63.8,499
CUST-100885,2026-04,81.1,11,64.0,556
CUST-100885,2026-05,89.8,13,77.1,877
CUST-100885,2026-06,63.6,10,43.8,667
CUST-100885,2026-07,77.4,15,62.2,618
CUST-100885,2026-08,105.0,13,43.0,904
CUST-100886,2026-03,357.2,48,60.7,2724
CUST-100886,2026-04,337.1,48,43.9,3352
CUST-100886,2026-05,355.6,47,68.9,3378
CUST-100886,2026-06,363.7,46,54.7,1741
CUST-100886,2026-07,298.0,38,75.1,1588
CUST-100886,2026-08,343.9,52,44.7,3366
CUST-100887,2026-03,84.4,20,57.4,741
CUST-100887,2026-04,69.7,6,53.8,592
CUST-100887,2026-05,67.8,7,34.3,555
CUST-100887,2026-06,63.5,6,36.2,488
CUST-100887,2026-07,44.9,1,47.8,215
CUST-100887,2026-08,43.9,5,52.1,400
CUST-100888,2026-03,352.2,47,58.4,3487
CUST-100888,2026-04,339.0,45,49.8,3188
CUST-100888,2026-05,375.4,57,47.3,2880
CUST-100888,2026-06,398.6,56,50.2,2670
CUST-100888,2026-07,347.6,48,60.2,4115
CUST-100888,2026-08,396.5,55,61.7,3711
CUST-100889,2026-03,191.0,27,32.9,1516
CUST-100889,2026-04,175.2,20,38.9,1485
CUST-100889,2026-05,163.2,25,50.1,865
CUST-100889,2026-06,144.5,20,63.9,1081
CUST-100889,2026-07,115.2,12,36.5,1032
CUST-100889,2026-08,81.5,17,46.1,621
CUST-100890,2026-03,879.9,118,56.2,9102
CUST-100890,2026-04,930.7,133,59.3,7191
CUST-100890,2026-05,692.4,94,42.0,4484
CUST-100890,2026-06,703.2,101,54.3,8628
CUST-100890,2026-07,528.8,74,54.3,5999
CUST-100890,2026-08,464.5,66,72.2,4765
CUST-100891,2026-03,197.9,33,59.3,1813
CUST-100891,2026-04,193.4,25,40.4,1347
CUST-100891,2026-05,167.8,21,48.0,1813
CUST-100891,2026-06,165.8,23,60.3,1303
CUST-100891,2026-07,186.4,27,44.8,1358
CUST-100891,2026-08,191.2,27,67.7,1620
CUST-100892,2026-03,174.7,28,45.0,1641
CUST-100892,2026-04,143.7,20,47.7,1133
CUST-100892,2026-05,187.5,21,64.6,1091
CUST-100892,2026-06,216.2,28,61.0,1553
CUST-100892,2026-07,180.6,27,58.6,1600
CUST-100892,2026-08,180.4,23,65.2,1739
CUST-100893,2026-03,72.7,8,53.5,694
CUST-100893,2026-04,79.6,9,47.6,782
CUST-100893,2026-05,80.9,14,36.3,911
CUST-100893,2026-06,73.0,15,55.0,540
CUST-100893,2026-07,75.7,14,68.4,865
CUST-100893,2026-08,90.6,13,48.0,663
CUST-100894,2026-03,157.4,28,50.9,1392
CUST-100894,2026-04,158.4,24,42.8,1107
CUST-100894,2026-05,131.6,9,49.9,693
CUST-100894,2026-06,139.5,13,45.2,1125
CUST-100894,2026-07,132.1,24,36.3,1687
CUST-100894,2026-08,89.0,17,56.7,958
CUST-100895,2026-03,78.5,16,42.6,867
CUST-100895,2026-04,79.5,9,61.0,693
CUST-100895,2026-05,77.4,9,47.4,632
CUST-100895,2026-06,65.8,8,54.9,645
CUST-100895,2026-07,51.2,16,54.0,322
CUST-100895,2026-08,61.4,5,35.3,566
CUST-100896,2026-03,178.3,28,50.3,1448
CUST-100896,2026-04,166.3,22,77.4,1326
CUST-100896,2026-05,148.9,20,42.5,1573
CUST-100896,2026-06,154.3,14,57.9,1261
CUST-100896,2026-07,137.0,17,70.8,1164
CUST-100896,2026-08,117.9,15,37.6,1270
CUST-100897,2026-03,82.2,14,64.6,418
CUST-100897,2026-04,78.6,12,39.6,661
CUST-100897,2026-05,68.8,6,47.8,406
CUST-100897,2026-06,60.9,7,69.5,438
CUST-100897,2026-07,39.2,4,40.4,302
CUST-100897,2026-08,33.5,12,36.9,274
CUST-100898,2026-03,166.1,23,47.5,1599
CUST-100898,2026-04,211.6,32,55.2,1785
CUST-100898,2026-05,173.6,20,47.2,805
CUST-100898,2026-06,170.3,30,51.8,1633
CUST-100898,2026-07,180.7,25,54.9,1862
CUST-100898,2026-08,197.0,33,59.6,1445
CUST-100899,2026-03,79.8,9,61.7,594
CUST-100899,2026-04,79.8,10,39.0,430
CUST-100899,2026-05,68.2,1,38.3,638
CUST-100899,2026-06,65.6,10,60.0,496
CUST-100899,2026-07,58.6,10,55.6,412
CUST-100899,2026-08,57.5,11,62.4,584
CUST-100900,2026-03,187.5,27,60.2,2004
CUST-100900,2026-04,173.8,24,51.5,1856
CUST-100900,2026-05,178.9,32,81.3,1224
CUST-100900,2026-06,183.5,23,80.0,2081
CUST-100900,2026-07,146.3,22,55.3,1179
CUST-100900,2026-08,195.8,28,58.1,1478
CUST-100901,2026-03,175.0,27,39.7,2328
CUST-100901,2026-04,178.7,28,51.0,1616
CUST-100901,2026-05,148.4,17,57.6,1450
CUST-100901,2026-06,173.6,28,50.1,1507
CUST-100901,2026-07,152.2,18,51.7,898
CUST-100901,2026-08,157.6,21,52.7,1143
CUST-100902,2026-03,401.3,60,56.2,4518
CUST-100902,2026-04,358.7,54,44.7,2968
CUST-100902,2026-05,379.5,47,55.2,4107
CUST-100902,2026-06,281.3,46,32.4,2758
CUST-100902,2026-07,268.7,38,39.3,1813
CUST-100902,2026-08,169.8,27,34.4,1232
CUST-100903,2026-03,169.1,23,56.6,1235
CUST-100903,2026-04,153.5,17,68.4,1167
CUST-100903,2026-05,182.4,28,57.1,1720
CUST-100903,2026-06,160.6,26,53.4,1245
CUST-100903,2026-07,186.0,26,67.7,877
CUST-100903,2026-08,179.9,28,47.6,1712
CUST-100904,2026-03,183.8,29,63.2,2062
CUST-100904,2026-04,150.4,27,67.8,1827
CUST-100904,2026-05,108.1,12,64.6,930
CUST-100904,2026-06,120.8,17,67.0,1349
CUST-100904,2026-07,97.1,12,68.9,1054
CUST-100904,2026-08,93.3,8,46.0,1040
CUST-100905,2026-03,438.9,63,58.2,3290
CUST-100905,2026-04,419.4,58,51.3,3903
CUST-100905,2026-05,366.7,50,40.5,3252
CUST-100905,2026-06,465.4,61,62.3,4286
CUST-100905,2026-07,326.9,44,33.4,3211
CUST-100905,2026-08,419.3,62,60.8,3226
CUST-100906,2026-03,85.0,14,38.4,725
CUST-100906,2026-04,80.1,14,24.8,555
CUST-100906,2026-05,78.7,10,41.3,607
CUST-100906,2026-06,47.5,1,32.8,472
CUST-100906,2026-07,55.2,2,36.3,496
CUST-100906,2026-08,28.1,6,25.5,251
CUST-100907,2026-03,171.0,21,57.6,1508
CUST-100907,2026-04,190.1,26,52.4,1627
CUST-100907,2026-05,187.1,24,61.4,1320
CUST-100907,2026-06,125.3,13,71.3,1358
CUST-100907,2026-07,148.9,16,44.0,1587
CUST-100907,2026-08,129.2,18,54.6,1215
CUST-100908,2026-03,96.5,16,59.5,734
CUST-100908,2026-04,62.8,6,40.4,476
CUST-100908,2026-05,56.6,8,45.0,507
CUST-100908,2026-06,37.4,7,61.1,366
CUST-100908,2026-07,56.4,12,59.9,523
CUST-100908,2026-08,39.2,1,17.6,208
CUST-100909,2026-03,997.5,139,75.3,6049
CUST-100909,2026-04,942.1,139,67.4,10006
CUST-100909,2026-05,831.6,118,71.5,4345
CUST-100909,2026-06,695.0,95,60.6,7022
CUST-100909,2026-07,654.9,96,58.0,5989
CUST-100909,2026-08,575.6,82,53.6,5959
CUST-100910,2026-03,175.2,26,61.8,2436
CUST-100910,2026-04,188.1,24,59.3,1828
CUST-100910,2026-05,199.7,25,62.4,2060
CUST-100910,2026-06,201.2,28,57.4,2145
CUST-100910,2026-07,198.7,31,45.3,1680
CUST-100910,2026-08,221.8,32,44.5,1868
CUST-100911,2026-03,196.5,29,55.9,2162
CUST-100911,2026-04,180.8,17,58.1,2230
CUST-100911,2026-05,174.2,25,58.8,1658
CUST-100911,2026-06,198.3,23,64.4,2025
CUST-100911,2026-07,161.5,21,68.9,1692
CUST-100911,2026-08,196.9,27,46.1,1986
CUST-100912,2026-03,83.2,12,56.0,710
CUST-100912,2026-04,91.9,16,63.7,1154
CUST-100912,2026-05,77.7,13,75.1,827
CUST-100912,2026-06,75.8,9,58.1,477
CUST-100912,2026-07,66.5,9,59.4,651
CUST-100912,2026-08,94.4,6,50.4,581
CUST-100913,2026-03,213.4,28,46.7,1757
CUST-100913,2026-04,205.6,32,70.1,1688
CUST-100913,2026-05,177.4,27,55.4,2080
CUST-100913,2026-06,195.5,30,44.8,1460
CUST-100913,2026-07,200.9,26,49.9,1756
CUST-100913,2026-08,188.9,25,75.4,2297
CUST-100914,2026-03,406.1,61,49.7,4101
CUST-100914,2026-04,340.7,47,58.8,1312
CUST-100914,2026-05,358.2,54,57.8,2686
CUST-100914,2026-06,372.6,58,59.2,3534
CUST-100914,2026-07,433.9,60,55.1,5374
CUST-100914,2026-08,366.3,53,47.8,3226
CUST-100915,2026-03,332.3,49,63.3,2956
CUST-100915,2026-04,406.0,61,54.2,3033
CUST-100915,2026-05,279.7,38,23.7,3151
CUST-100915,2026-06,275.9,42,49.7,2631
CUST-100915,2026-07,262.3,35,42.4,2184
CUST-100915,2026-08,213.0,25,33.7,1573
CUST-100916,2026-03,187.6,30,64.9,1573
CUST-100916,2026-04,158.2,21,46.9,1260
CUST-100916,2026-05,168.2,23,58.0,2038
CUST-100916,2026-06,163.1,25,57.9,1625
CUST-100916,2026-07,190.9,28,41.4,1932
CUST-100916,2026-08,167.7,16,56.8,1449
CUST-100917,2026-03,165.6,22,48.4,1171
CUST-100917,2026-04,152.3,17,56.2,1045
CUST-100917,2026-05,153.1,20,63.9,1054
CUST-100917,2026-06,136.1,14,37.1,1422
CUST-100917,2026-07,99.9,23,23.0,1010
CUST-100917,2026-08,119.1,15,26.7,990
CUST-100918,2026-03,336.5,50,68.4,2991
CUST-100918,2026-04,351.3,43,57.9,2451
CUST-100918,2026-05,336.6,47,70.6,3214
CUST-100918,2026-06,286.4,48,40.5,2557
CUST-100918,2026-07,239.5,38,52.0,2314
CUST-100918,2026-08,294.5,41,41.7,2104
CUST-100919,2026-03,955.6,135,42.9,8514
CUST-100919,2026-04,892.1,134,74.0,6916
CUST-100919,2026-05,840.5,111,47.0,8545
CUST-100919,2026-06,937.6,131,49.0,7563
CUST-100919,2026-07,788.1,104,22.0,7214
CUST-100919,2026-08,573.4,82,34.5,7371
CUST-100920,2026-03,322.8,48,54.7,2886
CUST-100920,2026-04,284.7,34,41.5,2836
CUST-100920,2026-05,300.4,46,50.7,2858
CUST-100920,2026-06,355.1,47,49.9,3869
CUST-100920,2026-07,234.5,36,31.0,1880
CUST-100920,2026-08,199.9,24,31.3,1666
CUST-100921,2026-03,903.5,123,76.9,7941
CUST-100921,2026-04,922.5,127,56.5,8069
CUST-100921,2026-05,516.4,75,72.7,5260
CUST-100921,2026-06,561.6,80,44.3,5394
CUST-100921,2026-07,529.0,86,40.0,3517
CUST-100921,2026-08,480.5,68,30.7,5277
CUST-100922,2026-03,370.6,53,61.1,2819
CUST-100922,2026-04,379.4,54,45.9,2630
CUST-100922,2026-05,408.7,58,48.0,3162
CUST-100922,2026-06,374.1,64,68.6,2389
CUST-100922,2026-07,372.8,51,48.3,3536
CUST-100922,2026-08,424.2,63,77.0,4126
CUST-100923,2026-03,374.7,54,52.0,3330
CUST-100923,2026-04,416.3,56,73.5,3696
CUST-100923,2026-05,398.3,54,51.3,4616
CUST-100923,2026-06,413.0,57,63.4,4565
CUST-100923,2026-07,419.6,61,71.0,2909
CUST-100923,2026-08,359.8,53,44.7,1520
CUST-100924,2026-03,83.3,11,72.5,729
CUST-100924,2026-04,66.5,3,55.2,530
CUST-100924,2026-05,86.8,11,42.7,746
CUST-100924,2026-06,58.2,5,59.1,448
CUST-100924,2026-07,44.6,8,52.6,517
CUST-100924,2026-08,43.6,9,38.7,455
CUST-100925,2026-03,173.2,32,56.4,1107
CUST-100925,2026-04,193.5,16,46.8,1915
CUST-100925,2026-05,199.8,29,50.2,1395
CUST-100925,2026-06,142.7,27,58.1,1672
CUST-100925,2026-07,156.2,28,65.8,1531
CUST-100925,2026-08,158.5,16,40.2,1333
CUST-100926,2026-03,223.1,32,32.8,2467
CUST-100926,2026-04,162.5,22,41.0,1070
CUST-100926,2026-05,140.6,28,24.3,1472
CUST-100926,2026-06,117.1,11,51.8,1326
CUST-100926,2026-07,89.6,10,16.7,978
CUST-100926,2026-08,105.0,14,32.7,1026
CUST-100927,2026-03,68.5,1,44.8,616
CUST-100927,2026-04,73.9,14,62.5,692
CUST-100927,2026-05,75.0,5,52.4,790
CUST-100927,2026-06,76.4,9,69.1,846
CUST-100927,2026-07,76.8,14,54.4,979
CUST-100927,2026-08,89.1,9,71.1,931
CUST-100928,2026-03,90.1,5,42.7,948
CUST-100928,2026-04,81.5,10,58.3,803
CUST-100928,2026-05,58.7,11,66.4,499
CUST-100928,2026-06,74.6,16,43.6,660
CUST-100928,2026-07,72.3,16,57.0,645
CUST-100928,2026-08,65.8,11,63.7,765
CUST-100929,2026-03,902.5,125,55.3,7999
CUST-100929,2026-04,917.1,123,70.9,6064
CUST-100929,2026-05,882.2,121,69.1,6164
CUST-100929,2026-06,825.7,115,59.6,8608
CUST-100929,2026-07,1047.2,145,62.4,10488
CUST-100929,2026-08,870.1,122,42.5,9380
CUST-100930,2026-03,86.4,9,67.0,881
CUST-100930,2026-04,74.4,8,49.8,719
CUST-100930,2026-05,93.6,11,51.5,843
CUST-100930,2026-06,80.5,9,59.0,736
CUST-100930,2026-07,89.2,13,64.2,809
CUST-100930,2026-08,83.4,8,53.7,701
CUST-100931,2026-03,184.4,26,59.8,1706
CUST-100931,2026-04,172.2,24,44.1,1666
CUST-100931,2026-05,185.5,27,57.6,1654
CUST-100931,2026-06,193.5,24,60.9,1244
CUST-100931,2026-07,176.0,24,72.1,1398
CUST-100931,2026-08,209.9,25,57.7,2443
CUST-100932,2026-03,76.9,10,65.9,818
CUST-100932,2026-04,81.2,9,53.4,791
CUST-100932,2026-05,83.7,10,28.5,935
CUST-100932,2026-06,60.9,11,39.8,518
CUST-100932,2026-07,80.9,12,56.3,503
CUST-100932,2026-08,79.5,4,57.2,644
CUST-100933,2026-03,350.6,41,57.4,2441
CUST-100933,2026-04,303.8,55,49.2,2440
CUST-100933,2026-05,263.6,38,54.3,2896
CUST-100933,2026-06,284.7,39,32.1,3461
CUST-100933,2026-07,253.3,41,40.3,1866
CUST-100933,2026-08,158.7,26,40.8,1366
CUST-100934,2026-03,170.9,29,65.6,1670
CUST-100934,2026-04,197.2,27,56.7,1351
CUST-100934,2026-05,150.3,26,35.5,801
CUST-100934,2026-06,201.6,34,78.2,1720
CUST-100934,2026-07,199.9,30,49.7,1598
CUST-100934,2026-08,186.3,26,59.0,2422
CUST-100935,2026-03,175.8,21,60.2,1253
CUST-100935,2026-04,163.5,22,65.2,1664
CUST-100935,2026-05,174.4,24,52.9,1454
CUST-100935,2026-06,132.2,22,66.9,831
CUST-100935,2026-07,151.8,23,45.4,1272
CUST-100935,2026-08,121.9,6,51.0,1021
CUST-100936,2026-03,417.1,53,56.1,3656
CUST-100936,2026-04,406.0,57,48.7,4046
CUST-100936,2026-05,423.2,59,49.9,4891
CUST-100936,2026-06,416.6,62,52.5,3013
CUST-100936,2026-07,320.7,49,57.4,3030
CUST-100936,2026-08,337.8,48,59.8,3079
CUST-100937,2026-03,85.3,16,55.1,596
CUST-100937,2026-04,83.8,16,56.3,843
CUST-100937,2026-05,66.3,10,71.1,507
CUST-100937,2026-06,71.8,5,48.3,590
CUST-100937,2026-07,80.1,14,54.7,682
CUST-100937,2026-08,79.0,9,66.6,673
CUST-100938,2026-03,408.5,57,57.8,3107
CUST-100938,2026-04,363.5,46,44.9,3258
CUST-100938,2026-05,310.6,47,37.5,2832
CUST-100938,2026-06,292.8,40,47.4,2598
CUST-100938,2026-07,250.5,39,15.4,2227
CUST-100938,2026-08,179.1,28,21.7,1964
CUST-100939,2026-03,421.6,56,84.9,3926
CUST-100939,2026-04,372.8,57,50.6,3016
CUST-100939,2026-05,354.8,51,36.0,3025
CUST-100939,2026-06,413.1,58,66.6,3096
CUST-100939,2026-07,355.8,54,43.6,2746
CUST-100939,2026-08,411.3,54,65.9,2289
CUST-100940,2026-03,78.9,9,40.5,714
CUST-100940,2026-04,71.4,8,57.3,618
CUST-100940,2026-05,60.4,14,43.2,315
CUST-100940,2026-06,62.5,12,59.0,507
CUST-100940,2026-07,40.1,5,45.2,365
CUST-100940,2026-08,34.1,4,27.9,324
CUST-100941,2026-03,78.5,15,67.0,1031
CUST-100941,2026-04,74.9,8,65.9,536
CUST-100941,2026-05,65.5,10,56.6,512
CUST-100941,2026-06,78.1,11,61.4,692
CUST-100941,2026-07,60.4,3,51.0,657
CUST-100941,2026-08,59.8,9,60.4,669
CUST-100942,2026-03,174.3,20,54.7,1459
CUST-100942,2026-04,173.1,26,43.2,1437
CUST-100942,2026-05,148.7,26,54.2,995
CUST-100942,2026-06,107.4,16,41.7,1234
CUST-100942,2026-07,101.2,16,47.9,1038
CUST-100942,2026-08,107.8,12,36.6,901
CUST-100943,2026-03,181.3,18,52.8,1853
CUST-100943,2026-04,177.2,30,24.6,1372
CUST-100943,2026-05,209.2,35,42.0,2256
CUST-100943,2026-06,210.0,27,62.0,1991
CUST-100943,2026-07,190.6,27,49.5,1408
CUST-100943,2026-08,169.7,31,66.7,2099
CUST-100944,2026-03,181.6,24,68.9,1388
CUST-100944,2026-04,142.2,23,45.6,1057
CUST-100944,2026-05,155.6,17,68.7,1583
CUST-100944,2026-06,149.6,18,53.9,1391
CUST-100944,2026-07,116.1,22,62.0,1194
CUST-100944,2026-08,90.6,13,31.6,687
CUST-100945,2026-03,66.8,8,63.8,707
CUST-100945,2026-04,87.1,11,55.6,898
CUST-100945,2026-05,85.5,17,69.2,795
CUST-100945,2026-06,87.9,7,45.7,574
CUST-100945,2026-07,81.9,10,62.0,577
CUST-100945,2026-08,97.0,24,46.8,849
CUST-100946,2026-03,181.8,25,78.6,1731
CUST-100946,2026-04,173.9,25,58.4,1975
CUST-100946,2026-05,170.6,24,55.6,1265
CUST-100946,2026-06,182.4,34,44.5,1725
CUST-100946,2026-07,178.2,20,53.0,1609
CUST-100946,2026-08,179.2,28,58.3,1416
CUST-100947,2026-03,425.4,57,52.4,4436
CUST-100947,2026-04,318.5,43,54.6,2977
CUST-100947,2026-05,335.7,49,49.9,3276
CUST-100947,2026-06,366.1,56,63.6,2757
CUST-100947,2026-07,366.1,51,56.6,2888
CUST-100947,2026-08,285.1,45,64.6,2332
CUST-100948,2026-03,351.2,46,23.7,1470
CUST-100948,2026-04,395.2,60,61.2,4675
CUST-100948,2026-05,300.3,39,35.1,3015
CUST-100948,2026-06,269.3,36,45.5,2959
CUST-100948,2026-07,189.3,29,47.8,1050
CUST-100948,2026-08,204.2,30,34.1,1942
CUST-100949,2026-03,78.7,12,51.0,803
CUST-100949,2026-04,84.8,13,64.5,594
CUST-100949,2026-05,53.3,4,35.5,387
CUST-100949,2026-06,70.5,9,23.2,426
CUST-100949,2026-07,51.8,4,38.5,471
CUST-100949,2026-08,54.1,4,51.7,495
CUST-100950,2026-03,83.1,10,43.2,1018
CUST-100950,2026-04,77.7,6,47.9,511
CUST-100950,2026-05,72.1,6,42.7,892
CUST-100950,2026-06,66.5,9,71.4,593
CUST-100950,2026-07,35.9,7,52.8,373
CUST-100950,2026-08,49.2,7,31.0,392
CUST-100951,2026-03,173.1,23,58.3,1587
CUST-100951,2026-04,159.6,23,65.3,1323
CUST-100951,2026-05,151.2,26,42.5,1177
CUST-100951,2026-06,125.4,16,52.1,802
CUST-100951,2026-07,118.9,21,25.0,1268
CUST-100951,2026-08,85.7,9,44.9,771
CUST-100952,2026-03,163.8,24,49.9,1708
CUST-100952,2026-04,150.4,22,59.2,1001
CUST-100952,2026-05,171.0,29,44.2,1504
CUST-100952,2026-06,108.0,22,34.1,1123
CUST-100952,2026-07,135.8,18,46.6,1540
CUST-100952,2026-08,90.9,14,51.1,695
CUST-100953,2026-03,85.4,10,50.7,808
CUST-100953,2026-04,64.3,16,48.3,641
CUST-100953,2026-05,68.6,9,49.9,504
CUST-100953,2026-06,76.4,10,57.9,1047
CUST-100953,2026-07,87.6,12,54.0,745
CUST-100953,2026-08,77.5,8,53.7,841
CUST-100954,2026-03,177.0,24,68.2,1421
CUST-100954,2026-04,177.0,27,68.4,2234
CUST-100954,2026-05,204.6,24,49.2,2377
CUST-100954,2026-06,182.9,27,72.2,1278
CUST-100954,2026-07,182.8,26,42.3,1891
CUST-100954,2026-08,176.9,23,71.5,1580
CUST-100955,2026-03,190.8,24,37.3,2623
CUST-100955,2026-04,144.6,15,45.1,1174
CUST-100955,2026-05,112.9,11,55.6,741
CUST-100955,2026-06,149.8,23,30.2,1401
CUST-100955,2026-07,76.3,15,28.1,358
CUST-100955,2026-08,90.9,14,12.7,647
CUST-100956,2026-03,67.2,13,61.7,473
CUST-100956,2026-04,74.1,12,70.6,540
CUST-100956,2026-05,74.7,14,71.6,842
CUST-100956,2026-06,60.9,19,44.0,558
CUST-100956,2026-07,63.6,16,46.1,650
CUST-100956,2026-08,62.7,9,45.1,562
CUST-100957,2026-03,90.4,10,54.3,734
CUST-100957,2026-04,88.6,12,47.2,674
CUST-100957,2026-05,85.0,17,49.6,796
CUST-100957,2026-06,76.5,6,50.4,578
CUST-100957,2026-07,83.3,7,65.2,768
CUST-100957,2026-08,83.6,9,60.5,708
CUST-100958,2026-03,158.9,22,60.8,1626
CUST-100958,2026-04,203.7,34,63.4,2124
CUST-100958,2026-05,185.0,26,47.9,1114
CUST-100958,2026-06,219.6,38,68.4,1316
CUST-100958,2026-07,171.1,24,61.1,1456
CUST-100958,2026-08,182.5,24,52.4,1819
CUST-100959,2026-03,184.8,28,40.8,1656
CUST-100959,2026-04,191.0,22,53.0,1474
CUST-100959,2026-05,188.4,32,39.3,1305
CUST-100959,2026-06,212.4,36,64.0,1630
CUST-100959,2026-07,178.8,28,47.8,1913
CUST-100959,2026-08,190.2,30,61.3,1326
CUST-100960,2026-03,177.1,23,55.5,1995
CUST-100960,2026-04,187.3,26,42.6,2356
CUST-100960,2026-05,203.0,24,59.8,2027
CUST-100960,2026-06,185.9,25,30.0,1597
CUST-100960,2026-07,158.3,19,43.9,1347
CUST-100960,2026-08,192.7,25,57.8,1468
CUST-100961,2026-03,67.2,9,55.5,436
CUST-100961,2026-04,66.9,13,61.5,657
CUST-100961,2026-05,91.8,12,62.1,698
CUST-100961,2026-06,76.1,7,54.5,908
CUST-100961,2026-07,79.0,6,64.2,915
CUST-100961,2026-08,79.7,14,42.1,449
CUST-100962,2026-03,74.2,7,64.5,464
CUST-100962,2026-04,83.4,13,60.4,590
CUST-100962,2026-05,91.8,15,61.1,507
CUST-100962,2026-06,69.7,12,46.4,664
CUST-100962,2026-07,74.7,6,63.8,603
CUST-100962,2026-08,88.8,14,41.4,876
CUST-100963,2026-03,189.5,32,45.5,1488
CUST-100963,2026-04,152.2,15,68.9,1540
CUST-100963,2026-05,127.3,18,41.6,858
CUST-100963,2026-06,132.0,26,38.4,1541
CUST-100963,2026-07,100.8,15,56.9,816
CUST-100963,2026-08,85.3,17,43.9,656
CUST-100964,2026-03,184.1,30,64.5,1872
CUST-100964,2026-04,172.3,31,70.7,1281
CUST-100964,2026-05,147.1,25,41.5,1174
CUST-100964,2026-06,173.0,18,34.8,953
CUST-100964,2026-07,117.0,15,24.6,1139
CUST-100964,2026-08,119.1,22,45.9,899
CUST-100965,2026-03,176.1,20,52.9,1367
CUST-100965,2026-04,181.8,25,54.6,1975
CUST-100965,2026-05,204.0,31,62.6,1749
CUST-100965,2026-06,188.2,29,56.7,2059
CUST-100965,2026-07,159.0,22,57.0,1616
CUST-100965,2026-08,198.9,17,62.5,1958
CUST-100966,2026-03,180.4,23,47.2,1033
CUST-100966,2026-04,199.2,29,46.5,2197
CUST-100966,2026-05,183.8,28,69.3,1325
CUST-100966,2026-06,183.1,29,53.9,1500
CUST-100966,2026-07,178.3,28,76.0,1306
CUST-100966,2026-08,175.9,23,56.6,1644
CUST-100967,2026-03,78.0,11,35.4,901
CUST-100967,2026-04,93.8,10,58.1,837
CUST-100967,2026-05,84.9,15,77.2,732
CUST-100967,2026-06,85.0,10,56.3,784
CUST-100967,2026-07,92.9,7,34.8,824
CUST-100967,2026-08,87.5,14,36.3,740
CUST-100968,2026-03,183.9,24,44.7,1833
CUST-100968,2026-04,156.8,21,43.7,644
CUST-100968,2026-05,149.8,16,44.2,1140
CUST-100968,2026-06,143.0,14,11.7,925
CUST-100968,2026-07,104.0,13,41.9,960
CUST-100968,2026-08,90.1,16,34.6,1091
CUST-100969,2026-03,181.4,30,48.8,2097
CUST-100969,2026-04,166.7,30,57.3,1449
CUST-100969,2026-05,163.4,26,50.7,1634
CUST-100969,2026-06,119.0,18,47.4,1121
CUST-100969,2026-07,119.5,19,9.3,959
CUST-100969,2026-08,93.3,17,44.5,584
CUST-100970,2026-03,176.6,29,59.5,1591
CUST-100970,2026-04,164.0,29,45.1,1746
CUST-100970,2026-05,166.4,22,50.0,1413
CUST-100970,2026-06,129.8,16,51.0,1213
CUST-100970,2026-07,134.0,23,45.0,1284
CUST-100970,2026-08,62.5,15,21.2,687
CUST-100971,2026-03,76.8,14,64.6,488
CUST-100971,2026-04,86.8,14,47.1,866
CUST-100971,2026-05,82.9,7,55.5,953
CUST-100971,2026-06,85.2,11,63.3,552
CUST-100971,2026-07,79.1,12,52.9,570
CUST-100971,2026-08,86.3,16,41.8,688
CUST-100972,2026-03,83.4,11,53.3,912
CUST-100972,2026-04,88.1,10,48.7,835
CUST-100972,2026-05,84.8,6,59.8,862
CUST-100972,2026-06,81.2,4,34.6,900
CUST-100972,2026-07,74.5,10,51.1,625
CUST-100972,2026-08,71.4,10,34.9,809
CUST-100973,2026-03,89.8,8,69.1,724
CUST-100973,2026-04,90.3,18,75.1,1012
CUST-100973,2026-05,73.6,6,63.6,511
CUST-100973,2026-06,58.7,7,37.3,588
CUST-100973,2026-07,59.7,13,41.3,579
CUST-100973,2026-08,46.3,5,40.5,357
CUST-100974,2026-03,379.3,56,58.1,3855
CUST-100974,2026-04,368.8,59,34.0,4368
CUST-100974,2026-05,391.3,58,42.6,3977
CUST-100974,2026-06,296.8,41,34.3,2922
CUST-100974,2026-07,222.3,29,66.9,1457
CUST-100974,2026-08,196.0,21,23.3,2020
CUST-100975,2026-03,166.7,24,68.8,1707
CUST-100975,2026-04,169.3,19,56.3,1003
CUST-100975,2026-05,146.8,21,22.5,1000
CUST-100975,2026-06,139.4,20,59.9,1228
CUST-100975,2026-07,94.3,15,55.0,743
CUST-100975,2026-08,104.2,18,49.1,1082
CUST-100976,2026-03,82.6,13,50.9,648
CUST-100976,2026-04,82.6,10,36.0,542
CUST-100976,2026-05,67.2,7,50.1,403
CUST-100976,2026-06,51.1,1,35.9,580
CUST-100976,2026-07,38.3,1,41.4,257
CUST-100976,2026-08,46.1,7,20.9,453
CUST-100977,2026-03,195.9,21,61.1,2073
CUST-100977,2026-04,171.8,17,57.1,525
CUST-100977,2026-05,130.8,14,37.4,1298
CUST-100977,2026-06,108.5,11,32.7,890
CUST-100977,2026-07,123.7,23,45.0,1191
CUST-100977,2026-08,58.5,16,38.2,410
CUST-100978,2026-03,904.4,128,57.2,4987
CUST-100978,2026-04,942.1,132,68.6,6728
CUST-100978,2026-05,937.3,131,49.4,9936
CUST-100978,2026-06,907.0,136,68.7,8363
CUST-100978,2026-07,813.2,118,58.6,10081
CUST-100978,2026-08,917.0,136,64.1,12038
CUST-100979,2026-03,86.6,14,49.8,680
CUST-100979,2026-04,80.2,12,48.7,981
CUST-100979,2026-05,72.9,9,62.6,925
CUST-100979,2026-06,77.3,9,49.7,606
CUST-100979,2026-07,73.3,17,49.0,712
CUST-100979,2026-08,72.6,12,37.0,801
CUST-100980,2026-03,159.9,28,48.3,1647
CUST-100980,2026-04,176.4,20,59.4,1635
CUST-100980,2026-05,165.1,23,39.5,1298
CUST-100980,2026-06,150.7,21,66.4,1403
CUST-100980,2026-07,115.8,13,49.9,867
CUST-100980,2026-08,127.9,27,45.4,1382
CUST-100981,2026-03,71.5,10,58.5,687
CUST-100981,2026-04,71.9,10,43.5,745
CUST-100981,2026-05,63.2,10,46.9,674
CUST-100981,2026-06,54.7,5,47.6,517
CUST-100981,2026-07,76.2,13,42.5,520
CUST-100981,2026-08,59.9,2,52.8,519
CUST-100982,2026-03,90.7,15,61.5,843
CUST-100982,2026-04,80.3,6,36.5,852
CUST-100982,2026-05,109.6,16,47.6,1157
CUST-100982,2026-06,82.6,6,77.9,943
CUST-100982,2026-07,72.1,11,63.7,589
CUST-100982,2026-08,88.4,11,66.9,1095
CUST-100983,2026-03,70.9,8,31.3,651
CUST-100983,2026-04,74.1,15,45.1,964
CUST-100983,2026-05,72.0,14,31.8,588
CUST-100983,2026-06,74.4,15,62.5,610
CUST-100983,2026-07,71.7,8,49.4,769
CUST-100983,2026-08,55.3,15,67.9,578
CUST-100984,2026-03,367.6,50,57.8,3544
CUST-100984,2026-04,338.5,57,43.2,4077
CUST-100984,2026-05,347.0,51,56.6,2699
CUST-100984,2026-06,280.5,38,49.2,2372
CUST-100984,2026-07,249.5,35,45.0,1431
CUST-100984,2026-08,282.6,43,43.9,2216
CUST-100985,2026-03,174.0,26,76.0,1445
CUST-100985,2026-04,142.6,18,39.4,1092
CUST-100985,2026-05,142.1,19,51.2,1283
CUST-100985,2026-06,123.0,8,61.8,1657
CUST-100985,2026-07,119.3,10,36.2,1171
CUST-100985,2026-08,99.4,13,55.8,1076
CUST-100986,2026-03,385.0,54,44.3,3997
CUST-100986,2026-04,361.5,52,37.5,3458
CUST-100986,2026-05,456.6,64,60.4,3071
CUST-100986,2026-06,394.3,55,52.4,3218
CUST-100986,2026-07,388.3,49,50.1,3651
CUST-100986,2026-08,397.7,64,53.6,4230
CUST-100987,2026-03,165.2,24,38.3,965
CUST-100987,2026-04,172.8,24,34.9,1792
CUST-100987,2026-05,193.1,28,57.5,1615
CUST-100987,2026-06,207.6,24,50.6,1112
CUST-100987,2026-07,167.0,22,69.6,738
CUST-100987,2026-08,181.0,24,55.2,1311
CUST-100988,2026-03,364.3,53,64.2,3513
CUST-100988,2026-04,414.7,56,32.9,4347
CUST-100988,2026-05,387.0,58,65.2,3208
CUST-100988,2026-06,327.1,44,34.7,2877
CUST-100988,2026-07,292.4,44,52.0,2227
CUST-100988,2026-08,286.8,40,33.6,2253
CUST-100989,2026-03,85.8,2,51.1,996
CUST-100989,2026-04,84.9,24,77.2,848
CUST-100989,2026-05,80.6,10,52.1,706
CUST-100989,2026-06,75.5,10,54.3,550
CUST-100989,2026-07,87.5,22,47.2,765
CUST-100989,2026-08,83.7,14,63.6,1062
CUST-100990,2026-03,191.3,24,70.5,1221
CUST-100990,2026-04,147.5,24,60.0,1309
CUST-100990,2026-05,189.7,28,77.5,1993
CUST-100990,2026-06,193.6,27,61.4,1546
CUST-100990,2026-07,193.8,24,65.5,1713
CUST-100990,2026-08,187.3,29,70.8,1276
CUST-100991,2026-03,893.0,129,48.3,7653
CUST-100991,2026-04,871.3,127,50.1,9105
CUST-100991,2026-05,874.0,127,52.0,6996
CUST-100991,2026-06,727.8,102,51.3,6920
CUST-100991,2026-07,703.2,96,42.6,6040
CUST-100991,2026-08,836.4,111,61.3,4129
CUST-100992,2026-03,181.0,21,68.0,1697
CUST-100992,2026-04,183.8,19,44.3,2705
CUST-100992,2026-05,213.9,27,66.7,924
CUST-100992,2026-06,163.1,18,56.4,1283
CUST-100992,2026-07,204.9,27,70.4,1928
CUST-100992,2026-08,175.0,19,64.8,1648
CUST-100993,2026-03,379.8,55,35.3,3897
CUST-100993,2026-04,360.5,51,48.0,3946
CUST-100993,2026-05,389.1,52,55.1,3644
CUST-100993,2026-06,344.7,42,67.3,4216
CUST-100993,2026-07,388.2,53,59.1,2656
CUST-100993,2026-08,382.3,53,54.6,3901
CUST-100994,2026-03,125.0,20,59.4,1373
CUST-100994,2026-04,185.9,28,48.8,1762
CUST-100994,2026-05,194.6,24,78.4,2320
CUST-100994,2026-06,200.1,29,39.6,2184
CUST-100994,2026-07,157.5,11,72.4,1523
CUST-100994,2026-08,163.1,23,37.3,1497
CUST-100995,2026-03,331.8,41,46.1,3400
CUST-100995,2026-04,324.8,42,64.7,1914
CUST-100995,2026-05,392.2,55,41.5,3939
CUST-100995,2026-06,375.1,57,39.8,3092
CUST-100995,2026-07,372.1,50,50.5,3231
CUST-100995,2026-08,428.2,62,72.2,4239
CUST-100996,2026-03,69.8,7,73.1,598
CUST-100996,2026-04,76.3,10,56.3,599
CUST-100996,2026-05,75.1,15,45.8,897
CUST-100996,2026-06,72.5,12,46.0,708
CUST-100996,2026-07,71.7,7,38.4,724
CUST-100996,2026-08,57.4,7,41.1,536
CUST-100997,2026-03,396.7,48,55.2,3474
CUST-100997,2026-04,317.3,40,74.8,3742
CUST-100997,2026-05,356.9,44,52.8,3750
CUST-100997,2026-06,267.9,39,57.4,2113
CUST-100997,2026-07,272.3,39,66.9,2453
CUST-100997,2026-08,185.9,26,51.8,1664
CUST-100998,2026-03,914.8,131,57.0,11586
CUST-100998,2026-04,894.0,126,67.2,6927
CUST-100998,2026-05,989.5,146,61.9,11282
CUST-100998,2026-06,800.6,111,62.7,5782
CUST-100998,2026-07,791.6,110,63.7,7436
CUST-100998,2026-08,886.0,132,63.8,6447
CUST-100999,2026-03,869.4,126,59.7,9540
CUST-100999,2026-04,855.8,121,61.3,5967
CUST-100999,2026-05,1099.8,160,56.7,11331
CUST-100999,2026-06,987.1,145,71.0,7915
CUST-100999,2026-07,1135.5,163,48.3,11600
CUST-100999,2026-08,863.8,119,38.0,9754
CUST-101000,2026-03,178.5,24,53.5,1821
CUST-101000,2026-04,178.8,24,67.8,1595
CUST-101000,2026-05,216.1,32,46.5,1547
CUST-101000,2026-06,160.6,17,36.0,1206
CUST-101000,2026-07,189.1,25,34.8,1658
CUST-101000,2026-08,201.8,26,54.5,972
CUST-101001,2026-03,194.3,32,52.3,2255
CUST-101001,2026-04,156.9,21,65.6,1671
CUST-101001,2026-05,150.1,20,53.8,1505
CUST-101001,2026-06,140.4,12,63.6,1264
CUST-101001,2026-07,111.0,16,53.2,889
CUST-101001,2026-08,136.2,20,29.0,1101
CUST-101002,2026-03,206.3,28,42.5,2571
CUST-101002,2026-04,144.4,19,56.0,1257
CUST-101002,2026-05,146.0,10,54.3,1240
CUST-101002,2026-06,141.4,14,50.3,927
CUST-101002,2026-07,134.3,25,32.6,1073
CUST-101002,2026-08,107.2,15,41.2,1073
CUST-101003,2026-03,161.8,24,43.9,1281
CUST-101003,2026-04,186.4,19,72.4,1985
CUST-101003,2026-05,187.7,26,57.1,1698
CUST-101003,2026-06,127.5,12,35.9,1129
CUST-101003,2026-07,150.1,17,43.3,1192
CUST-101003,2026-08,134.6,17,58.5,1167
CUST-101004,2026-03,181.6,33,72.6,2140
CUST-101004,2026-04,198.0,31,64.5,997
CUST-101004,2026-05,210.7,36,45.7,1759
CUST-101004,2026-06,163.7,20,58.7,1543
CUST-101004,2026-07,189.7,25,52.1,1670
CUST-101004,2026-08,191.5,34,68.6,1478
CUST-101005,2026-03,192.1,30,42.5,1000
CUST-101005,2026-04,161.3,23,53.5,1278
CUST-101005,2026-05,156.7,27,83.0,1253
CUST-101005,2026-06,146.5,25,63.0,1448
CUST-101005,2026-07,173.9,21,56.2,1048
CUST-101005,2026-08,174.6,27,53.9,1897
CUST-101006,2026-03,161.4,20,30.6,1306
CUST-101006,2026-04,169.5,22,55.9,1148
CUST-101006,2026-05,153.7,22,35.0,1505
CUST-101006,2026-06,123.2,17,50.3,961
CUST-101006,2026-07,107.1,5,41.2,1058
CUST-101006,2026-08,99.1,18,38.9,575
CUST-101007,2026-03,88.3,7,69.8,883
CUST-101007,2026-04,83.5,11,33.0,834
CUST-101007,2026-05,86.6,16,31.9,760
CUST-101007,2026-06,67.9,10,50.9,639
CUST-101007,2026-07,79.8,14,49.5,791
CUST-101007,2026-08,76.4,5,85.3,583
CUST-101008,2026-03,356.6,48,62.8,4089
CUST-101008,2026-04,349.4,45,60.3,3374
CUST-101008,2026-05,389.5,55,40.7,4115
CUST-101008,2026-06,392.0,52,57.8,3444
CUST-101008,2026-07,430.2,68,61.5,4399
CUST-101008,2026-08,441.8,64,56.4,3334
CUST-101009,2026-03,368.0,59,49.6,3247
CUST-101009,2026-04,411.8,52,43.3,3253
CUST-101009,2026-05,368.8,53,54.1,2964
CUST-101009,2026-06,460.3,58,70.4,3124
CUST-101009,2026-07,373.7,52,30.6,2707
CUST-101009,2026-08,421.2,70,50.0,4068
CUST-101010,2026-03,179.2,24,72.0,1980
CUST-101010,2026-04,179.9,22,34.5,1956
CUST-101010,2026-05,134.0,23,47.8,935
CUST-101010,2026-06,141.9,18,61.1,1695
CUST-101010,2026-07,145.0,19,31.4,1173
CUST-101010,2026-08,105.1,9,58.0,1094
CUST-101011,2026-03,90.4,15,82.3,751
CUST-101011,2026-04,77.2,14,53.9,690
CUST-101011,2026-05,69.0,13,45.0,826
CUST-101011,2026-06,51.5,7,46.1,593
CUST-101011,2026-07,51.2,5,42.9,472
CUST-101011,2026-08,43.9,5,40.2,449
CUST-101012,2026-03,83.4,9,61.4,905
CUST-101012,2026-04,77.2,10,52.8,540
CUST-101012,2026-05,69.3,13,46.0,778
CUST-101012,2026-06,69.1,12,52.5,568
CUST-101012,2026-07,59.5,9,50.2,434
CUST-101012,2026-08,69.8,6,53.6,486
CUST-101013,2026-03,398.0,64,50.3,3468
CUST-101013,2026-04,330.3,46,50.0,2802
CUST-101013,2026-05,382.5,59,56.2,3507
CUST-101013,2026-06,355.1,55,59.3,3637
CUST-101013,2026-07,385.8,48,55.1,3608
CUST-101013,2026-08,439.4,65,50.8,5644
CUST-101014,2026-03,367.2,55,72.6,1824
CUST-101014,2026-04,351.0,49,35.1,2766
CUST-101014,2026-05,435.0,62,75.4,4189
CUST-101014,2026-06,308.3,47,43.3,1941
CUST-101014,2026-07,332.9,53,38.0,2891
CUST-101014,2026-08,348.0,45,50.8,3229
CUST-101015,2026-03,98.3,15,63.6,739
CUST-101015,2026-04,81.7,14,51.4,497
CUST-101015,2026-05,69.5,7,69.8,473
CUST-101015,2026-06,76.3,14,60.7,582
CUST-101015,2026-07,82.8,14,72.8,737
CUST-101015,2026-08,77.6,14,65.4,741
CUST-101016,2026-03,192.1,29,44.5,2689
CUST-101016,2026-04,160.1,18,60.8,1287
CUST-101016,2026-05,197.5,40,52.8,1629
CUST-101016,2026-06,186.4,21,50.4,1499
CUST-101016,2026-07,171.6,32,58.7,1685
CUST-101016,2026-08,178.1,20,53.3,1504
CUST-101017,2026-03,187.8,27,63.1,2457
CUST-101017,2026-04,177.4,14,45.3,1130
CUST-101017,2026-05,171.1,23,80.1,1297
CUST-101017,2026-06,158.9,22,50.9,947
CUST-101017,2026-07,173.4,26,48.3,1405
CUST-101017,2026-08,186.3,29,49.1,2130
CUST-101018,2026-03,81.8,8,43.2,896
CUST-101018,2026-04,74.5,14,63.8,1151
CUST-101018,2026-05,75.0,7,51.9,598
CUST-101018,2026-06,88.7,12,52.6,613
CUST-101018,2026-07,84.9,15,58.4,919
CUST-101018,2026-08,92.1,10,53.2,782
CUST-101019,2026-03,343.5,44,67.5,3278
CUST-101019,2026-04,306.4,49,30.9,2107
CUST-101019,2026-05,283.8,40,28.4,1741
CUST-101019,2026-06,236.6,29,49.5,2414
CUST-101019,2026-07,237.2,27,27.3,1861
CUST-101019,2026-08,131.9,7,33.9,1026
CUST-101020,2026-03,170.2,20,39.2,1076
CUST-101020,2026-04,184.4,27,56.7,1990
CUST-101020,2026-05,162.4,29,64.6,1338
CUST-101020,2026-06,170.5,17,26.0,1443
CUST-101020,2026-07,177.4,22,55.0,1267
CUST-101020,2026-08,204.8,29,43.2,2104
CUST-101021,2026-03,162.8,22,55.3,1553
CUST-101021,2026-04,169.4,22,39.3,1109
CUST-101021,2026-05,153.6,14,48.6,1732
CUST-101021,2026-06,122.7,16,44.1,1149
CUST-101021,2026-07,120.8,14,58.4,871
CUST-101021,2026-08,123.9,20,43.8,961
CUST-101022,2026-03,366.1,53,36.1,4409
CUST-101022,2026-04,324.3,47,39.9,2320
CUST-101022,2026-05,365.1,51,57.2,3014
CUST-101022,2026-06,336.5,49,49.1,3529
CUST-101022,2026-07,263.5,37,53.3,2909
CUST-101022,2026-08,319.9,44,30.5,3126
CUST-101023,2026-03,73.0,4,70.7,711
CUST-101023,2026-04,81.1,7,58.0,626
CUST-101023,2026-05,64.3,8,64.4,562
CUST-101023,2026-06,76.6,18,29.6,722
CUST-101023,2026-07,77.5,14,45.8,629
CUST-101023,2026-08,63.3,5,44.9,482
CUST-101024,2026-03,78.1,4,50.5,798
CUST-101024,2026-04,69.2,12,48.5,704
CUST-101024,2026-05,73.5,11,46.8,623
CUST-101024,2026-06,66.5,4,29.1,892
CUST-101024,2026-07,45.9,10,34.1,332
CUST-101024,2026-08,48.2,10,57.4,423
CUST-101025,2026-03,949.0,133,32.9,9758
CUST-101025,2026-04,884.9,126,49.8,7823
CUST-101025,2026-05,795.2,109,67.6,7116
CUST-101025,2026-06,747.9,108,72.3,6446
CUST-101025,2026-07,773.0,110,52.9,6219
CUST-101025,2026-08,662.3,99,51.7,6216
CUST-101026,2026-03,871.4,120,49.7,8566
CUST-101026,2026-04,988.4,137,58.5,7568
CUST-101026,2026-05,897.3,126,53.8,7681
CUST-101026,2026-06,945.5,131,53.6,6777
CUST-101026,2026-07,1086.2,155,28.1,13475
CUST-101026,2026-08,1065.1,152,61.1,10969
CUST-101027,2026-03,197.5,27,35.6,2064
CUST-101027,2026-04,160.0,30,56.9,1429
CUST-101027,2026-05,196.5,25,63.2,1391
CUST-101027,2026-06,186.4,26,58.0,1648
CUST-101027,2026-07,188.0,28,68.3,1683
CUST-101027,2026-08,195.7,28,65.9,1858
CUST-101028,2026-03,322.2,46,66.2,3226
CUST-101028,2026-04,304.6,40,42.9,2721
CUST-101028,2026-05,299.5,40,28.3,2498
CUST-101028,2026-06,306.5,40,36.4,2850
CUST-101028,2026-07,210.6,30,53.2,2030
CUST-101028,2026-08,243.5,33,54.1,2058
CUST-101029,2026-03,204.9,23,57.5,2335
CUST-101029,2026-04,174.7,20,58.7,1452
CUST-101029,2026-05,187.7,31,57.0,1270
CUST-101029,2026-06,217.9,27,39.7,1881
CUST-101029,2026-07,199.4,27,35.6,1377
CUST-101029,2026-08,189.6,32,45.9,1302
CUST-101030,2026-03,180.4,25,48.4,1966
CUST-101030,2026-04,166.9,23,73.6,1773
CUST-101030,2026-05,152.8,20,58.9,1154
CUST-101030,2026-06,127.7,13,49.5,782
CUST-101030,2026-07,109.5,21,64.6,1277
CUST-101030,2026-08,93.7,7,56.0,1058
CUST-101031,2026-03,190.4,26,62.4,2619
CUST-101031,2026-04,168.4,25,56.8,1486
CUST-101031,2026-05,193.2,24,44.1,1429
CUST-101031,2026-06,160.3,30,56.8,1793
CUST-101031,2026-07,185.9,24,52.1,1626
CUST-101031,2026-08,189.9,29,63.6,1936
CUST-101032,2026-03,171.0,26,73.0,1862
CUST-101032,2026-04,202.3,28,61.6,1504
CUST-101032,2026-05,205.3,28,47.3,1852
CUST-101032,2026-06,177.8,31,64.6,1590
CUST-101032,2026-07,185.0,27,53.0,1140
CUST-101032,2026-08,206.1,23,53.1,2078
CUST-101033,2026-03,190.7,29,36.4,1693
CUST-101033,2026-04,168.4,22,50.5,1296
CUST-101033,2026-05,140.5,12,53.8,978
CUST-101033,2026-06,161.9,25,52.0,1407
CUST-101033,2026-07,131.4,26,47.9,762
CUST-101033,2026-08,147.4,23,15.2,1310
CUST-101034,2026-03,76.2,12,39.4,708
CUST-101034,2026-04,66.8,12,46.1,565
CUST-101034,2026-05,69.4,6,63.7,421
CUST-101034,2026-06,65.1,17,41.9,727
CUST-101034,2026-07,50.3,15,34.4,465
CUST-101034,2026-08,33.2,1,38.3,152
CUST-101035,2026-03,442.5,66,55.2,4051
CUST-101035,2026-04,363.6,51,51.0,2902
CUST-101035,2026-05,334.7,57,56.3,2604
CUST-101035,2026-06,363.3,56,44.6,5317
CUST-101035,2026-07,416.8,61,79.3,4138
CUST-101035,2026-08,378.2,54,80.1,2571
CUST-101036,2026-03,186.1,22,49.4,1396
CUST-101036,2026-04,166.2,22,44.5,1894
CUST-101036,2026-05,169.3,21,64.8,1966
CUST-101036,2026-06,195.2,29,67.9,1853
CUST-101036,2026-07,150.4,22,75.4,1232
CUST-101036,2026-08,156.5,25,51.9,1857
CUST-101037,2026-03,179.2,23,67.2,1942
CUST-101037,2026-04,144.6,16,50.6,1420
CUST-101037,2026-05,122.2,15,56.2,1459
CUST-101037,2026-06,109.8,14,43.0,1014
CUST-101037,2026-07,95.8,25,55.7,696
CUST-101037,2026-08,55.8,4,25.0,612
CUST-101038,2026-03,74.0,9,67.4,690
CUST-101038,2026-04,87.0,17,74.7,941
CUST-101038,2026-05,87.7,14,58.3,730
CUST-101038,2026-06,87.3,13,56.9,1076
CUST-101038,2026-07,85.8,14,55.6,843
CUST-101038,2026-08,90.5,18,42.0,846
CUST-101039,2026-03,423.6,63,46.9,3303
CUST-101039,2026-04,407.5,62,79.3,3353
CUST-101039,2026-05,415.5,51,59.8,3531
CUST-101039,2026-06,411.1,58,57.6,4933
CUST-101039,2026-07,395.1,56,62.2,2698
CUST-101039,2026-08,390.9,54,57.3,2457
CUST-101040,2026-03,67.6,17,71.3,531
CUST-101040,2026-04,81.4,11,40.2,740
CUST-101040,2026-05,76.8,2,67.5,571
CUST-101040,2026-06,79.4,6,47.0,689
CUST-101040,2026-07,95.1,13,55.1,745
CUST-101040,2026-08,64.9,14,33.1,605
CUST-101041,2026-03,149.6,21,55.2,1424
CUST-101041,2026-04,153.4,27,84.6,1935
CUST-101041,2026-05,149.3,25,33.1,1786
CUST-101041,2026-06,187.9,24,73.0,2088
CUST-101041,2026-07,171.1,23,53.8,1403
CUST-101041,2026-08,169.3,24,52.6,1012
CUST-101042,2026-03,359.0,48,55.6,2370
CUST-101042,2026-04,374.5,51,30.3,3359
CUST-101042,2026-05,313.7,47,50.7,2716
CUST-101042,2026-06,272.3,39,35.1,2679
CUST-101042,2026-07,187.8,28,57.5,1577
CUST-101042,2026-08,170.8,22,62.1,1729
CUST-101043,2026-03,808.7,112,65.5,5941
CUST-101043,2026-04,844.5,120,41.3,5030
CUST-101043,2026-05,886.6,123,57.4,8312
CUST-101043,2026-06,1065.2,153,64.3,10543
CUST-101043,2026-07,860.9,125,66.1,7266
CUST-101043,2026-08,998.4,141,45.1,7823
CUST-101044,2026-03,85.2,14,65.1,583
CUST-101044,2026-04,86.1,5,51.6,728
CUST-101044,2026-05,85.4,11,47.6,715
CUST-101044,2026-06,77.1,8,59.0,833
CUST-101044,2026-07,67.5,7,54.0,588
CUST-101044,2026-08,69.2,14,61.5,731
CUST-101045,2026-03,158.9,23,67.7,1944
CUST-101045,2026-04,157.0,19,88.1,1642
CUST-101045,2026-05,178.5,24,51.5,2011
CUST-101045,2026-06,132.8,16,34.3,1014
CUST-101045,2026-07,122.8,19,53.1,744
CUST-101045,2026-08,114.9,12,42.0,1029
CUST-101046,2026-03,159.4,20,53.5,1652
CUST-101046,2026-04,191.5,21,25.2,1723
CUST-101046,2026-05,182.3,30,54.6,1514
CUST-101046,2026-06,182.8,31,61.3,1429
CUST-101046,2026-07,183.9,29,35.4,2059
CUST-101046,2026-08,172.3,22,54.6,1243
CUST-101047,2026-03,353.5,54,59.5,2705
CUST-101047,2026-04,355.5,47,33.2,3730
CUST-101047,2026-05,386.4,61,63.5,4153
CUST-101047,2026-06,338.8,45,52.5,2942
CUST-101047,2026-07,431.2,64,51.2,5245
CUST-101047,2026-08,467.3,65,55.5,4697
CUST-101048,2026-03,953.4,138,54.2,9725
CUST-101048,2026-04,921.4,141,52.8,10630
CUST-101048,2026-05,891.4,125,75.9,8710
CUST-101048,2026-06,846.4,113,48.8,6722
CUST-101048,2026-07,991.7,141,49.5,7912
CUST-101048,2026-08,892.0,120,65.0,6741
CUST-101049,2026-03,188.7,27,51.0,1336
CUST-101049,2026-04,173.2,32,44.6,1617
CUST-101049,2026-05,145.1,20,60.6,1021
CUST-101049,2026-06,154.4,23,26.7,1403
CUST-101049,2026-07,154.4,19,39.5,1582
CUST-101049,2026-08,157.8,16,55.0,1263
CUST-101050,2026-03,103.8,12,62.9,1104
CUST-101050,2026-04,71.5,7,63.1,523
CUST-101050,2026-05,66.2,11,65.4,758
CUST-101050,2026-06,55.7,4,51.8,365
CUST-101050,2026-07,62.9,14,26.1,518
CUST-101050,2026-08,44.2,5,38.7,423
CUST-101051,2026-03,190.9,30,70.2,2000
CUST-101051,2026-04,157.6,23,65.4,1718
CUST-101051,2026-05,174.3,24,51.3,1107
CUST-101051,2026-06,199.5,32,42.3,1269
CUST-101051,2026-07,191.4,26,46.7,1375
CUST-101051,2026-08,204.4,30,75.8,1947
CUST-101052,2026-03,358.0,56,49.7,3159
CUST-101052,2026-04,374.9,60,56.1,3378
CUST-101052,2026-05,335.1,53,51.0,3060
CUST-101052,2026-06,336.4,56,47.3,3146
CUST-101052,2026-07,340.5,47,63.5,2938
CUST-101052,2026-08,410.6,56,60.2,2972
CUST-101053,2026-03,74.9,11,36.2,921
CUST-101053,2026-04,70.8,7,37.8,704
CUST-101053,2026-05,68.4,11,59.0,755
CUST-101053,2026-06,55.4,6,52.0,562
CUST-101053,2026-07,40.1,8,66.8,417
CUST-101053,2026-08,37.9,1,52.2,304
CUST-101054,2026-03,142.6,19,43.7,1142
CUST-101054,2026-04,178.6,21,41.4,1519
CUST-101054,2026-05,154.7,16,61.3,1338
CUST-101054,2026-06,157.7,25,52.3,1847
CUST-101054,2026-07,144.1,20,50.2,1607
CUST-101054,2026-08,143.9,19,46.5,1412
CUST-101055,2026-03,73.6,12,58.1,467
CUST-101055,2026-04,85.2,9,52.8,881
CUST-101055,2026-05,76.6,9,44.9,819
CUST-101055,2026-06,74.2,12,46.4,962
CUST-101055,2026-07,94.3,9,56.8,920
CUST-101055,2026-08,73.0,10,39.9,563
CUST-101056,2026-03,79.6,13,55.9,538
CUST-101056,2026-04,73.3,13,31.3,461
CUST-101056,2026-05,68.5,13,67.0,787
CUST-101056,2026-06,82.8,13,31.8,626
CUST-101056,2026-07,85.5,19,86.7,795
CUST-101056,2026-08,77.8,10,71.8,887
CUST-101057,2026-03,206.1,24,65.1,1632
CUST-101057,2026-04,185.0,25,73.1,2033
CUST-101057,2026-05,172.3,22,72.8,1799
CUST-101057,2026-06,163.6,15,60.1,1505
CUST-101057,2026-07,162.2,22,35.8,1468
CUST-101057,2026-08,144.8,13,64.2,1368
CUST-101058,2026-03,79.3,13,63.0,843
CUST-101058,2026-04,81.6,16,58.2,583
CUST-101058,2026-05,80.4,3,63.1,495
CUST-101058,2026-06,80.8,10,47.9,730
CUST-101058,2026-07,84.9,6,40.5,560
CUST-101058,2026-08,77.0,13,71.6,899
CUST-101059,2026-03,429.9,59,39.9,3527
CUST-101059,2026-04,388.6,55,59.9,2021
CUST-101059,2026-05,325.8,46,72.5,2854
CUST-101059,2026-06,359.6,49,50.9,3470
CUST-101059,2026-07,373.5,47,58.0,4000
CUST-101059,2026-08,387.1,56,43.0,3901
CUST-101060,2026-03,375.0,43,42.3,3681
CUST-101060,2026-04,342.1,55,57.8,2653
CUST-101060,2026-05,405.8,55,14.1,4236
CUST-101060,2026-06,381.7,62,35.3,2605
CUST-101060,2026-07,385.4,60,69.0,4145
CUST-101060,2026-08,306.1,43,53.7,2994
CUST-101061,2026-03,194.7,33,53.2,2137
CUST-101061,2026-04,142.2,21,34.7,1439
CUST-101061,2026-05,158.4,21,48.9,969
CUST-101061,2026-06,152.0,19,44.8,1163
CUST-101061,2026-07,114.2,11,48.8,942
CUST-101061,2026-08,126.9,17,30.3,1168
CUST-101062,2026-03,455.8,63,59.7,3258
CUST-101062,2026-04,378.6,49,60.2,2765
CUST-101062,2026-05,360.8,54,53.6,3989
CUST-101062,2026-06,374.4,57,57.6,2109
CUST-101062,2026-07,416.0,60,53.2,3598
CUST-101062,2026-08,391.8,52,68.4,3923
CUST-101063,2026-03,206.4,29,54.0,1947
CUST-101063,2026-04,164.9,22,74.6,1025
CUST-101063,2026-05,187.7,31,58.1,1787
CUST-101063,2026-06,173.4,26,68.7,2017
CUST-101063,2026-07,148.2,16,60.3,1347
CUST-101063,2026-08,176.5,28,53.0,1712
CUST-101064,2026-03,72.9,4,57.2,635
CUST-101064,2026-04,81.2,13,62.7,640
CUST-101064,2026-05,71.1,12,33.0,825
CUST-101064,2026-06,69.0,9,65.9,569
CUST-101064,2026-07,65.4,5,68.2,622
CUST-101064,2026-08,73.9,15,45.6,705
CUST-101065,2026-03,769.2,116,73.6,6959
CUST-101065,2026-04,718.8,100,33.6,4601
CUST-101065,2026-05,630.1,93,42.8,5573
CUST-101065,2026-06,624.8,84,47.1,5650
CUST-101065,2026-07,663.1,101,56.7,6589
CUST-101065,2026-08,450.5,65,48.4,4070
CUST-101066,2026-03,179.3,27,48.9,1495
CUST-101066,2026-04,160.5,17,61.5,1692
CUST-101066,2026-05,138.9,21,34.9,1351
CUST-101066,2026-06,89.3,16,35.3,895
CUST-101066,2026-07,121.7,15,30.7,1160
CUST-101066,2026-08,92.3,13,35.0,850
CUST-101067,2026-03,367.6,56,42.6,2656
CUST-101067,2026-04,369.9,48,62.8,2290
CUST-101067,2026-05,306.1,37,31.6,2969
CUST-101067,2026-06,335.6,47,41.1,2583
CUST-101067,2026-07,308.0,42,54.5,2543
CUST-101067,2026-08,203.5,21,33.7,1834
CUST-101068,2026-03,153.3,25,48.4,1896
CUST-101068,2026-04,168.9,20,65.2,1492
CUST-101068,2026-05,143.1,19,57.4,1240
CUST-101068,2026-06,160.2,13,53.0,1367
CUST-101068,2026-07,153.8,24,42.6,1411
CUST-101068,2026-08,127.7,21,61.1,774
CUST-101069,2026-03,202.7,25,47.9,1638
CUST-101069,2026-04,190.6,20,58.4,1851
CUST-101069,2026-05,178.6,23,62.2,1496
CUST-101069,2026-06,179.2,22,64.2,1937
CUST-101069,2026-07,180.3,25,60.9,1611
CUST-101069,2026-08,121.5,19,53.9,1429
CUST-101070,2026-03,79.3,4,43.2,522
CUST-101070,2026-04,84.7,15,37.8,289
CUST-101070,2026-05,64.2,10,46.3,659
CUST-101070,2026-06,58.7,14,62.8,719
CUST-101070,2026-07,57.5,9,44.2,548
CUST-101070,2026-08,46.2,14,15.0,415
CUST-101071,2026-03,196.6,30,50.6,1141
CUST-101071,2026-04,187.7,21,55.9,1654
CUST-101071,2026-05,178.7,25,43.1,1303
CUST-101071,2026-06,168.5,29,41.5,1968
CUST-101071,2026-07,136.4,16,38.5,892
CUST-101071,2026-08,168.7,27,29.9,1931
CUST-101072,2026-03,75.2,6,62.7,433
CUST-101072,2026-04,81.7,7,58.8,759
CUST-101072,2026-05,78.6,9,53.7,525
CUST-101072,2026-06,79.5,8,42.9,863
CUST-101072,2026-07,82.3,12,56.6,742
CUST-101072,2026-08,77.6,16,67.7,628
CUST-101073,2026-03,410.5,55,74.8,2709
CUST-101073,2026-04,449.3,68,53.9,3803
CUST-101073,2026-05,341.1,49,48.4,2573
CUST-101073,2026-06,400.3,59,58.0,2864
CUST-101073,2026-07,423.8,62,46.4,3652
CUST-101073,2026-08,432.9,59,53.5,4217
CUST-101074,2026-03,70.6,15,40.7,603
CUST-101074,2026-04,80.3,7,24.5,944
CUST-101074,2026-05,94.6,6,57.7,918
CUST-101074,2026-06,82.3,3,49.0,666
CUST-101074,2026-07,92.7,18,56.1,844
CUST-101074,2026-08,85.2,17,53.8,669
CUST-101075,2026-03,80.4,9,68.6,780
CUST-101075,2026-04,86.2,15,50.3,668
CUST-101075,2026-05,82.1,10,72.7,877
CUST-101075,2026-06,81.1,17,74.5,711
CUST-101075,2026-07,88.0,14,11.3,1039
CUST-101075,2026-08,94.2,11,63.6,925
CUST-101076,2026-03,369.0,46,55.4,4655
CUST-101076,2026-04,386.3,55,55.4,2753
CUST-101076,2026-05,401.4,59,44.1,3420
CUST-101076,2026-06,350.0,45,49.4,3291
CUST-101076,2026-07,411.8,61,60.8,4907
CUST-101076,2026-08,405.5,59,81.2,4692
CUST-101077,2026-03,392.6,60,44.2,2458
CUST-101077,2026-04,407.2,55,30.6,5259
CUST-101077,2026-05,332.6,54,57.2,3573
CUST-101077,2026-06,379.0,51,65.9,4023
CUST-101077,2026-07,346.0,46,53.5,2536
CUST-101077,2026-08,268.3,36,67.5,2741
CUST-101078,2026-03,92.4,8,45.0,697
CUST-101078,2026-04,78.6,12,47.0,905
CUST-101078,2026-05,90.3,18,68.3,1103
CUST-101078,2026-06,80.9,12,54.2,716
CUST-101078,2026-07,89.1,6,49.7,960
CUST-101078,2026-08,79.9,10,53.6,993
CUST-101079,2026-03,192.5,24,70.2,1583
CUST-101079,2026-04,176.5,28,56.9,1117
CUST-101079,2026-05,155.3,29,48.8,1366
CUST-101079,2026-06,168.4,29,47.7,1401
CUST-101079,2026-07,129.6,17,44.7,967
CUST-101079,2026-08,114.5,9,50.0,1042
CUST-101080,2026-03,197.8,21,43.2,1132
CUST-101080,2026-04,184.0,20,52.5,1742
CUST-101080,2026-05,194.7,22,54.9,1779
CUST-101080,2026-06,183.5,17,46.6,998
CUST-101080,2026-07,192.4,20,67.7,1132
CUST-101080,2026-08,207.9,32,24.6,1817
CUST-101081,2026-03,187.1,28,84.9,1495
CUST-101081,2026-04,184.7,25,52.1,1549
CUST-101081,2026-05,159.9,25,63.0,1517
CUST-101081,2026-06,147.6,19,53.9,1251
CUST-101081,2026-07,140.2,16,29.2,1213
CUST-101081,2026-08,81.8,10,36.1,737
CUST-101082,2026-03,182.1,30,65.2,1707
CUST-101082,2026-04,158.6,21,28.5,1366
CUST-101082,2026-05,122.1,21,56.6,829
CUST-101082,2026-06,136.3,19,52.7,1436
CUST-101082,2026-07,74.4,7,32.0,477
CUST-101082,2026-08,92.7,12,37.6,888
CUST-101083,2026-03,89.7,11,68.6,1003
CUST-101083,2026-04,75.6,16,39.9,663
CUST-101083,2026-05,90.0,13,49.0,768
CUST-101083,2026-06,58.6,6,46.9,381
CUST-101083,2026-07,60.1,7,54.6,588
CUST-101083,2026-08,40.0,4,30.3,367
CUST-101084,2026-03,184.7,25,69.4,1759
CUST-101084,2026-04,176.2,27,44.9,1085
CUST-101084,2026-05,186.5,29,48.2,1576
CUST-101084,2026-06,189.0,26,52.6,1684
CUST-101084,2026-07,185.9,26,44.1,1510
CUST-101084,2026-08,187.9,22,67.0,1573
CUST-101085,2026-03,181.7,18,77.3,1874
CUST-101085,2026-04,187.1,24,44.9,1659
CUST-101085,2026-05,154.3,20,57.8,1070
CUST-101085,2026-06,192.4,27,40.6,2087
CUST-101085,2026-07,195.3,35,53.0,1695
CUST-101085,2026-08,202.5,25,53.4,1915
CUST-101086,2026-03,410.8,55,37.6,2643
CUST-101086,2026-04,347.2,52,65.5,3361
CUST-101086,2026-05,406.6,56,43.0,3393
CUST-101086,2026-06,422.5,63,56.2,2336
CUST-101086,2026-07,446.8,69,72.7,4902
CUST-101086,2026-08,406.9,57,75.3,1590
CUST-101087,2026-03,203.2,27,32.6,1267
CUST-101087,2026-04,168.3,29,44.6,1200
CUST-101087,2026-05,160.2,22,38.6,1550
CUST-101087,2026-06,159.3,22,45.8,1283
CUST-101087,2026-07,149.6,18,45.4,1611
CUST-101087,2026-08,137.8,23,50.0,1038
CUST-101088,2026-03,204.6,34,44.5,1877
CUST-101088,2026-04,148.2,20,58.1,1601
CUST-101088,2026-05,141.8,21,62.5,1095
CUST-101088,2026-06,117.6,14,37.7,1472
CUST-101088,2026-07,128.2,24,46.6,1127
CUST-101088,2026-08,94.7,14,51.8,765
CUST-101089,2026-03,390.3,58,72.8,4015
CUST-101089,2026-04,356.6,52,60.0,1955
CUST-101089,2026-05,221.0,25,46.1,2538
CUST-101089,2026-06,266.5,38,49.9,2144
CUST-101089,2026-07,224.7,36,41.0,1762
CUST-101089,2026-08,182.3,24,38.1,1640
CUST-101090,2026-03,77.2,8,48.9,540
CUST-101090,2026-04,79.5,6,52.2,638
CUST-101090,2026-05,70.2,13,63.7,570
CUST-101090,2026-06,66.2,12,36.1,454
CUST-101090,2026-07,67.8,9,42.8,451
CUST-101090,2026-08,51.4,10,46.5,596
CUST-101091,2026-03,323.9,44,73.2,2336
CUST-101091,2026-04,351.5,51,61.6,3352
CUST-101091,2026-05,322.5,49,51.9,3191
CUST-101091,2026-06,259.1,33,32.5,1796
CUST-101091,2026-07,235.5,33,27.8,2353
CUST-101091,2026-08,199.0,30,65.9,1660
CUST-101092,2026-03,183.9,25,76.8,1326
CUST-101092,2026-04,204.8,25,58.6,1673
CUST-101092,2026-05,185.7,20,37.6,1474
CUST-101092,2026-06,191.6,26,68.6,1748
CUST-101092,2026-07,182.2,28,69.0,2288
CUST-101092,2026-08,205.6,28,48.4,788
CUST-101093,2026-03,385.5,53,45.0,4028
CUST-101093,2026-04,360.7,51,56.1,3308
CUST-101093,2026-05,438.5,65,54.3,4967
CUST-101093,2026-06,401.5,55,44.5,4762
CUST-101093,2026-07,442.2,60,51.6,3641
CUST-101093,2026-08,389.6,54,55.0,4448
CUST-101094,2026-03,396.7,59,66.6,3239
CUST-101094,2026-04,359.6,51,61.4,3194
CUST-101094,2026-05,393.2,54,49.7,2885
CUST-101094,2026-06,359.4,53,54.2,4100
CUST-101094,2026-07,316.3,47,63.5,3422
CUST-101094,2026-08,343.3,40,55.5,2249
CUST-101095,2026-03,162.0,16,56.4,887
CUST-101095,2026-04,184.9,27,63.5,2203
CUST-101095,2026-05,174.1,21,63.1,1856
CUST-101095,2026-06,195.1,25,60.9,1981
CUST-101095,2026-07,192.9,34,74.9,1494
CUST-101095,2026-08,176.2,19,52.4,1681
CUST-101096,2026-03,184.0,29,67.1,2220
CUST-101096,2026-04,172.1,31,39.1,1652
CUST-101096,2026-05,135.2,16,50.5,1024
CUST-101096,2026-06,113.5,17,51.4,875
CUST-101096,2026-07,97.5,17,34.0,1075
CUST-101096,2026-08,83.9,14,54.6,1054
CUST-101097,2026-03,435.4,63,57.8,3850
CUST-101097,2026-04,379.1,52,37.8,3690
CUST-101097,2026-05,338.1,51,80.6,3540
CUST-101097,2026-06,391.5,65,39.9,3821
CUST-101097,2026-07,413.4,52,51.0,4812
CUST-101097,2026-08,437.8,61,65.3,4708
CUST-101098,2026-03,77.4,13,56.0,490
CUST-101098,2026-04,80.4,10,47.5,670
CUST-101098,2026-05,75.4,22,54.1,667
CUST-101098,2026-06,93.2,20,59.6,1170
CUST-101098,2026-07,86.6,12,61.6,821
CUST-101098,2026-08,77.8,13,49.3,661
CUST-101099,2026-03,318.1,43,51.7,2478
CUST-101099,2026-04,372.5,60,62.1,2536
CUST-101099,2026-05,397.8,55,55.8,3254
CUST-101099,2026-06,323.6,51,45.9,2441
CUST-101099,2026-07,349.3,54,58.1,1870
CUST-101099,2026-08,409.5,56,41.2,5434
CUST-101100,2026-03,165.2,19,49.2,1471
CUST-101100,2026-04,187.2,27,30.4,1385
CUST-101100,2026-05,145.8,15,34.8,1022
CUST-101100,2026-06,137.2,29,45.9,1030
CUST-101100,2026-07,116.0,16,26.3,1023
CUST-101100,2026-08,127.9,16,27.5,1026
CUST-101101,2026-03,360.6,48,62.0,3301
CUST-101101,2026-04,382.6,58,71.2,2511
CUST-101101,2026-05,366.8,57,42.2,3177
CUST-101101,2026-06,373.0,61,18.4,3770
CUST-101101,2026-07,386.6,59,49.7,3163
CUST-101101,2026-08,390.1,51,76.8,2956
CUST-101102,2026-03,74.9,6,56.8,738
CUST-101102,2026-04,83.5,10,46.6,790
CUST-101102,2026-05,83.1,15,60.9,535
CUST-101102,2026-06,90.4,14,54.1,821
CUST-101102,2026-07,78.8,12,65.4,769
CUST-101102,2026-08,93.2,10,36.6,641
CUST-101103,2026-03,181.9,14,56.7,1573
CUST-101103,2026-04,187.5,23,66.1,1343
CUST-101103,2026-05,208.2,26,58.7,1365
CUST-101103,2026-06,172.1,21,39.2,1869
CUST-101103,2026-07,160.9,28,58.1,1606
CUST-101103,2026-08,194.3,22,38.2,2524
CUST-101104,2026-03,179.3,25,58.7,1475
CUST-101104,2026-04,178.3,21,53.3,1461
CUST-101104,2026-05,183.3,27,34.8,1626
CUST-101104,2026-06,132.6,17,59.1,1257
CUST-101104,2026-07,140.4,18,42.9,1181
CUST-101104,2026-08,130.8,18,23.0,1551
CUST-101105,2026-03,180.5,32,20.3,1455
CUST-101105,2026-04,181.3,17,50.1,1495
CUST-101105,2026-05,167.0,25,75.2,1588
CUST-101105,2026-06,193.2,32,54.3,2201
CUST-101105,2026-07,205.3,32,57.9,1607
CUST-101105,2026-08,172.6,19,61.7,1007
CUST-101106,2026-03,406.3,58,73.1,3125
CUST-101106,2026-04,422.7,62,80.3,3131
CUST-101106,2026-05,317.7,44,55.3,2751
CUST-101106,2026-06,288.8,39,38.1,2923
CUST-101106,2026-07,273.8,41,41.4,2756
CUST-101106,2026-08,143.8,21,36.0,1295
CUST-101107,2026-03,424.1,67,48.8,4097
CUST-101107,2026-04,361.7,40,66.8,3919
CUST-101107,2026-05,398.6,53,58.0,5181
CUST-101107,2026-06,485.6,76,54.7,4533
CUST-101107,2026-07,376.7,52,53.3,2724
CUST-101107,2026-08,373.8,48,55.7,3214
CUST-101108,2026-03,164.1,27,43.6,1544
CUST-101108,2026-04,194.5,27,70.0,1973
CUST-101108,2026-05,143.4,19,60.4,1063
CUST-101108,2026-06,127.5,26,47.1,1458
CUST-101108,2026-07,135.0,21,58.2,967
CUST-101108,2026-08,128.5,13,45.7,1615
CUST-101109,2026-03,182.8,24,67.3,1254
CUST-101109,2026-04,159.7,23,37.8,1101
CUST-101109,2026-05,181.9,24,45.1,1914
CUST-101109,2026-06,195.4,27,41.2,1241
CUST-101109,2026-07,162.3,23,58.3,1034
CUST-101109,2026-08,141.4,19,45.9,1208
CUST-101110,2026-03,409.9,62,49.4,3103
CUST-101110,2026-04,313.6,42,47.2,2894
CUST-101110,2026-05,307.0,41,28.1,2578
CUST-101110,2026-06,336.0,47,53.7,3623
CUST-101110,2026-07,305.4,40,47.5,3039
CUST-101110,2026-08,288.9,43,62.7,2991
CUST-101111,2026-03,184.8,21,46.2,1921
CUST-101111,2026-04,192.1,29,45.2,1420
CUST-101111,2026-05,210.5,34,34.6,1620
CUST-101111,2026-06,162.4,24,62.7,1379
CUST-101111,2026-07,142.3,12,41.1,1350
CUST-101111,2026-08,168.6,24,56.1,1595
CUST-101112,2026-03,185.5,28,34.0,1262
CUST-101112,2026-04,167.2,18,52.7,1664
CUST-101112,2026-05,154.0,22,64.0,1605
CUST-101112,2026-06,153.0,22,39.9,1346
CUST-101112,2026-07,116.3,19,30.4,1267
CUST-101112,2026-08,96.8,13,61.8,1320
CUST-101113,2026-03,172.3,26,64.8,1276
CUST-101113,2026-04,176.6,22,63.7,975
CUST-101113,2026-05,186.7,33,59.9,1392
CUST-101113,2026-06,186.8,25,58.8,2268
CUST-101113,2026-07,202.1,25,53.9,1996
CUST-101113,2026-08,213.0,25,41.4,1597
CUST-101114,2026-03,80.8,11,41.7,577
CUST-101114,2026-04,78.9,17,32.1,402
CUST-101114,2026-05,67.0,7,57.5,599
CUST-101114,2026-06,70.6,15,59.1,546
CUST-101114,2026-07,51.0,7,42.8,519
CUST-101114,2026-08,66.6,18,71.1,575
CUST-101115,2026-03,91.6,17,66.4,795
CUST-101115,2026-04,82.3,9,43.4,938
CUST-101115,2026-05,82.1,11,53.3,788
CUST-101115,2026-06,75.0,13,72.5,768
CUST-101115,2026-07,77.9,10,80.5,441
CUST-101115,2026-08,81.7,8,67.7,702
CUST-101116,2026-03,71.4,10,57.3,676
CUST-101116,2026-04,78.0,12,50.3,616
CUST-101116,2026-05,62.4,10,61.7,736
CUST-101116,2026-06,58.4,13,55.5,462
CUST-101116,2026-07,53.5,10,45.8,400
CUST-101116,2026-08,37.8,12,31.1,353
CUST-101117,2026-03,366.6,58,60.1,2611
CUST-101117,2026-04,357.9,48,62.0,2832
CUST-101117,2026-05,491.9,66,57.5,3991
CUST-101117,2026-06,389.6,59,38.4,3827
CUST-101117,2026-07,401.0,60,90.8,3235
CUST-101117,2026-08,399.6,50,71.4,4844
CUST-101118,2026-03,196.0,26,51.9,1496
CUST-101118,2026-04,196.1,29,49.3,2053
CUST-101118,2026-05,183.8,20,70.7,1405
CUST-101118,2026-06,200.4,26,58.9,1939
CUST-101118,2026-07,170.3,22,58.7,1106
CUST-101118,2026-08,175.3,28,59.0,1466
CUST-101119,2026-03,408.6,58,61.5,2404
CUST-101119,2026-04,380.7,61,42.9,3762
CUST-101119,2026-05,241.0,37,65.1,2932
CUST-101119,2026-06,279.0,45,79.1,1341
CUST-101119,2026-07,232.7,32,42.6,1928
CUST-101119,2026-08,178.8,28,44.1,1955
CUST-101120,2026-03,412.2,64,54.3,2990
CUST-101120,2026-04,383.5,60,49.8,2945
CUST-101120,2026-05,339.3,54,42.2,2782
CUST-101120,2026-06,315.6,38,70.3,3698
CUST-101120,2026-07,322.0,44,42.5,3287
CUST-101120,2026-08,178.2,28,48.9,1348
CUST-101121,2026-03,178.7,24,43.8,1674
CUST-101121,2026-04,163.1,25,58.2,1115
CUST-101121,2026-05,171.9,22,39.3,1192
CUST-101121,2026-06,150.9,20,63.8,1229
CUST-101121,2026-07,140.0,12,36.7,1742
CUST-101121,2026-08,135.6,11,47.9,1098
CUST-101122,2026-03,73.5,9,53.9,870
CUST-101122,2026-04,95.2,14,64.9,1026
CUST-101122,2026-05,75.1,7,42.8,771
CUST-101122,2026-06,63.6,8,28.1,639
CUST-101122,2026-07,77.2,15,33.5,645
CUST-101122,2026-08,61.5,4,28.4,533
CUST-101123,2026-03,80.3,8,66.1,753
CUST-101123,2026-04,73.1,14,70.5,521
CUST-101123,2026-05,76.5,12,45.5,790
CUST-101123,2026-06,81.7,12,64.7,783
CUST-101123,2026-07,82.0,15,74.9,734
CUST-101123,2026-08,80.5,12,76.4,787
CUST-101124,2026-03,86.1,19,59.5,753
CUST-101124,2026-04,67.7,7,60.9,565
CUST-101124,2026-05,65.5,10,48.8,760
CUST-101124,2026-06,37.3,7,35.3,301
CUST-101124,2026-07,55.6,5,41.1,574
CUST-101124,2026-08,39.8,8,51.5,426
CUST-101125,2026-03,382.0,48,44.5,3202
CUST-101125,2026-04,361.6,50,51.0,1410
CUST-101125,2026-05,294.8,44,53.2,2491
CUST-101125,2026-06,235.2,31,35.4,1676
CUST-101125,2026-07,217.3,30,23.4,2292
CUST-101125,2026-08,194.6,24,39.7,1621
CUST-101126,2026-03,76.7,10,57.8,592
CUST-101126,2026-04,74.7,14,59.8,686
CUST-101126,2026-05,66.9,7,45.2,678
CUST-101126,2026-06,58.6,7,44.2,555
CUST-101126,2026-07,58.7,7,43.3,618
CUST-101126,2026-08,66.7,10,27.9,520
CUST-101127,2026-03,172.5,23,67.3,1241
CUST-101127,2026-04,212.5,28,39.2,1393
CUST-101127,2026-05,180.5,21,47.4,1516
CUST-101127,2026-06,155.5,22,65.2,912
CUST-101127,2026-07,158.6,22,36.6,1208
CUST-101127,2026-08,142.0,16,39.1,1531
CUST-101128,2026-03,210.5,35,55.1,1975
CUST-101128,2026-04,170.3,26,67.9,1028
CUST-101128,2026-05,191.3,28,56.9,1754
CUST-101128,2026-06,150.2,12,75.0,1394
CUST-101128,2026-07,165.0,30,57.2,1408
CUST-101128,2026-08,167.2,28,42.9,827
CUST-101129,2026-03,190.7,28,40.8,1968
CUST-101129,2026-04,181.0,28,73.2,1813
CUST-101129,2026-05,179.4,30,30.5,1826
CUST-101129,2026-06,171.6,28,36.3,1586
CUST-101129,2026-07,163.1,23,43.6,1630
CUST-101129,2026-08,181.7,30,44.7,1564
CUST-101130,2026-03,182.8,27,60.1,1377
CUST-101130,2026-04,214.6,26,48.3,2159
CUST-101130,2026-05,165.5,23,62.4,1645
CUST-101130,2026-06,162.7,20,51.8,1600
CUST-101130,2026-07,153.9,24,51.1,1408
CUST-101130,2026-08,153.7,23,60.9,1017
CUST-101131,2026-03,201.7,25,43.7,1668
CUST-101131,2026-04,183.0,24,68.3,1369
CUST-101131,2026-05,145.0,19,31.3,1607
CUST-101131,2026-06,169.8,18,47.9,1886
CUST-101131,2026-07,86.1,17,54.8,766
CUST-101131,2026-08,87.0,11,25.1,711
CUST-101132,2026-03,196.9,33,42.0,1094
CUST-101132,2026-04,190.9,31,60.5,2323
CUST-101132,2026-05,198.6,34,33.5,2368
CUST-101132,2026-06,180.0,30,57.1,1788
CUST-101132,2026-07,203.7,29,69.0,1807
CUST-101132,2026-08,200.9,26,86.3,1696
CUST-101133,2026-03,894.4,132,51.3,9697
CUST-101133,2026-04,1049.8,153,65.8,8298
CUST-101133,2026-05,824.8,119,44.2,6913
CUST-101133,2026-06,980.9,140,43.6,6291
CUST-101133,2026-07,999.5,142,57.7,5862
CUST-101133,2026-08,864.6,122,61.4,9157
CUST-101134,2026-03,164.4,29,68.7,1166
CUST-101134,2026-04,168.7,19,32.6,2076
CUST-101134,2026-05,121.7,17,49.5,1353
CUST-101134,2026-06,123.6,11,63.2,1418
CUST-101134,2026-07,121.1,16,54.1,1287
CUST-101134,2026-08,102.8,24,54.2,883
CUST-101135,2026-03,88.6,15,63.4,724
CUST-101135,2026-04,83.2,12,48.7,854
CUST-101135,2026-05,85.8,9,55.6,890
CUST-101135,2026-06,76.3,4,65.2,707
CUST-101135,2026-07,80.9,12,35.5,568
CUST-101135,2026-08,84.6,13,76.8,898
CUST-101136,2026-03,147.4,16,43.6,1412
CUST-101136,2026-04,162.6,20,39.9,1480
CUST-101136,2026-05,148.2,20,52.7,1545
CUST-101136,2026-06,149.3,17,49.9,1593
CUST-101136,2026-07,74.0,13,52.9,497
CUST-101136,2026-08,104.7,18,56.9,1024
CUST-101137,2026-03,84.2,10,48.0,812
CUST-101137,2026-04,77.6,8,40.0,645
CUST-101137,2026-05,84.8,11,65.4,571
CUST-101137,2026-06,81.6,15,67.9,800
CUST-101137,2026-07,85.0,10,67.8,543
CUST-101137,2026-08,83.6,13,65.2,551
CUST-101138,2026-03,187.4,12,61.2,1508
CUST-101138,2026-04,164.1,24,48.0,1256
CUST-101138,2026-05,166.5,25,56.8,1521
CUST-101138,2026-06,138.6,21,40.2,1223
CUST-101138,2026-07,144.8,25,37.3,1199
CUST-101138,2026-08,94.5,12,30.9,1094
CUST-101139,2026-03,74.7,9,37.8,533
CUST-101139,2026-04,74.9,15,53.6,589
CUST-101139,2026-05,67.7,9,56.9,612
CUST-101139,2026-06,46.3,11,58.0,390
CUST-101139,2026-07,41.3,8,46.8,400
CUST-101139,2026-08,38.8,10,33.0,352
CUST-101140,2026-03,393.5,58,80.6,3342
CUST-101140,2026-04,375.7,58,38.3,3416
CUST-101140,2026-05,320.6,53,67.2,2421
CUST-101140,2026-06,344.9,47,44.4,2232
CUST-101140,2026-07,407.9,55,56.9,3540
CUST-101140,2026-08,382.8,59,48.6,3994
CUST-101141,2026-03,164.5,32,33.2,1316
CUST-101141,2026-04,187.1,22,42.5,1371
CUST-101141,2026-05,201.1,23,54.0,1518
CUST-101141,2026-06,162.6,16,66.8,1768
CUST-101141,2026-07,177.9,22,74.2,1626
CUST-101141,2026-08,186.5,31,68.8,1734
CUST-101142,2026-03,892.6,131,51.7,6856
CUST-101142,2026-04,773.9,103,53.9,6720
CUST-101142,2026-05,834.2,121,60.2,6892
CUST-101142,2026-06,972.5,137,24.0,11198
CUST-101142,2026-07,1021.3,141,79.1,10915
CUST-101142,2026-08,1011.1,143,44.9,14451
CUST-101143,2026-03,194.7,29,40.7,2097
CUST-101143,2026-04,173.3,21,42.3,1716
CUST-101143,2026-05,166.4,27,67.1,1192
CUST-101143,2026-06,137.5,16,37.2,1331
CUST-101143,2026-07,105.8,13,53.8,1092
CUST-101143,2026-08,106.4,20,33.0,981
CUST-101144,2026-03,199.2,39,68.4,1950
CUST-101144,2026-04,174.9,23,56.7,269
CUST-101144,2026-05,140.4,22,59.8,729
CUST-101144,2026-06,132.7,23,48.8,1197
CUST-101144,2026-07,120.4,15,50.3,1135
CUST-101144,2026-08,88.6,12,44.5,1051
CUST-101145,2026-03,343.0,47,46.4,2274
CUST-101145,2026-04,358.1,45,50.3,3369
CUST-101145,2026-05,306.5,43,55.4,2902
CUST-101145,2026-06,308.4,44,45.6,2777
CUST-101145,2026-07,254.1,33,46.5,2372
CUST-101145,2026-08,355.8,47,52.7,3352
CUST-101146,2026-03,365.5,51,59.2,3503
CUST-101146,2026-04,306.0,46,43.8,2896
CUST-101146,2026-05,276.1,30,54.3,2969
CUST-101146,2026-06,289.3,34,48.9,3030
CUST-101146,2026-07,235.9,30,31.6,1622
CUST-101146,2026-08,189.0,32,28.1,823
CUST-101147,2026-03,72.2,12,56.5,722
CUST-101147,2026-04,81.1,12,57.0,840
CUST-101147,2026-05,93.0,16,64.9,1152
CUST-101147,2026-06,85.8,5,74.6,904
CUST-101147,2026-07,83.1,15,45.4,714
CUST-101147,2026-08,85.0,17,47.0,802
CUST-101148,2026-03,203.7,29,43.6,2140
CUST-101148,2026-04,194.9,28,67.4,1333
CUST-101148,2026-05,181.0,27,56.8,1471
CUST-101148,2026-06,177.6,24,38.5,948
CUST-101148,2026-07,144.9,16,57.1,1241
CUST-101148,2026-08,148.5,16,58.1,1692
CUST-101149,2026-03,183.4,24,48.6,1773
CUST-101149,2026-04,176.4,30,61.8,1557
CUST-101149,2026-05,156.7,16,50.0,1487
CUST-101149,2026-06,174.1,32,54.8,2192
CUST-101149,2026-07,154.7,24,51.1,1623
CUST-101149,2026-08,129.2,15,38.0,1159
CUST-101150,2026-03,173.0,21,56.3,1408
CUST-101150,2026-04,169.2,25,64.7,1052
CUST-101150,2026-05,184.4,25,67.7,1655
CUST-101150,2026-06,201.5,20,48.3,1620
CUST-101150,2026-07,177.6,26,47.8,1357
CUST-101150,2026-08,194.5,26,66.7,1469
CUST-101151,2026-03,168.9,25,65.0,1527
CUST-101151,2026-04,177.7,24,66.2,1131
CUST-101151,2026-05,213.5,31,61.7,2583
CUST-101151,2026-06,191.2,28,59.1,1681
CUST-101151,2026-07,190.3,31,66.3,1354
CUST-101151,2026-08,190.7,31,68.1,2251
CUST-101152,2026-03,70.3,10,65.8,682
CUST-101152,2026-04,70.8,3,48.2,610
CUST-101152,2026-05,74.7,12,50.5,707
CUST-101152,2026-06,54.0,1,49.6,517
CUST-101152,2026-07,51.5,6,46.8,595
CUST-101152,2026-08,55.5,9,35.3,411
CUST-101153,2026-03,173.8,30,53.2,1809
CUST-101153,2026-04,179.8,24,68.6,1163
CUST-101153,2026-05,171.0,27,39.2,1087
CUST-101153,2026-06,141.0,21,64.4,1109
CUST-101153,2026-07,111.1,11,40.2,1134
CUST-101153,2026-08,124.8,16,27.0,1072
CUST-101154,2026-03,187.0,20,38.5,2099
CUST-101154,2026-04,182.4,22,54.7,1592
CUST-101154,2026-05,156.2,27,65.7,1696
CUST-101154,2026-06,156.0,28,54.3,1871
CUST-101154,2026-07,157.2,30,52.6,1125
CUST-101154,2026-08,136.8,13,65.1,1102
CUST-101155,2026-03,154.4,20,62.5,1268
CUST-101155,2026-04,174.7,23,44.6,1853
CUST-101155,2026-05,182.9,29,42.1,2104
CUST-101155,2026-06,193.1,25,48.5,2334
CUST-101155,2026-07,178.2,16,52.4,1675
CUST-101155,2026-08,184.1,26,51.0,1571
CUST-101156,2026-03,74.3,6,59.2,738
CUST-101156,2026-04,78.2,9,51.1,808
CUST-101156,2026-05,73.2,11,62.1,754
CUST-101156,2026-06,77.9,5,47.3,1000
CUST-101156,2026-07,79.7,8,46.0,885
CUST-101156,2026-08,84.8,10,68.7,755
CUST-101157,2026-03,810.6,111,30.0,6853
CUST-101157,2026-04,897.5,132,56.8,7021
CUST-101157,2026-05,1085.8,154,47.5,6098
CUST-101157,2026-06,929.1,133,39.9,3096
CUST-101157,2026-07,933.8,136,43.7,8164
CUST-101157,2026-08,940.6,135,60.0,7704
CUST-101158,2026-03,132.3,14,50.5,1194
CUST-101158,2026-04,175.0,24,41.5,1608
CUST-101158,2026-05,177.5,22,51.0,1737
CUST-101158,2026-06,151.0,19,55.3,1082
CUST-101158,2026-07,160.4,17,53.2,1568
CUST-101158,2026-08,132.8,24,44.1,1187
CUST-101159,2026-03,76.1,7,55.1,816
CUST-101159,2026-04,75.5,10,59.9,717
CUST-101159,2026-05,72.9,10,55.8,772
CUST-101159,2026-06,62.8,11,61.6,560
CUST-101159,2026-07,62.7,18,47.1,478
CUST-101159,2026-08,51.5,10,49.6,506
CUST-101160,2026-03,64.5,1,40.1,603
CUST-101160,2026-04,75.6,10,58.9,570
CUST-101160,2026-05,79.9,7,56.8,834
CUST-101160,2026-06,85.4,10,68.9,918
CUST-101160,2026-07,88.4,12,58.5,846
CUST-101160,2026-08,76.4,7,59.6,792
CUST-101161,2026-03,80.9,5,73.8,514
CUST-101161,2026-04,70.6,13,44.8,649
CUST-101161,2026-05,75.9,11,56.5,612
CUST-101161,2026-06,82.4,12,43.6,716
CUST-101161,2026-07,77.3,16,55.9,792
CUST-101161,2026-08,94.7,10,75.9,899
CUST-101162,2026-03,79.8,12,59.6,983
CUST-101162,2026-04,84.4,12,50.5,745
CUST-101162,2026-05,83.3,16,38.3,1027
CUST-101162,2026-06,83.3,11,56.3,772
CUST-101162,2026-07,82.1,16,65.9,781
CUST-101162,2026-08,83.5,10,58.9,859
CUST-101163,2026-03,88.3,19,52.2,903
CUST-101163,2026-04,86.4,13,45.0,932
CUST-101163,2026-05,89.2,14,33.2,714
CUST-101163,2026-06,87.4,18,49.8,974
CUST-101163,2026-07,89.4,16,55.2,798
CUST-101163,2026-08,79.1,13,45.2,676
CUST-101164,2026-03,87.0,19,58.2,742
CUST-101164,2026-04,78.8,5,64.6,390
CUST-101164,2026-05,66.6,9,39.4,618
CUST-101164,2026-06,56.0,9,51.9,526
CUST-101164,2026-07,48.4,1,58.4,383
CUST-101164,2026-08,56.2,18,59.3,440
CUST-101165,2026-03,335.4,51,70.7,3061
CUST-101165,2026-04,366.8,53,48.0,2801
CUST-101165,2026-05,378.2,58,84.4,3372
CUST-101165,2026-06,357.8,50,56.5,2812
CUST-101165,2026-07,345.0,45,46.4,1680
CUST-101165,2026-08,342.2,54,51.2,2975
CUST-101166,2026-03,78.9,17,48.6,1007
CUST-101166,2026-04,80.7,14,61.6,699
CUST-101166,2026-05,83.5,12,65.1,935
CUST-101166,2026-06,74.4,6,41.7,556
CUST-101166,2026-07,73.7,7,61.0,624
CUST-101166,2026-08,68.0,6,41.0,646
CUST-101167,2026-03,88.0,7,41.4,939
CUST-101167,2026-04,84.0,8,54.6,337
CUST-101167,2026-05,54.6,3,45.3,522
CUST-101167,2026-06,53.8,1,52.4,301
CUST-101167,2026-07,53.5,14,50.6,539
CUST-101167,2026-08,49.4,7,28.1,469
CUST-101168,2026-03,401.5,56,63.5,4391
CUST-101168,2026-04,418.5,52,65.3,2727
CUST-101168,2026-05,320.5,41,34.6,2756
CUST-101168,2026-06,232.5,34,34.3,2145
CUST-101168,2026-07,195.3,39,40.6,1623
CUST-101168,2026-08,237.4,39,52.4,2392
CUST-101169,2026-03,81.6,14,49.6,710
CUST-101169,2026-04,80.5,15,52.4,762
CUST-101169,2026-05,64.4,4,34.9,672
CUST-101169,2026-06,62.4,6,44.9,598
CUST-101169,2026-07,48.2,11,47.8,609
CUST-101169,2026-08,42.8,8,37.1,242
CUST-101170,2026-03,901.5,136,62.4,8047
CUST-101170,2026-04,971.1,140,51.8,9694
CUST-101170,2026-05,788.6,117,64.7,7825
CUST-101170,2026-06,688.3,96,61.5,7018
CUST-101170,2026-07,553.5,81,44.7,5222
CUST-101170,2026-08,654.5,84,35.5,4719
CUST-101171,2026-03,183.7,34,41.9,1835
CUST-101171,2026-04,140.5,25,28.6,1343
CUST-101171,2026-05,119.4,19,69.3,779
CUST-101171,2026-06,127.3,16,65.9,1061
CUST-101171,2026-07,118.7,15,40.2,1130
CUST-101171,2026-08,82.9,4,40.1,543
CUST-101172,2026-03,74.9,9,72.7,522
CUST-101172,2026-04,65.4,14,44.0,584
CUST-101172,2026-05,58.8,7,47.6,507
CUST-101172,2026-06,48.5,14,53.4,504
CUST-101172,2026-07,43.4,1,26.2,449
CUST-101172,2026-08,46.3,6,52.1,336
CUST-101173,2026-03,83.3,10,43.8,675
CUST-101173,2026-04,76.3,17,54.7,413
CUST-101173,2026-05,82.2,7,61.1,690
CUST-101173,2026-06,93.5,2,46.0,780
CUST-101173,2026-07,72.6,21,61.4,735
CUST-101173,2026-08,83.8,4,69.5,645
CUST-101174,2026-03,80.7,8,58.4,854
CUST-101174,2026-04,69.2,4,57.9,712
CUST-101174,2026-05,72.6,6,53.9,580
CUST-101174,2026-06,56.1,9,43.3,383
CUST-101174,2026-07,41.2,1,26.0,265
CUST-101174,2026-08,41.9,7,57.7,444
CUST-101175,2026-03,156.1,27,60.9,1020
CUST-101175,2026-04,182.1,26,55.3,1631
CUST-101175,2026-05,172.0,20,43.8,1522
CUST-101175,2026-06,164.2,21,62.4,1764
CUST-101175,2026-07,183.8,30,60.4,1367
CUST-101175,2026-08,196.1,24,34.6,1956
CUST-101176,2026-03,170.5,23,35.7,1833
CUST-101176,2026-04,173.4,22,58.1,1598
CUST-101176,2026-05,209.6,25,62.3,1645
CUST-101176,2026-06,193.3,26,51.0,1843
CUST-101176,2026-07,153.1,29,50.8,1353
CUST-101176,2026-08,144.5,22,49.6,1361
CUST-101177,2026-03,180.0,34,45.2,1821
CUST-101177,2026-04,170.8,19,54.0,1291
CUST-101177,2026-05,155.0,20,59.8,1226
CUST-101177,2026-06,123.3,19,39.9,1156
CUST-101177,2026-07,102.1,3,45.0,904
CUST-101177,2026-08,118.7,14,49.7,1254
CUST-101178,2026-03,81.4,4,53.5,499
CUST-101178,2026-04,80.6,9,52.9,981
CUST-101178,2026-05,90.8,20,44.2,1008
CUST-101178,2026-06,99.9,9,67.7,802
CUST-101178,2026-07,66.5,7,50.2,506
CUST-101178,2026-08,74.9,10,79.6,550
CUST-101179,2026-03,370.3,61,49.5,3841
CUST-101179,2026-04,407.3,54,58.2,3211
CUST-101179,2026-05,421.7,65,60.8,3125
CUST-101179,2026-06,382.4,56,78.0,2503
CUST-101179,2026-07,424.5,64,57.4,4222
CUST-101179,2026-08,402.8,56,47.5,2908
CUST-101180,2026-03,183.5,32,62.8,1882
CUST-101180,2026-04,206.1,28,53.5,2208
CUST-101180,2026-05,173.6,29,65.5,2240
CUST-101180,2026-06,172.6,26,42.9,914
CUST-101180,2026-07,197.5,24,55.9,904
CUST-101180,2026-08,214.5,29,84.2,1838
CUST-101181,2026-03,66.4,10,53.4,727
CUST-101181,2026-04,81.6,10,45.7,773
CUST-101181,2026-05,72.4,6,38.6,696
CUST-101181,2026-06,74.7,13,40.5,620
CUST-101181,2026-07,71.1,6,52.3,774
CUST-101181,2026-08,70.0,7,41.7,566
CUST-101182,2026-03,372.9,51,70.9,3989
CUST-101182,2026-04,297.1,41,52.1,2116
CUST-101182,2026-05,290.0,43,52.2,2650
CUST-101182,2026-06,280.5,46,37.7,2927
CUST-101182,2026-07,238.8,33,40.8,2157
CUST-101182,2026-08,180.3,21,40.1,1437
CUST-101183,2026-03,79.0,8,59.7,792
CUST-101183,2026-04,83.7,7,48.2,796
CUST-101183,2026-05,74.7,9,42.7,819
CUST-101183,2026-06,89.7,13,82.0,746
CUST-101183,2026-07,67.8,6,29.2,489
CUST-101183,2026-08,77.4,6,60.8,733
CUST-101184,2026-03,184.5,24,78.9,1274
CUST-101184,2026-04,170.8,17,30.8,1757
CUST-101184,2026-05,156.1,26,67.8,1406
CUST-101184,2026-06,131.7,19,35.6,1467
CUST-101184,2026-07,131.1,22,26.6,877
CUST-101184,2026-08,103.3,10,51.4,1102
CUST-101185,2026-03,75.9,15,46.1,654
CUST-101185,2026-04,92.0,6,34.7,810
CUST-101185,2026-05,85.9,14,73.7,750
CUST-101185,2026-06,84.7,13,68.5,785
CUST-101185,2026-07,103.5,9,45.9,747
CUST-101185,2026-08,81.5,13,58.2,722
CUST-101186,2026-03,842.6,112,46.1,9060
CUST-101186,2026-04,857.9,115,65.9,5538
CUST-101186,2026-05,815.8,113,69.8,8597
CUST-101186,2026-06,633.8,93,29.3,6280
CUST-101186,2026-07,634.4,88,28.8,5542
CUST-101186,2026-08,493.8,66,49.2,4430
CUST-101187,2026-03,380.4,51,58.0,4474
CUST-101187,2026-04,367.5,50,74.9,3714
CUST-101187,2026-05,367.7,53,72.5,4045
CUST-101187,2026-06,414.9,62,70.6,3888
CUST-101187,2026-07,376.7,57,41.1,3101
CUST-101187,2026-08,418.2,48,69.2,2984
CUST-101188,2026-03,164.2,22,33.1,1442
CUST-101188,2026-04,165.8,21,70.1,1042
CUST-101188,2026-05,146.3,33,33.1,1549
CUST-101188,2026-06,141.7,16,16.5,792
CUST-101188,2026-07,114.0,14,24.0,1024
CUST-101188,2026-08,97.5,8,46.9,1108
CUST-101189,2026-03,376.0,53,55.6,3575
CUST-101189,2026-04,381.2,53,66.6,3066
CUST-101189,2026-05,306.6,43,60.2,3004
CUST-101189,2026-06,329.2,49,56.6,3433
CUST-101189,2026-07,258.6,36,56.1,2662
CUST-101189,2026-08,189.6,32,36.3,1749
CUST-101190,2026-03,76.7,16,53.1,730
CUST-101190,2026-04,81.5,16,67.7,759
CUST-101190,2026-05,86.0,7,58.8,657
CUST-101190,2026-06,78.8,9,59.4,699
CUST-101190,2026-07,98.1,12,29.9,838
CUST-101190,2026-08,66.6,11,56.2,621
CUST-101191,2026-03,323.2,48,39.9,3654
CUST-101191,2026-04,321.7,48,48.7,3633
CUST-101191,2026-05,299.3,43,28.9,1698
CUST-101191,2026-06,246.2,37,51.2,2817
CUST-101191,2026-07,234.2,33,65.1,1873
CUST-101191,2026-08,179.8,24,35.3,1482
CUST-101192,2026-03,163.8,21,65.6,1715
CUST-101192,2026-04,145.8,28,61.3,1502
CUST-101192,2026-05,161.0,22,48.9,725
CUST-101192,2026-06,146.3,17,67.6,1651
CUST-101192,2026-07,90.2,15,59.7,976
CUST-101192,2026-08,121.0,14,40.7,1240
CUST-101193,2026-03,903.2,128,43.4,4618
CUST-101193,2026-04,908.4,128,63.5,8962
CUST-101193,2026-05,946.1,134,40.1,7757
CUST-101193,2026-06,918.2,134,80.7,7609
CUST-101193,2026-07,893.2,126,63.9,8649
CUST-101193,2026-08,806.9,119,37.3,8033
CUST-101194,2026-03,77.1,9,44.2,555
CUST-101194,2026-04,79.7,5,45.7,1042
CUST-101194,2026-05,69.9,9,52.5,516
CUST-101194,2026-06,71.9,5,47.9,645
CUST-101194,2026-07,88.9,14,49.6,784
CUST-101194,2026-08,86.6,7,39.5,785
CUST-101195,2026-03,166.3,24,52.1,1675
CUST-101195,2026-04,195.7,29,51.8,2036
CUST-101195,2026-05,145.4,18,64.3,1007
CUST-101195,2026-06,151.9,18,55.4,1477
CUST-101195,2026-07,143.9,25,73.4,1370
CUST-101195,2026-08,115.8,14,18.0,495
CUST-101196,2026-03,416.0,61,21.7,3924
CUST-101196,2026-04,353.5,48,51.8,3523
CUST-101196,2026-05,418.1,57,45.8,4153
CUST-101196,2026-06,399.4,60,67.2,4146
CUST-101196,2026-07,326.1,47,60.5,2924
CUST-101196,2026-08,311.8,40,47.7,2483
CUST-101197,2026-03,172.7,32,65.7,1076
CUST-101197,2026-04,207.4,28,76.9,2175
CUST-101197,2026-05,190.6,27,34.7,1531
CUST-101197,2026-06,191.2,19,60.5,1835
CUST-101197,2026-07,137.6,15,49.7,1264
CUST-101197,2026-08,186.0,31,45.2,1048
CUST-101198,2026-03,396.0,58,78.1,4070
CUST-101198,2026-04,409.1,57,44.4,3361
CUST-101198,2026-05,389.6,53,45.5,3691
CUST-101198,2026-06,411.5,54,36.0,2901
CUST-101198,2026-07,322.0,43,43.4,2539
CUST-101198,2026-08,381.9,52,39.3,3559
CUST-101199,2026-03,418.8,61,74.4,4251
CUST-101199,2026-04,319.9,45,63.6,2750
CUST-101199,2026-05,314.0,51,70.4,2931
CUST-101199,2026-06,303.8,47,66.0,2890
CUST-101199,2026-07,302.4,45,45.7,2449
CUST-101199,2026-08,223.1,33,48.7,1119
CUST-101200,2026-03,166.0,30,58.3,1750
CUST-101200,2026-04,183.1,21,81.0,1566
CUST-101200,2026-05,193.6,31,61.1,1845
CUST-101200,2026-06,185.3,26,54.9,1121
CUST-101200,2026-07,207.0,27,64.0,2065
CUST-101200,2026-08,183.7,37,68.7,1640
CUST-101201,2026-03,182.0,25,31.4,1145
CUST-101201,2026-04,199.2,27,74.5,2094
CUST-101201,2026-05,144.7,19,42.9,1400
CUST-101201,2026-06,170.7,26,53.8,1068
CUST-101201,2026-07,147.6,13,72.0,1532
CUST-101201,2026-08,127.8,24,51.2,1458
CUST-101202,2026-03,82.9,14,61.5,763
CUST-101202,2026-04,62.9,11,52.0,505
CUST-101202,2026-05,54.6,9,38.8,269
CUST-101202,2026-06,62.7,10,18.0,425
CUST-101202,2026-07,58.9,10,54.7,742
CUST-101202,2026-08,60.2,5,65.3,639
CUST-101203,2026-03,75.3,11,30.7,769
CUST-101203,2026-04,79.1,13,43.2,1000
CUST-101203,2026-05,73.8,9,70.4,486
CUST-101203,2026-06,72.6,8,79.4,657
CUST-101203,2026-07,62.6,6,43.8,635
CUST-101203,2026-08,61.3,2,43.5,467
CUST-101204,2026-03,374.0,49,72.1,2169
CUST-101204,2026-04,269.8,37,40.7,1872
CUST-101204,2026-05,260.2,45,44.2,2314
CUST-101204,2026-06,233.3,25,45.3,2313
CUST-101204,2026-07,265.4,37,65.5,1951
CUST-101204,2026-08,218.4,35,42.6,1560
CUST-101205,2026-03,351.1,49,62.8,4001
CUST-101205,2026-04,382.2,52,58.5,4426
CUST-101205,2026-05,345.4,46,46.5,2421
CUST-101205,2026-06,348.4,51,37.2,2791
CUST-101205,2026-07,343.5,48,54.9,3745
CUST-101205,2026-08,335.6,46,68.4,2266
CUST-101206,2026-03,198.8,29,74.3,1058
CUST-101206,2026-04,181.2,32,55.5,1860
CUST-101206,2026-05,167.8,22,50.0,2032
CUST-101206,2026-06,136.2,13,47.2,1076
CUST-101206,2026-07,129.4,9,50.1,1147
CUST-101206,2026-08,152.5,16,56.6,1691
CUST-101207,2026-03,186.5,33,57.7,1871
CUST-101207,2026-04,168.0,25,65.4,1326
CUST-101207,2026-05,204.1,30,53.8,1619
CUST-101207,2026-06,159.6,29,66.7,1537
CUST-101207,2026-07,165.5,24,55.8,1335
CUST-101207,2026-08,184.2,36,64.7,1066
CUST-101208,2026-03,412.2,57,51.7,3641
CUST-101208,2026-04,357.6,53,58.9,2215
CUST-101208,2026-05,400.1,53,57.6,2395
CUST-101208,2026-06,390.5,57,48.9,3770
CUST-101208,2026-07,385.5,54,74.9,3741
CUST-101208,2026-08,332.5,44,66.0,3504
CUST-101209,2026-03,176.8,20,46.4,1924
CUST-101209,2026-04,157.3,19,54.8,1332
CUST-101209,2026-05,160.9,23,60.6,1147
CUST-101209,2026-06,107.5,7,47.4,1093
CUST-101209,2026-07,143.1,20,49.2,1565
CUST-101209,2026-08,123.1,15,33.8,1173
CUST-101210,2026-03,850.3,118,42.6,5586
CUST-101210,2026-04,986.3,139,56.2,12187
CUST-101210,2026-05,995.0,144,44.4,9636
CUST-101210,2026-06,993.6,144,28.9,7992
CUST-101210,2026-07,859.2,112,65.4,8035
CUST-101210,2026-08,1050.8,148,72.9,10596
CUST-101211,2026-03,411.7,61,56.8,3074
CUST-101211,2026-04,409.6,62,47.3,4190
CUST-101211,2026-05,454.8,64,43.0,3491
CUST-101211,2026-06,377.3,54,62.9,3950
CUST-101211,2026-07,434.5,64,75.7,2876
CUST-101211,2026-08,410.0,60,77.7,3925
CUST-101212,2026-03,185.1,27,46.2,1812
CUST-101212,2026-04,170.4,21,76.0,1796
CUST-101212,2026-05,135.9,17,37.0,1000
CUST-101212,2026-06,135.5,15,41.8,1115
CUST-101212,2026-07,90.4,11,29.0,666
CUST-101212,2026-08,104.6,23,30.6,621
CUST-101213,2026-03,193.7,31,76.5,1572
CUST-101213,2026-04,166.6,15,55.3,1444
CUST-101213,2026-05,148.6,17,84.4,1202
CUST-101213,2026-06,118.5,16,67.0,1327
CUST-101213,2026-07,132.5,23,14.5,1337
CUST-101213,2026-08,76.5,7,39.5,849
CUST-101214,2026-03,84.1,7,68.6,956
CUST-101214,2026-04,67.7,9,47.3,944
CUST-101214,2026-05,64.0,9,33.3,596
CUST-101214,2026-06,45.4,1,35.6,325
CUST-101214,2026-07,55.8,8,77.4,384
CUST-101214,2026-08,33.5,1,61.1,328
CUST-101215,2026-03,86.2,13,59.9,1015
CUST-101215,2026-04,78.4,19,45.5,764
CUST-101215,2026-05,71.0,1,71.2,642
CUST-101215,2026-06,77.3,9,62.4,455
CUST-101215,2026-07,84.1,12,46.4,666
CUST-101215,2026-08,95.6,8,44.8,496
CUST-101216,2026-03,182.2,27,60.7,1890
CUST-101216,2026-04,166.6,21,65.5,1376
CUST-101216,2026-05,159.1,21,45.5,1647
CUST-101216,2026-06,138.0,20,42.4,1341
CUST-101216,2026-07,134.6,23,40.7,1253
CUST-101216,2026-08,120.4,18,39.3,1134
CUST-101217,2026-03,175.3,27,66.1,1412
CUST-101217,2026-04,178.9,25,63.5,1427
CUST-101217,2026-05,155.1,21,71.1,1359
CUST-101217,2026-06,180.8,30,35.3,1464
CUST-101217,2026-07,181.2,28,68.8,1255
CUST-101217,2026-08,156.5,27,55.9,1387
CUST-101218,2026-03,164.0,18,48.7,1111
CUST-101218,2026-04,150.3,17,52.7,1551
CUST-101218,2026-05,137.5,19,45.7,1072
CUST-101218,2026-06,134.7,25,68.0,1252
CUST-101218,2026-07,121.5,14,39.1,1241
CUST-101218,2026-08,84.2,14,72.0,727
CUST-101219,2026-03,399.3,57,55.5,2872
CUST-101219,2026-04,328.3,51,61.7,3275
CUST-101219,2026-05,317.4,41,57.2,3032
CUST-101219,2026-06,242.3,34,50.7,2823
CUST-101219,2026-07,198.3,30,64.3,1899
CUST-101219,2026-08,203.5,28,24.0,1787
CUST-101220,2026-03,188.7,23,47.6,1582
CUST-101220,2026-04,159.8,19,52.3,1564
CUST-101220,2026-05,171.9,23,56.1,1881
CUST-101220,2026-06,175.4,32,67.7,1836
CUST-101220,2026-07,150.0,19,65.7,1473
CUST-101220,2026-08,135.2,22,45.1,1281
CUST-101221,2026-03,87.4,16,59.6,848
CUST-101221,2026-04,79.9,7,39.0,1218
CUST-101221,2026-05,83.8,16,59.1,899
CUST-101221,2026-06,84.9,19,43.2,531
CUST-101221,2026-07,88.8,14,55.3,621
CUST-101221,2026-08,70.4,15,58.9,718
CUST-101222,2026-03,171.4,26,62.4,1723
CUST-101222,2026-04,173.2,26,58.9,1631
CUST-101222,2026-05,183.6,20,74.1,2298
CUST-101222,2026-06,158.1,30,57.0,1731
CUST-101222,2026-07,203.8,29,60.3,2514
CUST-101222,2026-08,149.9,9,61.0,1213
CUST-101223,2026-03,177.7,24,64.8,1657
CUST-101223,2026-04,175.2,24,69.5,1310
CUST-101223,2026-05,196.6,28,40.5,1683
CUST-101223,2026-06,152.5,20,61.3,1535
CUST-101223,2026-07,184.1,21,36.1,1556
CUST-101223,2026-08,194.8,24,54.7,1846
CUST-101224,2026-03,364.5,51,81.2,2525
CUST-101224,2026-04,401.5,61,49.7,3601
CUST-101224,2026-05,308.1,45,49.4,2648
CUST-101224,2026-06,262.7,36,52.6,3112
CUST-101224,2026-07,265.8,35,20.9,2089
CUST-101224,2026-08,275.8,41,34.5,2787
CUST-101225,2026-03,76.7,12,59.8,663
CUST-101225,2026-04,94.1,14,35.9,873
CUST-101225,2026-05,87.6,13,55.4,759
CUST-101225,2026-06,86.8,4,74.7,826
CUST-101225,2026-07,78.3,9,61.7,582
CUST-101225,2026-08,83.5,26,50.0,807
CUST-101226,2026-03,185.8,29,37.1,859
CUST-101226,2026-04,169.6,28,56.2,1513
CUST-101226,2026-05,155.6,26,76.7,1386
CUST-101226,2026-06,215.2,32,35.8,2363
CUST-101226,2026-07,203.1,26,37.4,1519
CUST-101226,2026-08,196.9,28,41.7,2308
CUST-101227,2026-03,916.4,123,73.9,7904
CUST-101227,2026-04,909.8,124,24.0,8291
CUST-101227,2026-05,721.7,105,47.2,7117
CUST-101227,2026-06,617.9,85,60.0,7101
CUST-101227,2026-07,508.8,68,37.6,3708
CUST-101227,2026-08,324.9,48,35.9,3175
CUST-101228,2026-03,174.4,18,47.3,873
CUST-101228,2026-04,184.8,25,66.2,2181
CUST-101228,2026-05,198.0,29,54.4,1330
CUST-101228,2026-06,180.4,28,50.7,1152
CUST-101228,2026-07,204.6,24,66.7,1486
CUST-101228,2026-08,190.8,29,42.2,2270
CUST-101229,2026-03,186.5,23,50.2,1082
CUST-101229,2026-04,177.4,22,38.1,1748
CUST-101229,2026-05,188.7,33,47.4,1458
CUST-101229,2026-06,123.3,18,43.7,1324
CUST-101229,2026-07,106.3,13,44.2,896
CUST-101229,2026-08,123.1,17,58.8,1284
CUST-101230,2026-03,845.4,117,56.1,9640
CUST-101230,2026-04,926.0,130,62.4,6692
CUST-101230,2026-05,972.5,139,44.2,9178
CUST-101230,2026-06,970.5,145,47.9,7644
CUST-101230,2026-07,899.7,130,45.7,9936
CUST-101230,2026-08,965.7,132,65.9,8779
CUST-101231,2026-03,183.7,30,49.3,1755
CUST-101231,2026-04,167.4,24,59.7,1532
CUST-101231,2026-05,159.1,24,59.0,2106
CUST-101231,2026-06,133.1,5,32.3,1121
CUST-101231,2026-07,132.7,16,41.2,1100
CUST-101231,2026-08,68.4,4,47.7,480
CUST-101232,2026-03,80.8,4,52.5,876
CUST-101232,2026-04,76.4,16,55.1,832
CUST-101232,2026-05,73.4,18,58.1,458
CUST-101232,2026-06,55.2,7,48.4,531
CUST-101232,2026-07,52.7,1,61.6,396
CUST-101232,2026-08,55.9,13,50.1,574
CUST-101233,2026-03,198.3,35,53.8,1902
CUST-101233,2026-04,161.0,25,54.6,1591
CUST-101233,2026-05,142.6,20,48.8,1365
CUST-101233,2026-06,134.6,19,41.7,1050
CUST-101233,2026-07,115.0,14,56.0,747
CUST-101233,2026-08,114.7,13,53.7,1280
CUST-101234,2026-03,188.1,28,51.8,2042
CUST-101234,2026-04,204.9,30,59.3,2214
CUST-101234,2026-05,172.5,28,60.5,1885
CUST-101234,2026-06,188.2,23,84.2,1683
CUST-101234,2026-07,185.3,29,32.2,1823
CUST-101234,2026-08,161.1,20,70.6,1324
CUST-101235,2026-03,363.9,60,71.6,2716
CUST-101235,2026-04,353.7,50,72.5,2561
CUST-101235,2026-05,381.8,50,61.8,3708
CUST-101235,2026-06,408.8,67,46.7,5502
CUST-101235,2026-07,346.1,50,62.8,3212
CUST-101235,2026-08,367.2,48,60.4,4199
CUST-101236,2026-03,980.7,132,49.1,9644
CUST-101236,2026-04,873.6,133,52.6,6154
CUST-101236,2026-05,896.8,128,55.1,9291
CUST-101236,2026-06,929.3,136,46.6,9255
CUST-101236,2026-07,1076.2,160,48.9,9447
CUST-101236,2026-08,914.4,134,72.4,7436
CUST-101237,2026-03,75.8,10,65.7,658
CUST-101237,2026-04,88.2,12,51.5,845
CUST-101237,2026-05,80.0,13,49.5,860
CUST-101237,2026-06,76.9,8,56.5,714
CUST-101237,2026-07,82.3,11,35.8,901
CUST-101237,2026-08,91.8,17,36.9,850
CUST-101238,2026-03,84.3,10,59.7,850
CUST-101238,2026-04,78.0,8,58.2,806
CUST-101238,2026-05,75.0,8,38.7,526
CUST-101238,2026-06,82.7,15,68.0,792
CUST-101238,2026-07,84.0,16,73.5,740
CUST-101238,2026-08,82.0,19,56.0,853
CUST-101239,2026-03,87.9,11,48.6,1020
CUST-101239,2026-04,90.1,10,33.2,852
CUST-101239,2026-05,86.9,11,55.3,832
CUST-101239,2026-06,67.8,4,55.2,478
CUST-101239,2026-07,76.9,12,54.0,633
CUST-101239,2026-08,82.1,8,36.2,500
CUST-101240,2026-03,185.8,26,63.2,1357
CUST-101240,2026-04,186.7,25,59.5,1748
CUST-101240,2026-05,148.5,22,61.0,1728
CUST-101240,2026-06,162.4,25,65.4,1247
CUST-101240,2026-07,153.0,24,67.8,1114
CUST-101240,2026-08,134.5,21,39.1,1403
CUST-101241,2026-03,393.6,52,41.2,2836
CUST-101241,2026-04,451.3,68,52.3,5118
CUST-101241,2026-05,404.4,56,59.6,4134
CUST-101241,2026-06,373.5,51,65.8,2639
CUST-101241,2026-07,405.8,67,55.8,4277
CUST-101241,2026-08,380.7,57,64.4,3501
CUST-101242,2026-03,175.7,15,73.8,1700
CUST-101242,2026-04,145.8,13,45.8,1667
CUST-101242,2026-05,144.0,18,40.7,1626
CUST-101242,2026-06,127.0,11,56.5,1717
CUST-101242,2026-07,105.4,16,29.5,842
CUST-101242,2026-08,89.5,12,44.0,622
CUST-101243,2026-03,82.9,14,34.5,732
CUST-101243,2026-04,65.6,9,42.7,686
CUST-101243,2026-05,62.9,10,42.3,489
CUST-101243,2026-06,49.8,8,38.7,530
CUST-101243,2026-07,67.2,14,35.0,591
CUST-101243,2026-08,40.7,13,43.1,361
CUST-101244,2026-03,959.8,134,57.6,9780
CUST-101244,2026-04,807.7,117,63.5,8719
CUST-101244,2026-05,742.8,97,47.8,6201
CUST-101244,2026-06,760.3,106,53.7,7079
CUST-101244,2026-07,514.4,66,40.4,2954
CUST-101244,2026-08,601.3,80,47.3,6725
CUST-101245,2026-03,85.3,17,39.4,799
CUST-101245,2026-04,74.2,9,41.7,523
CUST-101245,2026-05,78.2,13,55.1,457
CUST-101245,2026-06,72.0,20,65.1,731
CUST-101245,2026-07,84.2,14,58.8,722
CUST-101245,2026-08,77.7,8,44.8,784
CUST-101246,2026-03,79.2,19,47.2,618
CUST-101246,2026-04,77.7,8,59.6,664
CUST-101246,2026-05,70.3,15,70.5,647
CUST-101246,2026-06,68.6,9,71.7,651
CUST-101246,2026-07,69.9,6,58.4,667
CUST-101246,2026-08,78.2,9,85.6,624
CUST-101247,2026-03,379.3,48,55.9,3182
CUST-101247,2026-04,402.0,53,82.6,4610
CUST-101247,2026-05,486.3,69,70.9,4771
CUST-101247,2026-06,417.2,55,59.9,3502
CUST-101247,2026-07,389.4,58,55.2,4518
CUST-101247,2026-08,425.1,69,68.8,3563
CUST-101248,2026-03,333.9,46,59.6,3378
CUST-101248,2026-04,391.1,53,48.5,3560
CUST-101248,2026-05,443.3,63,76.7,3658
CUST-101248,2026-06,386.2,57,67.7,4745
CUST-101248,2026-07,422.0,67,64.9,3859
CUST-101248,2026-08,430.4,59,74.3,2530
CUST-101249,2026-03,916.9,128,56.8,7609
CUST-101249,2026-04,1016.7,147,30.5,11686
CUST-101249,2026-05,944.8,129,74.8,8019
CUST-101249,2026-06,966.0,135,65.4,7721
CUST-101249,2026-07,899.2,134,60.9,10355
CUST-101249,2026-08,879.0,125,57.7,8632
CUST-101250,2026-03,87.0,12,52.6,840
CUST-101250,2026-04,87.5,9,56.3,1074
CUST-101250,2026-05,84.3,9,59.3,890
CUST-101250,2026-06,87.4,12,52.9,622
CUST-101250,2026-07,87.8,7,62.6,900
CUST-101250,2026-08,90.9,18,54.8,940
CUST-101251,2026-03,412.5,53,53.2,3666
CUST-101251,2026-04,346.7,51,68.7,2080
CUST-101251,2026-05,328.3,51,47.3,3301
CUST-101251,2026-06,387.1,58,73.9,3963
CUST-101251,2026-07,370.6,54,44.8,2700
CUST-101251,2026-08,376.4,50,66.1,4135
CUST-101252,2026-03,133.4,19,74.1,1585
CUST-101252,2026-04,189.9,22,59.7,1968
CUST-101252,2026-05,181.4,24,50.0,1691
CUST-101252,2026-06,211.2,24,70.3,1303
CUST-101252,2026-07,179.9,19,65.1,844
CUST-101252,2026-08,165.7,28,43.2,1182
CUST-101253,2026-03,186.1,23,64.4,1677
CUST-101253,2026-04,143.6,14,51.8,1103
CUST-101253,2026-05,129.3,18,43.5,1529
CUST-101253,2026-06,159.0,30,44.3,1622
CUST-101253,2026-07,116.0,19,42.2,1020
CUST-101253,2026-08,84.9,14,51.1,596
CUST-101254,2026-03,174.3,24,43.3,1318
CUST-101254,2026-04,215.6,32,53.9,1495
CUST-101254,2026-05,194.7,23,54.9,1900
CUST-101254,2026-06,199.2,24,58.5,1956
CUST-101254,2026-07,202.7,25,46.5,1328
CUST-101254,2026-08,164.7,33,75.4,1494
CUST-101255,2026-03,350.0,43,48.7,2722
CUST-101255,2026-04,337.1,46,61.6,3329
CUST-101255,2026-05,452.9,65,82.7,4349
CUST-101255,2026-06,408.2,57,42.5,3186
CUST-101255,2026-07,356.6,46,48.6,2580
CUST-101255,2026-08,376.7,54,60.3,3427
CUST-101256,2026-03,83.9,13,73.3,701
CUST-101256,2026-04,77.4,9,75.7,530
CUST-101256,2026-05,68.9,10,67.6,481
CUST-101256,2026-06,74.3,8,62.9,687
CUST-101256,2026-07,67.0,9,44.8,702
CUST-101256,2026-08,92.5,14,73.7,574
CUST-101257,2026-03,351.7,57,49.3,2838
CUST-101257,2026-04,290.2,42,73.4,2418
CUST-101257,2026-05,299.6,46,37.0,3613
CUST-101257,2026-06,292.9,40,40.0,3603
CUST-101257,2026-07,318.3,46,49.8,2950
CUST-101257,2026-08,173.7,21,9.6,1146
CUST-101258,2026-03,80.6,5,42.2,622
CUST-101258,2026-04,83.8,11,40.1,856
CUST-101258,2026-05,82.8,18,66.9,606
CUST-101258,2026-06,94.5,9,42.0,763
CUST-101258,2026-07,93.8,17,43.9,697
CUST-101258,2026-08,79.1,11,55.7,473
CUST-101259,2026-03,810.8,113,69.1,5279
CUST-101259,2026-04,889.5,126,60.0,7537
CUST-101259,2026-05,750.6,113,28.0,7306
CUST-101259,2026-06,634.3,92,46.4,4546
CUST-101259,2026-07,597.0,87,65.6,6482
CUST-101259,2026-08,543.7,77,48.1,4012
CUST-101260,2026-03,75.9,11,52.0,668
CUST-101260,2026-04,75.8,7,55.4,498
CUST-101260,2026-05,71.8,6,62.9,688
CUST-101260,2026-06,52.4,7,52.3,490
CUST-101260,2026-07,45.6,5,39.8,649
CUST-101260,2026-08,45.6,4,31.1,326
CUST-101261,2026-03,321.5,45,75.3,2197
CUST-101261,2026-04,397.1,60,50.0,4837
CUST-101261,2026-05,291.0,39,45.7,2491
CUST-101261,2026-06,307.2,40,39.6,2230
CUST-101261,2026-07,239.5,34,36.4,2290
CUST-101261,2026-08,218.9,27,31.1,1879
CUST-101262,2026-03,150.8,24,56.4,1242
CUST-101262,2026-04,181.7,29,57.1,1625
CUST-101262,2026-05,175.6,27,41.6,1489
CUST-101262,2026-06,161.9,25,53.7,1291
CUST-101262,2026-07,108.6,12,39.2,1043
CUST-101262,2026-08,162.1,25,38.1,1646
CUST-101263,2026-03,154.7,15,71.5,1274
CUST-101263,2026-04,176.4,23,64.3,1378
CUST-101263,2026-05,178.8,22,46.3,1174
CUST-101263,2026-06,146.6,21,34.8,1379
CUST-101263,2026-07,139.4,23,32.9,1317
CUST-101263,2026-08,147.4,24,45.2,1606
CUST-101264,2026-03,157.0,21,34.0,1739
CUST-101264,2026-04,171.2,26,44.0,1973
CUST-101264,2026-05,138.9,20,41.5,1388
CUST-101264,2026-06,133.7,24,63.6,1497
CUST-101264,2026-07,148.3,17,32.1,1621
CUST-101264,2026-08,126.3,13,47.5,1048
CUST-101265,2026-03,71.1,10,52.3,690
CUST-101265,2026-04,62.6,12,64.2,783
CUST-101265,2026-05,65.7,6,65.8,647
CUST-101265,2026-06,78.1,11,45.4,400
CUST-101265,2026-07,80.6,16,58.3,532
CUST-101265,2026-08,64.0,16,36.0,469
CUST-101266,2026-03,70.4,7,68.4,693
CUST-101266,2026-04,62.7,3,44.9,569
CUST-101266,2026-05,52.3,7,49.3,391
CUST-101266,2026-06,52.3,10,44.2,483
CUST-101266,2026-07,53.1,9,47.2,435
CUST-101266,2026-08,45.2,3,34.4,337
CUST-101267,2026-03,158.0,21,68.2,1427
CUST-101267,2026-04,181.9,27,52.3,2040
CUST-101267,2026-05,178.9,28,71.1,1732
CUST-101267,2026-06,198.2,23,52.8,1670
CUST-101267,2026-07,187.7,24,54.7,1440
CUST-101267,2026-08,196.7,27,64.9,2506
CUST-101268,2026-03,934.6,138,65.2,11258
CUST-101268,2026-04,812.2,110,58.4,7033
CUST-101268,2026-05,620.5,86,39.7,5566
CUST-101268,2026-06,703.5,104,50.6,4492
CUST-101268,2026-07,564.4,81,48.1,6176
CUST-101268,2026-08,557.9,85,50.5,6325
CUST-101269,2026-03,85.8,7,67.3,734
CUST-101269,2026-04,77.2,12,64.1,553
CUST-101269,2026-05,79.3,8,49.0,696
CUST-101269,2026-06,73.0,7,64.7,655
CUST-101269,2026-07,90.7,11,69.8,808
CUST-101269,2026-08,69.8,2,83.0,414
CUST-101270,2026-03,186.8,21,66.0,1288
CUST-101270,2026-04,163.6,27,54.6,1373
CUST-101270,2026-05,188.6,24,34.9,1697
CUST-101270,2026-06,172.6,30,63.0,2008
CUST-101270,2026-07,183.9,25,52.3,1755
CUST-101270,2026-08,175.8,23,53.9,2017
CUST-101271,2026-03,185.6,24,58.1,1438
CUST-101271,2026-04,135.8,12,64.4,819
CUST-101271,2026-05,149.2,18,44.6,1159
CUST-101271,2026-06,154.1,18,61.9,1840
CUST-101271,2026-07,160.7,16,67.5,1573
CUST-101271,2026-08,145.2,18,48.8,1300
CUST-101272,2026-03,87.2,14,71.5,848
CUST-101272,2026-04,74.9,15,64.0,515
CUST-101272,2026-05,62.0,11,54.3,545
CUST-101272,2026-06,56.8,7,54.2,527
CUST-101272,2026-07,43.6,4,71.3,409
CUST-101272,2026-08,37.9,1,42.8,305
CUST-101273,2026-03,421.1,62,69.4,2913
CUST-101273,2026-04,366.4,47,43.3,3380
CUST-101273,2026-05,351.1,52,47.0,3048
CUST-101273,2026-06,254.1,45,60.8,2472
CUST-101273,2026-07,197.4,32,66.7,1900
CUST-101273,2026-08,268.8,34,51.0,2822
CUST-101274,2026-03,81.2,11,53.7,579
CUST-101274,2026-04,67.7,16,74.9,526
CUST-101274,2026-05,74.8,8,56.8,736
CUST-101274,2026-06,47.4,3,50.0,457
CUST-101274,2026-07,57.7,3,41.7,774
CUST-101274,2026-08,44.0,4,56.6,412
CUST-101275,2026-03,177.0,20,42.6,1987
CUST-101275,2026-04,194.2,31,53.0,2112
CUST-101275,2026-05,170.3,20,43.4,1321
CUST-101275,2026-06,180.5,19,46.0,1896
CUST-101275,2026-07,219.9,37,48.9,2553
CUST-101275,2026-08,179.2,31,65.7,1146
CUST-101276,2026-03,148.1,14,51.9,1510
CUST-101276,2026-04,165.8,30,44.6,1339
CUST-101276,2026-05,135.3,29,42.4,1268
CUST-101276,2026-06,147.6,18,60.7,1521
CUST-101276,2026-07,152.1,19,51.1,1581
CUST-101276,2026-08,109.2,15,48.0,502
CUST-101277,2026-03,175.6,25,66.8,1541
CUST-101277,2026-04,162.2,21,48.0,649
CUST-101277,2026-05,169.5,23,58.3,1653
CUST-101277,2026-06,186.7,30,62.4,1004
CUST-101277,2026-07,203.5,30,54.2,1431
CUST-101277,2026-08,176.6,20,51.4,1448
CUST-101278,2026-03,343.4,51,42.4,3406
CUST-101278,2026-04,456.0,60,65.4,3049
CUST-101278,2026-05,382.7,60,90.8,4200
CUST-101278,2026-06,338.1,52,39.8,3323
CUST-101278,2026-07,456.5,57,59.9,4341
CUST-101278,2026-08,333.9,43,52.1,3052
CUST-101279,2026-03,190.9,27,81.6,1910
CUST-101279,2026-04,197.4,22,64.8,1904
CUST-101279,2026-05,183.8,29,57.5,2062
CUST-101279,2026-06,197.2,26,92.6,1576
CUST-101279,2026-07,177.0,25,45.9,1927
CUST-101279,2026-08,164.5,28,46.3,1375
CUST-101280,2026-03,82.9,15,63.6,879
CUST-101280,2026-04,84.5,8,52.6,648
CUST-101280,2026-05,78.4,8,50.7,905
CUST-101280,2026-06,54.3,5,67.2,631
CUST-101280,2026-07,52.4,1,43.6,511
CUST-101280,2026-08,40.4,9,38.5,386
CUST-101281,2026-03,182.4,12,70.9,1889
CUST-101281,2026-04,151.9,22,61.8,1513
CUST-101281,2026-05,124.3,17,53.0,1113
CUST-101281,2026-06,134.4,20,42.7,1223
CUST-101281,2026-07,134.8,19,52.2,1192
CUST-101281,2026-08,117.8,21,39.5,1035
CUST-101282,2026-03,177.0,26,42.5,1399
CUST-101282,2026-04,192.5,36,34.8,1924
CUST-101282,2026-05,207.5,25,65.7,1670
CUST-101282,2026-06,209.6,32,59.7,2301
CUST-101282,2026-07,177.0,24,55.2,1786
CUST-101282,2026-08,194.0,28,63.8,1721
CUST-101283,2026-03,171.4,25,65.5,1634
CUST-101283,2026-04,180.3,27,64.8,1944
CUST-101283,2026-05,153.6,22,61.0,1103
CUST-101283,2026-06,152.9,20,53.9,1238
CUST-101283,2026-07,135.5,23,71.6,874
CUST-101283,2026-08,135.1,18,63.1,1085
CUST-101284,2026-03,1001.4,135,51.6,7702
CUST-101284,2026-04,832.8,116,64.7,8111
CUST-101284,2026-05,756.7,104,56.4,7346
CUST-101284,2026-06,828.3,116,62.3,8199
CUST-101284,2026-07,760.7,109,50.8,3771
CUST-101284,2026-08,626.9,87,42.8,5177
CUST-101285,2026-03,153.1,21,75.8,1596
CUST-101285,2026-04,212.1,32,63.9,2847
CUST-101285,2026-05,170.2,21,61.8,1435
CUST-101285,2026-06,187.2,36,52.2,1830
CUST-101285,2026-07,187.9,24,33.4,1467
CUST-101285,2026-08,183.8,32,53.1,1298
CUST-101286,2026-03,356.6,50,65.0,3651
CUST-101286,2026-04,327.9,43,40.1,3050
CUST-101286,2026-05,322.3,39,58.3,3146
CUST-101286,2026-06,303.8,48,55.8,3954
CUST-101286,2026-07,273.0,39,55.9,2586
CUST-101286,2026-08,158.4,27,57.0,1028
CUST-101287,2026-03,160.3,22,53.9,1045
CUST-101287,2026-04,152.8,25,69.3,1288
CUST-101287,2026-05,116.8,20,56.6,1209
CUST-101287,2026-06,137.0,14,29.2,1362
CUST-101287,2026-07,97.8,6,55.6,708
CUST-101287,2026-08,69.2,14,43.6,590
CUST-101288,2026-03,360.5,54,55.8,4003
CUST-101288,2026-04,336.1,50,58.0,2727
CUST-101288,2026-05,371.7,52,53.4,4435
CUST-101288,2026-06,451.8,66,50.5,3634
CUST-101288,2026-07,397.7,64,50.4,2910
CUST-101288,2026-08,406.3,60,51.7,3798
CUST-101289,2026-03,817.3,117,73.1,6145
CUST-101289,2026-04,928.2,139,69.1,10517
CUST-101289,2026-05,736.1,105,50.0,5969
CUST-101289,2026-06,746.6,110,56.5,3688
CUST-101289,2026-07,859.7,129,52.9,8743
CUST-101289,2026-08,585.8,82,63.6,5435
CUST-101290,2026-03,182.7,21,75.8,895
CUST-101290,2026-04,161.9,26,61.1,1408
CUST-101290,2026-05,172.1,29,35.6,1726
CUST-101290,2026-06,167.8,27,64.8,1274
CUST-101290,2026-07,173.2,25,87.4,1415
CUST-101290,2026-08,145.5,17,44.5,1032
CUST-101291,2026-03,74.9,7,66.0,594
CUST-101291,2026-04,74.4,14,63.8,783
CUST-101291,2026-05,71.6,13,36.9,857
CUST-101291,2026-06,62.7,8,42.9,661
CUST-101291,2026-07,56.1,7,69.5,471
CUST-101291,2026-08,49.2,5,40.1,382
CUST-101292,2026-03,182.9,25,29.7,1641
CUST-101292,2026-04,184.5,26,57.1,903
CUST-101292,2026-05,175.7,26,28.7,1381
CUST-101292,2026-06,194.9,35,31.2,2230
CUST-101292,2026-07,156.1,16,69.0,1066
CUST-101292,2026-08,163.0,27,67.4,1523
CUST-101293,2026-03,78.9,12,44.5,420
CUST-101293,2026-04,77.2,7,72.5,657
CUST-101293,2026-05,68.3,13,53.2,518
CUST-101293,2026-06,68.2,14,52.0,569
CUST-101293,2026-07,50.3,8,46.6,558
CUST-101293,2026-08,48.3,10,60.5,418
CUST-101294,2026-03,82.5,12,34.3,839
CUST-101294,2026-04,80.0,3,68.9,710
CUST-101294,2026-05,57.8,3,61.8,363
CUST-101294,2026-06,64.7,10,54.3,666
CUST-101294,2026-07,45.2,4,49.3,365
CUST-101294,2026-08,49.0,4,44.8,464
CUST-101295,2026-03,184.5,25,51.2,1299
CUST-101295,2026-04,164.5,28,67.1,1197
CUST-101295,2026-05,176.1,19,46.5,1407
CUST-101295,2026-06,191.0,27,54.9,1276
CUST-101295,2026-07,197.6,29,61.3,1797
CUST-101295,2026-08,208.1,27,66.1,1988
CUST-101296,2026-03,77.9,10,57.0,643
CUST-101296,2026-04,84.6,10,46.5,948
CUST-101296,2026-05,69.1,17,49.9,380
CUST-101296,2026-06,59.7,6,40.7,463
CUST-101296,2026-07,56.3,4,53.0,511
CUST-101296,2026-08,43.1,4,38.9,396
CUST-101297,2026-03,414.9,60,66.3,3202
CUST-101297,2026-04,383.5,52,66.3,4339
CUST-101297,2026-05,298.7,43,37.4,3093
CUST-101297,2026-06,307.1,44,34.9,3115
CUST-101297,2026-07,238.8,32,50.8,2480
CUST-101297,2026-08,256.2,33,50.8,1138
CUST-101298,2026-03,181.2,28,53.6,934
CUST-101298,2026-04,195.3,25,43.6,1187
CUST-101298,2026-05,171.0,23,51.2,1636
CUST-101298,2026-06,176.3,21,53.4,1868
CUST-101298,2026-07,175.1,34,51.3,1719
CUST-101298,2026-08,172.1,25,74.0,1421
CUST-101299,2026-03,437.3,60,52.0,3230
CUST-101299,2026-04,389.6,55,31.7,2552
CUST-101299,2026-05,394.0,55,59.0,2430
CUST-101299,2026-06,393.4,51,60.4,3742
CUST-101299,2026-07,413.8,63,65.1,4194
CUST-101299,2026-08,386.4,55,52.6,2281
CUST-101300,2026-03,193.7,27,42.7,1577
CUST-101300,2026-04,175.0,20,54.7,1281
CUST-101300,2026-05,173.4,23,67.9,1637
CUST-101300,2026-06,192.2,28,42.1,2019
CUST-101300,2026-07,224.9,24,52.6,2280
CUST-101300,2026-08,204.7,23,47.9,2416
CUST-101301,2026-03,184.5,27,55.8,2064
CUST-101301,2026-04,175.2,23,43.9,1496
CUST-101301,2026-05,155.7,28,59.4,917
CUST-101301,2026-06,192.2,22,55.5,1767
CUST-101301,2026-07,206.3,38,37.8,1911
CUST-101301,2026-08,212.8,32,66.0,2657
CUST-101302,2026-03,73.7,11,41.1,622
CUST-101302,2026-04,67.4,15,56.8,446
CUST-101302,2026-05,84.5,16,62.1,736
CUST-101302,2026-06,91.4,15,41.6,674
CUST-101302,2026-07,93.4,12,61.3,942
CUST-101302,2026-08,83.1,12,69.6,680
CUST-101303,2026-03,85.6,7,82.4,822
CUST-101303,2026-04,76.2,1,45.3,597
CUST-101303,2026-05,73.2,7,46.4,630
CUST-101303,2026-06,68.1,13,77.6,569
CUST-101303,2026-07,65.0,10,43.0,521
CUST-101303,2026-08,62.4,11,52.0,560
CUST-101304,2026-03,807.2,115,59.4,8093
CUST-101304,2026-04,867.3,125,59.6,9274
CUST-101304,2026-05,804.8,109,45.1,8703
CUST-101304,2026-06,907.1,136,50.4,8838
CUST-101304,2026-07,588.8,75,35.2,6391
CUST-101304,2026-08,534.9,73,54.4,4557
CUST-101305,2026-03,455.3,63,85.6,2556
CUST-101305,2026-04,333.9,41,45.8,2376
CUST-101305,2026-05,294.6,41,49.7,2596
CUST-101305,2026-06,332.1,48,58.5,2430
CUST-101305,2026-07,262.3,35,39.6,2401
CUST-101305,2026-08,150.0,20,27.2,1115
CUST-101306,2026-03,355.6,52,56.2,3404
CUST-101306,2026-04,370.5,58,65.0,1608
CUST-101306,2026-05,379.6,52,53.4,3545
CUST-101306,2026-06,371.6,50,64.2,2275
CUST-101306,2026-07,342.9,41,44.1,1935
CUST-101306,2026-08,294.9,39,33.5,2957
CUST-101307,2026-03,375.8,55,72.3,4788
CUST-101307,2026-04,388.8,54,55.5,4273
CUST-101307,2026-05,343.2,49,44.5,2845
CUST-101307,2026-06,338.4,44,52.5,2955
CUST-101307,2026-07,270.3,33,42.4,3313
CUST-101307,2026-08,267.5,43,63.4,2566
CUST-101308,2026-03,175.2,24,40.8,2037
CUST-101308,2026-04,183.7,27,60.7,1285
CUST-101308,2026-05,188.6,28,33.3,1767
CUST-101308,2026-06,137.8,19,48.0,1224
CUST-101308,2026-07,128.6,25,46.9,1284
CUST-101308,2026-08,130.9,15,74.4,1067
CUST-101309,2026-03,185.8,26,63.8,1860
CUST-101309,2026-04,167.4,29,40.1,1549
CUST-101309,2026-05,136.3,16,56.5,1026
CUST-101309,2026-06,109.0,19,39.1,709
CUST-101309,2026-07,104.9,11,47.1,450
CUST-101309,2026-08,110.8,16,40.6,1173
CUST-101310,2026-03,167.8,31,47.4,1381
CUST-101310,2026-04,174.2,17,49.4,1931
CUST-101310,2026-05,155.8,22,53.0,1522
CUST-101310,2026-06,189.7,23,43.1,1298
CUST-101310,2026-07,194.9,25,40.3,2371
CUST-101310,2026-08,198.4,28,54.4,2174
CUST-101311,2026-03,328.7,46,52.3,2392
CUST-101311,2026-04,402.8,53,58.7,3508
CUST-101311,2026-05,359.4,54,62.1,2664
CUST-101311,2026-06,404.1,58,67.3,3404
CUST-101311,2026-07,402.0,57,59.8,3679
CUST-101311,2026-08,403.8,56,75.9,2731
CUST-101312,2026-03,460.6,68,67.1,3803
CUST-101312,2026-04,432.3,59,67.2,4522
CUST-101312,2026-05,373.9,60,64.6,2865
CUST-101312,2026-06,391.0,57,64.4,4069
CUST-101312,2026-07,407.0,60,51.9,3302
CUST-101312,2026-08,443.2,68,23.7,4180
CUST-101313,2026-03,79.3,11,74.2,597
CUST-101313,2026-04,67.4,8,57.7,553
CUST-101313,2026-05,63.4,10,66.4,482
CUST-101313,2026-06,67.2,18,41.3,596
CUST-101313,2026-07,50.7,1,36.5,358
CUST-101313,2026-08,38.0,4,66.1,395
CUST-101314,2026-03,82.5,16,56.2,915
CUST-101314,2026-04,80.3,12,41.8,601
CUST-101314,2026-05,71.4,7,60.1,599
CUST-101314,2026-06,70.6,3,60.0,670
CUST-101314,2026-07,58.5,11,53.8,632
CUST-101314,2026-08,52.0,6,57.4,473
CUST-101315,2026-03,385.9,63,45.8,4148
CUST-101315,2026-04,375.7,48,35.9,4656
CUST-101315,2026-05,442.4,67,55.9,5430
CUST-101315,2026-06,407.1,54,74.0,4727
CUST-101315,2026-07,353.2,47,13.5,4232
CUST-101315,2026-08,373.2,54,65.3,4034
CUST-101316,2026-03,94.4,12,35.4,1057
CUST-101316,2026-04,64.3,11,49.1,710
CUST-101316,2026-05,78.5,6,45.0,607
CUST-101316,2026-06,71.2,13,58.6,485
CUST-101316,2026-07,64.7,8,44.4,661
CUST-101316,2026-08,70.6,10,61.7,740
CUST-101317,2026-03,383.2,49,60.3,5029
CUST-101317,2026-04,331.9,49,49.8,2125
CUST-101317,2026-05,419.1,59,69.1,4043
CUST-101317,2026-06,401.0,52,81.1,3260
CUST-101317,2026-07,368.0,63,76.1,3799
CUST-101317,2026-08,305.5,45,67.6,3483
CUST-101318,2026-03,184.9,28,67.8,1336
CUST-101318,2026-04,179.1,24,38.8,1422
CUST-101318,2026-05,176.2,23,46.3,1248
CUST-101318,2026-06,162.7,24,57.4,975
CUST-101318,2026-07,174.3,31,43.0,2130
CUST-101318,2026-08,196.2,25,55.0,1832
CUST-101319,2026-03,85.1,7,53.0,874
CUST-101319,2026-04,66.7,5,40.2,838
CUST-101319,2026-05,64.3,9,31.9,633
CUST-101319,2026-06,65.6,6,43.0,611
CUST-101319,2026-07,60.4,1,37.5,504
CUST-101319,2026-08,60.3,2,53.6,601
CUST-101320,2026-03,87.3,14,41.6,653
CUST-101320,2026-04,59.8,3,46.5,485
CUST-101320,2026-05,67.3,11,63.4,387
CUST-101320,2026-06,66.9,8,51.1,685
CUST-101320,2026-07,49.0,8,42.2,404
CUST-101320,2026-08,46.0,7,24.6,434
CUST-101321,2026-03,185.5,35,64.4,1233
CUST-101321,2026-04,168.6,22,54.4,1604
CUST-101321,2026-05,165.8,24,49.2,1517
CUST-101321,2026-06,168.5,27,41.2,1427
CUST-101321,2026-07,179.2,27,52.2,2847
CUST-101321,2026-08,170.7,31,77.3,1202
CUST-101322,2026-03,401.8,53,65.2,3785
CUST-101322,2026-04,327.1,43,52.1,3669
CUST-101322,2026-05,318.2,45,46.2,3414
CUST-101322,2026-06,341.8,42,54.3,2923
CUST-101322,2026-07,289.5,43,46.1,1968
CUST-101322,2026-08,271.5,40,24.2,2165
CUST-101323,2026-03,78.6,13,76.2,627
CUST-101323,2026-04,82.4,14,46.8,447
CUST-101323,2026-05,66.1,4,63.9,399
CUST-101323,2026-06,75.0,7,55.7,508
CUST-101323,2026-07,52.0,2,48.8,417
CUST-101323,2026-08,61.7,12,49.4,418
CUST-101324,2026-03,147.9,19,56.7,1469
CUST-101324,2026-04,210.2,30,43.2,1035
CUST-101324,2026-05,195.8,26,43.5,1979
CUST-101324,2026-06,204.7,30,58.2,2128
CUST-101324,2026-07,189.9,28,55.2,2394
CUST-101324,2026-08,178.6,17,53.2,1132
CUST-101325,2026-03,222.4,33,65.9,2206
CUST-101325,2026-04,169.3,29,62.7,1929
CUST-101325,2026-05,187.3,31,53.1,1707
CUST-101325,2026-06,168.0,24,45.3,1438
CUST-101325,2026-07,194.6,27,44.3,1825
CUST-101325,2026-08,143.7,23,52.9,981
CUST-101326,2026-03,201.7,29,59.2,2262
CUST-101326,2026-04,183.0,28,58.9,1912
CUST-101326,2026-05,159.0,25,48.1,1460
CUST-101326,2026-06,168.9,20,41.5,1834
CUST-101326,2026-07,156.9,18,66.5,1607
CUST-101326,2026-08,137.4,23,50.6,1182
CUST-101327,2026-03,72.4,8,47.3,540
CUST-101327,2026-04,76.3,11,43.8,497
CUST-101327,2026-05,67.2,8,54.8,571
CUST-101327,2026-06,54.8,2,60.8,619
CUST-101327,2026-07,47.5,11,56.3,356
CUST-101327,2026-08,40.5,1,30.2,373
CUST-101328,2026-03,423.4,65,32.6,5404
CUST-101328,2026-04,413.2,57,45.4,1917
CUST-101328,2026-05,356.6,52,51.1,3096
CUST-101328,2026-06,409.9,61,76.9,4099
CUST-101328,2026-07,394.2,61,54.4,3288
CUST-101328,2026-08,394.3,53,56.6,4374
CUST-101329,2026-03,72.8,9,62.3,913
CUST-101329,2026-04,64.6,7,51.8,704
CUST-101329,2026-05,71.6,6,40.7,452
CUST-101329,2026-06,69.7,5,55.5,583
CUST-101329,2026-07,46.8,1,43.2,375
CUST-101329,2026-08,42.9,1,46.5,341
CUST-101330,2026-03,174.8,25,64.3,1535
CUST-101330,2026-04,176.4,24,35.2,1203
CUST-101330,2026-05,191.9,32,65.0,2071
CUST-101330,2026-06,182.1,29,61.2,1824
CUST-101330,2026-07,177.2,24,52.1,1730
CUST-101330,2026-08,178.0,31,36.9,1478
CUST-101331,2026-03,377.2,56,58.7,4083
CUST-101331,2026-04,311.7,41,59.1,2714
CUST-101331,2026-05,330.2,53,37.7,2050
CUST-101331,2026-06,309.8,50,45.6,2478
CUST-101331,2026-07,229.1,35,55.9,1898
CUST-101331,2026-08,192.6,33,40.3,1810
CUST-101332,2026-03,171.1,22,62.3,1789
CUST-101332,2026-04,165.4,27,74.5,1837
CUST-101332,2026-05,199.4,28,41.8,1224
CUST-101332,2026-06,177.9,25,75.6,1362
CUST-101332,2026-07,182.3,25,40.9,2375
CUST-101332,2026-08,176.5,20,71.3,1834
CUST-101333,2026-03,183.2,23,61.9,1760
CUST-101333,2026-04,154.0,21,57.5,1199
CUST-101333,2026-05,170.7,18,59.0,1286
CUST-101333,2026-06,179.3,17,49.3,1588
CUST-101333,2026-07,192.4,26,76.3,2027
CUST-101333,2026-08,190.3,27,46.6,1946
CUST-101334,2026-03,183.0,17,52.4,1242
CUST-101334,2026-04,148.8,14,62.8,826
CUST-101334,2026-05,140.4,20,40.0,1244
CUST-101334,2026-06,132.1,23,40.8,1500
CUST-101334,2026-07,131.5,18,44.1,1458
CUST-101334,2026-08,87.1,9,56.8,528
CUST-101335,2026-03,76.2,10,53.3,822
CUST-101335,2026-04,81.4,5,64.6,709
CUST-101335,2026-05,65.3,6,34.0,689
CUST-101335,2026-06,62.6,10,47.3,501
CUST-101335,2026-07,51.8,3,62.3,599
CUST-101335,2026-08,69.4,14,49.0,413
CUST-101336,2026-03,178.5,19,44.6,1851
CUST-101336,2026-04,224.2,33,63.8,1740
CUST-101336,2026-05,179.7,31,61.2,1673
CUST-101336,2026-06,191.6,34,59.9,1809
CUST-101336,2026-07,210.8,26,76.2,1953
CUST-101336,2026-08,187.5,25,57.1,1365
CUST-101337,2026-03,75.9,14,41.0,613
CUST-101337,2026-04,73.6,8,55.9,714
CUST-101337,2026-05,95.1,11,63.6,739
CUST-101337,2026-06,91.8,12,62.1,698
CUST-101337,2026-07,90.9,17,56.0,614
CUST-101337,2026-08,75.8,11,62.4,873
CUST-101338,2026-03,192.3,32,55.3,1896
CUST-101338,2026-04,184.8,28,81.6,1825
CUST-101338,2026-05,174.6,26,70.4,1114
CUST-101338,2026-06,185.0,26,54.4,1747
CUST-101338,2026-07,204.0,29,44.1,1705
CUST-101338,2026-08,167.6,23,49.3,1496
CUST-101339,2026-03,197.3,31,43.5,1733
CUST-101339,2026-04,158.7,20,59.6,947
CUST-101339,2026-05,172.2,28,53.8,1430
CUST-101339,2026-06,194.5,27,53.0,1906
CUST-101339,2026-07,185.8,27,63.2,1734
CUST-101339,2026-08,164.8,26,56.0,1504
CUST-101340,2026-03,167.4,21,64.9,1713
CUST-101340,2026-04,182.4,24,55.9,1814
CUST-101340,2026-05,191.7,27,59.3,919
CUST-101340,2026-06,192.6,31,38.7,1631
CUST-101340,2026-07,190.7,24,60.4,1546
CUST-101340,2026-08,203.0,24,41.5,1597
CUST-101341,2026-03,79.8,6,71.1,704
CUST-101341,2026-04,73.6,12,58.3,278
CUST-101341,2026-05,70.9,8,37.7,441
CUST-101341,2026-06,53.3,8,62.6,356
CUST-101341,2026-07,54.3,2,37.6,394
CUST-101341,2026-08,46.6,4,32.7,305
CUST-101342,2026-03,417.7,59,48.4,3316
CUST-101342,2026-04,353.7,56,29.7,3337
CUST-101342,2026-05,464.0,58,43.7,4021
CUST-101342,2026-06,287.4,44,43.5,1852
CUST-101342,2026-07,333.1,46,64.6,2807
CUST-101342,2026-08,303.9,44,44.5,2317
CUST-101343,2026-03,170.7,23,63.0,1112
CUST-101343,2026-04,177.3,25,48.0,1530
CUST-101343,2026-05,167.1,26,27.0,1834
CUST-101343,2026-06,127.2,14,67.8,1131
CUST-101343,2026-07,129.0,16,27.1,1212
CUST-101343,2026-08,133.2,21,56.9,860
CUST-101344,2026-03,413.6,60,54.5,1925
CUST-101344,2026-04,347.4,43,66.3,3844
CUST-101344,2026-05,331.4,45,57.9,3288
CUST-101344,2026-06,376.4,58,62.8,4232
CUST-101344,2026-07,409.7,62,59.3,2885
CUST-101344,2026-08,366.6,53,57.5,3433
CUST-101345,2026-03,184.9,23,55.0,1109
CUST-101345,2026-04,202.8,33,54.6,2262
CUST-101345,2026-05,191.3,29,40.0,2184
CUST-101345,2026-06,195.1,34,64.4,1630
CUST-101345,2026-07,183.3,23,64.5,1723
CUST-101345,2026-08,193.3,23,69.3,2015
CUST-101346,2026-03,172.7,16,48.8,2244
CUST-101346,2026-04,146.3,13,47.7,1348
CUST-101346,2026-05,166.5,20,65.0,1794
CUST-101346,2026-06,141.5,27,62.2,1563
CUST-101346,2026-07,198.0,34,71.0,1812
CUST-101346,2026-08,196.2,26,53.9,1751
CUST-101347,2026-03,410.6,53,74.1,2172
CUST-101347,2026-04,353.0,50,57.8,2142
CUST-101347,2026-05,339.9,46,34.6,2331
CUST-101347,2026-06,271.8,32,32.2,1908
CUST-101347,2026-07,238.3,32,42.7,2450
CUST-101347,2026-08,160.7,22,39.1,1324
CUST-101348,2026-03,371.9,51,53.6,2944
CUST-101348,2026-04,371.8,60,77.9,3435
CUST-101348,2026-05,365.7,53,68.6,3214
CUST-101348,2026-06,387.0,54,52.5,3389
CUST-101348,2026-07,349.2,43,43.2,3060
CUST-101348,2026-08,310.4,38,73.5,2460
CUST-101349,2026-03,79.1,9,35.6,528
CUST-101349,2026-04,76.5,10,41.9,539
CUST-101349,2026-05,59.1,16,52.3,644
CUST-101349,2026-06,53.9,11,61.5,469
CUST-101349,2026-07,52.1,3,48.8,413
CUST-101349,2026-08,36.0,5,46.4,404
CUST-101350,2026-03,169.5,33,68.7,2159
CUST-101350,2026-04,153.1,31,55.8,1145
CUST-101350,2026-05,150.5,25,49.1,636
CUST-101350,2026-06,139.1,11,57.7,1202
CUST-101350,2026-07,119.0,23,57.0,1171
CUST-101350,2026-08,102.5,18,42.3,1079
CUST-101351,2026-03,91.0,15,58.8,926
CUST-101351,2026-04,86.2,12,63.5,726
CUST-101351,2026-05,74.1,9,46.1,582
CUST-101351,2026-06,88.5,10,67.7,895
CUST-101351,2026-07,78.2,5,43.0,752
CUST-101351,2026-08,94.1,9,56.1,790
CUST-101352,2026-03,170.5,18,51.8,1603
CUST-101352,2026-04,175.7,23,39.1,1844
CUST-101352,2026-05,161.8,26,62.5,1022
CUST-101352,2026-06,125.4,24,66.4,1315
CUST-101352,2026-07,108.3,14,58.7,955
CUST-101352,2026-08,70.6,15,61.0,746
CUST-101353,2026-03,207.9,26,66.9,1597
CUST-101353,2026-04,184.2,25,81.3,1950
CUST-101353,2026-05,155.2,28,50.1,1693
CUST-101353,2026-06,136.2,13,47.9,632
CUST-101353,2026-07,124.6,14,42.8,1328
CUST-101353,2026-08,140.0,22,40.3,1332
CUST-101354,2026-03,201.8,31,50.0,2495
CUST-101354,2026-04,175.1,24,49.4,1671
CUST-101354,2026-05,184.2,25,75.7,1876
CUST-101354,2026-06,189.3,18,37.3,1569
CUST-101354,2026-07,163.1,25,47.6,1470
CUST-101354,2026-08,195.4,34,38.8,1595
CUST-101355,2026-03,367.9,48,69.4,2441
CUST-101355,2026-04,353.6,47,36.8,3302
CUST-101355,2026-05,440.8,59,73.0,4160
CUST-101355,2026-06,433.0,67,64.4,3772
CUST-101355,2026-07,394.0,51,50.4,3496
CUST-101355,2026-08,372.6,62,59.8,4499
CUST-101356,2026-03,150.7,21,51.2,1589
CUST-101356,2026-04,133.4,22,58.2,887
CUST-101356,2026-05,132.2,19,40.9,1147
CUST-101356,2026-06,131.7,19,32.3,1359
CUST-101356,2026-07,88.1,10,46.9,647
CUST-101356,2026-08,73.5,6,40.3,567
CUST-101357,2026-03,1055.7,150,29.9,9217
CUST-101357,2026-04,930.6,135,35.1,7256
CUST-101357,2026-05,791.4,116,77.8,5725
CUST-101357,2026-06,952.9,139,52.3,11876
CUST-101357,2026-07,727.7,99,44.8,6427
CUST-101357,2026-08,785.7,113,30.9,7073
CUST-101358,2026-03,182.5,23,50.6,2066
CUST-101358,2026-04,210.4,25,32.9,1569
CUST-101358,2026-05,195.2,24,55.7,2035
CUST-101358,2026-06,169.3,16,57.6,1601
CUST-101358,2026-07,198.3,29,34.3,2191
CUST-101358,2026-08,199.2,40,46.9,2015
CUST-101359,2026-03,449.7,68,69.6,3063
CUST-101359,2026-04,307.6,41,63.9,2566
CUST-101359,2026-05,293.0,44,42.5,2062
CUST-101359,2026-06,266.9,41,28.5,1511
CUST-101359,2026-07,205.4,33,43.0,1500
CUST-101359,2026-08,188.5,24,50.5,2583
CUST-101360,2026-03,70.2,11,46.9,421
CUST-101360,2026-04,82.7,6,43.9,772
CUST-101360,2026-05,90.5,18,35.0,717
CUST-101360,2026-06,83.6,13,77.8,716
CUST-101360,2026-07,88.5,6,64.1,857
CUST-101360,2026-08,97.0,13,61.1,928
CUST-101361,2026-03,80.0,8,79.6,739
CUST-101361,2026-04,68.8,7,46.8,554
CUST-101361,2026-05,74.6,5,56.2,591
CUST-101361,2026-06,81.9,17,57.9,611
CUST-101361,2026-07,62.2,11,37.2,626
CUST-101361,2026-08,64.4,9,49.7,707
CUST-101362,2026-03,85.5,15,69.3,780
CUST-101362,2026-04,71.9,16,34.3,689
CUST-101362,2026-05,78.6,10,70.0,591
CUST-101362,2026-06,90.4,14,70.5,920
CUST-101362,2026-07,81.7,15,63.2,937
CUST-101362,2026-08,96.1,16,59.6,876
CUST-101363,2026-03,176.3,23,51.1,1828
CUST-101363,2026-04,159.8,25,57.4,1341
CUST-101363,2026-05,184.3,27,58.7,959
CUST-101363,2026-06,203.5,29,56.7,951
CUST-101363,2026-07,228.8,30,55.4,2525
CUST-101363,2026-08,186.9,29,57.3,2062
CUST-101364,2026-03,366.1,54,49.6,3448
CUST-101364,2026-04,347.7,50,61.0,3006
CUST-101364,2026-05,292.5,44,64.4,2692
CUST-101364,2026-06,239.7,36,35.1,2580
CUST-101364,2026-07,277.0,40,64.1,2131
CUST-101364,2026-08,178.6,22,61.6,1435
CUST-101365,2026-03,87.4,10,48.3,616
CUST-101365,2026-04,76.1,8,51.5,534
CUST-101365,2026-05,70.9,10,60.8,564
CUST-101365,2026-06,72.4,5,26.6,722
CUST-101365,2026-07,81.0,16,54.7,745
CUST-101365,2026-08,67.9,9,50.6,450
CUST-101366,2026-03,174.8,28,85.4,1589
CUST-101366,2026-04,190.5,30,66.3,1511
CUST-101366,2026-05,143.6,21,68.5,1552
CUST-101366,2026-06,193.3,33,61.4,1592
CUST-101366,2026-07,174.0,34,56.1,2335
CUST-101366,2026-08,180.4,26,56.9,1351
CUST-101367,2026-03,386.6,50,51.7,3853
CUST-101367,2026-04,377.0,47,23.3,2933
CUST-101367,2026-05,289.1,42,50.5,2573
CUST-101367,2026-06,261.8,32,27.3,1532
CUST-101367,2026-07,174.5,24,43.1,1793
CUST-101367,2026-08,151.3,20,46.7,1373
CUST-101368,2026-03,85.8,12,44.9,829
CUST-101368,2026-04,76.4,5,51.3,916
CUST-101368,2026-05,60.2,7,54.3,390
CUST-101368,2026-06,56.8,4,51.5,569
CUST-101368,2026-07,50.1,2,35.0,291
CUST-101368,2026-08,38.8,1,39.6,378
CUST-101369,2026-03,309.4,44,57.1,4012
CUST-101369,2026-04,262.1,39,41.8,2558
CUST-101369,2026-05,352.7,45,57.8,3180
CUST-101369,2026-06,288.6,39,39.1,2372
CUST-101369,2026-07,251.7,36,51.4,2397
CUST-101369,2026-08,204.8,32,21.6,2139
CUST-101370,2026-03,177.0,22,66.2,1972
CUST-101370,2026-04,177.5,21,57.4,1430
CUST-101370,2026-05,164.0,25,41.9,1690
CUST-101370,2026-06,166.0,21,54.8,1554
CUST-101370,2026-07,162.9,21,65.6,1416
CUST-101370,2026-08,164.3,23,52.8,1299
CUST-101371,2026-03,84.4,4,59.0,684
CUST-101371,2026-04,68.1,9,43.6,553
CUST-101371,2026-05,72.2,4,44.8,568
CUST-101371,2026-06,55.4,4,42.3,401
CUST-101371,2026-07,50.2,3,45.9,449
CUST-101371,2026-08,52.0,8,46.9,455
CUST-101372,2026-03,78.7,8,38.6,448
CUST-101372,2026-04,87.0,15,57.8,875
CUST-101372,2026-05,76.8,16,54.4,872
CUST-101372,2026-06,68.4,8,46.3,657
CUST-101372,2026-07,78.5,12,58.5,649
CUST-101372,2026-08,76.4,5,59.0,638
CUST-101373,2026-03,219.3,34,61.0,1980
CUST-101373,2026-04,170.2,23,48.1,2090
CUST-101373,2026-05,148.3,27,42.9,1585
CUST-101373,2026-06,143.1,18,74.0,1122
CUST-101373,2026-07,109.5,25,38.4,580
CUST-101373,2026-08,95.0,8,30.5,862
CUST-101374,2026-03,429.0,59,40.7,3303
CUST-101374,2026-04,358.1,52,82.1,3076
CUST-101374,2026-05,317.5,44,63.6,2368
CUST-101374,2026-06,249.7,33,43.2,1933
CUST-101374,2026-07,232.9,34,44.9,1446
CUST-101374,2026-08,255.5,36,37.7,2188
CUST-101375,2026-03,71.4,13,54.1,776
CUST-101375,2026-04,69.0,11,29.9,532
CUST-101375,2026-05,75.9,14,55.7,801
CUST-101375,2026-06,68.6,10,53.4,811
CUST-101375,2026-07,67.0,3,45.9,655
CUST-101375,2026-08,72.7,5,38.3,630
CUST-101376,2026-03,195.1,27,58.2,1313
CUST-101376,2026-04,173.9,28,59.4,2138
CUST-101376,2026-05,185.6,29,85.5,1610
CUST-101376,2026-06,170.9,27,60.1,1410
CUST-101376,2026-07,181.3,23,51.0,1258
CUST-101376,2026-08,174.2,24,57.7,1466
CUST-101377,2026-03,77.0,8,41.8,747
CUST-101377,2026-04,79.0,8,73.0,501
CUST-101377,2026-05,84.4,5,52.8,615
CUST-101377,2026-06,81.2,13,30.8,821
CUST-101377,2026-07,80.5,12,42.2,762
CUST-101377,2026-08,78.4,15,57.2,637
CUST-101378,2026-03,98.5,13,38.2,1127
CUST-101378,2026-04,76.2,17,44.6,703
CUST-101378,2026-05,67.5,9,44.9,447
CUST-101378,2026-06,79.3,9,32.2,708
CUST-101378,2026-07,59.2,2,57.3,657
CUST-101378,2026-08,70.7,9,40.2,715
CUST-101379,2026-03,384.6,54,77.0,3052
CUST-101379,2026-04,335.4,46,39.8,2757
CUST-101379,2026-05,332.7,50,47.5,3083
CUST-101379,2026-06,359.5,50,48.6,4694
CUST-101379,2026-07,417.7,59,61.0,3642
CUST-101379,2026-08,421.2,54,64.7,4141
CUST-101380,2026-03,412.0,57,53.1,4541
CUST-101380,2026-04,376.1,49,67.5,4583
CUST-101380,2026-05,402.3,58,56.5,3984
CUST-101380,2026-06,381.7,52,59.2,3846
CUST-101380,2026-07,397.4,59,66.3,2509
CUST-101380,2026-08,410.0,56,59.2,4380
CUST-101381,2026-03,952.7,141,44.4,7420
CUST-101381,2026-04,707.4,103,32.0,6702
CUST-101381,2026-05,805.9,109,46.0,7726
CUST-101381,2026-06,824.0,120,54.0,7402
CUST-101381,2026-07,531.2,82,49.5,4180
CUST-101381,2026-08,480.9,71,59.8,4810
CUST-101382,2026-03,189.6,26,64.0,1632
CUST-101382,2026-04,181.2,15,45.4,1970
CUST-101382,2026-05,163.1,27,61.2,1747
CUST-101382,2026-06,152.6,26,58.7,1929
CUST-101382,2026-07,132.5,17,58.7,1138
CUST-101382,2026-08,161.7,21,32.3,1244
CUST-101383,2026-03,396.0,54,46.0,2442
CUST-101383,2026-04,453.9,68,44.4,4252
CUST-101383,2026-05,348.4,52,60.6,3497
CUST-101383,2026-06,376.5,51,63.6,3393
CUST-101383,2026-07,407.0,55,51.3,2466
CUST-101383,2026-08,430.2,62,54.7,4742
CUST-101384,2026-03,74.4,10,52.3,725
CUST-101384,2026-04,74.4,11,56.4,809
CUST-101384,2026-05,81.8,13,50.6,853
CUST-101384,2026-06,56.1,6,37.9,526
CUST-101384,2026-07,60.4,6,48.0,666
CUST-101384,2026-08,56.7,5,35.8,511
CUST-101385,2026-03,349.9,42,46.8,3194
CUST-101385,2026-04,317.6,41,62.6,2851
CUST-101385,2026-05,319.3,50,43.0,3608
CUST-101385,2026-06,214.5,29,34.6,1766
CUST-101385,2026-07,274.9,39,34.8,2629
CUST-101385,2026-08,170.3,26,26.1,1676
CUST-101386,2026-03,418.0,60,49.2,3209
CUST-101386,2026-04,346.0,50,69.1,3744
CUST-101386,2026-05,430.8,57,37.9,4079
CUST-101386,2026-06,387.4,52,78.3,3198
CUST-101386,2026-07,400.6,57,64.3,3376
CUST-101386,2026-08,378.6,55,60.6,3549
CUST-101387,2026-03,174.8,22,43.1,1099
CUST-101387,2026-04,180.8,21,50.0,1371
CUST-101387,2026-05,132.6,21,67.8,837
CUST-101387,2026-06,142.6,17,57.7,1349
CUST-101387,2026-07,108.1,6,33.4,1172
CUST-101387,2026-08,140.9,17,35.5,1650
CUST-101388,2026-03,386.8,59,40.3,3740
CUST-101388,2026-04,370.4,49,67.3,3713
CUST-101388,2026-05,331.0,54,44.0,3293
CUST-101388,2026-06,242.8,35,51.1,1949
CUST-101388,2026-07,176.3,19,30.7,1463
CUST-101388,2026-08,151.0,20,39.9,1433
CUST-101389,2026-03,189.3,23,77.1,2046
CUST-101389,2026-04,170.0,19,72.2,1272
CUST-101389,2026-05,150.2,21,43.4,781
CUST-101389,2026-06,129.7,25,54.9,1285
CUST-101389,2026-07,131.3,19,50.0,1480
CUST-101389,2026-08,79.4,16,32.9,857
CUST-101390,2026-03,358.4,47,74.6,2827
CUST-101390,2026-04,351.7,54,54.2,3223
CUST-101390,2026-05,365.4,48,51.5,4262
CUST-101390,2026-06,387.0,55,59.2,3202
CUST-101390,2026-07,424.3,63,70.5,5276
CUST-101390,2026-08,443.6,62,56.7,2955
CUST-101391,2026-03,193.6,27,57.3,1784
CUST-101391,2026-04,122.1,13,51.8,945
CUST-101391,2026-05,162.5,24,49.8,1505
CUST-101391,2026-06,152.7,28,52.3,601
CUST-101391,2026-07,120.5,14,33.3,602
CUST-101391,2026-08,163.7,25,65.3,1632
CUST-101392,2026-03,864.0,126,61.6,8192
CUST-101392,2026-04,948.1,144,46.0,6534
CUST-101392,2026-05,951.8,136,70.5,10876
CUST-101392,2026-06,942.6,137,54.1,7662
CUST-101392,2026-07,832.1,114,54.2,6240
CUST-101392,2026-08,985.2,143,70.2,11123
CUST-101393,2026-03,786.7,109,49.4,7827
CUST-101393,2026-04,1012.1,137,49.3,9569
CUST-101393,2026-05,1040.5,151,51.5,7610
CUST-101393,2026-06,915.1,134,38.1,9595
CUST-101393,2026-07,937.6,133,65.1,11879
CUST-101393,2026-08,930.7,129,62.2,6424
CUST-101394,2026-03,189.9,19,51.4,1784
CUST-101394,2026-04,144.9,16,64.2,1031
CUST-101394,2026-05,178.2,20,25.9,2156
CUST-101394,2026-06,111.7,12,62.0,542
CUST-101394,2026-07,77.8,6,42.4,970
CUST-101394,2026-08,80.2,8,21.8,662
CUST-101395,2026-03,165.3,17,44.3,1485
CUST-101395,2026-04,211.9,30,44.6,1783
CUST-101395,2026-05,164.9,16,62.7,990
CUST-101395,2026-06,200.4,28,43.5,2105
CUST-101395,2026-07,201.6,25,53.6,1606
CUST-101395,2026-08,189.1,30,70.2,1930
CUST-101396,2026-03,189.7,24,59.4,1728
CUST-101396,2026-04,193.0,31,41.7,2194
CUST-101396,2026-05,151.4,16,41.8,1914
CUST-101396,2026-06,177.8,19,51.5,1332
CUST-101396,2026-07,192.3,35,52.7,2020
CUST-101396,2026-08,194.2,32,53.6,2149
CUST-101397,2026-03,188.1,23,72.0,1609
CUST-101397,2026-04,155.8,17,62.2,1545
CUST-101397,2026-05,129.8,21,56.3,1360
CUST-101397,2026-06,146.1,28,49.7,1104
CUST-101397,2026-07,95.0,13,62.9,883
CUST-101397,2026-08,119.0,13,29.8,1335
CUST-101398,2026-03,200.9,30,44.4,1803
CUST-101398,2026-04,186.6,15,43.4,1610
CUST-101398,2026-05,201.5,24,36.6,2070
CUST-101398,2026-06,185.8,26,58.6,1840
CUST-101398,2026-07,186.2,31,65.3,1921
CUST-101398,2026-08,167.9,18,68.6,1009
CUST-101399,2026-03,200.9,26,54.6,1877
CUST-101399,2026-04,185.7,29,47.8,1340
CUST-101399,2026-05,183.5,25,74.8,1449
CUST-101399,2026-06,153.5,17,45.9,1674
CUST-101399,2026-07,134.6,18,58.7,1234
CUST-101399,2026-08,162.4,22,67.3,1665
CUST-101400,2026-03,169.4,22,39.3,1267
CUST-101400,2026-04,150.8,11,47.2,1186
CUST-101400,2026-05,159.9,24,49.8,1394
CUST-101400,2026-06,151.7,21,38.5,1414
CUST-101400,2026-07,160.0,25,34.4,1418
CUST-101400,2026-08,147.8,24,30.7,1455
CUST-101401,2026-03,403.8,56,50.8,4519
CUST-101401,2026-04,297.1,39,47.8,2750
CUST-101401,2026-05,367.3,49,59.7,3751
CUST-101401,2026-06,292.5,40,65.9,1983
CUST-101401,2026-07,252.9,37,47.0,1411
CUST-101401,2026-08,269.2,47,43.0,2753
CUST-101402,2026-03,207.7,31,53.1,2385
CUST-101402,2026-04,159.7,23,71.5,1589
CUST-101402,2026-05,152.5,21,38.1,1249
CUST-101402,2026-06,198.5,27,69.0,1350
CUST-101402,2026-07,180.6,23,46.4,960
CUST-101402,2026-08,178.5,21,64.0,1491
CUST-101403,2026-03,370.5,61,44.9,3813
CUST-101403,2026-04,398.4,54,60.3,3410
CUST-101403,2026-05,376.2,53,59.5,3852
CUST-101403,2026-06,372.5,60,42.3,4436
CUST-101403,2026-07,427.0,60,45.2,3924
CUST-101403,2026-08,355.1,42,51.9,2644
CUST-101404,2026-03,190.1,31,50.7,1720
CUST-101404,2026-04,175.4,18,53.8,1753
CUST-101404,2026-05,130.5,13,49.2,880
CUST-101404,2026-06,124.1,14,61.7,1409
CUST-101404,2026-07,56.8,12,23.4,478
CUST-101404,2026-08,109.1,7,40.9,1127
CUST-101405,2026-03,368.5,55,64.5,2977
CUST-101405,2026-04,389.1,57,62.2,2656
CUST-101405,2026-05,368.1,49,63.4,2713
CUST-101405,2026-06,368.7,53,55.7,4284
CUST-101405,2026-07,454.1,64,52.3,5690
CUST-101405,2026-08,360.5,50,39.0,1476
CUST-101406,2026-03,80.4,5,61.4,662
CUST-101406,2026-04,87.8,18,85.0,1024
CUST-101406,2026-05,87.0,9,63.6,314
CUST-101406,2026-06,80.0,12,42.6,898
CUST-101406,2026-07,84.2,6,63.2,844
CUST-101406,2026-08,78.8,9,64.2,693
CUST-101407,2026-03,84.3,3,47.4,964
CUST-101407,2026-04,74.7,6,41.6,649
CUST-101407,2026-05,69.3,13,49.5,621
CUST-101407,2026-06,52.8,11,49.4,414
CUST-101407,2026-07,35.6,8,26.8,303
CUST-101407,2026-08,51.9,11,38.4,418
CUST-101408,2026-03,162.7,25,55.5,1628
CUST-101408,2026-04,192.9,28,63.6,1320
CUST-101408,2026-05,173.9,30,68.4,1479
CUST-101408,2026-06,195.6,23,65.6,1545
CUST-101408,2026-07,190.4,34,61.0,1583
CUST-101408,2026-08,202.8,32,45.7,1507
CUST-101409,2026-03,76.1,10,72.6,580
CUST-101409,2026-04,80.1,10,59.4,732
CUST-101409,2026-05,74.7,12,60.0,686
CUST-101409,2026-06,84.7,14,54.4,638
CUST-101409,2026-07,71.6,14,52.2,641
CUST-101409,2026-08,83.7,10,62.7,822
CUST-101410,2026-03,71.8,13,43.1,654
CUST-101410,2026-04,89.2,9,50.6,1050
CUST-101410,2026-05,100.1,8,44.0,782
CUST-101410,2026-06,84.9,14,52.5,843
CUST-101410,2026-07,89.8,9,69.0,986
CUST-101410,2026-08,72.5,7,58.1,566
CUST-101411,2026-03,86.7,5,40.1,770
CUST-101411,2026-04,81.6,13,44.7,731
CUST-101411,2026-05,55.5,8,54.9,547
CUST-101411,2026-06,56.4,12,11.1,514
CUST-101411,2026-07,57.9,4,42.7,683
CUST-101411,2026-08,45.0,13,53.1,450
CUST-101412,2026-03,403.3,61,57.5,2418
CUST-101412,2026-04,306.3,44,38.3,1970
CUST-101412,2026-05,278.8,41,52.1,2971
CUST-101412,2026-06,306.8,46,34.6,1400
CUST-101412,2026-07,334.9,53,44.7,2566
CUST-101412,2026-08,267.6,37,53.6,1879
CUST-101413,2026-03,392.7,58,59.7,2871
CUST-101413,2026-04,318.6,39,73.2,1643
CUST-101413,2026-05,339.7,48,38.9,3673
CUST-101413,2026-06,304.5,40,42.8,2776
CUST-101413,2026-07,240.6,30,16.6,2800
CUST-101413,2026-08,160.5,23,37.9,1280
CUST-101414,2026-03,412.5,68,61.1,3957
CUST-101414,2026-04,365.0,55,46.2,3308
CUST-101414,2026-05,408.7,57,72.0,3087
CUST-101414,2026-06,423.3,62,73.2,2547
CUST-101414,2026-07,328.6,40,57.8,2351
CUST-101414,2026-08,405.2,63,52.8,2689
CUST-101415,2026-03,866.5,120,58.7,8510
CUST-101415,2026-04,910.9,130,65.4,8320
CUST-101415,2026-05,803.7,117,68.9,8377
CUST-101415,2026-06,892.6,123,70.4,9021
CUST-101415,2026-07,887.0,131,49.9,6642
CUST-101415,2026-08,964.6,143,70.3,9429
CUST-101416,2026-03,169.9,28,38.7,1380
CUST-101416,2026-04,159.4,20,57.5,1255
CUST-101416,2026-05,152.7,24,55.4,1555
CUST-101416,2026-06,161.6,22,47.7,1061
CUST-101416,2026-07,156.5,20,47.8,1511
CUST-101416,2026-08,171.1,26,47.3,1840
CUST-101417,2026-03,77.0,6,58.2,804
CUST-101417,2026-04,88.5,5,47.6,754
CUST-101417,2026-05,77.1,8,43.8,825
CUST-101417,2026-06,75.5,15,56.7,630
CUST-101417,2026-07,83.0,11,54.6,627
CUST-101417,2026-08,92.4,10,63.7,743
CUST-101418,2026-03,173.4,20,48.8,1282
CUST-101418,2026-04,166.2,25,55.1,1982
CUST-101418,2026-05,170.6,29,79.0,1583
CUST-101418,2026-06,131.9,21,53.3,1039
CUST-101418,2026-07,173.2,24,62.2,487
CUST-101418,2026-08,175.9,24,67.5,1600
CUST-101419,2026-03,199.0,27,49.4,2484
CUST-101419,2026-04,135.0,17,64.2,1298
CUST-101419,2026-05,166.5,24,41.9,970
CUST-101419,2026-06,174.0,27,71.5,1557
CUST-101419,2026-07,144.8,20,43.9,1857
CUST-101419,2026-08,156.4,20,41.4,1537
CUST-101420,2026-03,399.7,63,73.5,4765
CUST-101420,2026-04,368.2,55,51.9,3238
CUST-101420,2026-05,380.3,60,47.6,2396
CUST-101420,2026-06,367.8,49,40.8,3590
CUST-101420,2026-07,380.3,53,68.7,3004
CUST-101420,2026-08,385.2,50,34.4,3582
CUST-101421,2026-03,89.1,10,35.7,533
CUST-101421,2026-04,65.3,12,53.5,461
CUST-101421,2026-05,72.8,11,47.4,527
CUST-101421,2026-06,83.4,15,39.8,754
CUST-101421,2026-07,81.4,13,80.7,646
CUST-101421,2026-08,82.7,9,46.1,676
CUST-101422,2026-03,313.9,46,42.5,2359
CUST-101422,2026-04,428.8,62,71.2,3956
CUST-101422,2026-05,354.0,51,54.2,2007
CUST-101422,2026-06,381.6,56,51.6,3051
CUST-101422,2026-07,406.8,58,61.1,3545
CUST-101422,2026-08,364.6,56,56.7,4492
CUST-101423,2026-03,77.1,5,50.2,525
CUST-101423,2026-04,92.1,14,66.1,909
CUST-101423,2026-05,79.2,8,46.8,892
CUST-101423,2026-06,84.2,12,45.0,905
CUST-101423,2026-07,85.0,16,53.5,1105
CUST-101423,2026-08,91.6,11,66.0,1129
CUST-101424,2026-03,156.8,25,54.2,1559
CUST-101424,2026-04,180.7,16,73.3,1654
CUST-101424,2026-05,150.3,29,57.6,1371
CUST-101424,2026-06,163.4,24,58.5,1740
CUST-101424,2026-07,122.9,11,42.1,1473
CUST-101424,2026-08,122.4,16,25.4,738
CUST-101425,2026-03,194.8,20,69.3,1533
CUST-101425,2026-04,185.0,23,57.4,1503
CUST-101425,2026-05,173.6,20,41.4,1739
CUST-101425,2026-06,145.0,24,55.1,1021
CUST-101425,2026-07,166.0,22,64.2,1622
CUST-101425,2026-08,199.9,30,68.1,2046
CUST-101426,2026-03,223.6,30,59.5,1900
CUST-101426,2026-04,186.1,35,38.0,978
CUST-101426,2026-05,184.3,21,52.1,1372
CUST-101426,2026-06,163.4,18,35.2,1481
CUST-101426,2026-07,154.0,16,43.3,1302
CUST-101426,2026-08,191.2,29,50.4,2238
CUST-101427,2026-03,172.2,20,39.6,1687
CUST-101427,2026-04,168.5,21,61.0,1569
CUST-101427,2026-05,194.5,30,67.2,1384
CUST-101427,2026-06,168.3,23,36.2,1768
CUST-101427,2026-07,192.6,21,67.2,2058
CUST-101427,2026-08,189.8,29,64.8,1729
CUST-101428,2026-03,168.4,18,39.9,1720
CUST-101428,2026-04,185.6,26,57.8,1438
CUST-101428,2026-05,177.0,30,37.4,1772
CUST-101428,2026-06,156.4,26,47.0,1544
CUST-101428,2026-07,205.9,27,81.8,1718
CUST-101428,2026-08,205.6,29,61.4,2033
CUST-101429,2026-03,88.4,18,50.2,1006
CUST-101429,2026-04,97.8,11,60.5,669
CUST-101429,2026-05,85.0,13,34.1,770
CUST-101429,2026-06,77.6,14,47.1,1033
CUST-101429,2026-07,67.0,10,42.4,575
CUST-101429,2026-08,92.2,20,61.2,760
CUST-101430,2026-03,79.1,12,58.7,741
CUST-101430,2026-04,76.6,13,52.2,549
CUST-101430,2026-05,68.5,9,76.6,708
CUST-101430,2026-06,77.1,11,46.5,582
CUST-101430,2026-07,63.9,15,57.0,688
CUST-101430,2026-08,71.2,7,49.9,633
CUST-101431,2026-03,83.0,11,61.4,605
CUST-101431,2026-04,81.5,9,64.4,874
CUST-101431,2026-05,75.2,12,55.0,439
CUST-101431,2026-06,70.5,11,56.8,815
CUST-101431,2026-07,80.6,28,48.3,707
CUST-101431,2026-08,77.5,12,62.3,703
CUST-101432,2026-03,393.2,57,55.7,3702
CUST-101432,2026-04,366.6,57,47.5,3771
CUST-101432,2026-05,306.7,44,23.5,2681
CUST-101432,2026-06,311.9,48,56.6,1868
CUST-101432,2026-07,257.4,36,40.5,2612
CUST-101432,2026-08,204.5,22,49.6,2836
CUST-101433,2026-03,79.6,15,71.5,888
CUST-101433,2026-04,81.3,11,79.2,713
CUST-101433,2026-05,70.3,15,53.4,683
CUST-101433,2026-06,81.0,12,61.3,581
CUST-101433,2026-07,77.1,11,62.9,655
CUST-101433,2026-08,71.1,3,55.2,597
CUST-101434,2026-03,197.0,34,71.1,1664
CUST-101434,2026-04,188.0,27,49.3,1117
CUST-101434,2026-05,159.9,20,42.4,1692
CUST-101434,2026-06,198.3,24,71.9,1142
CUST-101434,2026-07,185.5,29,58.1,1659
CUST-101434,2026-08,201.5,31,58.5,2375
CUST-101435,2026-03,70.6,8,48.7,712
CUST-101435,2026-04,86.5,17,62.0,1058
CUST-101435,2026-05,72.7,8,52.8,762
CUST-101435,2026-06,59.4,11,68.8,326
CUST-101435,2026-07,69.9,12,55.4,807
CUST-101435,2026-08,66.0,9,33.1,361
CUST-101436,2026-03,473.8,70,68.6,3571
CUST-101436,2026-04,378.2,48,58.2,2370
CUST-101436,2026-05,312.7,44,59.9,2384
CUST-101436,2026-06,305.4,39,53.8,3169
CUST-101436,2026-07,317.1,53,56.5,3027
CUST-101436,2026-08,345.9,49,66.9,3900
CUST-101437,2026-03,159.9,25,45.2,1435
CUST-101437,2026-04,150.8,18,41.2,1413
CUST-101437,2026-05,176.0,25,40.2,1280
CUST-101437,2026-06,175.3,25,39.2,1743
CUST-101437,2026-07,158.6,20,37.3,1781
CUST-101437,2026-08,166.7,26,54.8,1608
CUST-101438,2026-03,81.0,6,57.8,642
CUST-101438,2026-04,80.1,17,36.3,807
CUST-101438,2026-05,64.3,11,63.8,652
CUST-101438,2026-06,62.9,11,56.0,603
CUST-101438,2026-07,65.0,9,45.9,608
CUST-101438,2026-08,49.3,10,43.9,398
CUST-101439,2026-03,192.2,29,58.7,2158
CUST-101439,2026-04,184.3,31,49.4,1428
CUST-101439,2026-05,127.6,21,44.8,1077
CUST-101439,2026-06,111.8,24,41.8,1154
CUST-101439,2026-07,114.4,16,43.2,1133
CUST-101439,2026-08,94.5,16,46.0,998
CUST-101440,2026-03,186.8,25,38.1,1454
CUST-101440,2026-04,163.6,32,42.7,1342
CUST-101440,2026-05,158.2,15,43.9,1213
CUST-101440,2026-06,195.0,24,65.6,2025
CUST-101440,2026-07,137.1,19,54.5,1282
CUST-101440,2026-08,126.4,18,32.6,1352
CUST-101441,2026-03,157.7,23,56.8,1387
CUST-101441,2026-04,148.8,25,41.3,1340
CUST-101441,2026-05,122.1,21,68.2,1032
CUST-101441,2026-06,103.7,14,55.2,813
CUST-101441,2026-07,87.5,16,39.9,910
CUST-101441,2026-08,96.6,10,27.3,802
CUST-101442,2026-03,83.1,10,56.5,752
CUST-101442,2026-04,71.9,17,51.0,831
CUST-101442,2026-05,78.5,7,45.5,710
CUST-101442,2026-06,87.4,13,67.0,929
CUST-101442,2026-07,76.3,11,63.6,844
CUST-101442,2026-08,92.8,19,56.5,848
CUST-101443,2026-03,164.6,19,41.7,1644
CUST-101443,2026-04,198.7,27,42.8,2242
CUST-101443,2026-05,175.5,26,47.9,1360
CUST-101443,2026-06,176.5,24,66.2,1385
CUST-101443,2026-07,166.4,25,64.0,1474
CUST-101443,2026-08,199.5,29,65.5,1491
CUST-101444,2026-03,170.1,29,29.6,2009
CUST-101444,2026-04,192.7,25,77.8,1693
CUST-101444,2026-05,197.0,26,49.0,1546
CUST-101444,2026-06,173.5,25,66.0,1133
CUST-101444,2026-07,168.1,26,60.9,1069
CUST-101444,2026-08,175.1,25,42.0,1903
CUST-101445,2026-03,395.9,55,88.0,3431
CUST-101445,2026-04,333.8,52,65.5,3025
CUST-101445,2026-05,293.0,32,33.9,2577
CUST-101445,2026-06,251.4,39,56.1,1997
CUST-101445,2026-07,196.5,30,66.4,1949
CUST-101445,2026-08,203.5,23,24.5,1350
CUST-101446,2026-03,222.3,38,60.6,2453
CUST-101446,2026-04,184.8,24,45.4,1662
CUST-101446,2026-05,179.4,23,57.2,1168
CUST-101446,2026-06,165.7,17,73.7,1943
CUST-101446,2026-07,187.5,21,46.2,2260
CUST-101446,2026-08,202.1,29,44.2,1915
CUST-101447,2026-03,168.5,25,77.4,1895
CUST-101447,2026-04,140.4,17,61.3,579
CUST-101447,2026-05,184.3,26,36.4,2138
CUST-101447,2026-06,178.6,26,52.2,1906
CUST-101447,2026-07,194.0,27,60.1,1298
CUST-101447,2026-08,156.4,21,46.6,1355
CUST-101448,2026-03,161.3,24,66.1,1831
CUST-101448,2026-04,182.8,24,65.1,1233
CUST-101448,2026-05,179.9,26,50.0,1537
CUST-101448,2026-06,190.4,27,58.7,1071
CUST-101448,2026-07,170.8,25,30.1,1368
CUST-101448,2026-08,170.5,30,54.5,1558
CUST-101449,2026-03,82.9,5,63.5,726
CUST-101449,2026-04,84.6,10,53.2,785
CUST-101449,2026-05,66.4,11,33.5,556
CUST-101449,2026-06,73.6,10,54.2,624
CUST-101449,2026-07,63.1,14,77.4,436
CUST-101449,2026-08,64.0,8,59.0,784
CUST-101450,2026-03,177.2,21,35.2,2383
CUST-101450,2026-04,174.2,24,54.5,2095
CUST-101450,2026-05,167.6,20,49.5,1428
CUST-101450,2026-06,182.2,32,32.3,1000
CUST-101450,2026-07,144.1,17,53.8,1426
CUST-101450,2026-08,154.5,25,62.1,1480
CUST-101451,2026-03,73.2,14,70.0,388
CUST-101451,2026-04,78.0,13,78.1,913
CUST-101451,2026-05,60.5,6,50.0,692
CUST-101451,2026-06,61.5,2,53.2,471
CUST-101451,2026-07,42.0,13,49.6,318
CUST-101451,2026-08,52.3,10,35.0,410
CUST-101452,2026-03,189.8,35,66.0,1183
CUST-101452,2026-04,169.0,22,48.6,1273
CUST-101452,2026-05,142.1,20,44.6,1354
CUST-101452,2026-06,108.8,15,69.9,779
CUST-101452,2026-07,121.2,17,60.7,1200
CUST-101452,2026-08,100.0,15,11.8,978
CUST-101453,2026-03,175.4,23,49.0,1321
CUST-101453,2026-04,206.4,32,66.8,1261
CUST-101453,2026-05,178.3,28,51.0,1592
CUST-101453,2026-06,154.9,16,72.7,1019
CUST-101453,2026-07,170.6,17,49.0,1865
CUST-101453,2026-08,137.4,21,69.6,1379
CUST-101454,2026-03,88.2,13,61.8,690
CUST-101454,2026-04,66.7,12,42.5,654
CUST-101454,2026-05,90.0,16,37.1,1029
CUST-101454,2026-06,84.6,13,36.7,848
CUST-101454,2026-07,76.5,14,63.1,762
CUST-101454,2026-08,67.4,14,27.9,797
CUST-101455,2026-03,174.3,28,46.3,1763
CUST-101455,2026-04,166.0,23,22.9,1776
CUST-101455,2026-05,199.0,35,63.7,1578
CUST-101455,2026-06,179.6,25,36.4,2405
CUST-101455,2026-07,161.9,20,40.5,1331
CUST-101455,2026-08,223.0,32,68.5,1419
CUST-101456,2026-03,155.5,22,51.7,1445
CUST-101456,2026-04,168.4,30,49.8,1486
CUST-101456,2026-05,174.7,20,56.8,1745
CUST-101456,2026-06,155.5,23,50.1,1569
CUST-101456,2026-07,136.6,18,53.6,1654
CUST-101456,2026-08,145.3,22,74.5,1463
CUST-101457,2026-03,209.6,30,49.6,2097
CUST-101457,2026-04,158.9,24,53.8,1590
CUST-101457,2026-05,181.8,28,54.9,1738
CUST-101457,2026-06,156.5,23,58.6,1404
CUST-101457,2026-07,134.3,13,58.9,1743
CUST-101457,2026-08,128.7,21,47.7,1308
CUST-101458,2026-03,356.8,49,44.3,3205
CUST-101458,2026-04,352.6,50,72.0,2957
CUST-101458,2026-05,384.8,51,53.0,2853
CUST-101458,2026-06,360.3,52,41.0,3010
CUST-101458,2026-07,338.1,45,49.0,3111
CUST-101458,2026-08,340.8,45,71.3,2564
CUST-101459,2026-03,82.1,10,74.7,606
CUST-101459,2026-04,77.4,11,62.6,725
CUST-101459,2026-05,78.2,16,41.3,621
CUST-101459,2026-06,79.5,9,58.6,784
CUST-101459,2026-07,69.5,13,44.1,536
CUST-101459,2026-08,63.8,11,45.8,748
CUST-101460,2026-03,81.4,10,40.8,459
CUST-101460,2026-04,69.4,8,59.0,643
CUST-101460,2026-05,77.2,13,26.3,569
CUST-101460,2026-06,82.1,13,37.9,713
CUST-101460,2026-07,79.3,8,22.1,680
CUST-101460,2026-08,69.4,2,46.1,496
CUST-101461,2026-03,74.9,8,23.8,401
CUST-101461,2026-04,75.0,9,35.1,829
CUST-101461,2026-05,67.7,13,61.3,630
CUST-101461,2026-06,61.7,11,37.9,493
CUST-101461,2026-07,64.9,12,66.3,622
CUST-101461,2026-08,54.8,7,33.8,517
CUST-101462,2026-03,184.8,23,36.3,1138
CUST-101462,2026-04,163.3,23,46.0,1473
CUST-101462,2026-05,169.9,21,54.3,1431
CUST-101462,2026-06,181.7,33,54.5,1015
CUST-101462,2026-07,167.4,20,42.0,1332
CUST-101462,2026-08,154.8,26,61.6,1659
CUST-101463,2026-03,79.3,9,56.3,637
CUST-101463,2026-04,80.8,14,51.4,562
CUST-101463,2026-05,65.3,8,56.3,566
CUST-101463,2026-06,37.1,5,31.7,376
CUST-101463,2026-07,44.5,7,18.5,493
CUST-101463,2026-08,32.5,6,25.9,293
CUST-101464,2026-03,208.3,32,55.2,2206
CUST-101464,2026-04,216.4,28,51.8,1690
CUST-101464,2026-05,187.0,32,52.5,1533
CUST-101464,2026-06,168.2,31,44.0,1262
CUST-101464,2026-07,186.7,25,34.7,1766
CUST-101464,2026-08,156.1,14,45.6,956
CUST-101465,2026-03,134.8,19,57.1,1341
CUST-101465,2026-04,153.1,24,39.1,1111
CUST-101465,2026-05,165.1,20,31.2,1315
CUST-101465,2026-06,178.2,19,79.5,1633
CUST-101465,2026-07,209.1,35,71.0,1640
CUST-101465,2026-08,184.5,23,64.9,1396
CUST-101466,2026-03,175.1,22,61.2,1533
CUST-101466,2026-04,184.2,28,45.3,1707
CUST-101466,2026-05,202.4,25,55.9,2165
CUST-101466,2026-06,173.1,21,41.1,902
CUST-101466,2026-07,172.6,20,56.8,1472
CUST-101466,2026-08,201.4,31,57.1,1570
CUST-101467,2026-03,213.6,28,62.2,1271
CUST-101467,2026-04,171.2,30,57.4,1814
CUST-101467,2026-05,186.4,25,47.8,2006
CUST-101467,2026-06,183.9,29,67.2,1974
CUST-101467,2026-07,198.8,27,69.9,1753
CUST-101467,2026-08,182.8,30,44.5,1917
CUST-101468,2026-03,167.1,25,63.7,1832
CUST-101468,2026-04,162.3,22,57.8,1609
CUST-101468,2026-05,208.9,34,40.5,2283
CUST-101468,2026-06,155.1,23,62.7,1287
CUST-101468,2026-07,198.3,21,65.4,2108
CUST-101468,2026-08,157.7,15,80.7,1867
CUST-101469,2026-03,74.1,12,53.5,689
CUST-101469,2026-04,74.0,8,34.2,766
CUST-101469,2026-05,69.8,15,52.1,787
CUST-101469,2026-06,56.6,6,36.6,679
CUST-101469,2026-07,60.5,12,44.2,424
CUST-101469,2026-08,60.5,13,41.0,727
CUST-101470,2026-03,346.5,44,51.8,3331
CUST-101470,2026-04,408.2,52,45.5,3649
CUST-101470,2026-05,261.1,43,53.0,1560
CUST-101470,2026-06,245.7,36,45.6,3109
CUST-101470,2026-07,265.8,41,45.5,2482
CUST-101470,2026-08,173.7,28,44.8,1578
CUST-101471,2026-03,178.7,28,54.8,1656
CUST-101471,2026-04,193.6,21,57.9,1313
CUST-101471,2026-05,182.0,24,26.5,1548
CUST-101471,2026-06,187.5,20,58.8,1598
CUST-101471,2026-07,175.8,29,48.1,1499
CUST-101471,2026-08,154.6,22,45.5,1746
CUST-101472,2026-03,189.4,34,58.7,2148
CUST-101472,2026-04,173.0,22,63.6,1491
CUST-101472,2026-05,205.9,30,71.1,1483
CUST-101472,2026-06,198.1,32,78.0,1650
CUST-101472,2026-07,193.4,19,55.9,1528
CUST-101472,2026-08,190.6,35,37.7,2173
CUST-101473,2026-03,172.9,26,45.9,2123
CUST-101473,2026-04,165.0,27,39.7,1793
CUST-101473,2026-05,160.1,21,49.1,2127
CUST-101473,2026-06,112.6,18,57.7,1273
CUST-101473,2026-07,127.3,21,24.8,1193
CUST-101473,2026-08,93.0,11,34.3,973
CUST-101474,2026-03,69.3,14,52.9,599
CUST-101474,2026-04,98.0,8,62.0,983
CUST-101474,2026-05,74.8,10,61.0,794
CUST-101474,2026-06,77.3,15,45.1,766
CUST-101474,2026-07,76.6,6,58.3,552
CUST-101474,2026-08,64.0,11,68.1,601
CUST-101475,2026-03,379.2,51,44.3,2112
CUST-101475,2026-04,353.7,55,74.4,3068
CUST-101475,2026-05,323.0,42,65.5,3228
CUST-101475,2026-06,329.3,44,55.6,2022
CUST-101475,2026-07,477.1,63,57.5,4254
CUST-101475,2026-08,445.9,64,38.5,3343
CUST-101476,2026-03,74.8,14,20.4,552
CUST-101476,2026-04,67.5,6,58.8,641
CUST-101476,2026-05,49.1,7,64.5,451
CUST-101476,2026-06,51.6,7,59.3,455
CUST-101476,2026-07,58.1,12,40.1,346
CUST-101476,2026-08,37.4,2,53.6,421
CUST-101477,2026-03,937.2,130,54.6,8436
CUST-101477,2026-04,838.9,121,39.4,9209
CUST-101477,2026-05,834.9,123,65.7,4187
CUST-101477,2026-06,837.6,125,50.2,7142
CUST-101477,2026-07,820.4,118,77.3,7643
CUST-101477,2026-08,839.4,118,51.1,5880
CUST-101478,2026-03,340.0,41,46.3,2263
CUST-101478,2026-04,351.3,54,55.6,2304
CUST-101478,2026-05,301.0,47,72.8,2578
CUST-101478,2026-06,347.5,58,37.0,2750
CUST-101478,2026-07,268.0,36,73.7,2331
CUST-101478,2026-08,304.1,39,59.0,3196
CUST-101479,2026-03,82.2,13,48.5,965
CUST-101479,2026-04,73.0,9,70.7,561
CUST-101479,2026-05,59.5,11,38.0,644
CUST-101479,2026-06,44.7,10,45.2,457
CUST-101479,2026-07,43.8,14,11.5,292
CUST-101479,2026-08,42.0,8,33.5,348
CUST-101480,2026-03,78.0,7,41.4,827
CUST-101480,2026-04,87.2,5,51.5,765
CUST-101480,2026-05,89.7,20,66.4,860
CUST-101480,2026-06,82.5,17,61.4,613
CUST-101480,2026-07,79.4,6,37.4,886
CUST-101480,2026-08,84.2,13,75.1,569
CUST-101481,2026-03,71.3,15,76.5,587
CUST-101481,2026-04,97.2,14,65.8,815
CUST-101481,2026-05,77.6,10,72.1,1041
CUST-101481,2026-06,77.3,12,58.5,762
CUST-101481,2026-07,84.6,9,67.4,667
CUST-101481,2026-08,86.6,6,59.5,944
CUST-101482,2026-03,184.0,35,51.4,1950
CUST-101482,2026-04,187.1,28,68.5,1398
CUST-101482,2026-05,171.2,25,66.5,1439
CUST-101482,2026-06,185.1,34,63.4,1566
CUST-101482,2026-07,199.8,25,55.6,2039
CUST-101482,2026-08,187.3,28,58.9,2365
CUST-101483,2026-03,985.6,142,73.4,9606
CUST-101483,2026-04,930.6,132,69.6,5491
CUST-101483,2026-05,957.2,137,55.1,7946
CUST-101483,2026-06,913.3,127,38.9,9720
CUST-101483,2026-07,1005.3,144,51.3,9133
CUST-101483,2026-08,1059.4,148,44.5,10847
CUST-101484,2026-03,854.7,128,53.9,7889
CUST-101484,2026-04,725.3,97,62.9,5501
CUST-101484,2026-05,713.9,110,61.4,7277
CUST-101484,2026-06,702.2,103,48.2,7240
CUST-101484,2026-07,759.5,109,40.2,6970
CUST-101484,2026-08,693.8,96,22.2,5035
CUST-101485,2026-03,372.2,53,38.4,3321
CUST-101485,2026-04,419.1,65,37.9,4090
CUST-101485,2026-05,458.3,59,37.1,5076
CUST-101485,2026-06,396.7,55,65.7,5387
CUST-101485,2026-07,395.0,54,71.1,3800
CUST-101485,2026-08,396.2,51,68.6,3430
CUST-101486,2026-03,897.1,132,73.3,9345
CUST-101486,2026-04,726.1,103,58.7,6536
CUST-101486,2026-05,770.9,103,68.5,9196
CUST-101486,2026-06,902.5,119,51.0,8403
CUST-101486,2026-07,935.4,133,43.4,6457
CUST-101486,2026-08,1003.1,138,61.4,11568
CUST-101487,2026-03,91.1,12,74.8,848
CUST-101487,2026-04,83.1,9,51.6,801
CUST-101487,2026-05,84.6,13,40.2,865
CUST-101487,2026-06,80.8,3,53.9,705
CUST-101487,2026-07,88.7,8,64.8,937
CUST-101487,2026-08,83.3,10,49.8,609
CUST-101488,2026-03,372.4,58,42.4,3211
CUST-101488,2026-04,375.0,54,49.7,2804
CUST-101488,2026-05,332.2,43,30.0,1815
CUST-101488,2026-06,204.5,31,40.1,1758
CUST-101488,2026-07,263.1,38,48.1,1579
CUST-101488,2026-08,201.8,37,50.5,2023
CUST-101489,2026-03,210.4,23,21.6,2283
CUST-101489,2026-04,177.3,18,63.1,2063
CUST-101489,2026-05,173.9,20,70.9,1847
CUST-101489,2026-06,205.4,25,52.0,1948
CUST-101489,2026-07,182.0,24,65.7,1456
CUST-101489,2026-08,214.9,34,51.7,1141
CUST-101490,2026-03,154.5,30,57.2,1360
CUST-101490,2026-04,171.7,26,51.0,1879
CUST-101490,2026-05,175.1,22,55.8,1314
CUST-101490,2026-06,161.4,28,54.3,1260
CUST-101490,2026-07,154.7,24,61.4,1253
CUST-101490,2026-08,136.0,14,35.6,1560
CUST-101491,2026-03,187.6,22,43.8,1840
CUST-101491,2026-04,177.5,24,50.3,1719
CUST-101491,2026-05,190.2,31,56.8,1785
CUST-101491,2026-06,202.6,30,55.3,1360
CUST-101491,2026-07,175.8,22,33.1,1640
CUST-101491,2026-08,175.0,26,67.7,1630
CUST-101492,2026-03,186.9,22,44.0,1711
CUST-101492,2026-04,191.8,31,62.9,1547
CUST-101492,2026-05,179.6,21,48.2,1755
CUST-101492,2026-06,185.3,24,46.0,1642
CUST-101492,2026-07,184.4,26,43.3,1651
CUST-101492,2026-08,166.3,25,64.1,1513
CUST-101493,2026-03,78.9,15,58.5,647
CUST-101493,2026-04,77.4,16,49.9,745
CUST-101493,2026-05,77.3,9,64.5,639
CUST-101493,2026-06,92.7,16,54.6,912
CUST-101493,2026-07,91.4,16,43.6,606
CUST-101493,2026-08,93.0,16,69.3,955
CUST-101494,2026-03,376.9,53,60.6,3825
CUST-101494,2026-04,342.1,48,46.2,3233
CUST-101494,2026-05,289.6,41,38.5,2578
CUST-101494,2026-06,333.2,48,32.3,3016
CUST-101494,2026-07,252.1,34,42.0,1924
CUST-101494,2026-08,317.5,52,35.3,2544
CUST-101495,2026-03,149.9,24,56.3,1174
CUST-101495,2026-04,170.7,23,84.5,1399
CUST-101495,2026-05,116.0,18,47.0,761
CUST-101495,2026-06,130.1,17,51.4,1309
CUST-101495,2026-07,115.6,14,34.0,942
CUST-101495,2026-08,76.6,13,41.4,748
CUST-101496,2026-03,383.5,55,68.7,2417
CUST-101496,2026-04,343.2,47,68.5,3909
CUST-101496,2026-05,309.8,46,35.5,1873
CUST-101496,2026-06,307.6,40,49.8,2556
CUST-101496,2026-07,269.7,37,54.1,2184
CUST-101496,2026-08,158.9,23,28.3,1401
CUST-101497,2026-03,74.3,8,63.3,688
CUST-101497,2026-04,59.9,9,52.9,652
CUST-101497,2026-05,85.5,10,58.8,648
CUST-101497,2026-06,69.2,7,47.1,580
CUST-101497,2026-07,59.9,11,71.3,585
CUST-101497,2026-08,65.1,9,69.7,716
CUST-101498,2026-03,179.2,25,61.0,1312
CUST-101498,2026-04,167.3,27,29.2,974
CUST-101498,2026-05,130.4,20,43.1,991
CUST-101498,2026-06,115.5,18,54.7,1108
CUST-101498,2026-07,99.6,17,31.9,893
CUST-101498,2026-08,99.6,18,52.8,602
CUST-101499,2026-03,919.5,129,48.8,10529
CUST-101499,2026-04,840.5,119,45.5,6094
CUST-101499,2026-05,922.0,132,69.1,9223
CUST-101499,2026-06,975.7,129,65.2,8497
CUST-101499,2026-07,640.4,96,61.1,6002
CUST-101499,2026-08,994.6,145,44.9,9602
CUST-101500,2026-03,199.2,35,50.0,2142
CUST-101500,2026-04,151.3,20,65.3,1571
CUST-101500,2026-05,123.6,17,48.5,1425
CUST-101500,2026-06,162.4,24,48.1,914
CUST-101500,2026-07,122.6,21,34.1,1206
CUST-101500,2026-08,78.7,18,32.3,665
CUST-101501,2026-03,383.9,59,54.4,3370
CUST-101501,2026-04,394.1,55,54.4,3609
CUST-101501,2026-05,385.3,59,47.2,3162
CUST-101501,2026-06,396.3,54,64.3,4263
CUST-101501,2026-07,414.1,66,79.8,3541
CUST-101501,2026-08,333.9,50,39.3,3986
CUST-101502,2026-03,190.3,27,62.3,1425
CUST-101502,2026-04,194.6,23,56.4,2004
CUST-101502,2026-05,171.6,17,41.2,1680
CUST-101502,2026-06,181.3,30,80.2,1825
CUST-101502,2026-07,194.4,29,52.2,1892
CUST-101502,2026-08,152.2,32,75.4,1628
CUST-101503,2026-03,386.8,50,30.5,3322
CUST-101503,2026-04,358.2,53,49.6,3411
CUST-101503,2026-05,451.5,67,50.8,4010
CUST-101503,2026-06,371.8,47,62.8,4377
CUST-101503,2026-07,355.4,55,38.8,2482
CUST-101503,2026-08,394.8,58,49.5,2974
CUST-101504,2026-03,163.6,25,57.8,1224
CUST-101504,2026-04,200.1,33,39.3,1723
CUST-101504,2026-05,178.3,28,54.5,1876
CUST-101504,2026-06,169.5,23,51.5,1362
CUST-101504,2026-07,181.1,21,49.7,1515
CUST-101504,2026-08,154.8,23,66.5,1720
CUST-101505,2026-03,191.1,24,47.0,2094
CUST-101505,2026-04,152.9,21,64.1,1481
CUST-101505,2026-05,166.5,20,29.7,1584
CUST-101505,2026-06,202.6,25,63.7,1802
CUST-101505,2026-07,178.0,27,78.1,1325
CUST-101505,2026-08,197.2,34,46.1,473
CUST-101506,2026-03,179.8,26,70.5,1320
CUST-101506,2026-04,183.6,19,61.1,1993
CUST-101506,2026-05,158.0,16,44.5,1508
CUST-101506,2026-06,196.0,32,58.6,2165
CUST-101506,2026-07,160.0,23,42.9,1262
CUST-101506,2026-08,180.4,33,46.6,1718
CUST-101507,2026-03,69.4,9,70.7,600
CUST-101507,2026-04,76.9,6,51.0,672
CUST-101507,2026-05,68.5,6,37.6,584
CUST-101507,2026-06,76.4,11,33.8,896
CUST-101507,2026-07,71.3,7,45.8,694
CUST-101507,2026-08,70.0,7,46.9,469
CUST-101508,2026-03,68.5,7,39.0,673
CUST-101508,2026-04,79.2,4,50.2,539
CUST-101508,2026-05,82.3,14,67.7,737
CUST-101508,2026-06,79.1,14,53.8,674
CUST-101508,2026-07,77.8,10,59.7,934
CUST-101508,2026-08,80.5,15,57.8,668
CUST-101509,2026-03,378.0,49,79.1,3668
CUST-101509,2026-04,339.4,48,59.4,2326
CUST-101509,2026-05,396.1,53,49.9,3517
CUST-101509,2026-06,375.7,54,32.9,3690
CUST-101509,2026-07,364.6,52,65.5,3397
CUST-101509,2026-08,364.2,51,58.0,3025
CUST-101510,2026-03,402.3,54,53.3,4031
CUST-101510,2026-04,326.2,44,61.2,3252
CUST-101510,2026-05,340.6,46,46.8,3345
CUST-101510,2026-06,294.4,51,35.0,2716
CUST-101510,2026-07,269.9,38,30.7,3061
CUST-101510,2026-08,216.2,21,36.9,1821
CUST-101511,2026-03,185.8,24,82.2,829
CUST-101511,2026-04,181.0,25,62.1,1704
CUST-101511,2026-05,166.1,23,66.2,1343
CUST-101511,2026-06,170.4,25,47.4,1024
CUST-101511,2026-07,181.3,23,38.4,1608
CUST-101511,2026-08,150.5,19,39.8,1596
CUST-101512,2026-03,164.1,20,66.0,1345
CUST-101512,2026-04,168.7,24,47.6,1984
CUST-101512,2026-05,138.3,21,59.3,1404
CUST-101512,2026-06,179.6,32,66.3,1798
CUST-101512,2026-07,147.1,20,36.2,1742
CUST-101512,2026-08,140.8,17,49.3,772
CUST-101513,2026-03,379.8,52,37.6,3901
CUST-101513,2026-04,316.3,46,46.1,3764
CUST-101513,2026-05,327.3,50,75.0,3313
CUST-101513,2026-06,271.2,37,62.1,2479
CUST-101513,2026-07,242.3,36,32.8,1694
CUST-101513,2026-08,251.4,43,44.9,2798
CUST-101514,2026-03,176.4,20,51.3,1349
CUST-101514,2026-04,194.7,29,54.9,1777
CUST-101514,2026-05,175.0,25,62.1,1766
CUST-101514,2026-06,179.8,25,62.3,1438
CUST-101514,2026-07,200.6,26,42.8,2170
CUST-101514,2026-08,148.7,24,64.3,1755
CUST-101515,2026-03,149.0,22,64.6,1197
CUST-101515,2026-04,175.5,20,45.5,1423
CUST-101515,2026-05,148.0,21,60.5,1180
CUST-101515,2026-06,172.8,23,46.7,1360
CUST-101515,2026-07,158.3,20,72.6,1354
CUST-101515,2026-08,128.3,16,58.0,1163
CUST-101516,2026-03,83.4,7,43.2,889
CUST-101516,2026-04,70.2,10,67.2,638
CUST-101516,2026-05,76.2,15,24.2,586
CUST-101516,2026-06,75.8,12,64.8,751
CUST-101516,2026-07,84.9,12,52.6,673
CUST-101516,2026-08,87.1,11,60.0,729
CUST-101517,2026-03,149.2,19,73.3,1437
CUST-101517,2026-04,157.3,21,54.9,1469
CUST-101517,2026-05,147.5,21,60.0,1473
CUST-101517,2026-06,123.4,16,53.0,917
CUST-101517,2026-07,140.4,16,32.9,980
CUST-101517,2026-08,63.0,16,42.4,416
CUST-101518,2026-03,377.7,52,71.5,3103
CUST-101518,2026-04,389.5,56,57.6,4320
CUST-101518,2026-05,397.3,54,49.9,4420
CUST-101518,2026-06,277.7,36,50.0,2341
CUST-101518,2026-07,308.4,42,30.2,2737
CUST-101518,2026-08,325.7,45,36.3,3801
CUST-101519,2026-03,969.7,139,51.9,10513
CUST-101519,2026-04,790.3,108,72.7,7918
CUST-101519,2026-05,831.1,121,71.7,6294
CUST-101519,2026-06,997.0,137,41.8,6061
CUST-101519,2026-07,986.0,141,56.5,6684
CUST-101519,2026-08,854.3,122,38.8,8156
CUST-101520,2026-03,205.7,18,66.2,2592
CUST-101520,2026-04,169.7,22,56.7,2214
CUST-101520,2026-05,135.0,21,56.4,1217
CUST-101520,2026-06,111.2,17,19.1,1169
CUST-101520,2026-07,90.3,17,59.6,541
CUST-101520,2026-08,92.4,10,29.5,886
CUST-101521,2026-03,365.6,55,64.7,2703
CUST-101521,2026-04,328.8,42,54.2,2855
CUST-101521,2026-05,336.2,51,64.9,2819
CUST-101521,2026-06,288.6,40,45.6,3415
CUST-101521,2026-07,205.7,37,27.6,1400
CUST-101521,2026-08,205.4,31,46.1,2263
CUST-101522,2026-03,426.1,66,60.1,3889
CUST-101522,2026-04,359.1,48,63.2,3921
CUST-101522,2026-05,295.1,38,67.9,3541
CUST-101522,2026-06,355.2,45,36.3,3050
CUST-101522,2026-07,195.2,22,27.4,1516
CUST-101522,2026-08,215.0,31,29.4,2393
CUST-101523,2026-03,966.0,132,60.6,9096
CUST-101523,2026-04,904.7,126,53.7,6767
CUST-101523,2026-05,932.2,144,37.4,8038
CUST-101523,2026-06,851.7,119,46.1,8079
CUST-101523,2026-07,972.4,137,44.7,8099
CUST-101523,2026-08,750.4,111,45.0,7372
CUST-101524,2026-03,365.2,53,63.5,4581
CUST-101524,2026-04,392.6,55,51.4,3645
CUST-101524,2026-05,294.6,36,58.6,1791
CUST-101524,2026-06,323.9,48,36.9,2177
CUST-101524,2026-07,262.8,38,56.8,1908
CUST-101524,2026-08,260.7,37,33.8,2757
CUST-101525,2026-03,374.3,54,58.9,3897
CUST-101525,2026-04,311.6,38,42.1,3176
CUST-101525,2026-05,335.9,49,63.0,3108
CUST-101525,2026-06,248.0,32,54.7,2208
CUST-101525,2026-07,225.4,38,46.3,2288
CUST-101525,2026-08,175.4,30,29.0,1622
CUST-101526,2026-03,160.8,24,34.7,1384
CUST-101526,2026-04,181.2,23,35.6,954
CUST-101526,2026-05,187.9,18,31.5,1388
CUST-101526,2026-06,182.7,27,51.5,1986
CUST-101526,2026-07,215.1,25,50.1,2284
CUST-101526,2026-08,188.6,29,58.2,1481
CUST-101527,2026-03,375.6,54,44.3,2879
CUST-101527,2026-04,390.4,54,66.1,3870
CUST-101527,2026-05,439.0,72,77.9,4349
CUST-101527,2026-06,372.5,54,60.1,4136
CUST-101527,2026-07,318.6,45,34.3,4371
CUST-101527,2026-08,461.5,58,53.0,4224
CUST-101528,2026-03,83.3,7,58.6,698
CUST-101528,2026-04,82.0,2,54.5,989
CUST-101528,2026-05,86.7,16,47.5,737
CUST-101528,2026-06,78.3,7,67.5,532
CUST-101528,2026-07,92.6,14,59.9,987
CUST-101528,2026-08,90.7,9,65.7,929
CUST-101529,2026-03,214.4,29,41.6,1904
CUST-101529,2026-04,162.4,27,26.9,1305
CUST-101529,2026-05,166.3,19,56.2,1292
CUST-101529,2026-06,143.1,23,53.0,1546
CUST-101529,2026-07,170.1,23,73.6,1064
CUST-101529,2026-08,145.1,19,50.7,1284
CUST-101530,2026-03,201.9,24,70.2,1703
CUST-101530,2026-04,163.6,22,57.8,1499
CUST-101530,2026-05,130.6,14,54.9,1180
CUST-101530,2026-06,144.0,19,53.2,1710
CUST-101530,2026-07,133.9,24,44.4,1232
CUST-101530,2026-08,175.0,15,40.0,1747
CUST-101531,2026-03,343.4,51,59.8,3108
CUST-101531,2026-04,396.2,58,39.3,3357
CUST-101531,2026-05,369.9,51,29.6,2777
CUST-101531,2026-06,348.8,45,43.0,4124
CUST-101531,2026-07,349.9,49,67.9,3041
CUST-101531,2026-08,353.7,51,35.6,3980
CUST-101532,2026-03,171.8,25,73.3,1002
CUST-101532,2026-04,146.4,27,61.6,1734
CUST-101532,2026-05,180.9,29,48.1,1449
CUST-101532,2026-06,182.8,31,48.4,1198
CUST-101532,2026-07,160.1,22,59.2,1378
CUST-101532,2026-08,175.3,22,55.8,1237
CUST-101533,2026-03,393.3,56,74.1,1289
CUST-101533,2026-04,408.6,58,42.7,5006
CUST-101533,2026-05,422.3,63,55.3,4095
CUST-101533,2026-06,392.6,57,73.2,3347
CUST-101533,2026-07,378.0,56,58.5,2643
CUST-101533,2026-08,425.2,59,56.1,2519
CUST-101534,2026-03,174.7,28,53.6,1516
CUST-101534,2026-04,154.2,21,48.5,896
CUST-101534,2026-05,156.8,19,33.0,1393
CUST-101534,2026-06,107.1,24,38.4,1179
CUST-101534,2026-07,81.9,1,34.7,835
CUST-101534,2026-08,87.6,13,32.4,1023
CUST-101535,2026-03,943.4,140,64.3,6551
CUST-101535,2026-04,720.2,100,59.2,3505
CUST-101535,2026-05,735.3,108,51.5,5774
CUST-101535,2026-06,697.2,106,51.5,6542
CUST-101535,2026-07,613.6,86,40.4,5123
CUST-101535,2026-08,558.8,78,41.6,4610
CUST-101536,2026-03,176.5,19,63.3,1639
CUST-101536,2026-04,165.5,18,78.1,1084
CUST-101536,2026-05,162.2,20,43.3,1557
CUST-101536,2026-06,172.8,28,60.5,1202
CUST-101536,2026-07,169.5,23,36.4,1635
CUST-101536,2026-08,141.2,18,56.1,1078
CUST-101537,2026-03,394.0,52,45.5,3616
CUST-101537,2026-04,331.3,45,64.1,2809
CUST-101537,2026-05,334.0,52,59.8,3169
CUST-101537,2026-06,401.4,60,69.9,3783
CUST-101537,2026-07,374.1,51,42.1,3961
CUST-101537,2026-08,313.1,44,39.3,2505
CUST-101538,2026-03,161.0,25,59.1,1277
CUST-101538,2026-04,174.2,22,46.4,1855
CUST-101538,2026-05,156.9,22,55.9,1903
CUST-101538,2026-06,175.4,29,44.5,1113
CUST-101538,2026-07,120.6,13,41.2,783
CUST-101538,2026-08,128.9,18,54.3,868
CUST-101539,2026-03,87.1,12,57.4,598
CUST-101539,2026-04,73.0,3,46.2,669
CUST-101539,2026-05,71.6,9,60.6,841
CUST-101539,2026-06,44.6,10,58.3,521
CUST-101539,2026-07,54.5,7,32.5,442
CUST-101539,2026-08,39.0,6,62.0,454
CUST-101540,2026-03,372.9,44,40.5,2975
CUST-101540,2026-04,391.6,53,67.8,2962
CUST-101540,2026-05,348.2,47,69.9,3463
CUST-101540,2026-06,331.5,44,86.7,3266
CUST-101540,2026-07,314.4,40,55.5,2080
CUST-101540,2026-08,268.7,37,34.5,2544
CUST-101541,2026-03,210.2,30,64.0,2312
CUST-101541,2026-04,160.2,21,50.1,1289
CUST-101541,2026-05,154.9,24,65.1,589
CUST-101541,2026-06,134.5,19,48.0,823
CUST-101541,2026-07,107.7,21,64.6,918
CUST-101541,2026-08,83.8,12,47.1,798
CUST-101542,2026-03,156.4,31,33.3,1052
CUST-101542,2026-04,147.1,14,36.3,1864
CUST-101542,2026-05,161.2,20,59.0,1378
CUST-101542,2026-06,159.6,31,55.5,1326
CUST-101542,2026-07,118.7,13,49.1,906
CUST-101542,2026-08,125.6,14,45.5,1197
CUST-101543,2026-03,78.5,14,51.8,471
CUST-101543,2026-04,69.3,5,64.2,460
CUST-101543,2026-05,54.8,12,57.9,490
CUST-101543,2026-06,55.2,7,51.7,513
CUST-101543,2026-07,52.5,8,29.1,604
CUST-101543,2026-08,37.0,6,46.2,374
CUST-101544,2026-03,183.9,28,59.3,1361
CUST-101544,2026-04,148.1,19,67.5,1679
CUST-101544,2026-05,120.1,20,53.3,694
CUST-101544,2026-06,144.4,22,36.8,1371
CUST-101544,2026-07,124.6,17,36.1,922
CUST-101544,2026-08,118.6,18,45.9,977
CUST-101545,2026-03,902.9,128,42.8,8873
CUST-101545,2026-04,949.5,136,59.3,11032
CUST-101545,2026-05,754.0,107,60.1,5730
CUST-101545,2026-06,634.3,95,71.4,4951
CUST-101545,2026-07,712.1,97,66.5,4996
CUST-101545,2026-08,653.0,86,49.3,6685
CUST-101546,2026-03,183.7,21,65.5,1863
CUST-101546,2026-04,175.1,30,65.3,1493
CUST-101546,2026-05,209.9,29,52.1,2413
CUST-101546,2026-06,173.0,16,47.0,1881
CUST-101546,2026-07,190.8,30,46.7,1593
CUST-101546,2026-08,213.0,29,62.3,2296
CUST-101547,2026-03,154.7,21,67.0,1500
CUST-101547,2026-04,178.8,28,51.4,1514
CUST-101547,2026-05,123.3,16,49.0,642
CUST-101547,2026-06,123.8,13,44.0,827
CUST-101547,2026-07,111.8,16,59.0,934
CUST-101547,2026-08,105.5,20,41.4,766
CUST-101548,2026-03,158.3,23,57.5,1623
CUST-101548,2026-04,147.4,22,53.8,1632
CUST-101548,2026-05,148.4,19,72.5,1517
CUST-101548,2026-06,205.2,31,69.3,1701
CUST-101548,2026-07,196.0,31,66.2,2267
CUST-101548,2026-08,188.4,23,55.8,2191
CUST-101549,2026-03,178.1,28,67.6,1720
CUST-101549,2026-04,161.2,19,48.3,1424
CUST-101549,2026-05,141.3,20,53.5,862
CUST-101549,2026-06,129.6,21,50.8,1037
CUST-101549,2026-07,97.5,20,51.3,576
CUST-101549,2026-08,79.6,9,42.4,612
CUST-101550,2026-03,82.8,11,44.6,520
CUST-101550,2026-04,74.7,7,81.7,632
CUST-101550,2026-05,82.9,7,51.1,601
CUST-101550,2026-06,69.7,7,66.9,685
CUST-101550,2026-07,55.5,7,45.3,390
CUST-101550,2026-08,46.1,8,49.9,444
CUST-101551,2026-03,366.0,44,52.9,2924
CUST-101551,2026-04,343.2,46,55.9,3013
CUST-101551,2026-05,379.0,57,49.9,3206
CUST-101551,2026-06,413.2,59,56.0,4012
CUST-101551,2026-07,385.7,53,67.5,3556
CUST-101551,2026-08,381.9,53,84.3,4008
CUST-101552,2026-03,1033.5,154,34.8,5714
CUST-101552,2026-04,852.3,125,63.4,6503
CUST-101552,2026-05,830.2,123,59.5,5906
CUST-101552,2026-06,640.9,95,45.4,6962
CUST-101552,2026-07,578.8,84,34.3,7017
CUST-101552,2026-08,488.9,72,25.2,4201
CUST-101553,2026-03,185.2,27,60.2,1557
CUST-101553,2026-04,160.2,23,49.8,1270
CUST-101553,2026-05,181.9,23,32.0,1945
CUST-101553,2026-06,155.9,32,47.0,1791
CUST-101553,2026-07,173.9,28,35.1,2082
CUST-101553,2026-08,162.7,23,34.4,1301
CUST-101554,2026-03,420.7,56,56.9,3925
CUST-101554,2026-04,418.1,60,69.3,3280
CUST-101554,2026-05,422.6,63,38.1,4795
CUST-101554,2026-06,419.5,51,61.4,3248
CUST-101554,2026-07,350.9,52,44.4,2888
CUST-101554,2026-08,377.3,52,56.1,3158
CUST-101555,2026-03,353.1,53,61.4,2691
CUST-101555,2026-04,380.8,45,38.0,2549
CUST-101555,2026-05,363.2,48,49.2,3619
CUST-101555,2026-06,366.8,51,44.9,2588
CUST-101555,2026-07,311.5,42,46.2,2697
CUST-101555,2026-08,351.2,57,52.6,3209
CUST-101556,2026-03,81.1,6,75.7,804
CUST-101556,2026-04,73.1,5,42.3,879
CUST-101556,2026-05,62.8,12,35.9,538
CUST-101556,2026-06,60.0,4,48.7,758
CUST-101556,2026-07,62.8,22,49.8,487
CUST-101556,2026-08,51.2,1,41.2,431
CUST-101557,2026-03,154.8,22,67.8,1179
CUST-101557,2026-04,196.6,29,52.1,1431
CUST-101557,2026-05,186.4,21,57.9,2064
CUST-101557,2026-06,168.3,19,57.3,1224
CUST-101557,2026-07,171.9,27,55.1,1160
CUST-101557,2026-08,186.8,24,58.3,1571
CUST-101558,2026-03,387.9,51,64.2,4112
CUST-101558,2026-04,396.5,53,58.9,3358
CUST-101558,2026-05,411.7,53,69.9,3084
CUST-101558,2026-06,353.9,46,46.9,2949
CUST-101558,2026-07,353.9,46,74.1,2913
CUST-101558,2026-08,362.7,48,50.4,3030
CUST-101559,2026-03,93.6,12,36.4,931
CUST-101559,2026-04,59.9,12,62.2,612
CUST-101559,2026-05,48.3,7,55.4,471
CUST-101559,2026-06,57.7,2,54.9,446
CUST-101559,2026-07,68.8,7,50.1,585
CUST-101559,2026-08,40.1,3,48.5,349
CUST-101560,2026-03,371.1,49,62.1,2471
CUST-101560,2026-04,396.5,54,35.1,4814
CUST-101560,2026-05,332.8,53,50.2,2753
CUST-101560,2026-06,394.2,50,51.5,3038
CUST-101560,2026-07,319.2,46,64.1,3533
CUST-101560,2026-08,305.3,44,54.9,2121
CUST-101561,2026-03,185.8,28,55.4,1688
CUST-101561,2026-04,192.8,19,25.2,1374
CUST-101561,2026-05,163.4,19,67.2,1627
CUST-101561,2026-06,182.2,28,39.9,1462
CUST-101561,2026-07,157.0,26,48.1,994
CUST-101561,2026-08,162.9,29,41.6,1073
CUST-101562,2026-03,73.5,11,60.5,503
CUST-101562,2026-04,71.3,10,46.7,485
CUST-101562,2026-05,88.1,19,48.8,661
CUST-101562,2026-06,77.7,8,69.4,577
CUST-101562,2026-07,67.9,15,49.4,536
CUST-101562,2026-08,69.0,7,42.5,722
CUST-101563,2026-03,178.1,26,37.5,1687
CUST-101563,2026-04,180.1,26,51.9,1901
CUST-101563,2026-05,170.6,26,67.5,1529
CUST-101563,2026-06,191.6,25,40.8,1599
CUST-101563,2026-07,166.9,23,52.0,1028
CUST-101563,2026-08,220.1,25,53.1,2647
CUST-101564,2026-03,138.7,21,87.8,1235
CUST-101564,2026-04,178.9,21,55.6,927
CUST-101564,2026-05,188.7,32,77.6,1556
CUST-101564,2026-06,170.5,24,50.5,1800
CUST-101564,2026-07,147.2,23,57.6,1286
CUST-101564,2026-08,133.8,14,34.5,853
CUST-101565,2026-03,86.5,14,68.0,756
CUST-101565,2026-04,76.1,14,40.4,935
CUST-101565,2026-05,71.2,16,67.2,598
CUST-101565,2026-06,65.7,14,48.5,795
CUST-101565,2026-07,70.5,11,72.1,642
CUST-101565,2026-08,96.5,13,56.7,736
CUST-101566,2026-03,85.1,2,51.0,1000
CUST-101566,2026-04,86.0,9,80.5,893
CUST-101566,2026-05,84.2,14,45.9,756
CUST-101566,2026-06,84.1,8,30.7,716
CUST-101566,2026-07,77.0,10,47.7,515
CUST-101566,2026-08,79.0,11,49.2,705
CUST-101567,2026-03,174.1,27,81.8,1841
CUST-101567,2026-04,168.0,27,58.4,1505
CUST-101567,2026-05,152.1,25,54.1,1079
CUST-101567,2026-06,168.8,27,42.0,1610
CUST-101567,2026-07,162.2,25,55.1,1954
CUST-101567,2026-08,176.6,21,17.7,1139
CUST-101568,2026-03,951.6,127,62.7,7078
CUST-101568,2026-04,912.9,136,50.4,6446
CUST-101568,2026-05,829.1,118,74.3,3709
CUST-101568,2026-06,896.0,128,64.8,6513
CUST-101568,2026-07,866.5,132,55.6,6739
CUST-101568,2026-08,845.1,118,65.6,7633
CUST-101569,2026-03,77.4,12,45.2,595
CUST-101569,2026-04,82.0,16,61.1,734
CUST-101569,2026-05,84.0,9,48.4,705
CUST-101569,2026-06,78.9,13,62.4,585
CUST-101569,2026-07,85.1,7,40.4,589
CUST-101569,2026-08,89.5,15,55.5,642
CUST-101570,2026-03,82.2,18,36.9,841
CUST-101570,2026-04,64.6,12,54.0,536
CUST-101570,2026-05,59.7,13,67.4,403
CUST-101570,2026-06,58.3,4,44.2,423
CUST-101570,2026-07,50.9,9,37.8,525
CUST-101570,2026-08,39.0,4,36.2,316
CUST-101571,2026-03,184.5,24,53.2,1462
CUST-101571,2026-04,189.8,20,57.6,2023
CUST-101571,2026-05,176.5,20,54.6,1381
CUST-101571,2026-06,169.8,20,61.6,1713
CUST-101571,2026-07,163.6,28,42.8,1192
CUST-101571,2026-08,155.8,20,59.2,1215
CUST-101572,2026-03,388.2,55,59.2,3188
CUST-101572,2026-04,356.2,58,42.5,2860
CUST-101572,2026-05,324.5,48,70.2,1770
CUST-101572,2026-06,294.6,45,40.5,3259
CUST-101572,2026-07,257.0,38,43.4,1980
CUST-101572,2026-08,210.3,31,61.2,1882
CUST-101573,2026-03,78.6,14,66.6,517
CUST-101573,2026-04,78.2,7,56.7,606
CUST-101573,2026-05,87.2,3,67.8,803
CUST-101573,2026-06,72.8,14,58.2,465
CUST-101573,2026-07,78.5,3,29.5,815
CUST-101573,2026-08,71.8,6,58.6,801
CUST-101574,2026-03,74.3,11,68.4,599
CUST-101574,2026-04,81.4,9,66.3,691
CUST-101574,2026-05,77.4,12,53.6,884
CUST-101574,2026-06,76.9,8,70.6,802
CUST-101574,2026-07,81.3,9,65.1,788
CUST-101574,2026-08,81.6,6,66.4,550
CUST-101575,2026-03,69.2,13,57.7,568
CUST-101575,2026-04,76.1,11,58.8,609
CUST-101575,2026-05,66.8,15,46.8,659
CUST-101575,2026-06,79.7,11,46.8,674
CUST-101575,2026-07,83.4,22,64.2,774
CUST-101575,2026-08,79.7,7,52.7,655
CUST-101576,2026-03,90.6,5,72.1,917
CUST-101576,2026-04,87.2,14,34.4,890
CUST-101576,2026-05,99.4,19,39.1,1134
CUST-101576,2026-06,80.9,8,51.8,1048
CUST-101576,2026-07,75.4,1,44.8,745
CUST-101576,2026-08,84.2,9,66.6,1065
CUST-101577,2026-03,172.0,23,60.4,1525
CUST-101577,2026-04,132.1,11,71.1,811
CUST-101577,2026-05,157.4,24,44.3,1596
CUST-101577,2026-06,136.5,18,59.7,899
CUST-101577,2026-07,108.0,20,44.0,1052
CUST-101577,2026-08,126.2,19,55.9,1276
CUST-101578,2026-03,161.6,23,48.9,1312
CUST-101578,2026-04,200.6,25,52.8,926
CUST-101578,2026-05,170.9,24,58.4,1336
CUST-101578,2026-06,225.5,32,63.4,1511
CUST-101578,2026-07,195.3,25,58.7,1812
CUST-101578,2026-08,178.7,23,41.8,1274
CUST-101579,2026-03,164.9,22,41.5,2149
CUST-101579,2026-04,192.1,28,47.6,2114
CUST-101579,2026-05,181.1,19,43.2,1911
CUST-101579,2026-06,120.5,10,39.1,415
CUST-101579,2026-07,148.4,23,61.0,1711
CUST-101579,2026-08,140.9,17,57.6,1602
CUST-101580,2026-03,207.8,34,45.9,2024
CUST-101580,2026-04,155.5,29,53.1,1544
CUST-101580,2026-05,163.9,25,61.0,2028
CUST-101580,2026-06,179.1,23,52.0,1955
CUST-101580,2026-07,184.2,29,34.1,1770
CUST-101580,2026-08,198.5,24,45.4,2031
CUST-101581,2026-03,182.6,25,48.6,1442
CUST-101581,2026-04,201.8,25,65.6,1159
CUST-101581,2026-05,171.9,19,42.8,1446
CUST-101581,2026-06,189.1,22,71.4,1053
CUST-101581,2026-07,201.7,28,43.5,1610
CUST-101581,2026-08,197.5,30,40.5,1470
CUST-101582,2026-03,86.6,8,76.0,1025
CUST-101582,2026-04,75.1,4,44.6,768
CUST-101582,2026-05,66.5,16,45.0,552
CUST-101582,2026-06,69.9,15,41.3,610
CUST-101582,2026-07,56.3,7,65.5,355
CUST-101582,2026-08,84.4,14,51.0,731
CUST-101583,2026-03,188.7,27,44.8,921
CUST-101583,2026-04,180.8,25,57.6,1463
CUST-101583,2026-05,151.8,28,34.8,1446
CUST-101583,2026-06,185.6,32,46.8,1205
CUST-101583,2026-07,150.1,16,54.2,954
CUST-101583,2026-08,162.1,19,39.7,1696
CUST-101584,2026-03,86.5,19,49.9,436
CUST-101584,2026-04,79.1,10,45.9,717
CUST-101584,2026-05,80.1,13,60.2,780
CUST-101584,2026-06,77.2,13,45.5,722
CUST-101584,2026-07,81.8,13,35.7,962
CUST-101584,2026-08,86.0,7,62.2,874
CUST-101585,2026-03,389.9,50,63.9,2563
CUST-101585,2026-04,338.8,51,47.6,3100
CUST-101585,2026-05,346.0,45,60.5,2909
CUST-101585,2026-06,303.2,42,55.1,2545
CUST-101585,2026-07,174.0,27,31.1,1465
CUST-101585,2026-08,225.9,33,37.9,1890
CUST-101586,2026-03,392.3,57,81.3,4402
CUST-101586,2026-04,295.7,40,55.4,3589
CUST-101586,2026-05,337.6,44,46.7,3421
CUST-101586,2026-06,255.7,41,62.7,2389
CUST-101586,2026-07,226.4,31,38.7,2398
CUST-101586,2026-08,173.5,27,31.2,1298
CUST-101587,2026-03,192.1,30,49.2,1673
CUST-101587,2026-04,192.0,27,35.3,2131
CUST-101587,2026-05,175.4,17,58.0,1470
CUST-101587,2026-06,197.7,31,56.1,1696
CUST-101587,2026-07,182.3,20,63.8,1907
CUST-101587,2026-08,194.9,29,73.8,2054
CUST-101588,2026-03,197.0,28,59.1,1769
CUST-101588,2026-04,181.6,24,41.6,2329
CUST-101588,2026-05,141.4,21,44.2,1465
CUST-101588,2026-06,126.9,16,8.4,1462
CUST-101588,2026-07,121.0,22,73.7,753
CUST-101588,2026-08,134.4,23,49.0,1416
CUST-101589,2026-03,203.0,25,29.2,2097
CUST-101589,2026-04,170.6,24,61.0,1230
CUST-101589,2026-05,179.6,26,69.5,1724
CUST-101589,2026-06,113.0,15,18.7,889
CUST-101589,2026-07,76.2,11,27.3,594
CUST-101589,2026-08,83.9,5,39.3,606
CUST-101590,2026-03,190.0,29,55.8,1829
CUST-101590,2026-04,200.2,30,49.9,1793
CUST-101590,2026-05,187.6,21,66.5,1932
CUST-101590,2026-06,178.7,21,55.5,1898
CUST-101590,2026-07,189.3,28,51.3,1861
CUST-101590,2026-08,171.8,28,77.7,2033
CUST-101591,2026-03,996.9,141,50.9,9553
CUST-101591,2026-04,946.2,133,59.0,9613
CUST-101591,2026-05,831.0,111,34.1,9365
CUST-101591,2026-06,896.1,126,66.8,8727
CUST-101591,2026-07,916.5,129,49.3,7852
CUST-101591,2026-08,1022.7,141,49.2,6260
CUST-101592,2026-03,70.3,15,60.0,785
CUST-101592,2026-04,81.7,13,65.8,717
CUST-101592,2026-05,58.3,7,61.0,734
CUST-101592,2026-06,65.3,9,28.6,463
CUST-101592,2026-07,69.7,3,60.8,533
CUST-101592,2026-08,58.1,9,40.3,594
CUST-101593,2026-03,89.7,14,60.8,673
CUST-101593,2026-04,80.6,10,57.8,740
CUST-101593,2026-05,66.4,4,72.0,645
CUST-101593,2026-06,70.3,9,61.7,722
CUST-101593,2026-07,62.8,12,53.8,606
CUST-101593,2026-08,47.0,2,50.3,521
CUST-101594,2026-03,449.1,67,69.8,3714
CUST-101594,2026-04,397.8,53,45.4,3439
CUST-101594,2026-05,305.0,42,63.7,3023
CUST-101594,2026-06,405.8,58,44.0,3337
CUST-101594,2026-07,406.6,58,45.3,4491
CUST-101594,2026-08,400.0,55,40.7,3618
CUST-101595,2026-03,971.3,132,41.7,8300
CUST-101595,2026-04,680.7,92,35.7,6159
CUST-101595,2026-05,611.8,94,60.8,6492
CUST-101595,2026-06,637.1,90,45.7,6345
CUST-101595,2026-07,453.2,65,30.3,3556
CUST-101595,2026-08,430.1,66,48.1,3913
CUST-101596,2026-03,89.5,13,57.3,771
CUST-101596,2026-04,74.2,16,63.1,515
CUST-101596,2026-05,72.0,10,49.7,429
CUST-101596,2026-06,58.9,12,44.5,426
CUST-101596,2026-07,48.8,8,36.6,411
CUST-101596,2026-08,58.7,10,49.7,555
CUST-101597,2026-03,79.5,13,57.4,692
CUST-101597,2026-04,80.1,24,56.7,737
CUST-101597,2026-05,81.0,8,42.4,644
CUST-101597,2026-06,73.0,8,51.6,896
CUST-101597,2026-07,84.0,10,44.4,680
CUST-101597,2026-08,79.3,13,51.7,743
CUST-101598,2026-03,182.5,29,53.1,1350
CUST-101598,2026-04,166.5,15,47.4,1572
CUST-101598,2026-05,175.3,24,71.2,1592
CUST-101598,2026-06,176.2,29,57.6,1353
CUST-101598,2026-07,171.5,27,51.7,1540
CUST-101598,2026-08,195.4,32,63.5,1361
CUST-101599,2026-03,907.2,124,42.0,8573
CUST-101599,2026-04,847.0,117,57.6,6312
CUST-101599,2026-05,904.2,130,41.0,8270
CUST-101599,2026-06,874.3,128,51.1,8446
CUST-101599,2026-07,1119.3,163,78.9,11629
CUST-101599,2026-08,1108.8,157,38.4,13177
CUST-101600,2026-03,80.6,18,43.8,678
CUST-101600,2026-04,78.0,15,51.8,758
CUST-101600,2026-05,76.1,13,55.4,923
CUST-101600,2026-06,51.4,4,55.4,520
CUST-101600,2026-07,52.4,4,55.2,270
CUST-101600,2026-08,40.5,7,20.1,357
CUST-101601,2026-03,79.9,13,64.4,617
CUST-101601,2026-04,73.2,5,52.8,553
CUST-101601,2026-05,84.6,10,58.0,833
CUST-101601,2026-06,73.4,12,39.4,531
CUST-101601,2026-07,65.4,10,41.0,763
CUST-101601,2026-08,70.7,1,59.9,595
CUST-101602,2026-03,171.9,27,64.4,1414
CUST-101602,2026-04,184.8,30,55.3,1896
CUST-101602,2026-05,171.8,23,60.6,1112
CUST-101602,2026-06,198.1,28,64.7,1768
CUST-101602,2026-07,189.9,22,47.5,1507
CUST-101602,2026-08,199.9,27,66.3,1810
CUST-101603,2026-03,191.1,25,61.1,1702
CUST-101603,2026-04,179.6,30,43.4,1769
CUST-101603,2026-05,184.4,25,49.2,1781
CUST-101603,2026-06,180.8,23,53.9,2157
CUST-101603,2026-07,214.8,34,46.5,1744
CUST-101603,2026-08,201.2,31,39.0,1998
CUST-101604,2026-03,87.6,11,39.2,875
CUST-101604,2026-04,64.7,6,53.1,533
CUST-101604,2026-05,59.4,1,51.6,510
CUST-101604,2026-06,69.1,17,49.9,680
CUST-101604,2026-07,43.2,2,41.6,301
CUST-101604,2026-08,47.8,11,35.4,382
CUST-101605,2026-03,84.2,10,27.3,792
CUST-101605,2026-04,70.3,9,51.8,540
CUST-101605,2026-05,81.6,19,63.4,751
CUST-101605,2026-06,81.7,19,68.5,746
CUST-101605,2026-07,76.7,18,80.6,479
CUST-101605,2026-08,96.4,13,77.2,1091
CUST-101606,2026-03,370.8,51,56.1,2876
CUST-101606,2026-04,446.0,63,42.2,3778
CUST-101606,2026-05,323.0,45,62.1,3189
CUST-101606,2026-06,334.7,49,79.3,2386
CUST-101606,2026-07,396.3,58,58.1,3437
CUST-101606,2026-08,365.5,47,65.4,3903
CUST-101607,2026-03,385.6,60,57.1,2722
CUST-101607,2026-04,320.0,48,42.3,3713
CUST-101607,2026-05,341.8,43,46.2,2726
CUST-101607,2026-06,249.5,38,29.2,2413
CUST-101607,2026-07,171.6,17,41.4,1511
CUST-101607,2026-08,155.8,19,42.9,1587
CUST-101608,2026-03,74.7,3,41.4,624
CUST-101608,2026-04,78.1,1,59.4,889
CUST-101608,2026-05,79.0,9,88.2,635
CUST-101608,2026-06,76.1,16,64.8,659
CUST-101608,2026-07,65.4,9,50.3,493
CUST-101608,2026-08,78.5,9,57.7,721
CUST-101609,2026-03,406.2,54,65.8,3442
CUST-101609,2026-04,346.5,49,54.7,2710
CUST-101609,2026-05,365.0,50,63.9,4286
CUST-101609,2026-06,294.6,42,41.1,2761
CUST-101609,2026-07,266.7,35,42.2,2426
CUST-101609,2026-08,312.2,45,43.5,3538
CUST-101610,2026-03,170.9,23,46.4,1352
CUST-101610,2026-04,190.0,34,49.0,1477
CUST-101610,2026-05,146.9,25,74.7,1430
CUST-101610,2026-06,130.3,23,57.1,1084
CUST-101610,2026-07,155.5,23,64.0,1117
CUST-101610,2026-08,122.8,17,39.5,877
CUST-101611,2026-03,322.8,39,50.5,2981
CUST-101611,2026-04,373.1,54,45.9,3541
CUST-101611,2026-05,351.3,46,39.0,3811
CUST-101611,2026-06,305.4,40,59.6,3279
CUST-101611,2026-07,365.7,52,68.8,3417
CUST-101611,2026-08,376.8,56,63.4,3486
CUST-101612,2026-03,188.6,23,55.1,1658
CUST-101612,2026-04,178.9,33,18.6,2541
CUST-101612,2026-05,156.4,24,45.7,1372
CUST-101612,2026-06,123.2,5,50.2,1149
CUST-101612,2026-07,93.4,13,59.4,569
CUST-101612,2026-08,87.8,12,24.7,474
CUST-101613,2026-03,362.8,51,70.4,3949
CUST-101613,2026-04,267.2,33,62.2,2761
CUST-101613,2026-05,388.0,53,66.9,2687
CUST-101613,2026-06,341.7,44,29.1,2282
CUST-101613,2026-07,325.1,47,44.3,3094
CUST-101613,2026-08,315.9,50,58.1,2740
CUST-101614,2026-03,97.5,18,54.7,927
CUST-101614,2026-04,82.2,15,62.8,815
CUST-101614,2026-05,86.5,11,49.5,806
CUST-101614,2026-06,83.5,13,57.3,930
CUST-101614,2026-07,85.8,4,73.3,443
CUST-101614,2026-08,83.3,4,72.8,624
CUST-101615,2026-03,207.6,29,50.3,2690
CUST-101615,2026-04,150.3,21,45.3,1262
CUST-101615,2026-05,116.1,14,32.2,939
CUST-101615,2026-06,139.4,13,43.4,1161
CUST-101615,2026-07,127.1,14,33.9,989
CUST-101615,2026-08,83.8,17,32.9,523
CUST-101616,2026-03,86.4,8,43.9,670
CUST-101616,2026-04,80.6,12,34.7,807
CUST-101616,2026-05,85.7,15,46.4,731
CUST-101616,2026-06,72.4,11,56.1,690
CUST-101616,2026-07,70.1,7,65.0,792
CUST-101616,2026-08,69.0,15,63.5,715
CUST-101617,2026-03,85.0,12,68.5,836
CUST-101617,2026-04,78.5,4,58.9,500
CUST-101617,2026-05,69.6,9,54.6,708
CUST-101617,2026-06,75.4,12,73.9,765
CUST-101617,2026-07,62.1,6,49.9,684
CUST-101617,2026-08,56.9,10,30.9,532
CUST-101618,2026-03,101.7,14,57.4,1036
CUST-101618,2026-04,79.2,15,65.0,529
CUST-101618,2026-05,84.5,8,50.1,760
CUST-101618,2026-06,76.1,17,43.6,695
CUST-101618,2026-07,73.3,5,54.0,1054
CUST-101618,2026-08,88.7,4,49.8,1072
CUST-101619,2026-03,66.6,9,58.9,530
CUST-101619,2026-04,82.8,12,53.0,525
CUST-101619,2026-05,70.1,10,58.6,693
CUST-101619,2026-06,73.0,18,43.4,863
CUST-101619,2026-07,70.8,18,56.6,756
CUST-101619,2026-08,86.3,6,40.8,689
CUST-101620,2026-03,164.5,20,56.8,1952
CUST-101620,2026-04,174.2,17,49.5,959
CUST-101620,2026-05,197.1,23,64.6,1515
CUST-101620,2026-06,178.4,21,60.3,1235
CUST-101620,2026-07,177.7,22,54.2,1556
CUST-101620,2026-08,190.5,27,61.2,2216
CUST-101621,2026-03,185.5,22,48.4,1488
CUST-101621,2026-04,163.9,26,48.0,1759
CUST-101621,2026-05,154.8,24,30.0,945
CUST-101621,2026-06,149.8,26,34.2,1424
CUST-101621,2026-07,161.6,22,53.8,1291
CUST-101621,2026-08,109.1,20,25.7,922
CUST-101622,2026-03,187.8,22,42.6,1850
CUST-101622,2026-04,173.4,24,45.3,1207
CUST-101622,2026-05,174.7,22,67.0,1689
CUST-101622,2026-06,177.5,30,28.9,1657
CUST-101622,2026-07,216.3,31,38.6,2023
CUST-101622,2026-08,178.4,23,45.5,930
CUST-101623,2026-03,169.3,12,65.9,1760
CUST-101623,2026-04,170.9,19,44.8,1870
CUST-101623,2026-05,158.6,30,61.7,1317
CUST-101623,2026-06,203.1,26,73.5,1554
CUST-101623,2026-07,188.6,28,56.2,1172
CUST-101623,2026-08,180.7,26,72.3,1349
CUST-101624,2026-03,159.9,18,43.8,1600
CUST-101624,2026-04,155.8,21,66.1,1177
CUST-101624,2026-05,161.6,20,54.0,1591
CUST-101624,2026-06,140.9,25,53.3,1531
CUST-101624,2026-07,147.6,20,56.5,1160
CUST-101624,2026-08,106.6,14,31.9,1048
CUST-101625,2026-03,407.6,56,43.9,3476
CUST-101625,2026-04,375.0,51,51.2,3137
CUST-101625,2026-05,297.7,40,41.8,2426
CUST-101625,2026-06,330.2,46,41.7,3450
CUST-101625,2026-07,316.7,51,46.4,3273
CUST-101625,2026-08,271.9,32,43.8,1060
CUST-101626,2026-03,765.3,108,57.7,7548
CUST-101626,2026-04,911.0,128,59.8,8137
CUST-101626,2026-05,707.7,104,38.3,7191
CUST-101626,2026-06,774.4,111,23.7,7764
CUST-101626,2026-07,705.6,103,40.0,7172
CUST-101626,2026-08,681.7,99,45.2,6139
CUST-101627,2026-03,371.0,51,58.6,3381
CUST-101627,2026-04,348.8,53,50.1,3700
CUST-101627,2026-05,365.4,57,53.5,3212
CUST-101627,2026-06,356.5,49,66.1,2806
CUST-101627,2026-07,376.8,57,44.3,3408
CUST-101627,2026-08,366.3,50,52.5,4688
CUST-101628,2026-03,197.0,27,43.3,2221
CUST-101628,2026-04,153.8,20,43.5,1324
CUST-101628,2026-05,169.3,27,67.8,1692
CUST-101628,2026-06,177.0,19,60.2,1645
CUST-101628,2026-07,177.3,25,52.9,1560
CUST-101628,2026-08,184.1,26,59.0,1280
CUST-101629,2026-03,975.2,139,53.3,13553
CUST-101629,2026-04,791.9,108,67.3,5592
CUST-101629,2026-05,944.0,136,70.1,11381
CUST-101629,2026-06,834.9,115,43.5,7684
CUST-101629,2026-07,731.4,95,47.7,6953
CUST-101629,2026-08,766.8,102,46.0,7926
CUST-101630,2026-03,148.3,16,56.3,823
CUST-101630,2026-04,151.2,23,58.6,1119
CUST-101630,2026-05,153.0,19,46.2,1414
CUST-101630,2026-06,131.9,19,47.1,997
CUST-101630,2026-07,112.1,22,28.4,768
CUST-101630,2026-08,109.0,16,34.5,816
CUST-101631,2026-03,174.5,27,45.9,1519
CUST-101631,2026-04,192.0,27,59.0,1494
CUST-101631,2026-05,168.0,23,52.6,1663
CUST-101631,2026-06,184.0,28,51.3,1473
CUST-101631,2026-07,163.2,20,80.1,1471
CUST-101631,2026-08,123.0,18,59.4,1030
CUST-101632,2026-03,159.2,23,50.6,1103
CUST-101632,2026-04,184.9,30,52.6,2084
CUST-101632,2026-05,156.2,15,58.6,1975
CUST-101632,2026-06,187.9,24,40.4,1780
CUST-101632,2026-07,174.0,32,49.6,1634
CUST-101632,2026-08,188.2,26,59.2,1610
CUST-101633,2026-03,188.9,27,33.6,1780
CUST-101633,2026-04,154.6,21,45.8,1651
CUST-101633,2026-05,134.6,17,30.7,952
CUST-101633,2026-06,101.5,11,48.1,804
CUST-101633,2026-07,107.5,17,63.4,1185
CUST-101633,2026-08,72.6,13,42.6,522
CUST-101634,2026-03,76.5,4,60.8,659
CUST-101634,2026-04,80.2,1,39.0,532
CUST-101634,2026-05,62.1,1,36.1,518
CUST-101634,2026-06,62.3,6,56.6,491
CUST-101634,2026-07,56.1,4,51.3,366
CUST-101634,2026-08,40.6,12,26.5,297
CUST-101635,2026-03,381.7,54,51.1,3340
CUST-101635,2026-04,356.8,46,51.5,3214
CUST-101635,2026-05,398.5,50,60.7,3939
CUST-101635,2026-06,364.1,44,48.7,1555
CUST-101635,2026-07,414.1,61,68.6,4467
CUST-101635,2026-08,302.9,47,72.5,3693
CUST-101636,2026-03,215.7,30,54.6,1624
CUST-101636,2026-04,196.8,26,45.8,2504
CUST-101636,2026-05,139.9,22,48.5,1470
CUST-101636,2026-06,123.7,18,59.5,1280
CUST-101636,2026-07,109.9,12,54.3,854
CUST-101636,2026-08,117.7,11,39.8,867
CUST-101637,2026-03,175.1,27,52.3,1212
CUST-101637,2026-04,165.6,21,49.9,988
CUST-101637,2026-05,159.8,23,54.0,1454
CUST-101637,2026-06,184.4,25,48.3,1202
CUST-101637,2026-07,169.5,23,56.1,1921
CUST-101637,2026-08,213.7,28,37.5,1994
CUST-101638,2026-03,88.1,11,28.2,723
CUST-101638,2026-04,85.7,5,54.2,593
CUST-101638,2026-05,84.0,14,88.9,1113
CUST-101638,2026-06,88.4,10,60.4,934
CUST-101638,2026-07,94.1,9,68.0,962
CUST-101638,2026-08,87.9,18,42.3,717
CUST-101639,2026-03,154.5,23,68.8,1722
CUST-101639,2026-04,160.4,23,69.6,1076
CUST-101639,2026-05,194.0,30,60.2,1888
CUST-101639,2026-06,175.0,24,48.5,1642
CUST-101639,2026-07,182.1,26,48.8,1828
CUST-101639,2026-08,173.0,26,45.9,1601
CUST-101640,2026-03,391.5,59,51.7,2987
CUST-101640,2026-04,353.9,44,70.7,3361
CUST-101640,2026-05,425.6,57,46.3,3374
CUST-101640,2026-06,379.3,54,54.4,3319
CUST-101640,2026-07,368.1,47,65.5,4295
CUST-101640,2026-08,428.2,58,80.1,4929
CUST-101641,2026-03,359.7,50,48.6,4177
CUST-101641,2026-04,342.5,54,65.7,3352
CUST-101641,2026-05,392.5,51,57.1,2649
CUST-101641,2026-06,393.3,55,54.0,2274
CUST-101641,2026-07,380.9,57,50.8,4162
CUST-101641,2026-08,430.4,65,53.9,5214
CUST-101642,2026-03,349.8,51,67.9,3476
CUST-101642,2026-04,355.2,50,49.9,2912
CUST-101642,2026-05,367.8,55,55.5,3271
CUST-101642,2026-06,402.4,57,50.2,4578
CUST-101642,2026-07,402.0,57,54.7,2729
CUST-101642,2026-08,367.0,52,27.8,3386
CUST-101643,2026-03,84.7,8,48.9,690
CUST-101643,2026-04,77.2,9,55.5,857
CUST-101643,2026-05,64.8,17,38.0,378
CUST-101643,2026-06,51.1,2,75.9,438
CUST-101643,2026-07,61.6,6,80.5,574
CUST-101643,2026-08,46.2,8,13.5,383
CUST-101644,2026-03,402.1,56,44.4,2824
CUST-101644,2026-04,292.8,41,52.0,2458
CUST-101644,2026-05,325.6,44,64.9,4345
CUST-101644,2026-06,306.2,39,47.7,2208
CUST-101644,2026-07,349.8,54,30.8,3500
CUST-101644,2026-08,305.1,39,50.1,2652
CUST-101645,2026-03,731.0,104,53.2,7782
CUST-101645,2026-04,859.1,125,58.2,6593
CUST-101645,2026-05,819.4,111,51.5,8588
CUST-101645,2026-06,660.3,97,58.9,5636
CUST-101645,2026-07,545.2,74,42.7,4977
CUST-101645,2026-08,342.5,54,56.6,3708
CUST-101646,2026-03,146.2,15,65.1,972
CUST-101646,2026-04,191.9,28,51.6,1553
CUST-101646,2026-05,169.6,19,49.2,1485
CUST-101646,2026-06,212.6,30,63.0,2015
CUST-101646,2026-07,197.6,35,42.4,2210
CUST-101646,2026-08,167.2,22,54.5,1723
CUST-101647,2026-03,166.3,22,39.6,1339
CUST-101647,2026-04,168.2,26,59.9,1091
CUST-101647,2026-05,158.1,20,36.0,1454
CUST-101647,2026-06,183.6,24,50.2,1842
CUST-101647,2026-07,157.9,27,33.5,1437
CUST-101647,2026-08,135.4,17,52.1,1466
CUST-101648,2026-03,179.4,24,56.2,1759
CUST-101648,2026-04,183.1,27,64.2,1387
CUST-101648,2026-05,201.4,26,59.7,1550
CUST-101648,2026-06,169.4,25,44.2,1336
CUST-101648,2026-07,155.8,19,59.2,1443
CUST-101648,2026-08,175.6,31,60.1,1243
CUST-101649,2026-03,152.0,20,60.5,1737
CUST-101649,2026-04,157.5,24,71.4,1423
CUST-101649,2026-05,154.1,21,42.9,1091
CUST-101649,2026-06,154.1,32,44.0,1919
CUST-101649,2026-07,156.8,18,59.2,1618
CUST-101649,2026-08,120.9,22,65.4,1021
CUST-101650,2026-03,930.4,133,68.1,8869
CUST-101650,2026-04,716.1,98,48.9,5550
CUST-101650,2026-05,663.2,97,38.7,7031
CUST-101650,2026-06,507.7,62,65.0,4521
CUST-101650,2026-07,430.8,63,35.4,4615
CUST-101650,2026-08,522.4,71,59.7,4965
CUST-101651,2026-03,856.5,122,56.0,6438
CUST-101651,2026-04,876.6,120,51.8,5931
CUST-101651,2026-05,886.1,117,51.5,5694
CUST-101651,2026-06,806.1,111,47.7,8869
CUST-101651,2026-07,690.3,94,53.4,5443
CUST-101651,2026-08,701.6,104,45.3,6674
CUST-101652,2026-03,179.3,22,41.1,1543
CUST-101652,2026-04,173.3,21,55.2,1722
CUST-101652,2026-05,194.5,30,62.4,1925
CUST-101652,2026-06,141.2,19,48.9,1550
CUST-101652,2026-07,189.4,23,54.3,1120
CUST-101652,2026-08,210.3,31,55.9,1036
CUST-101653,2026-03,201.2,27,29.5,1970
CUST-101653,2026-04,145.9,22,41.7,977
CUST-101653,2026-05,152.3,18,66.4,1366
CUST-101653,2026-06,113.6,18,46.5,482
CUST-101653,2026-07,151.6,25,53.1,885
CUST-101653,2026-08,126.8,24,62.7,1386
CUST-101654,2026-03,87.5,20,75.0,697
CUST-101654,2026-04,80.0,11,37.1,782
CUST-101654,2026-05,79.8,9,47.5,680
CUST-101654,2026-06,74.3,9,49.6,685
CUST-101654,2026-07,73.0,8,68.5,688
CUST-101654,2026-08,52.8,3,41.8,396
CUST-101655,2026-03,152.6,24,67.6,1718
CUST-101655,2026-04,205.3,28,56.8,1960
CUST-101655,2026-05,186.7,27,54.9,1513
CUST-101655,2026-06,184.0,25,60.3,1443
CUST-101655,2026-07,165.9,18,63.0,1783
CUST-101655,2026-08,156.9,16,53.8,2015
CUST-101656,2026-03,369.4,52,44.6,4266
CUST-101656,2026-04,350.3,47,49.4,3117
CUST-101656,2026-05,354.6,51,30.8,2823
CUST-101656,2026-06,278.1,41,55.1,2358
CUST-101656,2026-07,320.7,50,52.2,3276
CUST-101656,2026-08,331.1,44,52.1,4093
CUST-101657,2026-03,431.5,63,63.3,3924
CUST-101657,2026-04,388.8,56,28.7,2820
CUST-101657,2026-05,382.3,57,62.0,2712
CUST-101657,2026-06,448.0,65,64.0,4375
CUST-101657,2026-07,413.5,61,41.8,4006
CUST-101657,2026-08,415.5,61,51.2,4226
CUST-101658,2026-03,343.3,44,44.6,3369
CUST-101658,2026-04,313.7,40,36.5,2403
CUST-101658,2026-05,309.4,41,38.3,3037
CUST-101658,2026-06,206.6,23,53.2,1958
CUST-101658,2026-07,202.6,43,50.3,1511
CUST-101658,2026-08,174.7,22,32.4,2074
CUST-101659,2026-03,91.3,14,46.2,935
CUST-101659,2026-04,84.0,13,55.6,919
CUST-101659,2026-05,64.4,12,68.5,720
CUST-101659,2026-06,47.2,8,59.2,442
CUST-101659,2026-07,60.2,5,55.2,436
CUST-101659,2026-08,38.2,4,50.7,254
CUST-101660,2026-03,79.1,16,69.6,994
CUST-101660,2026-04,71.8,13,50.8,739
CUST-101660,2026-05,75.8,3,47.6,871
CUST-101660,2026-06,90.6,15,54.6,794
CUST-101660,2026-07,86.5,22,63.4,919
CUST-101660,2026-08,77.7,10,64.5,868
CUST-101661,2026-03,427.3,61,49.7,4828
CUST-101661,2026-04,410.3,66,37.8,4302
CUST-101661,2026-05,354.9,49,68.2,3256
CUST-101661,2026-06,278.0,41,39.1,1692
CUST-101661,2026-07,233.3,34,59.4,2056
CUST-101661,2026-08,242.2,32,30.6,1828
CUST-101662,2026-03,86.4,17,64.3,674
CUST-101662,2026-04,89.9,17,60.4,1000
CUST-101662,2026-05,87.7,15,71.5,1009
CUST-101662,2026-06,84.2,16,72.4,750
CUST-101662,2026-07,82.8,4,55.3,809
CUST-101662,2026-08,80.7,14,48.8,544
CUST-101663,2026-03,190.2,30,70.8,1354
CUST-101663,2026-04,183.2,27,40.4,1034
CUST-101663,2026-05,182.2,20,77.5,1867
CUST-101663,2026-06,172.7,26,48.2,1303
CUST-101663,2026-07,201.0,31,56.1,1618
CUST-101663,2026-08,197.9,24,61.2,1817
CUST-101664,2026-03,952.1,131,46.5,7456
CUST-101664,2026-04,841.3,120,58.3,7254
CUST-101664,2026-05,1018.4,150,55.7,10048
CUST-101664,2026-06,998.0,139,44.9,8831
CUST-101664,2026-07,974.4,140,43.2,8050
CUST-101664,2026-08,996.3,132,61.1,7160
CUST-101665,2026-03,75.1,9,46.1,697
CUST-101665,2026-04,72.0,10,70.8,508
CUST-101665,2026-05,73.4,17,45.5,768
CUST-101665,2026-06,53.9,15,52.3,634
CUST-101665,2026-07,58.0,10,49.9,506
CUST-101665,2026-08,58.9,4,34.8,578
CUST-101666,2026-03,162.0,27,70.3,1800
CUST-101666,2026-04,166.5,26,54.2,1517
CUST-101666,2026-05,157.5,25,40.2,1210
CUST-101666,2026-06,165.6,18,50.7,1479
CUST-101666,2026-07,148.1,24,62.4,1271
CUST-101666,2026-08,163.8,21,69.8,1374
CUST-101667,2026-03,395.5,60,52.8,3242
CUST-101667,2026-04,431.2,58,52.8,3411
CUST-101667,2026-05,426.3,73,44.4,3534
CUST-101667,2026-06,406.1,62,56.3,3785
CUST-101667,2026-07,407.2,56,53.6,3085
CUST-101667,2026-08,433.8,58,54.6,3689
CUST-101668,2026-03,89.4,18,58.4,699
CUST-101668,2026-04,83.9,17,30.2,737
CUST-101668,2026-05,77.3,13,42.7,656
CUST-101668,2026-06,73.7,18,64.0,788
CUST-101668,2026-07,71.1,7,60.2,716
CUST-101668,2026-08,64.7,9,50.0,513
CUST-101669,2026-03,88.5,20,63.4,662
CUST-101669,2026-04,80.6,20,51.8,913
CUST-101669,2026-05,66.3,14,44.4,492
CUST-101669,2026-06,57.7,8,37.9,505
CUST-101669,2026-07,48.2,1,41.3,422
CUST-101669,2026-08,32.2,5,27.6,328
CUST-101670,2026-03,183.6,28,44.1,1947
CUST-101670,2026-04,174.4,21,66.8,1743
CUST-101670,2026-05,151.9,16,55.9,1222
CUST-101670,2026-06,180.8,29,63.7,1531
CUST-101670,2026-07,192.3,27,48.2,1490
CUST-101670,2026-08,204.1,25,65.9,1802
CUST-101671,2026-03,72.6,11,66.0,731
CUST-101671,2026-04,78.3,11,64.3,674
CUST-101671,2026-05,78.9,15,36.7,851
CUST-101671,2026-06,64.8,15,56.6,434
CUST-101671,2026-07,44.3,6,30.3,539
CUST-101671,2026-08,41.5,12,63.3,365
CUST-101672,2026-03,148.4,23,43.6,1603
CUST-101672,2026-04,192.3,27,54.3,2123
CUST-101672,2026-05,168.6,26,51.6,1277
CUST-101672,2026-06,183.8,21,51.1,1368
CUST-101672,2026-07,195.4,31,49.7,1845
CUST-101672,2026-08,187.6,22,73.7,1935
CUST-101673,2026-03,198.0,36,41.2,2156
CUST-101673,2026-04,162.2,25,45.2,1308
CUST-101673,2026-05,139.8,25,53.1,650
CUST-101673,2026-06,144.1,23,55.1,976
CUST-101673,2026-07,114.7,18,71.2,981
CUST-101673,2026-08,142.9,20,43.0,1438
CUST-101674,2026-03,176.5,27,67.6,2038
CUST-101674,2026-04,182.3,24,69.8,1817
CUST-101674,2026-05,165.5,19,62.0,1321
CUST-101674,2026-06,113.4,15,38.8,1223
CUST-101674,2026-07,143.7,28,31.3,1486
CUST-101674,2026-08,131.6,21,49.5,1034
CUST-101675,2026-03,74.0,9,65.6,609
CUST-101675,2026-04,74.2,11,64.9,602
CUST-101675,2026-05,66.8,12,59.5,498
CUST-101675,2026-06,85.9,15,63.3,542
CUST-101675,2026-07,78.8,16,51.2,961
CUST-101675,2026-08,83.1,12,68.3,913
CUST-101676,2026-03,193.0,20,61.7,1691
CUST-101676,2026-04,216.3,33,73.0,1945
CUST-101676,2026-05,205.1,29,53.5,1726
CUST-101676,2026-06,187.8,28,48.2,1433
CUST-101676,2026-07,205.2,31,61.2,2134
CUST-101676,2026-08,178.1,20,36.6,1404
CUST-101677,2026-03,302.3,44,55.1,3408
CUST-101677,2026-04,385.2,55,54.6,3770
CUST-101677,2026-05,340.8,51,62.3,2351
CUST-101677,2026-06,310.6,47,55.8,3154
CUST-101677,2026-07,316.9,45,65.2,3006
CUST-101677,2026-08,340.1,48,59.8,2381
CUST-101678,2026-03,176.4,26,40.6,1503
CUST-101678,2026-04,190.8,33,50.0,1228
CUST-101678,2026-05,175.7,24,44.9,1659
CUST-101678,2026-06,202.4,34,50.3,1921
CUST-101678,2026-07,177.0,28,64.2,1845
CUST-101678,2026-08,182.6,23,60.1,909
CUST-101679,2026-03,71.8,17,56.6,429
CUST-101679,2026-04,74.5,4,43.8,643
CUST-101679,2026-05,89.1,11,53.5,751
CUST-101679,2026-06,90.3,19,44.4,936
CUST-101679,2026-07,80.7,9,46.4,581
CUST-101679,2026-08,81.0,11,44.4,943
CUST-101680,2026-03,392.0,52,41.4,4099
CUST-101680,2026-04,408.8,58,36.6,2497
CUST-101680,2026-05,386.1,51,62.0,3914
CUST-101680,2026-06,410.5,56,50.7,4956
CUST-101680,2026-07,392.1,53,60.7,3950
CUST-101680,2026-08,389.2,56,64.3,1797
CUST-101681,2026-03,172.9,23,51.7,1822
CUST-101681,2026-04,165.8,25,63.3,999
CUST-101681,2026-05,142.4,21,41.0,1491
CUST-101681,2026-06,105.0,11,47.9,1228
CUST-101681,2026-07,102.9,17,43.6,710
CUST-101681,2026-08,99.0,16,9.7,703
CUST-101682,2026-03,957.0,139,47.3,6240
CUST-101682,2026-04,1008.9,140,63.8,6817
CUST-101682,2026-05,839.0,119,61.9,7905
CUST-101682,2026-06,827.1,121,37.7,9206
CUST-101682,2026-07,737.4,104,44.7,6846
CUST-101682,2026-08,692.9,99,48.1,5852
CUST-101683,2026-03,168.0,24,45.7,1730
CUST-101683,2026-04,191.1,31,51.9,1721
CUST-101683,2026-05,163.6,17,61.4,1442
CUST-101683,2026-06,192.1,30,53.5,2464
CUST-101683,2026-07,200.4,31,39.6,1751
CUST-101683,2026-08,178.6,27,53.3,1435
CUST-101684,2026-03,369.4,50,62.3,3770
CUST-101684,2026-04,344.9,44,53.8,3375
CUST-101684,2026-05,350.6,43,64.8,3160
CUST-101684,2026-06,355.3,56,64.1,2770
CUST-101684,2026-07,376.4,58,77.1,3565
CUST-101684,2026-08,405.9,54,71.3,3584
CUST-101685,2026-03,86.0,12,61.2,871
CUST-101685,2026-04,78.6,10,78.7,697
CUST-101685,2026-05,82.9,16,75.9,700
CUST-101685,2026-06,79.2,9,48.2,506
CUST-101685,2026-07,94.5,15,75.4,969
CUST-101685,2026-08,113.1,14,48.9,1253
CUST-101686,2026-03,171.4,22,59.0,1786
CUST-101686,2026-04,178.7,15,55.5,1836
CUST-101686,2026-05,185.9,27,45.4,1592
CUST-101686,2026-06,158.6,28,70.9,1350
CUST-101686,2026-07,150.2,23,62.1,1390
CUST-101686,2026-08,157.1,24,63.6,1664
CUST-101687,2026-03,166.5,29,55.3,1770
CUST-101687,2026-04,209.5,24,69.2,2170
CUST-101687,2026-05,185.8,30,37.9,2129
CUST-101687,2026-06,174.5,17,47.4,1639
CUST-101687,2026-07,185.9,25,50.7,1207
CUST-101687,2026-08,180.3,27,70.8,1498
CUST-101688,2026-03,188.4,28,32.8,1272
CUST-101688,2026-04,159.8,23,69.0,1413
CUST-101688,2026-05,162.0,24,55.0,1343
CUST-101688,2026-06,142.6,13,56.8,1166
CUST-101688,2026-07,118.5,16,57.1,1021
CUST-101688,2026-08,124.8,20,33.4,695
CUST-101689,2026-03,80.9,6,46.6,730
CUST-101689,2026-04,74.5,16,51.9,498
CUST-101689,2026-05,79.1,14,48.1,773
CUST-101689,2026-06,60.9,13,57.0,493
CUST-101689,2026-07,46.9,5,28.8,300
CUST-101689,2026-08,48.9,9,57.2,265
CUST-101690,2026-03,378.2,56,38.9,4083
CUST-101690,2026-04,342.8,47,50.2,2962
CUST-101690,2026-05,410.5,63,50.2,2784
CUST-101690,2026-06,417.6,60,54.3,3255
CUST-101690,2026-07,380.5,54,64.3,2911
CUST-101690,2026-08,450.5,59,43.6,4156
CUST-101691,2026-03,185.9,32,44.0,1800
CUST-101691,2026-04,163.3,21,53.7,1729
CUST-101691,2026-05,137.5,18,44.4,1256
CUST-101691,2026-06,154.3,26,48.7,1069
CUST-101691,2026-07,138.5,21,43.6,1221
CUST-101691,2026-08,133.2,21,31.2,1123
CUST-101692,2026-03,193.1,28,68.6,1488
CUST-101692,2026-04,160.9,24,36.6,1855
CUST-101692,2026-05,112.9,15,62.8,1090
CUST-101692,2026-06,145.3,16,52.1,1138
CUST-101692,2026-07,98.8,13,47.3,684
CUST-101692,2026-08,62.8,20,20.0,553
CUST-101693,2026-03,149.6,22,48.0,1532
CUST-101693,2026-04,186.4,18,64.5,1585
CUST-101693,2026-05,194.5,22,44.6,1306
CUST-101693,2026-06,181.2,27,43.4,1886
CUST-101693,2026-07,174.8,25,55.4,1694
CUST-101693,2026-08,210.2,34,49.4,2407
CUST-101694,2026-03,68.7,1,75.1,677
CUST-101694,2026-04,77.1,9,48.9,599
CUST-101694,2026-05,76.4,7,51.4,899
CUST-101694,2026-06,61.1,9,63.8,455
CUST-101694,2026-07,73.6,6,66.2,569
CUST-101694,2026-08,50.7,10,34.8,323
CUST-101695,2026-03,72.6,9,35.0,690
CUST-101695,2026-04,89.8,6,65.3,1162
CUST-101695,2026-05,81.8,15,64.8,585
CUST-101695,2026-06,73.2,14,60.8,850
CUST-101695,2026-07,96.9,13,47.9,1063
CUST-101695,2026-08,74.6,14,73.4,764
CUST-101696,2026-03,210.1,29,58.0,1053
CUST-101696,2026-04,211.4,29,44.3,2257
CUST-101696,2026-05,165.2,21,61.3,1411
CUST-101696,2026-06,179.8,24,52.2,1278
CUST-101696,2026-07,158.7,23,38.1,1318
CUST-101696,2026-08,190.4,29,38.5,2048
CUST-101697,2026-03,173.4,25,49.8,1646
CUST-101697,2026-04,181.4,24,67.9,2365
CUST-101697,2026-05,145.8,26,70.8,1062
CUST-101697,2026-06,127.1,17,55.5,1466
CUST-101697,2026-07,103.4,12,44.9,801
CUST-101697,2026-08,95.0,20,38.6,629
CUST-101698,2026-03,76.0,14,45.3,701
CUST-101698,2026-04,70.3,10,43.3,595
CUST-101698,2026-05,84.5,7,56.3,859
CUST-101698,2026-06,77.2,9,49.7,940
CUST-101698,2026-07,93.2,12,59.4,635
CUST-101698,2026-08,80.9,16,42.2,834
CUST-101699,2026-03,423.9,61,48.9,4034
CUST-101699,2026-04,331.9,46,52.6,2763
CUST-101699,2026-05,337.5,43,67.8,2339
CUST-101699,2026-06,330.5,45,68.0,3268
CUST-101699,2026-07,380.1,53,37.0,2394
CUST-101699,2026-08,293.6,39,71.5,1773
CUST-101700,2026-03,913.6,127,48.8,7165
CUST-101700,2026-04,905.8,129,51.8,11472
CUST-101700,2026-05,857.5,124,38.6,8262
CUST-101700,2026-06,889.6,131,47.0,9019
CUST-101700,2026-07,1114.5,153,69.1,8743
CUST-101700,2026-08,830.6,117,45.1,8072
CUST-101701,2026-03,430.0,65,54.8,3945
CUST-101701,2026-04,396.0,52,56.5,2451
CUST-101701,2026-05,314.9,40,82.3,3509
CUST-101701,2026-06,216.2,31,65.8,2438
CUST-101701,2026-07,168.3,30,53.1,1668
CUST-101701,2026-08,161.3,30,54.2,1411
CUST-101702,2026-03,78.1,16,55.7,436
CUST-101702,2026-04,83.5,7,51.7,810
CUST-101702,2026-05,67.7,15,46.9,731
CUST-101702,2026-06,66.1,4,60.4,596
CUST-101702,2026-07,60.1,6,65.3,788
CUST-101702,2026-08,51.5,5,28.9,463
CUST-101703,2026-03,67.7,21,51.2,542
CUST-101703,2026-04,88.6,13,53.9,673
CUST-101703,2026-05,77.9,11,67.2,675
CUST-101703,2026-06,86.8,8,73.1,773
CUST-101703,2026-07,87.8,8,48.2,761
CUST-101703,2026-08,81.9,15,45.1,690
CUST-101704,2026-03,191.7,30,68.5,1797
CUST-101704,2026-04,191.8,31,45.9,1610
CUST-101704,2026-05,175.8,21,72.5,1567
CUST-101704,2026-06,192.3,28,52.1,1590
CUST-101704,2026-07,163.4,23,61.4,1593
CUST-101704,2026-08,201.3,27,53.7,1803
CUST-101705,2026-03,197.3,22,57.1,2119
CUST-101705,2026-04,198.1,24,37.4,1111
CUST-101705,2026-05,158.3,21,45.9,1749
CUST-101705,2026-06,135.2,17,51.1,1010
CUST-101705,2026-07,123.2,18,52.9,1324
CUST-101705,2026-08,105.2,15,18.6,1032
CUST-101706,2026-03,384.7,60,45.0,2700
CUST-101706,2026-04,344.6,45,61.0,3073
CUST-101706,2026-05,419.3,59,54.1,3632
CUST-101706,2026-06,369.0,53,44.1,3864
CUST-101706,2026-07,411.7,53,42.4,4307
CUST-101706,2026-08,377.5,51,76.7,2742
CUST-101707,2026-03,1012.7,151,47.4,9541
CUST-101707,2026-04,746.2,102,46.1,5847
CUST-101707,2026-05,727.2,107,56.8,5426
CUST-101707,2026-06,660.4,93,44.8,6218
CUST-101707,2026-07,391.5,59,40.4,4056
CUST-101707,2026-08,577.2,90,34.7,4326
CUST-101708,2026-03,177.8,22,54.5,1571
CUST-101708,2026-04,187.0,19,45.0,1981
CUST-101708,2026-05,180.7,23,61.4,1621
CUST-101708,2026-06,182.8,32,69.7,1756
CUST-101708,2026-07,214.8,23,54.2,1359
CUST-101708,2026-08,181.6,30,70.1,1959
CUST-101709,2026-03,364.8,52,50.8,3158
CUST-101709,2026-04,388.8,60,47.6,2742
CUST-101709,2026-05,333.2,50,39.8,3156
CUST-101709,2026-06,229.1,35,48.8,2211
CUST-101709,2026-07,217.5,27,37.4,1801
CUST-101709,2026-08,181.3,21,32.9,1498
CUST-101710,2026-03,165.7,25,66.9,1339
CUST-101710,2026-04,182.1,26,32.9,1534
CUST-101710,2026-05,152.2,18,60.6,1577
CUST-101710,2026-06,189.1,27,67.5,1224
CUST-101710,2026-07,180.4,24,39.7,1344
CUST-101710,2026-08,167.2,21,51.6,1380
CUST-101711,2026-03,70.4,12,42.2,558
CUST-101711,2026-04,73.5,22,61.8,726
CUST-101711,2026-05,85.3,8,68.7,783
CUST-101711,2026-06,86.1,8,39.7,1026
CUST-101711,2026-07,77.4,13,69.4,536
CUST-101711,2026-08,87.4,11,40.1,529
CUST-101712,2026-03,78.2,14,54.0,640
CUST-101712,2026-04,68.9,1,68.4,544
CUST-101712,2026-05,84.8,17,59.8,480
CUST-101712,2026-06,75.7,14,58.9,651
CUST-101712,2026-07,81.2,12,51.0,768
CUST-101712,2026-08,84.3,13,55.4,1015
CUST-101713,2026-03,170.3,23,63.4,1519
CUST-101713,2026-04,176.8,25,60.1,1672
CUST-101713,2026-05,189.7,32,44.7,1952
CUST-101713,2026-06,183.2,25,51.5,1718
CUST-101713,2026-07,187.5,31,68.3,1413
CUST-101713,2026-08,195.6,23,59.7,1407
CUST-101714,2026-03,819.9,117,57.2,5593
CUST-101714,2026-04,999.9,144,55.0,9757
CUST-101714,2026-05,971.2,141,50.5,7070
CUST-101714,2026-06,870.5,120,42.8,8962
CUST-101714,2026-07,1057.2,147,44.2,9675
CUST-101714,2026-08,997.3,135,70.5,7921
CUST-101715,2026-03,71.8,8,63.9,516
CUST-101715,2026-04,82.8,10,48.7,598
CUST-101715,2026-05,88.9,16,57.1,551
CUST-101715,2026-06,85.6,9,44.2,875
CUST-101715,2026-07,76.2,19,78.7,602
CUST-101715,2026-08,75.3,5,55.4,815
CUST-101716,2026-03,88.9,17,65.2,579
CUST-101716,2026-04,81.5,10,51.0,588
CUST-101716,2026-05,73.2,17,64.6,693
CUST-101716,2026-06,87.1,6,52.2,778
CUST-101716,2026-07,73.3,9,46.0,648
CUST-101716,2026-08,83.9,15,72.0,997
CUST-101717,2026-03,68.5,8,32.8,638
CUST-101717,2026-04,76.0,11,70.9,312
CUST-101717,2026-05,83.7,8,80.7,513
CUST-101717,2026-06,82.2,18,28.5,430
CUST-101717,2026-07,93.9,8,79.5,901
CUST-101717,2026-08,84.2,9,70.6,891
CUST-101718,2026-03,81.3,13,72.5,876
CUST-101718,2026-04,61.0,5,56.8,550
CUST-101718,2026-05,58.5,3,64.7,478
CUST-101718,2026-06,56.0,8,61.1,587
CUST-101718,2026-07,44.0,4,36.8,442
CUST-101718,2026-08,36.7,8,29.1,354
CUST-101719,2026-03,368.7,59,79.0,2709
CUST-101719,2026-04,411.1,62,41.7,3836
CUST-101719,2026-05,401.4,53,41.9,3241
CUST-101719,2026-06,413.3,59,54.7,4017
CUST-101719,2026-07,383.3,50,26.2,5223
CUST-101719,2026-08,387.8,51,66.0,4188
CUST-101720,2026-03,175.1,17,50.9,1525
CUST-101720,2026-04,157.1,20,53.2,1293
CUST-101720,2026-05,149.1,19,38.8,1172
CUST-101720,2026-06,122.0,19,35.8,790
CUST-101720,2026-07,99.0,18,49.7,743
CUST-101720,2026-08,103.3,18,47.2,1046
CUST-101721,2026-03,157.5,20,48.0,1378
CUST-101721,2026-04,150.9,19,69.7,1436
CUST-101721,2026-05,168.0,22,56.4,1362
CUST-101721,2026-06,185.0,30,56.0,1450
CUST-101721,2026-07,144.8,22,62.0,1369
CUST-101721,2026-08,137.3,13,41.6,1149
CUST-101722,2026-03,204.6,23,43.3,1941
CUST-101722,2026-04,149.0,27,41.2,1339
CUST-101722,2026-05,197.0,28,62.4,1618
CUST-101722,2026-06,165.1,20,43.1,1808
CUST-101722,2026-07,146.3,22,65.1,1121
CUST-101722,2026-08,138.5,19,36.8,1627
CUST-101723,2026-03,349.1,51,57.1,3280
CUST-101723,2026-04,340.9,53,26.0,2901
CUST-101723,2026-05,377.8,54,55.2,4351
CUST-101723,2026-06,408.9,54,80.3,3419
CUST-101723,2026-07,355.6,55,49.8,2980
CUST-101723,2026-08,391.8,58,66.1,2136
CUST-101724,2026-03,193.3,28,58.4,1624
CUST-101724,2026-04,184.8,23,57.8,1611
CUST-101724,2026-05,136.0,23,48.5,917
CUST-101724,2026-06,142.6,19,46.7,1200
CUST-101724,2026-07,147.5,18,20.9,1544
CUST-101724,2026-08,118.7,22,66.8,1083
CUST-101725,2026-03,77.7,17,57.1,866
CUST-101725,2026-04,81.6,15,28.0,739
CUST-101725,2026-05,80.4,13,46.6,288
CUST-101725,2026-06,84.3,13,54.9,501
CUST-101725,2026-07,85.6,8,65.4,615
CUST-101725,2026-08,92.5,2,55.6,723
CUST-101726,2026-03,185.5,26,47.1,1268
CUST-101726,2026-04,137.9,17,48.8,1032
CUST-101726,2026-05,164.8,19,35.1,1911
CUST-101726,2026-06,153.3,24,59.8,1289
CUST-101726,2026-07,151.6,21,55.0,1109
CUST-101726,2026-08,133.2,17,51.0,1406
CUST-101727,2026-03,82.0,9,44.3,862
CUST-101727,2026-04,75.0,10,72.7,770
CUST-101727,2026-05,91.0,11,64.3,562
CUST-101727,2026-06,76.1,9,48.1,869
CUST-101727,2026-07,85.5,18,53.2,964
CUST-101727,2026-08,79.5,9,38.6,503
CUST-101728,2026-03,389.2,52,51.9,3553
CUST-101728,2026-04,407.3,59,66.4,4440
CUST-101728,2026-05,323.8,42,40.6,3347
CUST-101728,2026-06,291.1,41,28.1,2386
CUST-101728,2026-07,292.5,35,34.8,2926
CUST-101728,2026-08,171.0,30,25.3,1638
CUST-101729,2026-03,382.2,50,75.4,3238
CUST-101729,2026-04,386.6,49,77.8,4313
CUST-101729,2026-05,436.1,60,48.8,4209
CUST-101729,2026-06,369.0,56,56.0,3711
CUST-101729,2026-07,327.1,43,51.7,3027
CUST-101729,2026-08,359.5,51,45.2,2621
CUST-101730,2026-03,398.4,58,54.3,4292
CUST-101730,2026-04,356.9,47,58.0,3971
CUST-101730,2026-05,292.8,42,40.1,2427
CUST-101730,2026-06,293.2,43,64.2,2222
CUST-101730,2026-07,207.7,31,40.8,2055
CUST-101730,2026-08,206.6,39,44.2,1600
CUST-101731,2026-03,193.1,22,71.8,1780
CUST-101731,2026-04,162.3,29,57.8,1700
CUST-101731,2026-05,175.0,24,56.3,854
CUST-101731,2026-06,198.6,27,49.0,2143
CUST-101731,2026-07,187.6,29,62.0,1172
CUST-101731,2026-08,161.7,22,47.4,1585
CUST-101732,2026-03,79.9,7,45.6,892
CUST-101732,2026-04,66.3,11,59.3,499
CUST-101732,2026-05,60.7,8,62.8,517
CUST-101732,2026-06,58.9,15,57.5,507
CUST-101732,2026-07,54.8,6,57.2,538
CUST-101732,2026-08,37.6,5,35.2,336
CUST-101733,2026-03,85.4,8,51.3,848
CUST-101733,2026-04,77.2,6,83.4,771
CUST-101733,2026-05,84.5,10,52.9,870
CUST-101733,2026-06,78.0,9,76.0,678
CUST-101733,2026-07,70.7,5,34.4,785
CUST-101733,2026-08,88.5,9,66.3,871
CUST-101734,2026-03,184.8,12,49.7,1550
CUST-101734,2026-04,163.7,25,35.6,1344
CUST-101734,2026-05,142.5,16,56.2,1249
CUST-101734,2026-06,141.9,27,26.7,1526
CUST-101734,2026-07,157.9,21,53.8,1427
CUST-101734,2026-08,144.2,23,39.0,954
CUST-101735,2026-03,95.7,8,62.9,928
CUST-101735,2026-04,70.0,7,67.4,560
CUST-101735,2026-05,91.5,10,29.3,465
CUST-101735,2026-06,59.7,8,52.1,239
CUST-101735,2026-07,96.8,13,41.6,899
CUST-101735,2026-08,74.5,18,31.4,859
CUST-101736,2026-03,335.8,50,55.2,2610
CUST-101736,2026-04,346.8,49,33.8,2036
CUST-101736,2026-05,290.4,40,49.6,2393
CUST-101736,2026-06,252.5,29,50.8,2953
CUST-101736,2026-07,236.0,27,32.8,1794
CUST-101736,2026-08,192.9,29,42.1,2020
CUST-101737,2026-03,415.9,60,70.9,4100
CUST-101737,2026-04,421.0,61,41.3,3387
CUST-101737,2026-05,447.3,61,62.2,4660
CUST-101737,2026-06,411.0,58,65.7,3556
CUST-101737,2026-07,394.7,57,71.4,1874
CUST-101737,2026-08,453.5,64,54.3,2414
CUST-101738,2026-03,76.9,18,75.6,558
CUST-101738,2026-04,70.0,11,73.6,655
CUST-101738,2026-05,80.7,9,62.8,696
CUST-101738,2026-06,80.0,8,46.5,662
CUST-101738,2026-07,88.2,11,57.3,830
CUST-101738,2026-08,89.6,7,53.5,843
CUST-101739,2026-03,204.3,23,53.0,1729
CUST-101739,2026-04,204.9,27,44.9,1829
CUST-101739,2026-05,121.7,23,45.5,688
CUST-101739,2026-06,119.6,20,44.0,817
CUST-101739,2026-07,139.6,17,51.9,1169
CUST-101739,2026-08,107.1,21,27.0,862
CUST-101740,2026-03,72.4,7,62.6,700
CUST-101740,2026-04,84.4,9,32.8,774
CUST-101740,2026-05,83.6,16,54.0,632
CUST-101740,2026-06,88.7,11,71.1,485
CUST-101740,2026-07,68.6,11,55.1,775
CUST-101740,2026-08,85.4,11,58.0,625
CUST-101741,2026-03,176.6,20,77.1,1825
CUST-101741,2026-04,176.3,28,83.5,1295
CUST-101741,2026-05,163.4,25,43.3,1120
CUST-101741,2026-06,129.5,21,41.2,1340
CUST-101741,2026-07,131.0,13,49.0,1180
CUST-101741,2026-08,116.8,13,56.4,922
CUST-101742,2026-03,174.5,23,40.6,1182
CUST-101742,2026-04,176.4,22,49.5,1656
CUST-101742,2026-05,180.4,25,47.9,1659
CUST-101742,2026-06,142.0,21,47.6,1118
CUST-101742,2026-07,118.1,16,26.9,1065
CUST-101742,2026-08,114.5,9,59.9,1050
CUST-101743,2026-03,70.2,5,36.3,726
CUST-101743,2026-04,69.9,2,63.7,655
CUST-101743,2026-05,81.3,12,56.9,843
CUST-101743,2026-06,99.0,12,35.3,976
CUST-101743,2026-07,84.3,12,58.0,582
CUST-101743,2026-08,78.6,16,65.5,607
CUST-101744,2026-03,184.6,29,66.0,1746
CUST-101744,2026-04,178.9,26,70.3,1606
CUST-101744,2026-05,192.1,25,66.1,1647
CUST-101744,2026-06,191.2,24,62.7,1613
CUST-101744,2026-07,170.3,26,40.7,1873
CUST-101744,2026-08,143.8,20,37.5,1317
CUST-101745,2026-03,205.1,28,67.8,1775
CUST-101745,2026-04,186.1,24,46.2,2046
CUST-101745,2026-05,143.8,21,52.5,1739
CUST-101745,2026-06,186.4,26,32.2,1577
CUST-101745,2026-07,130.7,14,53.9,1479
CUST-101745,2026-08,128.7,15,56.7,986
CUST-101746,2026-03,210.9,23,42.5,3087
CUST-101746,2026-04,177.3,24,80.7,1002
CUST-101746,2026-05,184.7,32,84.4,1915
CUST-101746,2026-06,208.2,27,41.7,1692
CUST-101746,2026-07,160.3,25,55.1,780
CUST-101746,2026-08,202.2,32,51.7,1470
CUST-101747,2026-03,156.4,25,71.7,1536
CUST-101747,2026-04,189.3,28,58.9,1860
CUST-101747,2026-05,180.3,23,42.4,1185
CUST-101747,2026-06,164.0,25,51.6,654
CUST-101747,2026-07,136.3,20,53.9,969
CUST-101747,2026-08,150.5,24,74.1,1604
CUST-101748,2026-03,206.6,23,58.0,1714
CUST-101748,2026-04,147.9,15,49.2,1252
CUST-101748,2026-05,143.5,23,35.0,1782
CUST-101748,2026-06,115.8,14,52.0,1342
CUST-101748,2026-07,99.4,10,42.2,1052
CUST-101748,2026-08,67.8,12,22.7,463
CUST-101749,2026-03,71.3,5,29.2,795
CUST-101749,2026-04,85.7,16,56.9,837
CUST-101749,2026-05,87.7,11,64.1,1152
CUST-101749,2026-06,79.5,14,67.9,718
CUST-101749,2026-07,83.3,18,54.6,823
CUST-101749,2026-08,83.3,15,28.6,589
CUST-101750,2026-03,173.7,23,63.4,2060
CUST-101750,2026-04,203.4,31,52.9,1842
CUST-101750,2026-05,147.3,14,49.0,1690
CUST-101750,2026-06,165.8,26,67.3,1376
CUST-101750,2026-07,131.2,15,52.6,1182
CUST-101750,2026-08,156.5,29,52.9,1320
CUST-101751,2026-03,81.8,13,59.2,538
CUST-101751,2026-04,82.3,11,44.5,720
CUST-101751,2026-05,71.5,8,55.8,763
CUST-101751,2026-06,85.6,15,69.8,864
CUST-101751,2026-07,81.0,12,70.4,833
CUST-101751,2026-08,92.1,13,56.7,885
CUST-101752,2026-03,394.0,61,48.8,4096
CUST-101752,2026-04,363.4,52,64.8,3167
CUST-101752,2026-05,367.5,52,69.4,2692
CUST-101752,2026-06,336.8,43,59.7,3590
CUST-101752,2026-07,325.5,42,58.5,3591
CUST-101752,2026-08,371.3,55,46.6,3238
CUST-101753,2026-03,80.8,17,62.8,750
CUST-101753,2026-04,80.6,10,33.8,699
CUST-101753,2026-05,74.0,16,62.5,847
CUST-101753,2026-06,75.9,8,52.7,809
CUST-101753,2026-07,83.1,7,73.6,715
CUST-101753,2026-08,91.7,11,63.4,758
CUST-101754,2026-03,90.1,10,47.1,610
CUST-101754,2026-04,71.8,12,46.3,494
CUST-101754,2026-05,96.6,6,59.5,626
CUST-101754,2026-06,83.7,9,55.0,889
CUST-101754,2026-07,74.6,8,50.3,818
CUST-101754,2026-08,78.6,11,62.3,730
CUST-101755,2026-03,78.6,8,46.0,816
CUST-101755,2026-04,75.6,11,63.8,587
CUST-101755,2026-05,82.4,14,50.9,593
CUST-101755,2026-06,73.1,12,70.5,562
CUST-101755,2026-07,92.0,17,70.7,823
CUST-101755,2026-08,74.3,11,53.4,656
CUST-101756,2026-03,216.3,31,54.7,1420
CUST-101756,2026-04,213.2,34,49.6,1831
CUST-101756,2026-05,165.5,18,48.9,1545
CUST-101756,2026-06,159.9,21,39.4,755
CUST-101756,2026-07,154.0,22,65.9,1752
CUST-101756,2026-08,200.2,28,67.7,1559
CUST-101757,2026-03,185.8,30,52.4,1887
CUST-101757,2026-04,176.8,16,49.5,1152
CUST-101757,2026-05,177.7,19,68.3,1376
CUST-101757,2026-06,170.4,21,68.5,1341
CUST-101757,2026-07,188.5,24,59.3,2031
CUST-101757,2026-08,170.9,24,58.8,1360
CUST-101758,2026-03,440.0,67,32.5,4095
CUST-101758,2026-04,463.3,70,68.5,4120
CUST-101758,2026-05,436.1,78,60.9,2852
CUST-101758,2026-06,341.3,45,48.7,3582
CUST-101758,2026-07,377.5,56,56.0,2929
CUST-101758,2026-08,348.2,47,65.7,3415
CUST-101759,2026-03,147.3,17,51.0,946
CUST-101759,2026-04,159.5,22,74.1,1301
CUST-101759,2026-05,188.5,17,56.4,1782
CUST-101759,2026-06,216.1,32,42.3,1307
CUST-101759,2026-07,200.1,25,52.4,1449
CUST-101759,2026-08,170.7,24,51.5,1150
CUST-101760,2026-03,189.2,26,45.5,2441
CUST-101760,2026-04,194.6,28,56.7,1418
CUST-101760,2026-05,177.6,28,60.1,2102
CUST-101760,2026-06,169.7,17,54.1,1549
CUST-101760,2026-07,174.5,31,45.0,1721
CUST-101760,2026-08,176.1,20,58.3,1727
CUST-101761,2026-03,378.7,51,54.5,4184
CUST-101761,2026-04,355.8,48,49.8,4120
CUST-101761,2026-05,342.9,43,52.5,3515
CUST-101761,2026-06,300.4,39,62.2,2994
CUST-101761,2026-07,296.8,36,59.2,2259
CUST-101761,2026-08,326.5,52,71.2,2656
CUST-101762,2026-03,419.9,61,53.2,3518
CUST-101762,2026-04,326.7,42,53.4,4030
CUST-101762,2026-05,288.6,44,47.4,2837
CUST-101762,2026-06,304.8,45,35.3,2632
CUST-101762,2026-07,281.2,31,38.2,2525
CUST-101762,2026-08,185.0,25,34.7,1269
CUST-101763,2026-03,810.0,111,45.9,6572
CUST-101763,2026-04,902.7,132,52.4,10405
CUST-101763,2026-05,944.6,135,47.4,8852
CUST-101763,2026-06,1113.4,159,52.1,12282
CUST-101763,2026-07,940.7,131,40.6,10941
CUST-101763,2026-08,838.7,119,71.9,7083
CUST-101764,2026-03,907.7,125,68.7,6929
CUST-101764,2026-04,803.7,111,64.3,7584
CUST-101764,2026-05,899.0,136,89.9,8117
CUST-101764,2026-06,1020.6,146,60.9,9312
CUST-101764,2026-07,921.3,127,74.1,10019
CUST-101764,2026-08,905.0,123,66.2,6697
CUST-101765,2026-03,936.3,128,55.1,8332
CUST-101765,2026-04,955.6,134,40.1,9017
CUST-101765,2026-05,801.8,116,46.8,7126
CUST-101765,2026-06,599.2,87,49.9,5462
CUST-101765,2026-07,619.0,89,57.1,5070
CUST-101765,2026-08,553.9,77,32.8,4371
CUST-101766,2026-03,428.3,62,42.3,3309
CUST-101766,2026-04,400.0,55,38.9,3050
CUST-101766,2026-05,372.3,56,39.9,3953
CUST-101766,2026-06,363.4,46,62.2,3775
CUST-101766,2026-07,351.7,50,65.0,2873
CUST-101766,2026-08,388.3,52,75.5,2492
CUST-101767,2026-03,199.9,27,53.8,1555
CUST-101767,2026-04,162.1,25,54.2,1536
CUST-101767,2026-05,161.9,20,51.3,1138
CUST-101767,2026-06,130.2,14,36.8,881
CUST-101767,2026-07,112.8,18,67.9,1014
CUST-101767,2026-08,88.5,14,56.9,933
CUST-101768,2026-03,87.1,12,65.0,574
CUST-101768,2026-04,91.8,7,45.0,632
CUST-101768,2026-05,87.4,18,43.5,507
CUST-101768,2026-06,67.0,10,54.9,649
CUST-101768,2026-07,80.1,19,35.4,570
CUST-101768,2026-08,57.1,14,64.4,695
CUST-101769,2026-03,84.1,18,55.5,661
CUST-101769,2026-04,78.5,12,49.2,789
CUST-101769,2026-05,70.1,14,67.0,609
CUST-101769,2026-06,69.3,3,40.3,895
CUST-101769,2026-07,68.7,6,49.5,583
CUST-101769,2026-08,65.2,5,44.1,391
CUST-101770,2026-03,199.4,30,35.3,1955
CUST-101770,2026-04,184.8,30,57.9,1519
CUST-101770,2026-05,173.2,25,39.8,1922
CUST-101770,2026-06,196.7,24,55.4,1750
CUST-101770,2026-07,186.8,25,68.4,1512
CUST-101770,2026-08,211.4,28,52.5,2080
CUST-101771,2026-03,186.0,19,43.5,1236
CUST-101771,2026-04,138.4,20,47.6,1327
CUST-101771,2026-05,170.4,24,28.2,1367
CUST-101771,2026-06,131.3,14,36.3,1183
CUST-101771,2026-07,118.7,11,48.9,1003
CUST-101771,2026-08,94.2,24,42.5,669
CUST-101772,2026-03,173.5,20,55.2,1078
CUST-101772,2026-04,186.4,30,51.6,1701
CUST-101772,2026-05,167.9,15,50.4,1504
CUST-101772,2026-06,179.7,25,58.7,1493
CUST-101772,2026-07,157.6,27,76.2,1563
CUST-101772,2026-08,191.0,34,62.6,2141
CUST-101773,2026-03,946.4,134,58.1,10233
CUST-101773,2026-04,819.0,118,50.6,4818
CUST-101773,2026-05,589.2,82,41.7,4290
CUST-101773,2026-06,712.5,104,48.2,5868
CUST-101773,2026-07,545.0,75,33.6,3587
CUST-101773,2026-08,474.5,66,38.1,4272
CUST-101774,2026-03,376.2,49,67.5,2946
CUST-101774,2026-04,332.3,44,55.3,2645
CUST-101774,2026-05,240.5,37,43.6,2228
CUST-101774,2026-06,247.6,35,78.3,1275
CUST-101774,2026-07,267.8,44,45.6,3268
CUST-101774,2026-08,245.3,32,50.8,1654
CUST-101775,2026-03,77.2,15,78.6,827
CUST-101775,2026-04,77.0,15,65.2,835
CUST-101775,2026-05,76.1,10,33.8,695
CUST-101775,2026-06,72.9,8,56.8,693
CUST-101775,2026-07,48.6,1,46.2,508
CUST-101775,2026-08,54.9,4,74.0,595
CUST-101776,2026-03,177.9,31,59.8,1792
CUST-101776,2026-04,172.3,25,64.2,1413
CUST-101776,2026-05,177.3,19,63.4,1462
CUST-101776,2026-06,212.6,26,60.9,2324
CUST-101776,2026-07,187.0,20,45.4,1311
CUST-101776,2026-08,174.4,32,63.9,1587
CUST-101777,2026-03,162.2,27,50.0,1545
CUST-101777,2026-04,203.1,25,42.6,1244
CUST-101777,2026-05,182.8,22,82.0,1575
CUST-101777,2026-06,210.8,27,46.4,1422
CUST-101777,2026-07,224.6,30,72.0,2141
CUST-101777,2026-08,178.7,24,40.5,1673
CUST-101778,2026-03,207.3,28,69.0,2162
CUST-101778,2026-04,162.9,28,52.0,1439
CUST-101778,2026-05,208.7,32,40.9,1998
CUST-101778,2026-06,172.7,30,47.6,1689
CUST-101778,2026-07,198.3,26,50.0,2168
CUST-101778,2026-08,190.4,25,65.7,1302
CUST-101779,2026-03,86.7,15,52.1,741
CUST-101779,2026-04,89.9,19,70.2,876
CUST-101779,2026-05,89.6,9,62.9,667
CUST-101779,2026-06,81.6,11,42.0,978
CUST-101779,2026-07,76.1,8,50.1,645
CUST-101779,2026-08,86.0,18,55.1,939
CUST-101780,2026-03,64.9,10,68.1,561
CUST-101780,2026-04,72.2,11,53.2,579
CUST-101780,2026-05,82.4,12,51.2,617
CUST-101780,2026-06,56.9,10,51.8,532
CUST-101780,2026-07,62.9,4,29.0,680
CUST-101780,2026-08,55.4,9,74.4,642
CUST-101781,2026-03,972.6,145,39.8,7338
CUST-101781,2026-04,912.3,129,45.2,6104
CUST-101781,2026-05,890.4,119,57.6,7516
CUST-101781,2026-06,987.2,132,58.7,10784
CUST-101781,2026-07,798.2,110,66.7,7487
CUST-101781,2026-08,965.7,143,64.9,8631
CUST-101782,2026-03,369.8,56,42.8,2701
CUST-101782,2026-04,352.7,43,55.1,3033
CUST-101782,2026-05,386.4,49,71.1,4817
CUST-101782,2026-06,418.8,63,58.4,4817
CUST-101782,2026-07,392.6,55,51.4,2579
CUST-101782,2026-08,393.9,58,65.3,4257
CUST-101783,2026-03,72.2,3,35.3,618
CUST-101783,2026-04,88.3,12,65.7,989
CUST-101783,2026-05,80.8,12,52.0,905
CUST-101783,2026-06,75.0,9,62.9,717
CUST-101783,2026-07,97.0,11,43.3,789
CUST-101783,2026-08,89.8,14,75.3,439
CUST-101784,2026-03,184.9,18,45.2,1312
CUST-101784,2026-04,186.6,36,40.2,1607
CUST-101784,2026-05,190.5,25,35.6,1995
CUST-101784,2026-06,170.5,19,45.4,1246
CUST-101784,2026-07,214.9,26,78.9,1619
CUST-101784,2026-08,164.7,23,56.1,2054
CUST-101785,2026-03,206.4,31,65.3,2281
CUST-101785,2026-04,207.7,24,55.5,1495
CUST-101785,2026-05,172.9,18,49.3,2041
CUST-101785,2026-06,184.6,28,62.2,1738
CUST-101785,2026-07,176.7,26,37.4,1140
CUST-101785,2026-08,178.2,27,41.7,1439
CUST-101786,2026-03,852.7,121,45.4,8523
CUST-101786,2026-04,965.8,137,62.0,12196
CUST-101786,2026-05,975.9,144,55.6,8916
CUST-101786,2026-06,899.4,126,59.8,6202
CUST-101786,2026-07,744.7,103,59.4,7880
CUST-101786,2026-08,926.5,135,58.0,8503
CUST-101787,2026-03,80.3,11,53.2,856
CUST-101787,2026-04,78.6,7,63.3,631
CUST-101787,2026-05,49.9,11,60.7,376
CUST-101787,2026-06,63.1,10,54.0,600
CUST-101787,2026-07,42.8,7,27.0,333
CUST-101787,2026-08,40.4,2,40.4,312
CUST-101788,2026-03,174.9,24,70.4,1813
CUST-101788,2026-04,186.7,29,58.0,1221
CUST-101788,2026-05,152.1,19,48.0,1876
CUST-101788,2026-06,151.9,28,42.5,1933
CUST-101788,2026-07,163.1,23,62.3,1743
CUST-101788,2026-08,137.6,21,45.5,1327
CUST-101789,2026-03,155.8,22,82.7,1360
CUST-101789,2026-04,184.5,23,60.1,1057
CUST-101789,2026-05,175.5,27,79.3,1249
CUST-101789,2026-06,155.7,22,49.1,1280
CUST-101789,2026-07,195.4,29,59.0,1939
CUST-101789,2026-08,203.8,26,57.8,1609
CUST-101790,2026-03,143.1,19,44.0,1090
CUST-101790,2026-04,189.7,23,36.4,1947
CUST-101790,2026-05,166.9,21,72.9,1555
CUST-101790,2026-06,170.5,17,64.9,1429
CUST-101790,2026-07,180.2,27,61.8,1721
CUST-101790,2026-08,189.0,26,49.8,1335
CUST-101791,2026-03,206.4,28,73.6,1270
CUST-101791,2026-04,183.7,26,59.2,2193
CUST-101791,2026-05,142.0,22,50.0,1263
CUST-101791,2026-06,132.1,13,57.8,1147
CUST-101791,2026-07,135.5,24,56.8,1037
CUST-101791,2026-08,128.8,17,45.0,1422
CUST-101792,2026-03,194.4,29,60.2,2075
CUST-101792,2026-04,182.3,28,54.9,1815
CUST-101792,2026-05,173.4,37,63.3,1284
CUST-101792,2026-06,185.5,23,64.5,1516
CUST-101792,2026-07,185.2,28,46.8,1241
CUST-101792,2026-08,157.3,14,58.3,1640
CUST-101793,2026-03,396.8,65,69.6,2732
CUST-101793,2026-04,381.4,52,31.5,3427
CUST-101793,2026-05,385.0,52,55.8,3761
CUST-101793,2026-06,362.1,54,62.7,2975
CUST-101793,2026-07,423.0,57,80.4,2880
CUST-101793,2026-08,365.5,55,42.5,2500
CUST-101794,2026-03,78.8,13,67.6,552
CUST-101794,2026-04,69.5,5,48.8,654
CUST-101794,2026-05,79.7,10,57.3,657
CUST-101794,2026-06,73.7,9,59.2,735
CUST-101794,2026-07,69.0,2,27.3,682
CUST-101794,2026-08,55.7,9,36.8,382
CUST-101795,2026-03,82.3,7,59.0,578
CUST-101795,2026-04,83.7,17,74.7,841
CUST-101795,2026-05,86.9,11,59.5,571
CUST-101795,2026-06,69.7,4,77.0,480
CUST-101795,2026-07,62.8,8,73.1,373
CUST-101795,2026-08,77.2,11,55.3,885
CUST-101796,2026-03,160.2,21,45.3,1488
CUST-101796,2026-04,192.2,26,47.1,1659
CUST-101796,2026-05,141.4,16,48.3,1179
CUST-101796,2026-06,176.6,20,56.8,1704
CUST-101796,2026-07,168.1,14,41.8,1595
CUST-101796,2026-08,196.9,25,64.1,1610
CUST-101797,2026-03,361.5,48,53.2,3553
CUST-101797,2026-04,378.2,58,45.0,3126
CUST-101797,2026-05,242.9,31,49.7,1431
CUST-101797,2026-06,259.2,35,50.4,2158
CUST-101797,2026-07,155.3,32,51.3,1144
CUST-101797,2026-08,241.3,34,27.3,2309
CUST-101798,2026-03,384.5,50,56.2,2387
CUST-101798,2026-04,389.6,50,51.4,5069
CUST-101798,2026-05,427.8,58,65.8,2973
CUST-101798,2026-06,385.6,60,36.7,4438
CUST-101798,2026-07,412.9,56,86.3,3409
CUST-101798,2026-08,462.1,67,62.2,2977
CUST-101799,2026-03,168.9,24,25.1,1570
CUST-101799,2026-04,190.9,23,43.2,2182
CUST-101799,2026-05,147.5,22,52.0,677
CUST-101799,2026-06,141.8,16,37.9,1277
CUST-101799,2026-07,118.6,17,54.3,1184
CUST-101799,2026-08,142.5,11,63.9,1101
CUST-101800,2026-03,409.9,56,31.8,4503
CUST-101800,2026-04,399.7,57,25.0,2427
CUST-101800,2026-05,332.1,48,46.8,3344
CUST-101800,2026-06,355.0,48,61.1,3576
CUST-101800,2026-07,262.6,32,61.0,1360
CUST-101800,2026-08,257.0,33,47.6,2138
CUST-101801,2026-03,175.3,20,64.7,1593
CUST-101801,2026-04,194.6,31,46.7,1361
CUST-101801,2026-05,177.7,22,55.6,1659
CUST-101801,2026-06,178.6,29,48.0,1305
CUST-101801,2026-07,192.7,33,54.7,1837
CUST-101801,2026-08,147.2,30,68.6,1518
CUST-101802,2026-03,67.3,10,47.9,643
CUST-101802,2026-04,86.4,13,58.4,668
CUST-101802,2026-05,80.4,8,45.7,715
CUST-101802,2026-06,89.9,11,59.5,719
CUST-101802,2026-07,87.6,8,38.0,864
CUST-101802,2026-08,80.7,14,42.5,681
CUST-101803,2026-03,170.7,25,84.0,1781
CUST-101803,2026-04,200.0,22,44.1,2038
CUST-101803,2026-05,161.8,28,45.9,1379
CUST-101803,2026-06,154.6,17,41.5,1386
CUST-101803,2026-07,112.8,17,34.4,1022
CUST-101803,2026-08,89.1,17,58.6,877
CUST-101804,2026-03,396.4,59,55.3,3394
CUST-101804,2026-04,350.5,45,44.6,2843
CUST-101804,2026-05,420.2,55,46.9,4993
CUST-101804,2026-06,355.4,51,85.2,2933
CUST-101804,2026-07,379.0,51,57.9,2747
CUST-101804,2026-08,410.2,63,59.4,4895
CUST-101805,2026-03,143.7,16,49.9,1452
CUST-101805,2026-04,182.6,25,65.5,1528
CUST-101805,2026-05,149.4,21,37.6,1294
CUST-101805,2026-06,145.2,23,51.3,1775
CUST-101805,2026-07,119.5,14,55.6,879
CUST-101805,2026-08,126.7,16,48.6,588
CUST-101806,2026-03,150.3,22,42.3,1206
CUST-101806,2026-04,144.9,13,55.1,1129
CUST-101806,2026-05,182.7,27,61.3,1629
CUST-101806,2026-06,173.3,26,55.5,1830
CUST-101806,2026-07,180.0,26,30.6,1263
CUST-101806,2026-08,169.1,19,61.1,1335
CUST-101807,2026-03,91.9,14,51.9,800
CUST-101807,2026-04,95.2,14,28.2,914
CUST-101807,2026-05,71.6,9,51.1,696
CUST-101807,2026-06,70.9,12,51.9,541
CUST-101807,2026-07,92.7,14,36.0,995
CUST-101807,2026-08,77.2,13,60.6,621
CUST-101808,2026-03,83.3,15,69.4,607
CUST-101808,2026-04,65.1,9,47.3,725
CUST-101808,2026-05,82.2,13,56.9,555
CUST-101808,2026-06,79.1,15,58.0,734
CUST-101808,2026-07,78.4,9,67.2,758
CUST-101808,2026-08,84.6,10,39.4,639
CUST-101809,2026-03,350.3,47,39.9,3139
CUST-101809,2026-04,360.3,53,42.6,4749
CUST-101809,2026-05,388.0,55,44.2,3320
CUST-101809,2026-06,393.5,47,60.5,4322
CUST-101809,2026-07,340.6,45,58.9,2571
CUST-101809,2026-08,366.9,47,77.3,3085
CUST-101810,2026-03,381.3,48,46.4,3021
CUST-101810,2026-04,373.0,61,69.2,4012
CUST-101810,2026-05,302.7,38,39.2,1826
CUST-101810,2026-06,313.7,44,59.6,2726
CUST-101810,2026-07,303.4,40,52.3,3009
CUST-101810,2026-08,317.0,50,53.7,3900
CUST-101811,2026-03,157.6,24,46.0,862
CUST-101811,2026-04,184.1,27,57.5,1528
CUST-101811,2026-05,179.4,23,41.6,1934
CUST-101811,2026-06,187.1,24,54.2,1686
CUST-101811,2026-07,182.9,28,58.1,1315
CUST-101811,2026-08,203.7,25,49.1,1652
CUST-101812,2026-03,355.1,50,64.5,3928
CUST-101812,2026-04,385.8,52,59.8,3049
CUST-101812,2026-05,256.0,32,52.8,2904
CUST-101812,2026-06,303.1,41,49.9,2748
CUST-101812,2026-07,286.8,47,39.5,4110
CUST-101812,2026-08,267.6,34,41.8,3013
CUST-101813,2026-03,184.2,24,54.5,1809
CUST-101813,2026-04,169.6,26,47.3,1813
CUST-101813,2026-05,155.5,20,38.7,1704
CUST-101813,2026-06,109.5,17,30.2,934
CUST-101813,2026-07,92.7,20,42.4,757
CUST-101813,2026-08,86.2,2,31.6,992
CUST-101814,2026-03,197.1,33,71.3,1531
CUST-101814,2026-04,152.4,20,52.2,1015
CUST-101814,2026-05,176.4,27,50.3,1459
CUST-101814,2026-06,132.8,15,60.2,1464
CUST-101814,2026-07,144.6,28,51.5,1187
CUST-101814,2026-08,123.8,17,40.9,1194
CUST-101815,2026-03,449.5,64,73.6,3821
CUST-101815,2026-04,348.2,52,80.2,2960
CUST-101815,2026-05,292.8,38,52.9,1846
CUST-101815,2026-06,343.6,52,56.4,1983
CUST-101815,2026-07,296.3,51,67.0,2050
CUST-101815,2026-08,333.4,51,73.9,2733
CUST-101816,2026-03,69.3,6,71.0,321
CUST-101816,2026-04,82.8,14,63.1,890
CUST-101816,2026-05,78.4,11,70.2,788
CUST-101816,2026-06,84.5,9,66.6,732
CUST-101816,2026-07,75.6,18,55.2,727
CUST-101816,2026-08,84.3,14,50.2,728
CUST-101817,2026-03,361.7,56,80.2,3035
CUST-101817,2026-04,365.6,53,42.9,2553
CUST-101817,2026-05,372.4,55,47.3,3176
CUST-101817,2026-06,277.0,48,47.6,3165
CUST-101817,2026-07,270.2,42,45.5,3146
CUST-101817,2026-08,185.7,36,66.1,1601
CUST-101818,2026-03,175.9,21,57.5,1660
CUST-101818,2026-04,145.4,25,62.4,1305
CUST-101818,2026-05,143.6,19,45.5,779
CUST-101818,2026-06,132.9,23,50.7,1653
CUST-101818,2026-07,111.7,16,46.1,1041
CUST-101818,2026-08,127.0,19,41.6,1129
CUST-101819,2026-03,179.4,19,66.6,1671
CUST-101819,2026-04,178.0,25,42.2,1699
CUST-101819,2026-05,138.3,18,41.1,1376
CUST-101819,2026-06,142.8,23,44.7,1436
CUST-101819,2026-07,109.2,15,67.0,801
CUST-101819,2026-08,93.4,13,51.4,1369
CUST-101820,2026-03,189.2,27,66.2,2037
CUST-101820,2026-04,167.6,21,53.3,1602
CUST-101820,2026-05,142.0,18,47.2,1230
CUST-101820,2026-06,126.7,22,40.7,1357
CUST-101820,2026-07,131.9,13,46.2,980
CUST-101820,2026-08,144.0,12,33.4,1402
CUST-101821,2026-03,87.3,16,71.5,963
CUST-101821,2026-04,73.0,14,59.6,623
CUST-101821,2026-05,85.7,19,58.5,592
CUST-101821,2026-06,85.2,6,65.8,633
CUST-101821,2026-07,84.6,8,59.4,621
CUST-101821,2026-08,79.5,13,43.7,828
CUST-101822,2026-03,404.3,59,60.2,2738
CUST-101822,2026-04,315.6,36,35.3,2197
CUST-101822,2026-05,393.6,52,61.0,4309
CUST-101822,2026-06,424.3,58,67.6,3683
CUST-101822,2026-07,387.6,62,67.3,4716
CUST-101822,2026-08,406.3,56,45.4,3800
CUST-101823,2026-03,438.7,59,52.3,3732
CUST-101823,2026-04,331.2,55,37.1,2593
CUST-101823,2026-05,300.9,39,54.6,1624
CUST-101823,2026-06,358.2,50,50.3,2892
CUST-101823,2026-07,440.6,52,36.6,4727
CUST-101823,2026-08,420.1,54,65.8,2867
CUST-101824,2026-03,424.9,67,32.1,2965
CUST-101824,2026-04,333.6,49,49.7,2336
CUST-101824,2026-05,339.4,46,51.5,3844
CUST-101824,2026-06,366.1,47,49.9,3074
CUST-101824,2026-07,403.0,56,43.7,3046
CUST-101824,2026-08,388.0,55,74.7,3224
CUST-101825,2026-03,188.1,28,51.9,1883
CUST-101825,2026-04,181.3,28,79.2,1271
CUST-101825,2026-05,146.5,21,40.3,1619
CUST-101825,2026-06,179.4,22,42.1,1854
CUST-101825,2026-07,149.9,21,58.9,1202
CUST-101825,2026-08,159.3,16,53.0,1290
CUST-101826,2026-03,420.5,61,63.8,3820
CUST-101826,2026-04,398.3,56,48.0,2922
CUST-101826,2026-05,379.7,57,77.0,3891
CUST-101826,2026-06,362.8,58,40.5,3178
CUST-101826,2026-07,352.0,57,50.1,2587
CUST-101826,2026-08,430.5,63,58.1,3844
CUST-101827,2026-03,75.6,10,56.9,919
CUST-101827,2026-04,64.8,11,51.9,742
CUST-101827,2026-05,67.4,5,54.8,453
CUST-101827,2026-06,53.5,13,39.2,464
CUST-101827,2026-07,48.5,5,41.0,519
CUST-101827,2026-08,35.5,8,22.1,329
CUST-101828,2026-03,396.4,63,50.2,3239
CUST-101828,2026-04,333.8,39,35.1,2355
CUST-101828,2026-05,399.2,54,68.0,4396
CUST-101828,2026-06,324.7,47,46.9,3572
CUST-101828,2026-07,323.8,48,43.1,3272
CUST-101828,2026-08,362.0,51,51.3,4529
CUST-101829,2026-03,369.9,54,70.0,2330
CUST-101829,2026-04,362.9,60,52.8,3265
CUST-101829,2026-05,330.6,52,43.4,3007
CUST-101829,2026-06,359.7,49,66.6,2155
CUST-101829,2026-07,250.8,30,65.8,2437
CUST-101829,2026-08,249.5,38,39.8,2988
CUST-101830,2026-03,309.9,48,55.4,1840
CUST-101830,2026-04,321.3,44,58.1,2809
CUST-101830,2026-05,239.4,33,55.3,1844
CUST-101830,2026-06,278.7,35,41.3,2244
CUST-101830,2026-07,261.7,36,61.2,2210
CUST-101830,2026-08,215.9,27,32.3,2019
CUST-101831,2026-03,447.3,66,61.9,5482
CUST-101831,2026-04,347.6,45,44.6,3335
CUST-101831,2026-05,318.7,52,47.2,2177
CUST-101831,2026-06,324.1,50,45.6,3582
CUST-101831,2026-07,408.3,55,45.7,3221
CUST-101831,2026-08,334.2,52,45.2,3486
CUST-101832,2026-03,372.6,54,55.0,3051
CUST-101832,2026-04,417.5,54,61.8,3719
CUST-101832,2026-05,382.7,55,71.0,3429
CUST-101832,2026-06,393.3,55,44.8,3541
CUST-101832,2026-07,430.9,63,46.4,4818
CUST-101832,2026-08,367.0,50,41.8,2771
CUST-101833,2026-03,69.9,12,76.2,688
CUST-101833,2026-04,77.6,14,74.2,794
CUST-101833,2026-05,77.5,9,48.9,694
CUST-101833,2026-06,65.3,12,54.9,576
CUST-101833,2026-07,60.8,1,44.3,563
CUST-101833,2026-08,65.6,1,55.3,638
CUST-101834,2026-03,452.4,70,51.8,4199
CUST-101834,2026-04,427.0,67,67.2,4498
CUST-101834,2026-05,374.3,49,38.5,2226
CUST-101834,2026-06,363.2,53,42.0,1784
CUST-101834,2026-07,346.1,51,46.8,3128
CUST-101834,2026-08,382.4,56,42.1,4445
CUST-101835,2026-03,169.5,25,62.7,1745
CUST-101835,2026-04,126.5,14,58.2,635
CUST-101835,2026-05,140.4,18,42.4,1145
CUST-101835,2026-06,143.3,25,59.8,1510
CUST-101835,2026-07,109.4,7,52.5,887
CUST-101835,2026-08,102.7,18,19.0,908
CUST-101836,2026-03,92.7,8,36.4,976
CUST-101836,2026-04,70.8,8,68.4,665
CUST-101836,2026-05,77.7,12,55.8,984
CUST-101836,2026-06,71.5,7,51.2,735
CUST-101836,2026-07,93.3,18,58.0,796
CUST-101836,2026-08,89.1,10,43.9,803
CUST-101837,2026-03,912.7,125,37.4,9701
CUST-101837,2026-04,842.3,119,84.6,6699
CUST-101837,2026-05,886.8,127,34.9,7225
CUST-101837,2026-06,862.3,120,70.7,9112
CUST-101837,2026-07,950.5,133,60.0,10742
CUST-101837,2026-08,909.1,126,43.9,8666
CUST-101838,2026-03,179.2,25,75.7,977
CUST-101838,2026-04,138.6,21,52.4,1387
CUST-101838,2026-05,121.9,19,56.2,489
CUST-101838,2026-06,95.8,21,34.5,882
CUST-101838,2026-07,100.3,18,22.2,1063
CUST-101838,2026-08,96.1,10,42.4,855
CUST-101839,2026-03,898.3,124,47.2,8725
CUST-101839,2026-04,903.1,126,43.1,8384
CUST-101839,2026-05,736.8,109,66.5,8149
CUST-101839,2026-06,895.0,123,66.5,7470
CUST-101839,2026-07,989.6,144,35.3,9353
CUST-101839,2026-08,912.2,130,62.4,9559
CUST-101840,2026-03,77.6,8,18.7,539
CUST-101840,2026-04,79.8,19,44.9,653
CUST-101840,2026-05,89.8,7,57.6,823
CUST-101840,2026-06,78.0,12,70.5,762
CUST-101840,2026-07,85.2,13,40.1,451
CUST-101840,2026-08,74.1,12,72.5,678
CUST-101841,2026-03,177.6,27,58.8,1373
CUST-101841,2026-04,162.9,20,51.0,1287
CUST-101841,2026-05,146.7,14,51.3,1105
CUST-101841,2026-06,122.5,14,37.6,688
CUST-101841,2026-07,101.7,13,29.7,722
CUST-101841,2026-08,88.9,14,57.2,1020
CUST-101842,2026-03,97.9,13,50.2,664
CUST-101842,2026-04,71.1,12,37.4,486
CUST-101842,2026-05,70.6,14,50.8,473
CUST-101842,2026-06,64.9,6,52.1,339
CUST-101842,2026-07,61.2,4,41.6,388
CUST-101842,2026-08,43.9,5,44.1,454
CUST-101843,2026-03,76.0,6,58.5,602
CUST-101843,2026-04,75.0,9,61.5,692
CUST-101843,2026-05,72.4,9,43.3,586
CUST-101843,2026-06,65.6,6,61.2,563
CUST-101843,2026-07,69.0,3,76.0,735
CUST-101843,2026-08,66.7,6,44.6,562
CUST-101844,2026-03,361.9,43,59.1,3518
CUST-101844,2026-04,351.4,47,47.4,2734
CUST-101844,2026-05,289.5,42,59.5,3028
CUST-101844,2026-06,216.5,36,72.6,1588
CUST-101844,2026-07,253.5,28,44.9,1834
CUST-101844,2026-08,134.0,16,44.2,1258
CUST-101845,2026-03,887.8,123,67.3,3967
CUST-101845,2026-04,684.1,96,57.6,5128
CUST-101845,2026-05,932.1,139,35.9,6846
CUST-101845,2026-06,910.7,136,84.4,8197
CUST-101845,2026-07,860.6,124,67.7,7862
CUST-101845,2026-08,736.7,101,43.3,7183
CUST-101846,2026-03,78.9,15,61.9,887
CUST-101846,2026-04,75.4,11,43.4,903
CUST-101846,2026-05,89.3,8,43.4,962
CUST-101846,2026-06,73.5,10,65.2,735
CUST-101846,2026-07,88.0,4,54.8,612
CUST-101846,2026-08,77.4,14,32.1,677
CUST-101847,2026-03,88.5,11,58.9,814
CUST-101847,2026-04,78.8,11,50.5,542
CUST-101847,2026-05,85.7,11,48.1,862
CUST-101847,2026-06,74.7,12,67.8,656
CUST-101847,2026-07,72.6,11,62.3,630
CUST-101847,2026-08,86.0,11,71.2,422
CUST-101848,2026-03,359.4,57,56.0,3948
CUST-101848,2026-04,350.3,53,68.3,3249
CUST-101848,2026-05,371.5,50,40.3,4076
CUST-101848,2026-06,420.6,68,51.4,4484
CUST-101848,2026-07,379.6,57,65.6,3494
CUST-101848,2026-08,383.2,58,62.9,3687
CUST-101849,2026-03,344.2,53,38.5,2840
CUST-101849,2026-04,295.6,43,58.8,3217
CUST-101849,2026-05,287.2,49,42.8,2715
CUST-101849,2026-06,254.5,38,25.4,2501
CUST-101849,2026-07,230.3,33,44.5,2529
CUST-101849,2026-08,130.2,21,39.6,1348
CUST-101850,2026-03,185.2,25,58.9,783
CUST-101850,2026-04,170.6,25,51.0,1434
CUST-101850,2026-05,170.1,26,41.8,1989
CUST-101850,2026-06,160.3,24,53.8,1698
CUST-101850,2026-07,162.5,25,60.5,946
CUST-101850,2026-08,145.1,21,54.6,1456
CUST-101851,2026-03,88.3,15,45.4,727
CUST-101851,2026-04,77.8,5,39.5,793
CUST-101851,2026-05,74.0,14,58.6,834
CUST-101851,2026-06,69.7,7,58.1,515
CUST-101851,2026-07,69.2,5,55.9,773
CUST-101851,2026-08,63.4,2,40.9,443
CUST-101852,2026-03,870.9,114,30.5,6969
CUST-101852,2026-04,917.1,128,56.2,9268
CUST-101852,2026-05,837.4,128,44.0,5758
CUST-101852,2026-06,927.6,134,49.8,10736
CUST-101852,2026-07,911.3,127,50.0,9475
CUST-101852,2026-08,921.6,139,55.5,7116
CUST-101853,2026-03,207.3,28,64.7,2184
CUST-101853,2026-04,161.2,14,46.3,1589
CUST-101853,2026-05,165.2,24,42.2,1852
CUST-101853,2026-06,143.9,17,27.9,1424
CUST-101853,2026-07,107.6,11,54.1,932
CUST-101853,2026-08,106.5,11,21.9,1102
CUST-101854,2026-03,162.8,17,52.0,1555
CUST-101854,2026-04,150.3,27,58.3,1692
CUST-101854,2026-05,117.5,18,63.1,1084
CUST-101854,2026-06,138.2,25,22.3,1623
CUST-101854,2026-07,88.4,11,57.3,766
CUST-101854,2026-08,119.0,14,35.0,1145
CUST-101855,2026-03,155.8,20,51.3,1500
CUST-101855,2026-04,174.6,19,60.6,1154
CUST-101855,2026-05,215.5,34,52.7,2205
CUST-101855,2026-06,193.5,23,38.8,1983
CUST-101855,2026-07,171.7,23,56.9,1344
CUST-101855,2026-08,147.8,21,42.9,1221
CUST-101856,2026-03,199.3,21,55.1,1661
CUST-101856,2026-04,169.3,26,56.1,1171
CUST-101856,2026-05,198.0,23,61.9,2018
CUST-101856,2026-06,193.4,32,50.4,1578
CUST-101856,2026-07,174.6,26,56.5,1724
CUST-101856,2026-08,173.9,22,36.5,1997
CUST-101857,2026-03,74.1,5,65.0,1063
CUST-101857,2026-04,81.3,10,51.5,874
CUST-101857,2026-05,84.8,8,45.9,833
CUST-101857,2026-06,80.3,15,57.0,584
CUST-101857,2026-07,86.3,12,58.7,917
CUST-101857,2026-08,86.3,14,53.3,995
CUST-101858,2026-03,81.3,12,59.5,924
CUST-101858,2026-04,95.0,11,58.6,945
CUST-101858,2026-05,85.2,10,45.7,967
CUST-101858,2026-06,64.2,11,47.5,595
CUST-101858,2026-07,65.1,4,45.4,676
CUST-101858,2026-08,70.3,19,45.5,535
CUST-101859,2026-03,394.7,42,59.3,3539
CUST-101859,2026-04,447.6,61,54.8,3992
CUST-101859,2026-05,415.0,54,61.3,3235
CUST-101859,2026-06,368.0,52,43.3,2902
CUST-101859,2026-07,401.9,60,54.8,3265
CUST-101859,2026-08,430.2,62,57.5,3774
CUST-101860,2026-03,167.9,24,35.3,1161
CUST-101860,2026-04,161.4,25,71.3,1541
CUST-101860,2026-05,156.4,24,23.9,1831
CUST-101860,2026-06,106.9,17,43.9,849
CUST-101860,2026-07,115.9,14,58.8,925
CUST-101860,2026-08,119.0,17,48.1,1101
CUST-101861,2026-03,179.0,26,68.4,1650
CUST-101861,2026-04,156.9,27,33.5,1227
CUST-101861,2026-05,172.9,25,46.2,1512
CUST-101861,2026-06,136.6,15,67.1,837
CUST-101861,2026-07,151.1,15,56.5,1429
CUST-101861,2026-08,136.1,13,40.7,1272
CUST-101862,2026-03,410.2,61,42.7,4411
CUST-101862,2026-04,428.3,65,59.9,4367
CUST-101862,2026-05,342.0,46,38.2,3253
CUST-101862,2026-06,403.1,52,40.5,3444
CUST-101862,2026-07,409.3,58,50.3,3734
CUST-101862,2026-08,340.4,47,53.3,3224
CUST-101863,2026-03,68.6,10,74.4,531
CUST-101863,2026-04,68.7,15,63.3,437
CUST-101863,2026-05,77.1,14,46.8,677
CUST-101863,2026-06,84.0,12,30.4,595
CUST-101863,2026-07,81.4,10,59.5,686
CUST-101863,2026-08,83.1,7,73.5,927
CUST-101864,2026-03,177.9,17,54.0,1598
CUST-101864,2026-04,132.9,21,38.0,1099
CUST-101864,2026-05,133.1,13,35.1,1006
CUST-101864,2026-06,155.1,19,47.9,1001
CUST-101864,2026-07,156.2,26,40.0,1254
CUST-101864,2026-08,135.3,21,61.3,1041
CUST-101865,2026-03,358.8,53,67.1,3386
CUST-101865,2026-04,352.0,48,48.5,3440
CUST-101865,2026-05,391.0,49,35.2,2429
CUST-101865,2026-06,400.1,61,70.3,2666
CUST-101865,2026-07,384.7,53,64.0,2958
CUST-101865,2026-08,442.4,64,44.4,4838
CUST-101866,2026-03,191.9,28,55.4,1507
CUST-101866,2026-04,160.9,27,64.0,1796
CUST-101866,2026-05,157.8,14,61.8,1121
CUST-101866,2026-06,132.1,18,47.8,1323
CUST-101866,2026-07,109.5,14,33.5,897
CUST-101866,2026-08,129.1,23,45.8,1183
CUST-101867,2026-03,90.5,9,77.5,621
CUST-101867,2026-04,73.3,13,57.7,558
CUST-101867,2026-05,86.3,21,44.2,848
CUST-101867,2026-06,85.0,5,47.9,770
CUST-101867,2026-07,87.0,8,49.6,566
CUST-101867,2026-08,76.1,9,59.7,715
CUST-101868,2026-03,167.4,16,61.2,1463
CUST-101868,2026-04,215.6,28,39.8,1122
CUST-101868,2026-05,180.2,25,58.1,2072
CUST-101868,2026-06,191.2,27,67.3,1817
CUST-101868,2026-07,177.1,27,68.7,1600
CUST-101868,2026-08,201.3,30,56.3,1715
CUST-101869,2026-03,77.6,9,67.6,565
CUST-101869,2026-04,79.3,10,55.0,946
CUST-101869,2026-05,69.3,13,36.5,423
CUST-101869,2026-06,58.9,11,39.6,384
CUST-101869,2026-07,65.1,10,49.1,965
CUST-101869,2026-08,54.6,7,47.1,418
CUST-101870,2026-03,72.7,10,73.5,603
CUST-101870,2026-04,67.1,12,44.6,670
CUST-101870,2026-05,67.3,5,43.4,447
CUST-101870,2026-06,55.3,12,52.5,598
CUST-101870,2026-07,51.6,5,34.5,417
CUST-101870,2026-08,48.4,2,27.6,557
CUST-101871,2026-03,78.7,15,62.4,644
CUST-101871,2026-04,84.0,6,65.5,561
CUST-101871,2026-05,66.3,7,73.1,616
CUST-101871,2026-06,71.8,12,67.1,503
CUST-101871,2026-07,86.4,9,50.8,778
CUST-101871,2026-08,77.0,13,57.3,469
CUST-101872,2026-03,146.4,19,66.3,928
CUST-101872,2026-04,154.7,19,36.1,1654
CUST-101872,2026-05,172.2,15,43.7,1014
CUST-101872,2026-06,145.8,22,39.7,1071
CUST-101872,2026-07,137.7,22,20.3,1352
CUST-101872,2026-08,71.4,12,37.4,684
CUST-101873,2026-03,72.0,9,55.8,719
CUST-101873,2026-04,89.3,12,62.1,859
CUST-101873,2026-05,75.7,7,43.9,637
CUST-101873,2026-06,94.2,15,75.0,534
CUST-101873,2026-07,78.9,15,60.9,599
CUST-101873,2026-08,80.9,7,82.6,811
CUST-101874,2026-03,179.9,22,48.1,1415
CUST-101874,2026-04,176.0,20,43.2,1197
CUST-101874,2026-05,146.1,15,65.2,1568
CUST-101874,2026-06,138.1,18,52.1,1162
CUST-101874,2026-07,83.6,12,34.1,754
CUST-101874,2026-08,67.9,9,34.5,576
CUST-101875,2026-03,1026.2,156,50.2,10535
CUST-101875,2026-04,948.2,139,47.3,8013
CUST-101875,2026-05,740.1,104,63.2,5088
CUST-101875,2026-06,793.5,109,48.1,7438
CUST-101875,2026-07,796.7,109,48.3,5742
CUST-101875,2026-08,755.0,111,39.4,8645
CUST-101876,2026-03,76.5,7,75.9,595
CUST-101876,2026-04,78.4,4,70.1,811
CUST-101876,2026-05,70.6,8,46.8,698
CUST-101876,2026-06,46.7,14,39.3,530
CUST-101876,2026-07,43.4,10,43.9,359
CUST-101876,2026-08,40.7,10,26.3,384
CUST-101877,2026-03,315.1,41,65.7,2831
CUST-101877,2026-04,367.8,54,65.6,3124
CUST-101877,2026-05,313.8,39,30.0,3192
CUST-101877,2026-06,272.8,41,58.4,2491
CUST-101877,2026-07,214.5,30,60.5,1524
CUST-101877,2026-08,137.5,19,49.1,1416
CUST-101878,2026-03,87.4,9,62.2,583
CUST-101878,2026-04,66.3,10,78.5,879
CUST-101878,2026-05,67.9,10,47.8,550
CUST-101878,2026-06,83.8,12,62.3,802
CUST-101878,2026-07,90.8,12,51.3,803
CUST-101878,2026-08,99.1,15,42.8,653
CUST-101879,2026-03,77.7,11,59.7,615
CUST-101879,2026-04,79.9,10,54.0,874
CUST-101879,2026-05,86.2,15,53.2,671
CUST-101879,2026-06,86.0,14,58.9,756
CUST-101879,2026-07,75.6,12,50.8,812
CUST-101879,2026-08,85.8,13,37.9,650
CUST-101880,2026-03,201.0,29,66.3,1817
CUST-101880,2026-04,174.7,26,58.3,1583
CUST-101880,2026-05,154.2,19,43.0,1207
CUST-101880,2026-06,168.7,22,53.5,991
CUST-101880,2026-07,170.4,19,39.1,1893
CUST-101880,2026-08,140.1,16,50.4,867
CUST-101881,2026-03,403.4,59,45.8,4811
CUST-101881,2026-04,407.6,50,68.6,4155
CUST-101881,2026-05,321.7,34,46.1,3587
CUST-101881,2026-06,222.9,32,57.2,1913
CUST-101881,2026-07,212.1,34,51.0,1660
CUST-101881,2026-08,243.0,39,54.0,3236
CUST-101882,2026-03,183.6,26,35.2,1394
CUST-101882,2026-04,192.5,31,40.3,1802
CUST-101882,2026-05,164.8,13,72.4,1712
CUST-101882,2026-06,177.0,25,64.1,1868
CUST-101882,2026-07,202.6,31,55.7,1850
CUST-101882,2026-08,196.4,29,32.3,1594
CUST-101883,2026-03,66.9,9,48.0,546
CUST-101883,2026-04,82.8,15,43.9,762
CUST-101883,2026-05,62.0,11,53.1,685
CUST-101883,2026-06,74.3,13,50.2,373
CUST-101883,2026-07,73.9,9,42.2,621
CUST-101883,2026-08,61.4,8,39.5,575
CUST-101884,2026-03,355.3,53,56.7,3585
CUST-101884,2026-04,372.2,57,54.6,2310
CUST-101884,2026-05,365.3,44,39.4,2414
CUST-101884,2026-06,445.3,65,75.8,4619
CUST-101884,2026-07,319.0,50,31.6,3982
CUST-101884,2026-08,287.9,34,62.4,3157
CUST-101885,2026-03,68.3,11,45.5,677
CUST-101885,2026-04,78.2,14,43.7,782
CUST-101885,2026-05,77.5,11,54.5,498
CUST-101885,2026-06,70.8,9,61.9,811
CUST-101885,2026-07,69.5,11,62.6,629
CUST-101885,2026-08,61.6,7,61.2,792
CUST-101886,2026-03,375.8,54,80.5,4109
CUST-101886,2026-04,361.4,53,58.9,3756
CUST-101886,2026-05,438.0,55,47.8,3675
CUST-101886,2026-06,440.3,63,40.1,4048
CUST-101886,2026-07,383.4,49,51.2,3603
CUST-101886,2026-08,399.9,52,48.4,3610
CUST-101887,2026-03,349.4,46,63.4,3663
CUST-101887,2026-04,365.5,53,44.7,4140
CUST-101887,2026-05,407.7,63,74.4,3876
CUST-101887,2026-06,348.2,48,49.6,1947
CUST-101887,2026-07,387.1,47,46.6,2629
CUST-101887,2026-08,331.5,48,55.3,4917
CUST-101888,2026-03,152.1,19,45.4,1484
CUST-101888,2026-04,195.6,31,52.3,2201
CUST-101888,2026-05,184.3,22,77.4,1291
CUST-101888,2026-06,162.1,13,59.8,1454
CUST-101888,2026-07,191.5,32,75.6,1506
CUST-101888,2026-08,201.2,29,48.2,1722
CUST-101889,2026-03,170.9,21,51.4,1691
CUST-101889,2026-04,185.3,22,41.1,1111
CUST-101889,2026-05,137.8,14,55.9,1696
CUST-101889,2026-06,148.9,17,40.2,584
CUST-101889,2026-07,105.2,14,31.1,1330
CUST-101889,2026-08,103.0,18,56.9,898
CUST-101890,2026-03,78.7,8,59.3,754
CUST-101890,2026-04,67.5,23,53.7,561
CUST-101890,2026-05,59.4,12,42.6,563
CUST-101890,2026-06,50.8,1,42.5,444
CUST-101890,2026-07,52.1,8,25.9,433
CUST-101890,2026-08,39.8,4,48.9,251
CUST-101891,2026-03,83.0,9,39.1,839
CUST-101891,2026-04,86.9,12,75.8,825
CUST-101891,2026-05,81.6,18,35.9,770
CUST-101891,2026-06,88.7,16,45.2,752
CUST-101891,2026-07,64.8,11,41.3,450
CUST-101891,2026-08,69.9,8,37.2,423
CUST-101892,2026-03,369.7,49,58.9,4192
CUST-101892,2026-04,353.8,52,39.7,2394
CUST-101892,2026-05,294.3,34,45.0,2924
CUST-101892,2026-06,281.8,36,53.0,1978
CUST-101892,2026-07,282.9,36,44.4,3008
CUST-101892,2026-08,214.8,30,37.5,1293
CUST-101893,2026-03,82.5,16,50.2,546
CUST-101893,2026-04,67.2,7,70.5,558
CUST-101893,2026-05,86.0,16,50.2,474
CUST-101893,2026-06,61.1,5,40.0,618
CUST-101893,2026-07,58.5,5,25.8,517
CUST-101893,2026-08,75.0,11,43.7,845
CUST-101894,2026-03,380.2,64,74.4,2698
CUST-101894,2026-04,314.4,46,55.9,2764
CUST-101894,2026-05,334.0,48,51.0,1624
CUST-101894,2026-06,257.5,34,57.8,2157
CUST-101894,2026-07,222.8,33,24.2,1995
CUST-101894,2026-08,245.8,40,56.9,1630
CUST-101895,2026-03,86.8,1,52.5,769
CUST-101895,2026-04,68.5,8,50.5,483
CUST-101895,2026-05,74.7,19,17.3,870
CUST-101895,2026-06,58.9,1,50.4,441
CUST-101895,2026-07,61.2,17,44.7,559
CUST-101895,2026-08,24.5,1,47.1,244
CUST-101896,2026-03,188.4,23,68.0,1452
CUST-101896,2026-04,193.9,28,73.3,1357
CUST-101896,2026-05,195.1,30,55.8,1813
CUST-101896,2026-06,210.3,31,69.2,1763
CUST-101896,2026-07,162.1,21,46.7,1458
CUST-101896,2026-08,194.9,26,43.3,1675
CUST-101897,2026-03,92.0,16,58.7,772
CUST-101897,2026-04,73.0,10,52.9,937
CUST-101897,2026-05,91.1,7,64.8,591
CUST-101897,2026-06,88.3,12,76.7,943
CUST-101897,2026-07,80.9,15,64.9,848
CUST-101897,2026-08,89.8,16,45.0,776
CUST-101898,2026-03,81.9,11,50.8,743
CUST-101898,2026-04,81.6,9,20.7,511
CUST-101898,2026-05,59.0,1,48.9,407
CUST-101898,2026-06,58.9,4,24.4,625
CUST-101898,2026-07,57.7,10,61.8,570
CUST-101898,2026-08,31.0,9,45.6,259
CUST-101899,2026-03,162.4,24,48.6,1531
CUST-101899,2026-04,163.0,15,63.3,1663
CUST-101899,2026-05,156.3,20,62.6,1496
CUST-101899,2026-06,190.2,25,44.3,1274
CUST-101899,2026-07,184.1,21,61.0,2399
CUST-101899,2026-08,170.7,24,47.0,1676
CUST-101900,2026-03,349.6,49,67.3,1929
CUST-101900,2026-04,319.2,46,71.7,2794
CUST-101900,2026-05,375.5,61,51.7,3644
CUST-101900,2026-06,366.0,56,44.5,3356
CUST-101900,2026-07,298.1,38,46.2,3517
CUST-101900,2026-08,330.7,42,58.6,2952
CUST-101901,2026-03,75.8,11,44.3,531
CUST-101901,2026-04,73.4,3,62.5,560
CUST-101901,2026-05,68.7,9,53.4,734
CUST-101901,2026-06,67.4,4,64.0,737
CUST-101901,2026-07,69.2,10,49.3,641
CUST-101901,2026-08,73.8,10,42.7,535
CUST-101902,2026-03,153.4,21,46.2,1393
CUST-101902,2026-04,134.7,17,65.3,1022
CUST-101902,2026-05,136.9,22,56.1,1625
CUST-101902,2026-06,107.3,5,55.1,1171
CUST-101902,2026-07,135.1,21,53.3,1027
CUST-101902,2026-08,108.9,22,59.0,873
CUST-101903,2026-03,86.9,5,52.9,565
CUST-101903,2026-04,83.2,7,77.6,649
CUST-101903,2026-05,85.4,13,77.6,812
CUST-101903,2026-06,79.2,14,72.7,779
CUST-101903,2026-07,80.8,10,53.6,858
CUST-101903,2026-08,80.7,14,37.2,688
CUST-101904,2026-03,169.0,23,58.1,1875
CUST-101904,2026-04,162.9,15,54.1,1370
CUST-101904,2026-05,166.6,18,61.9,1251
CUST-101904,2026-06,130.5,9,41.8,707
CUST-101904,2026-07,110.8,23,38.1,584
CUST-101904,2026-08,81.5,12,37.9,732
CUST-101905,2026-03,187.8,29,66.3,2058
CUST-101905,2026-04,196.0,29,56.5,1902
CUST-101905,2026-05,168.6,30,39.0,1589
CUST-101905,2026-06,159.9,23,63.6,929
CUST-101905,2026-07,209.8,31,39.2,1297
CUST-101905,2026-08,194.4,28,21.4,1719
CUST-101906,2026-03,95.8,10,28.0,1093
CUST-101906,2026-04,78.0,1,51.6,429
CUST-101906,2026-05,86.7,10,52.0,617
CUST-101906,2026-06,91.6,12,50.2,700
CUST-101906,2026-07,82.2,14,50.4,766
CUST-101906,2026-08,78.8,15,72.9,614
CUST-101907,2026-03,197.2,21,69.3,2166
CUST-101907,2026-04,190.9,20,59.7,1381
CUST-101907,2026-05,178.4,30,37.9,1034
CUST-101907,2026-06,181.7,29,55.6,1295
CUST-101907,2026-07,194.6,25,59.0,2076
CUST-101907,2026-08,192.8,28,79.8,2142
CUST-101908,2026-03,371.7,53,48.7,3141
CUST-101908,2026-04,357.9,54,38.8,3804
CUST-101908,2026-05,311.0,40,48.1,2693
CUST-101908,2026-06,386.9,52,54.0,4086
CUST-101908,2026-07,379.0,58,51.2,2838
CUST-101908,2026-08,394.1,58,59.6,4182
CUST-101909,2026-03,386.9,49,52.1,3176
CUST-101909,2026-04,336.4,49,52.8,3136
CUST-101909,2026-05,359.3,49,39.3,3609
CUST-101909,2026-06,343.5,52,76.7,3008
CUST-101909,2026-07,280.6,40,30.8,2317
CUST-101909,2026-08,223.8,26,36.7,2306
CUST-101910,2026-03,83.5,10,56.3,781
CUST-101910,2026-04,87.5,17,53.9,932
CUST-101910,2026-05,87.8,9,37.0,1117
CUST-101910,2026-06,80.0,6,46.8,585
CUST-101910,2026-07,67.9,11,49.3,501
CUST-101910,2026-08,84.9,8,66.2,742
CUST-101911,2026-03,156.5,17,56.6,1297
CUST-101911,2026-04,201.9,22,52.5,1411
CUST-101911,2026-05,194.1,34,35.4,1726
CUST-101911,2026-06,168.4,21,26.7,1640
CUST-101911,2026-07,140.9,23,54.4,1299
CUST-101911,2026-08,145.9,17,25.9,1328
CUST-101912,2026-03,94.1,19,48.5,953
CUST-101912,2026-04,86.3,15,57.9,894
CUST-101912,2026-05,87.1,11,49.2,536
CUST-101912,2026-06,85.6,12,42.7,873
CUST-101912,2026-07,100.5,21,59.5,776
CUST-101912,2026-08,88.5,16,54.3,878
CUST-101913,2026-03,77.7,8,47.3,674
CUST-101913,2026-04,80.6,13,68.5,791
CUST-101913,2026-05,78.2,11,43.7,519
CUST-101913,2026-06,66.1,7,36.2,516
CUST-101913,2026-07,59.3,4,52.8,578
CUST-101913,2026-08,50.7,13,52.5,533
CUST-101914,2026-03,339.4,49,73.7,2608
CUST-101914,2026-04,361.4,55,49.9,3284
CUST-101914,2026-05,483.2,71,47.2,4374
CUST-101914,2026-06,375.2,60,61.9,1849
CUST-101914,2026-07,379.8,51,44.9,4097
CUST-101914,2026-08,362.0,50,63.7,2615
CUST-101915,2026-03,68.0,4,69.0,662
CUST-101915,2026-04,71.4,7,51.2,719
CUST-101915,2026-05,80.5,9,57.5,770
CUST-101915,2026-06,92.3,16,59.9,952
CUST-101915,2026-07,81.3,8,71.1,1135
CUST-101915,2026-08,83.0,17,53.8,555
CUST-101916,2026-03,80.1,7,45.3,1017
CUST-101916,2026-04,74.1,6,70.2,702
CUST-101916,2026-05,70.6,10,56.5,667
CUST-101916,2026-06,52.1,6,33.5,439
CUST-101916,2026-07,49.3,8,55.6,581
CUST-101916,2026-08,33.4,1,53.1,221
CUST-101917,2026-03,83.6,12,72.8,743
CUST-101917,2026-04,81.0,18,46.4,695
CUST-101917,2026-05,76.4,6,81.1,579
CUST-101917,2026-06,70.6,16,56.6,578
CUST-101917,2026-07,63.8,11,63.5,513
CUST-101917,2026-08,67.7,7,52.6,770
CUST-101918,2026-03,313.2,42,67.9,2690
CUST-101918,2026-04,367.5,48,40.7,2603
CUST-101918,2026-05,396.2,50,50.4,4489
CUST-101918,2026-06,409.1,58,71.0,4627
CUST-101918,2026-07,409.1,49,60.7,2284
CUST-101918,2026-08,372.1,54,61.8,2476
CUST-101919,2026-03,167.5,19,54.6,1831
CUST-101919,2026-04,178.4,24,65.1,1505
CUST-101919,2026-05,211.1,36,50.9,1749
CUST-101919,2026-06,184.0,17,57.1,1686
CUST-101919,2026-07,183.6,26,57.0,1520
CUST-101919,2026-08,196.6,26,40.2,2022
CUST-101920,2026-03,182.4,23,41.0,2045
CUST-101920,2026-04,168.5,23,58.1,1420
CUST-101920,2026-05,176.2,14,48.1,1373
CUST-101920,2026-06,161.1,11,28.9,1342
CUST-101920,2026-07,176.3,30,40.7,1610
CUST-101920,2026-08,133.3,21,35.5,1008
CUST-101921,2026-03,74.1,6,59.9,630
CUST-101921,2026-04,77.7,21,49.3,883
CUST-101921,2026-05,76.7,7,57.5,664
CUST-101921,2026-06,72.5,11,48.3,691
CUST-101921,2026-07,61.3,9,46.5,618
CUST-101921,2026-08,71.0,14,38.8,465
CUST-101922,2026-03,380.1,55,40.3,2527
CUST-101922,2026-04,392.0,51,59.9,4963
CUST-101922,2026-05,406.8,65,47.7,2695
CUST-101922,2026-06,378.3,51,53.6,4213
CUST-101922,2026-07,329.9,54,69.2,2763
CUST-101922,2026-08,395.3,50,45.2,5634
CUST-101923,2026-03,198.2,31,54.4,2136
CUST-101923,2026-04,160.8,17,61.7,1711
CUST-101923,2026-05,215.7,29,65.0,1971
CUST-101923,2026-06,148.3,25,47.1,1335
CUST-101923,2026-07,199.5,31,60.8,1697
CUST-101923,2026-08,174.3,21,64.4,1685
CUST-101924,2026-03,818.6,123,71.4,7393
CUST-101924,2026-04,946.6,140,47.5,9676
CUST-101924,2026-05,828.8,126,70.0,8437
CUST-101924,2026-06,763.1,109,69.3,5189
CUST-101924,2026-07,808.7,113,55.8,6993
CUST-101924,2026-08,881.0,131,36.6,7601
CUST-101925,2026-03,81.3,7,54.3,465
CUST-101925,2026-04,91.2,9,58.6,983
CUST-101925,2026-05,82.4,11,46.5,612
CUST-101925,2026-06,76.0,6,55.6,534
CUST-101925,2026-07,82.7,13,42.6,901
CUST-101925,2026-08,76.8,13,44.4,772
CUST-101926,2026-03,68.8,9,61.4,479
CUST-101926,2026-04,63.7,11,62.1,430
CUST-101926,2026-05,69.1,10,51.6,603
CUST-101926,2026-06,56.3,5,32.6,470
CUST-101926,2026-07,43.4,6,32.2,398
CUST-101926,2026-08,33.8,4,42.5,417
CUST-101927,2026-03,72.0,12,56.9,597
CUST-101927,2026-04,79.0,12,59.0,738
CUST-101927,2026-05,72.0,5,74.5,653
CUST-101927,2026-06,70.3,14,58.7,760
CUST-101927,2026-07,74.6,10,29.8,805
CUST-101927,2026-08,70.3,4,53.6,493
CUST-101928,2026-03,165.6,18,58.8,1726
CUST-101928,2026-04,175.2,22,44.4,1537
CUST-101928,2026-05,194.4,31,62.5,2311
CUST-101928,2026-06,178.9,22,61.7,1591
CUST-101928,2026-07,176.3,36,56.6,1598
CUST-101928,2026-08,193.0,34,53.7,1738
CUST-101929,2026-03,182.8,25,42.3,1595
CUST-101929,2026-04,204.8,22,38.4,2736
CUST-101929,2026-05,191.4,26,67.8,1708
CUST-101929,2026-06,171.4,26,59.7,1222
CUST-101929,2026-07,180.0,29,61.1,1802
CUST-101929,2026-08,204.1,25,42.5,2127
CUST-101930,2026-03,159.1,30,42.2,958
CUST-101930,2026-04,174.2,31,51.0,1174
CUST-101930,2026-05,179.1,23,44.8,1760
CUST-101930,2026-06,126.7,15,30.2,797
CUST-101930,2026-07,132.6,16,44.4,1474
CUST-101930,2026-08,84.4,13,57.5,750
CUST-101931,2026-03,361.7,55,36.9,2940
CUST-101931,2026-04,347.4,48,58.4,2705
CUST-101931,2026-05,312.1,45,57.1,3478
CUST-101931,2026-06,292.8,41,49.0,2959
CUST-101931,2026-07,225.4,32,51.1,2080
CUST-101931,2026-08,174.6,28,57.3,1783
CUST-101932,2026-03,84.8,6,65.1,670
CUST-101932,2026-04,77.3,12,38.8,788
CUST-101932,2026-05,62.1,11,43.7,413
CUST-101932,2026-06,71.5,8,42.2,625
CUST-101932,2026-07,64.2,7,34.8,530
CUST-101932,2026-08,84.9,17,59.0,631
CUST-101933,2026-03,197.9,30,64.8,1428
CUST-101933,2026-04,144.7,23,44.3,1494
CUST-101933,2026-05,164.9,24,63.1,1186
CUST-101933,2026-06,172.7,24,45.2,1527
CUST-101933,2026-07,168.1,21,65.1,2137
CUST-101933,2026-08,191.3,29,47.3,2239
CUST-101934,2026-03,75.3,8,54.7,710
CUST-101934,2026-04,77.1,15,48.1,656
CUST-101934,2026-05,51.8,6,56.7,475
CUST-101934,2026-06,54.3,9,36.5,519
CUST-101934,2026-07,41.4,12,42.3,454
CUST-101934,2026-08,52.0,1,40.5,488
CUST-101935,2026-03,924.0,128,66.4,10150
CUST-101935,2026-04,861.8,124,62.8,8002
CUST-101935,2026-05,936.9,135,61.4,6301
CUST-101935,2026-06,860.9,127,45.8,4536
CUST-101935,2026-07,928.4,130,55.3,11610
CUST-101935,2026-08,709.6,97,40.8,6903
CUST-101936,2026-03,92.6,12,44.6,682
CUST-101936,2026-04,62.8,13,71.6,606
CUST-101936,2026-05,66.3,10,52.7,452
CUST-101936,2026-06,39.6,4,61.3,199
CUST-101936,2026-07,55.3,11,45.4,591
CUST-101936,2026-08,60.1,1,60.6,655
CUST-101937,2026-03,74.3,6,41.5,736
CUST-101937,2026-04,82.4,6,42.6,1214
CUST-101937,2026-05,76.1,10,47.4,650
CUST-101937,2026-06,58.6,9,47.7,568
CUST-101937,2026-07,49.3,1,62.5,323
CUST-101937,2026-08,62.4,14,49.3,579
CUST-101938,2026-03,369.7,56,47.8,2589
CUST-101938,2026-04,311.0,45,62.4,3344
CUST-101938,2026-05,330.1,47,40.7,3732
CUST-101938,2026-06,252.9,36,42.5,1897
CUST-101938,2026-07,295.2,40,50.3,2403
CUST-101938,2026-08,201.2,31,39.0,1763
CUST-101939,2026-03,75.5,11,51.1,658
CUST-101939,2026-04,61.3,7,55.5,583
CUST-101939,2026-05,76.5,10,49.6,650
CUST-101939,2026-06,51.2,13,78.3,200
CUST-101939,2026-07,46.8,14,55.6,595
CUST-101939,2026-08,34.8,7,40.7,303
CUST-101940,2026-03,199.0,33,54.7,2194
CUST-101940,2026-04,164.3,20,58.4,1532
CUST-101940,2026-05,161.2,24,56.5,1734
CUST-101940,2026-06,116.6,20,31.2,854
CUST-101940,2026-07,124.2,15,46.8,1380
CUST-101940,2026-08,89.9,15,37.5,869
CUST-101941,2026-03,73.9,9,47.4,493
CUST-101941,2026-04,71.5,11,52.7,568
CUST-101941,2026-05,77.8,7,58.1,509
CUST-101941,2026-06,55.3,10,58.2,506
CUST-101941,2026-07,60.3,7,54.1,405
CUST-101941,2026-08,49.6,10,30.0,466
CUST-101942,2026-03,429.0,53,57.1,4764
CUST-101942,2026-04,343.6,54,70.4,4099
CUST-101942,2026-05,377.5,58,64.4,4747
CUST-101942,2026-06,368.9,55,36.6,4020
CUST-101942,2026-07,421.4,55,49.2,3687
CUST-101942,2026-08,421.6,66,39.9,3390
CUST-101943,2026-03,162.1,28,53.1,2060
CUST-101943,2026-04,177.4,20,61.4,1794
CUST-101943,2026-05,190.7,33,73.3,2182
CUST-101943,2026-06,149.3,15,41.2,1090
CUST-101943,2026-07,179.3,21,37.9,1432
CUST-101943,2026-08,178.9,24,48.0,1873
CUST-101944,2026-03,191.7,23,47.0,2085
CUST-101944,2026-04,182.8,21,52.1,1558
CUST-101944,2026-05,190.4,31,42.0,1971
CUST-101944,2026-06,197.1,26,60.1,1404
CUST-101944,2026-07,157.4,23,52.6,1590
CUST-101944,2026-08,186.0,24,73.1,1637
CUST-101945,2026-03,200.8,37,60.4,1718
CUST-101945,2026-04,172.0,20,52.9,1091
CUST-101945,2026-05,164.2,32,48.4,1160
CUST-101945,2026-06,168.9,22,74.5,1232
CUST-101945,2026-07,136.3,19,43.4,1054
CUST-101945,2026-08,175.6,24,50.4,1088
CUST-101946,2026-03,949.9,138,73.5,8786
CUST-101946,2026-04,993.1,140,72.6,8024
CUST-101946,2026-05,1034.5,148,66.1,7086
CUST-101946,2026-06,813.2,118,54.1,10106
CUST-101946,2026-07,1028.0,141,41.4,10452
CUST-101946,2026-08,844.7,121,64.4,7372
CUST-101947,2026-03,201.5,32,52.1,1822
CUST-101947,2026-04,169.3,31,54.0,1581
CUST-101947,2026-05,146.8,25,60.2,845
CUST-101947,2026-06,129.5,11,60.4,1270
CUST-101947,2026-07,103.1,13,32.3,653
CUST-101947,2026-08,99.7,16,22.4,1121
CUST-101948,2026-03,819.5,116,55.8,7220
CUST-101948,2026-04,822.7,114,39.9,8667
CUST-101948,2026-05,751.8,104,54.5,10385
CUST-101948,2026-06,884.5,126,58.2,7995
CUST-101948,2026-07,787.0,105,45.3,5046
CUST-101948,2026-08,772.4,102,42.5,5491
CUST-101949,2026-03,173.2,20,35.5,1784
CUST-101949,2026-04,174.9,23,48.7,1917
CUST-101949,2026-05,204.8,35,61.8,1577
CUST-101949,2026-06,177.0,29,48.6,1422
CUST-101949,2026-07,194.4,28,63.6,1981
CUST-101949,2026-08,176.4,24,62.1,1265
CUST-101950,2026-03,176.3,32,80.3,1422
CUST-101950,2026-04,216.7,32,56.9,2305
CUST-101950,2026-05,180.4,22,59.9,1920
CUST-101950,2026-06,189.1,25,60.3,2188
CUST-101950,2026-07,181.7,23,62.4,2330
CUST-101950,2026-08,184.8,23,63.6,1493
CUST-101951,2026-03,81.7,10,65.9,531
CUST-101951,2026-04,84.1,15,51.1,768
CUST-101951,2026-05,88.1,11,53.1,981
CUST-101951,2026-06,80.1,18,67.3,924
CUST-101951,2026-07,91.5,12,48.8,825
CUST-101951,2026-08,93.3,17,49.8,786
CUST-101952,2026-03,91.1,10,60.0,786
CUST-101952,2026-04,68.6,9,52.8,615
CUST-101952,2026-05,85.5,14,77.3,790
CUST-101952,2026-06,72.8,5,32.1,718
CUST-101952,2026-07,83.9,12,74.9,664
CUST-101952,2026-08,82.0,9,68.8,1046
CUST-101953,2026-03,77.5,2,55.6,665
CUST-101953,2026-04,63.0,1,51.1,324
CUST-101953,2026-05,79.0,3,68.7,718
CUST-101953,2026-06,70.9,7,82.6,559
CUST-101953,2026-07,49.8,5,40.1,528
CUST-101953,2026-08,64.4,6,37.1,461
CUST-101954,2026-03,322.4,48,56.5,2062
CUST-101954,2026-04,376.3,53,61.4,4319
CUST-101954,2026-05,339.8,49,44.2,2878
CUST-101954,2026-06,304.6,47,41.2,2803
CUST-101954,2026-07,463.6,67,42.0,3464
CUST-101954,2026-08,460.8,62,78.6,5017
CUST-101955,2026-03,391.9,51,38.7,3001
CUST-101955,2026-04,356.2,51,63.9,2993
CUST-101955,2026-05,303.9,45,30.2,2716
CUST-101955,2026-06,301.7,41,43.5,3648
CUST-101955,2026-07,391.5,58,70.2,2461
CUST-101955,2026-08,403.6,54,62.7,3592
CUST-101956,2026-03,88.8,18,60.2,950
CUST-101956,2026-04,83.6,5,35.8,1051
CUST-101956,2026-05,71.0,17,42.7,546
CUST-101956,2026-06,70.3,9,52.4,795
CUST-101956,2026-07,88.6,9,29.2,736
CUST-101956,2026-08,93.2,18,47.5,864
CUST-101957,2026-03,348.6,48,44.9,3158
CUST-101957,2026-04,332.3,42,59.0,3046
CUST-101957,2026-05,284.2,37,46.8,2017
CUST-101957,2026-06,272.1,43,64.7,2925
CUST-101957,2026-07,310.7,44,61.6,2579
CUST-101957,2026-08,340.4,49,68.0,3807
CUST-101958,2026-03,154.5,23,63.8,1576
CUST-101958,2026-04,204.2,29,59.3,1494
CUST-101958,2026-05,160.5,27,47.7,1402
CUST-101958,2026-06,155.3,26,51.4,1049
CUST-101958,2026-07,197.5,20,53.1,1690
CUST-101958,2026-08,175.3,18,59.1,1410
CUST-101959,2026-03,395.8,57,55.6,3300
CUST-101959,2026-04,402.2,57,49.5,3429
CUST-101959,2026-05,333.6,49,52.7,3779
CUST-101959,2026-06,340.0,50,54.8,3069
CUST-101959,2026-07,368.5,54,52.6,1647
CUST-101959,2026-08,390.2,58,46.6,4059
CUST-101960,2026-03,78.8,11,44.2,855
CUST-101960,2026-04,74.0,6,80.1,589
CUST-101960,2026-05,63.4,3,68.7,519
CUST-101960,2026-06,65.2,8,36.7,580
CUST-101960,2026-07,70.6,7,23.9,631
CUST-101960,2026-08,60.4,17,31.0,498
CUST-101961,2026-03,83.8,10,37.9,766
CUST-101961,2026-04,84.3,11,46.4,581
CUST-101961,2026-05,70.0,13,34.7,643
CUST-101961,2026-06,54.8,1,59.6,361
CUST-101961,2026-07,44.5,9,56.7,404
CUST-101961,2026-08,42.9,4,38.3,265
CUST-101962,2026-03,313.4,51,30.7,3332
CUST-101962,2026-04,391.7,50,35.1,2768
CUST-101962,2026-05,377.9,57,59.3,3471
CUST-101962,2026-06,403.8,61,68.6,3997
CUST-101962,2026-07,392.9,54,58.2,4025
CUST-101962,2026-08,352.7,48,67.6,3897
CUST-101963,2026-03,192.5,24,43.4,1043
CUST-101963,2026-04,179.9,23,71.6,1447
CUST-101963,2026-05,154.8,19,38.3,1746
CUST-101963,2026-06,143.4,19,62.3,1544
CUST-101963,2026-07,151.8,25,47.5,1002
CUST-101963,2026-08,130.7,15,68.9,1324
CUST-101964,2026-03,207.0,30,40.6,1791
CUST-101964,2026-04,183.3,23,63.2,1923
CUST-101964,2026-05,173.5,20,72.8,1514
CUST-101964,2026-06,153.2,22,51.1,1398
CUST-101964,2026-07,154.9,27,32.5,656
CUST-101964,2026-08,137.4,24,59.0,1186
CUST-101965,2026-03,82.7,17,65.9,873
CUST-101965,2026-04,85.8,14,30.9,824
CUST-101965,2026-05,90.4,8,39.0,584
CUST-101965,2026-06,84.7,12,60.0,630
CUST-101965,2026-07,74.9,9,61.7,681
CUST-101965,2026-08,80.0,10,73.6,394
CUST-101966,2026-03,79.2,13,50.1,697
CUST-101966,2026-04,76.5,11,65.8,818
CUST-101966,2026-05,78.0,15,70.8,645
CUST-101966,2026-06,77.1,17,56.5,618
CUST-101966,2026-07,54.6,6,33.0,346
CUST-101966,2026-08,60.5,10,67.8,760
CUST-101967,2026-03,374.7,50,71.2,3106
CUST-101967,2026-04,436.6,63,44.7,2964
CUST-101967,2026-05,398.6,54,46.6,2887
CUST-101967,2026-06,415.1,58,53.7,3858
CUST-101967,2026-07,383.5,45,52.1,3662
CUST-101967,2026-08,419.2,61,58.2,4670
CUST-101968,2026-03,424.8,56,38.5,3704
CUST-101968,2026-04,327.0,43,42.4,2995
CUST-101968,2026-05,247.6,37,30.5,2069
CUST-101968,2026-06,244.5,29,42.1,2325
CUST-101968,2026-07,198.5,33,47.7,1938
CUST-101968,2026-08,237.0,33,26.0,1879
CUST-101969,2026-03,391.1,50,48.7,3694
CUST-101969,2026-04,354.6,43,60.2,1933
CUST-101969,2026-05,352.2,48,44.5,3131
CUST-101969,2026-06,315.0,41,49.7,1852
CUST-101969,2026-07,304.7,38,67.8,2512
CUST-101969,2026-08,358.3,52,54.4,2395
CUST-101970,2026-03,170.7,25,67.3,2097
CUST-101970,2026-04,207.5,34,70.3,1705
CUST-101970,2026-05,189.1,23,52.7,2082
CUST-101970,2026-06,201.5,26,65.5,1580
CUST-101970,2026-07,202.6,30,58.5,1902
CUST-101970,2026-08,201.8,28,46.8,1836
CUST-101971,2026-03,75.6,6,75.4,737
CUST-101971,2026-04,71.7,6,39.5,560
CUST-101971,2026-05,82.7,9,65.4,901
CUST-101971,2026-06,73.4,19,38.4,393
CUST-101971,2026-07,79.3,9,51.6,648
CUST-101971,2026-08,71.8,8,52.1,640
CUST-101972,2026-03,84.3,7,65.6,703
CUST-101972,2026-04,78.0,18,53.7,790
CUST-101972,2026-05,53.7,15,44.3,520
CUST-101972,2026-06,52.3,4,64.7,561
CUST-101972,2026-07,64.5,14,40.5,635
CUST-101972,2026-08,43.3,3,39.3,398
CUST-101973,2026-03,342.3,48,48.4,2810
CUST-101973,2026-04,367.8,48,53.1,3557
CUST-101973,2026-05,315.7,44,70.9,2225
CUST-101973,2026-06,418.4,62,59.4,4833
CUST-101973,2026-07,395.8,54,77.1,5469
CUST-101973,2026-08,406.7,61,45.0,2503
CUST-101974,2026-03,77.4,11,61.2,797
CUST-101974,2026-04,87.1,14,32.9,688
CUST-101974,2026-05,84.4,16,51.0,689
CUST-101974,2026-06,83.9,10,63.5,813
CUST-101974,2026-07,73.7,11,52.0,649
CUST-101974,2026-08,85.6,6,55.7,748
CUST-101975,2026-03,206.6,32,30.4,2592
CUST-101975,2026-04,175.9,29,64.2,1740
CUST-101975,2026-05,137.2,20,29.9,1478
CUST-101975,2026-06,114.8,18,55.3,1025
CUST-101975,2026-07,118.2,22,39.8,1062
CUST-101975,2026-08,65.5,4,39.8,494
CUST-101976,2026-03,416.0,67,45.7,3435
CUST-101976,2026-04,333.9,42,55.7,2902
CUST-101976,2026-05,403.3,56,51.6,3786
CUST-101976,2026-06,374.7,40,64.6,2290
CUST-101976,2026-07,400.6,60,51.8,4773
CUST-101976,2026-08,351.4,51,66.4,3174
CUST-101977,2026-03,74.2,12,57.5,852
CUST-101977,2026-04,71.5,8,50.0,739
CUST-101977,2026-05,69.7,14,44.1,613
CUST-101977,2026-06,75.2,14,31.0,648
CUST-101977,2026-07,96.1,17,66.6,1077
CUST-101977,2026-08,86.0,10,56.2,911
CUST-101978,2026-03,77.7,11,48.1,768
CUST-101978,2026-04,69.0,11,42.9,520
CUST-101978,2026-05,78.0,17,40.6,583
CUST-101978,2026-06,79.7,14,39.0,887
CUST-101978,2026-07,63.2,14,62.0,387
CUST-101978,2026-08,78.3,9,55.0,878
CUST-101979,2026-03,80.1,7,63.1,891
CUST-101979,2026-04,63.6,4,76.7,697
CUST-101979,2026-05,90.5,17,58.5,753
CUST-101979,2026-06,87.1,9,67.3,799
CUST-101979,2026-07,92.0,14,58.3,671
CUST-101979,2026-08,80.9,13,53.6,912
CUST-101980,2026-03,84.9,16,64.7,666
CUST-101980,2026-04,77.1,8,54.9,953
CUST-101980,2026-05,62.5,7,40.9,541
CUST-101980,2026-06,85.9,9,64.9,1000
CUST-101980,2026-07,68.4,17,65.7,610
CUST-101980,2026-08,66.7,4,54.2,553
CUST-101981,2026-03,181.1,30,49.8,1674
CUST-101981,2026-04,191.5,30,40.2,1609
CUST-101981,2026-05,197.9,30,48.5,1861
CUST-101981,2026-06,203.0,30,41.8,1624
CUST-101981,2026-07,182.6,26,41.0,1599
CUST-101981,2026-08,200.2,24,65.2,2241
CUST-101982,2026-03,78.2,9,53.3,904
CUST-101982,2026-04,93.6,4,63.6,971
CUST-101982,2026-05,81.3,11,51.3,452
CUST-101982,2026-06,70.0,11,45.9,381
CUST-101982,2026-07,78.8,1,67.4,385
CUST-101982,2026-08,80.4,14,51.5,591
CUST-101983,2026-03,71.6,13,80.3,601
CUST-101983,2026-04,62.7,8,80.7,462
CUST-101983,2026-05,72.9,8,60.1,743
CUST-101983,2026-06,67.1,12,55.1,482
CUST-101983,2026-07,75.9,6,56.3,684
CUST-101983,2026-08,83.7,9,42.3,673
CUST-101984,2026-03,83.7,13,52.2,972
CUST-101984,2026-04,82.6,14,53.0,507
CUST-101984,2026-05,71.1,10,55.4,961
CUST-101984,2026-06,82.5,13,43.6,646
CUST-101984,2026-07,80.5,14,52.0,694
CUST-101984,2026-08,85.2,13,25.6,662
CUST-101985,2026-03,175.3,20,51.3,1715
CUST-101985,2026-04,190.9,25,67.3,1856
CUST-101985,2026-05,159.0,24,56.4,1341
CUST-101985,2026-06,151.9,15,37.7,1434
CUST-101985,2026-07,172.1,20,47.4,1817
CUST-101985,2026-08,129.8,13,57.0,1318
CUST-101986,2026-03,180.6,29,60.4,1419
CUST-101986,2026-04,166.3,23,48.5,1293
CUST-101986,2026-05,164.8,17,51.8,1666
CUST-101986,2026-06,158.3,24,52.7,1579
CUST-101986,2026-07,150.3,19,47.4,1106
CUST-101986,2026-08,149.3,21,33.6,1379
CUST-101987,2026-03,71.2,12,48.5,388
CUST-101987,2026-04,85.1,9,54.9,702
CUST-101987,2026-05,74.0,12,41.6,820
CUST-101987,2026-06,75.3,18,52.7,513
CUST-101987,2026-07,86.2,6,70.1,748
CUST-101987,2026-08,67.7,5,60.5,653
CUST-101988,2026-03,154.0,19,51.9,1371
CUST-101988,2026-04,158.5,25,48.4,1430
CUST-101988,2026-05,142.3,22,63.2,1231
CUST-101988,2026-06,132.3,16,55.4,1500
CUST-101988,2026-07,125.6,25,49.4,841
CUST-101988,2026-08,104.5,17,32.1,958
CUST-101989,2026-03,169.8,25,51.5,1686
CUST-101989,2026-04,189.5,28,53.2,1221
CUST-101989,2026-05,176.0,27,46.1,923
CUST-101989,2026-06,158.5,31,53.3,1422
CUST-101989,2026-07,180.7,22,53.9,2019
CUST-101989,2026-08,182.0,27,80.5,1846
CUST-101990,2026-03,174.4,26,58.4,1482
CUST-101990,2026-04,201.4,32,55.1,1800
CUST-101990,2026-05,178.4,22,30.2,1592
CUST-101990,2026-06,165.1,21,36.5,1043
CUST-101990,2026-07,200.5,29,62.6,1703
CUST-101990,2026-08,189.0,18,47.4,1146
CUST-101991,2026-03,407.8,59,44.0,3838
CUST-101991,2026-04,344.2,49,55.8,3620
CUST-101991,2026-05,264.2,31,53.4,1857
CUST-101991,2026-06,215.8,32,60.9,2378
CUST-101991,2026-07,258.1,38,46.3,1565
CUST-101991,2026-08,160.7,25,31.5,1645
CUST-101992,2026-03,84.4,8,32.9,684
CUST-101992,2026-04,67.7,14,43.5,732
CUST-101992,2026-05,71.6,1,62.6,466
CUST-101992,2026-06,60.9,9,37.0,364
CUST-101992,2026-07,58.2,8,54.3,516
CUST-101992,2026-08,51.2,9,44.1,386
CUST-101993,2026-03,210.7,32,22.5,1471
CUST-101993,2026-04,157.2,26,31.8,1849
CUST-101993,2026-05,141.7,22,53.2,1047
CUST-101993,2026-06,121.5,19,60.0,1157
CUST-101993,2026-07,105.1,16,69.5,864
CUST-101993,2026-08,80.8,15,31.7,840
CUST-101994,2026-03,89.7,2,66.4,580
CUST-101994,2026-04,86.0,8,39.8,774
CUST-101994,2026-05,67.5,4,41.9,608
CUST-101994,2026-06,84.3,15,54.4,1040
CUST-101994,2026-07,91.9,12,69.0,687
CUST-101994,2026-08,85.5,17,55.4,717
CUST-101995,2026-03,194.6,30,66.2,1841
CUST-101995,2026-04,186.6,25,53.7,1822
CUST-101995,2026-05,159.5,19,75.1,1746
CUST-101995,2026-06,163.4,27,53.7,1497
CUST-101995,2026-07,189.3,33,72.9,1406
CUST-101995,2026-08,163.7,20,85.3,1253
CUST-101996,2026-03,372.6,45,50.8,3297
CUST-101996,2026-04,324.4,38,66.0,3011
CUST-101996,2026-05,299.5,47,46.9,3062
CUST-101996,2026-06,360.5,43,47.6,4497
CUST-101996,2026-07,299.5,44,65.0,2840
CUST-101996,2026-08,331.4,47,57.3,3114
CUST-101997,2026-03,80.6,16,50.6,789
CUST-101997,2026-04,77.6,19,71.1,859
CUST-101997,2026-05,77.4,12,70.5,546
CUST-101997,2026-06,89.9,6,67.4,707
CUST-101997,2026-07,74.1,16,56.4,582
CUST-101997,2026-08,95.2,21,55.1,840
CUST-101998,2026-03,72.4,11,29.0,629
CUST-101998,2026-04,76.7,14,42.3,536
CUST-101998,2026-05,85.7,12,72.8,679
CUST-101998,2026-06,81.7,10,46.3,628
CUST-101998,2026-07,70.8,7,65.9,580
CUST-101998,2026-08,65.0,13,50.0,647
CUST-101999,2026-03,66.3,6,65.0,572
CUST-101999,2026-04,73.4,6,65.5,617
CUST-101999,2026-05,91.2,15,72.6,999
CUST-101999,2026-06,79.3,9,57.2,1040
CUST-101999,2026-07,80.6,14,47.2,610
CUST-101999,2026-08,80.1,9,43.1,686
CUST-102000,2026-03,83.3,13,43.3,835
CUST-102000,2026-04,69.6,17,58.1,514
CUST-102000,2026-05,72.5,8,53.2,555
CUST-102000,2026-06,76.4,8,47.2,879
CUST-102000,2026-07,79.6,14,58.6,880
CUST-102000,2026-08,79.7,17,63.0,724
CUST-102001,2026-03,171.3,26,65.5,1310
CUST-102001,2026-04,185.5,33,59.1,1649
CUST-102001,2026-05,158.2,23,46.6,1351
CUST-102001,2026-06,130.2,13,56.6,1387
CUST-102001,2026-07,114.9,11,23.8,1509
CUST-102001,2026-08,100.7,15,37.9,954
CUST-102002,2026-03,181.7,26,80.9,1360
CUST-102002,2026-04,155.1,25,30.9,1720
CUST-102002,2026-05,148.1,14,44.3,795
CUST-102002,2026-06,138.3,19,42.2,1430
CUST-102002,2026-07,122.6,14,39.2,1107
CUST-102002,2026-08,92.9,9,34.2,884
CUST-102003,2026-03,169.0,22,48.6,1632
CUST-102003,2026-04,191.5,30,55.2,1270
CUST-102003,2026-05,173.3,27,57.8,1519
CUST-102003,2026-06,190.0,18,52.8,1384
CUST-102003,2026-07,167.1,23,60.5,1518
CUST-102003,2026-08,190.2,24,48.4,1768
CUST-102004,2026-03,401.6,53,55.7,4166
CUST-102004,2026-04,356.3,55,52.9,3097
CUST-102004,2026-05,261.1,42,53.3,3083
CUST-102004,2026-06,263.7,42,69.7,3607
CUST-102004,2026-07,253.9,39,55.1,2263
CUST-102004,2026-08,183.8,29,26.2,1333
CUST-102005,2026-03,442.5,68,59.3,5727
CUST-102005,2026-04,366.7,48,51.1,2957
CUST-102005,2026-05,398.9,54,61.4,4668
CUST-102005,2026-06,424.8,58,59.9,4042
CUST-102005,2026-07,423.8,61,29.9,3404
CUST-102005,2026-08,447.6,64,44.3,3437
CUST-102006,2026-03,403.9,57,53.2,2905
CUST-102006,2026-04,395.5,50,55.6,3065
CUST-102006,2026-05,355.8,54,40.4,2535
CUST-102006,2026-06,375.7,58,36.8,4302
CUST-102006,2026-07,364.8,50,50.2,3979
CUST-102006,2026-08,351.1,43,51.7,2861
CUST-102007,2026-03,182.3,25,46.5,1799
CUST-102007,2026-04,181.5,30,44.8,1722
CUST-102007,2026-05,157.7,26,38.1,1573
CUST-102007,2026-06,156.7,20,46.4,1426
CUST-102007,2026-07,160.2,26,42.0,1974
CUST-102007,2026-08,111.3,9,44.2,1267
CUST-102008,2026-03,899.9,129,48.2,9733
CUST-102008,2026-04,917.0,128,70.9,4529
CUST-102008,2026-05,1025.8,142,52.7,10314
CUST-102008,2026-06,976.0,140,66.6,11526
CUST-102008,2026-07,994.4,144,57.4,8067
CUST-102008,2026-08,980.6,137,55.7,10269
CUST-102009,2026-03,847.8,127,44.4,7494
CUST-102009,2026-04,727.9,104,52.4,8259
CUST-102009,2026-05,849.6,118,46.2,7012
CUST-102009,2026-06,606.6,88,62.2,6862
CUST-102009,2026-07,380.7,54,27.3,3148
CUST-102009,2026-08,417.6,58,41.5,3664
CUST-102010,2026-03,79.6,12,47.8,520
CUST-102010,2026-04,80.5,14,31.4,712
CUST-102010,2026-05,66.5,4,47.0,464
CUST-102010,2026-06,67.6,8,40.7,923
CUST-102010,2026-07,64.9,8,36.1,705
CUST-102010,2026-08,54.2,2,61.7,454
CUST-102011,2026-03,178.4,24,72.9,1942
CUST-102011,2026-04,201.0,28,40.0,2345
CUST-102011,2026-05,183.3,22,62.5,1514
CUST-102011,2026-06,155.0,22,48.5,893
CUST-102011,2026-07,156.1,20,69.3,1516
CUST-102011,2026-08,143.3,22,46.2,1205
CUST-102012,2026-03,70.9,15,75.8,446
CUST-102012,2026-04,69.8,6,59.0,713
CUST-102012,2026-05,71.9,12,57.5,342
CUST-102012,2026-06,69.5,13,52.0,623
CUST-102012,2026-07,74.2,13,51.3,892
CUST-102012,2026-08,70.2,13,63.2,812
CUST-102013,2026-03,86.8,8,58.3,808
CUST-102013,2026-04,82.5,13,55.1,796
CUST-102013,2026-05,77.6,8,59.5,695
CUST-102013,2026-06,66.2,8,66.7,618
CUST-102013,2026-07,75.6,11,47.4,496
CUST-102013,2026-08,59.7,6,40.7,449
CUST-102014,2026-03,390.5,54,45.7,4677
CUST-102014,2026-04,319.4,51,40.5,3126
CUST-102014,2026-05,280.5,48,42.1,2596
CUST-102014,2026-06,246.9,35,62.7,2563
CUST-102014,2026-07,157.2,28,26.1,1406
CUST-102014,2026-08,192.2,33,41.3,1609
CUST-102015,2026-03,92.3,6,57.5,622
CUST-102015,2026-04,81.1,12,43.7,935
CUST-102015,2026-05,78.5,16,60.8,733
CUST-102015,2026-06,77.0,7,67.7,770
CUST-102015,2026-07,71.5,9,38.4,558
CUST-102015,2026-08,56.9,8,29.2,520
CUST-102016,2026-03,179.4,20,41.6,1616
CUST-102016,2026-04,185.9,25,60.8,1891
CUST-102016,2026-05,206.3,29,57.6,1566
CUST-102016,2026-06,186.5,26,45.4,2209
CUST-102016,2026-07,197.8,28,48.5,1600
CUST-102016,2026-08,185.0,29,45.9,776
CUST-102017,2026-03,74.4,8,63.8,568
CUST-102017,2026-04,94.6,14,61.6,823
CUST-102017,2026-05,86.2,13,57.3,1060
CUST-102017,2026-06,89.3,20,53.1,775
CUST-102017,2026-07,83.8,5,68.8,880
CUST-102017,2026-08,78.9,16,52.4,915
CUST-102018,2026-03,362.4,48,48.6,2159
CUST-102018,2026-04,403.0,62,45.7,3648
CUST-102018,2026-05,330.6,47,57.2,2838
CUST-102018,2026-06,376.3,55,42.6,2762
CUST-102018,2026-07,410.2,55,53.0,3805
CUST-102018,2026-08,429.6,63,64.1,2143
CUST-102019,2026-03,917.9,130,49.4,7895
CUST-102019,2026-04,931.5,137,42.0,8104
CUST-102019,2026-05,744.7,102,50.3,6477
CUST-102019,2026-06,669.4,97,57.9,4243
CUST-102019,2026-07,447.0,63,20.0,5148
CUST-102019,2026-08,658.1,91,50.1,5737
CUST-102020,2026-03,389.0,59,59.2,3195
CUST-102020,2026-04,444.4,66,68.6,4709
CUST-102020,2026-05,418.3,54,59.7,4763
CUST-102020,2026-06,429.2,61,59.0,3680
CUST-102020,2026-07,424.4,61,43.4,3598
CUST-102020,2026-08,385.0,60,55.5,3008
CUST-102021,2026-03,1010.5,143,61.6,6212
CUST-102021,2026-04,794.3,109,57.5,4280
CUST-102021,2026-05,751.1,113,58.1,5219
CUST-102021,2026-06,691.1,97,63.4,8337
CUST-102021,2026-07,742.9,102,45.1,6705
CUST-102021,2026-08,558.1,78,49.7,4182
CUST-102022,2026-03,91.1,21,66.7,1003
CUST-102022,2026-04,63.2,8,50.2,593
CUST-102022,2026-05,82.5,19,50.3,550
CUST-102022,2026-06,52.5,10,34.5,497
CUST-102022,2026-07,54.2,12,44.8,427
CUST-102022,2026-08,50.0,8,52.8,457
CUST-102023,2026-03,89.3,11,76.5,1026
CUST-102023,2026-04,89.4,16,60.3,893
CUST-102023,2026-05,77.2,10,58.8,765
CUST-102023,2026-06,63.9,16,73.9,714
CUST-102023,2026-07,50.6,10,71.0,511
CUST-102023,2026-08,57.9,7,39.0,648
CUST-102024,2026-03,159.0,21,58.3,1529
CUST-102024,2026-04,140.4,18,40.3,1471
CUST-102024,2026-05,149.5,23,55.9,619
CUST-102024,2026-06,143.0,25,50.8,1326
CUST-102024,2026-07,174.5,22,54.2,1802
CUST-102024,2026-08,105.7,12,75.5,860
CUST-102025,2026-03,382.4,53,39.2,3666
CUST-102025,2026-04,401.9,58,55.5,2719
CUST-102025,2026-05,386.3,53,34.1,3609
CUST-102025,2026-06,432.2,58,57.7,3926
CUST-102025,2026-07,391.0,59,49.3,3372
CUST-102025,2026-08,408.9,53,35.8,3043
CUST-102026,2026-03,75.0,16,42.9,582
CUST-102026,2026-04,87.4,9,51.3,735
CUST-102026,2026-05,87.6,13,54.9,1046
CUST-102026,2026-06,89.9,11,60.2,1104
CUST-102026,2026-07,94.2,9,61.1,798
CUST-102026,2026-08,82.1,17,69.1,980
CUST-102027,2026-03,71.9,4,69.6,732
CUST-102027,2026-04,75.7,14,60.3,517
CUST-102027,2026-05,75.5,16,48.4,776
CUST-102027,2026-06,90.5,18,57.8,678
CUST-102027,2026-07,80.4,8,45.9,817
CUST-102027,2026-08,74.2,10,43.5,598
CUST-102028,2026-03,83.5,15,71.2,852
CUST-102028,2026-04,63.8,5,50.9,685
CUST-102028,2026-05,92.7,12,49.9,1121
CUST-102028,2026-06,80.3,11,64.7,742
CUST-102028,2026-07,75.5,8,62.7,844
CUST-102028,2026-08,79.3,11,67.8,578
CUST-102029,2026-03,76.7,15,73.9,714
CUST-102029,2026-04,77.8,12,60.6,787
CUST-102029,2026-05,72.3,11,42.5,870
CUST-102029,2026-06,78.4,12,42.3,632
CUST-102029,2026-07,75.5,9,70.5,564
CUST-102029,2026-08,80.1,11,52.4,839
CUST-102030,2026-03,76.6,16,57.6,579
CUST-102030,2026-04,88.6,8,48.7,312
CUST-102030,2026-05,86.6,5,62.3,641
CUST-102030,2026-06,78.0,10,58.5,760
CUST-102030,2026-07,88.9,12,47.4,825
CUST-102030,2026-08,88.5,15,76.9,1190
CUST-102031,2026-03,78.8,9,62.8,978
CUST-102031,2026-04,81.6,21,54.4,737
CUST-102031,2026-05,90.0,11,41.3,699
CUST-102031,2026-06,79.3,9,53.6,710
CUST-102031,2026-07,85.6,3,59.3,724
CUST-102031,2026-08,76.2,11,66.7,679
CUST-102032,2026-03,85.7,5,54.4,938
CUST-102032,2026-04,62.7,5,63.2,653
CUST-102032,2026-05,73.5,17,67.3,380
CUST-102032,2026-06,76.0,10,44.3,835
CUST-102032,2026-07,62.4,11,65.3,632
CUST-102032,2026-08,61.6,11,35.4,645
CUST-102033,2026-03,78.9,16,66.8,600
CUST-102033,2026-04,76.7,11,31.5,379
CUST-102033,2026-05,65.9,10,33.5,641
CUST-102033,2026-06,55.0,15,47.7,552
CUST-102033,2026-07,58.3,14,39.4,508
CUST-102033,2026-08,41.4,4,21.7,434
CUST-102034,2026-03,91.5,14,64.9,551
CUST-102034,2026-04,73.4,3,42.8,817
CUST-102034,2026-05,76.9,12,79.6,771
CUST-102034,2026-06,67.8,5,58.5,602
CUST-102034,2026-07,62.4,10,30.6,683
CUST-102034,2026-08,66.5,9,53.9,1023
CUST-102035,2026-03,439.3,63,70.6,3722
CUST-102035,2026-04,382.5,52,32.3,4061
CUST-102035,2026-05,411.1,58,45.0,3719
CUST-102035,2026-06,430.5,57,59.6,4963
CUST-102035,2026-07,364.3,55,32.2,4137
CUST-102035,2026-08,343.8,46,53.2,3750
CUST-102036,2026-03,375.6,55,66.0,3027
CUST-102036,2026-04,424.0,63,57.4,5188
CUST-102036,2026-05,403.8,51,47.9,2273
CUST-102036,2026-06,356.3,41,64.2,2675
CUST-102036,2026-07,363.3,51,83.1,3225
CUST-102036,2026-08,361.5,36,75.3,2882
CUST-102037,2026-03,411.8,67,36.7,4072
CUST-102037,2026-04,357.7,43,23.4,2758
CUST-102037,2026-05,361.7,51,57.9,3462
CUST-102037,2026-06,329.3,45,72.3,2895
CUST-102037,2026-07,406.7,62,49.7,3695
CUST-102037,2026-08,393.3,52,71.2,3284
CUST-102038,2026-03,187.6,22,49.0,2437
CUST-102038,2026-04,148.9,19,56.3,842
CUST-102038,2026-05,153.4,20,64.4,1692
CUST-102038,2026-06,114.1,19,41.1,1327
CUST-102038,2026-07,119.6,12,55.7,1283
CUST-102038,2026-08,88.6,9,32.3,862
CUST-102039,2026-03,410.2,63,56.5,3334
CUST-102039,2026-04,333.3,52,47.1,3324
CUST-102039,2026-05,316.0,41,48.2,2869
CUST-102039,2026-06,216.0,25,42.7,2530
CUST-102039,2026-07,289.5,42,48.1,2177
CUST-102039,2026-08,184.4,18,38.9,2335
CUST-102040,2026-03,396.4,59,59.3,3847
CUST-102040,2026-04,374.9,52,39.7,3869
CUST-102040,2026-05,322.5,42,44.8,3371
CUST-102040,2026-06,397.2,51,49.3,3736
CUST-102040,2026-07,392.6,56,53.8,2213
CUST-102040,2026-08,408.8,57,71.7,4202
CUST-102041,2026-03,420.6,66,53.7,4291
CUST-102041,2026-04,399.0,58,64.6,3190
CUST-102041,2026-05,413.3,48,62.2,4276
CUST-102041,2026-06,371.7,54,62.8,3044
CUST-102041,2026-07,344.3,50,62.0,3613
CUST-102041,2026-08,301.5,37,61.8,3264
CUST-102042,2026-03,385.1,55,54.6,2691
CUST-102042,2026-04,360.9,47,48.5,2278
CUST-102042,2026-05,354.5,50,41.9,3698
CUST-102042,2026-06,338.7,45,68.2,2830
CUST-102042,2026-07,366.8,53,49.7,2966
CUST-102042,2026-08,383.9,52,55.2,3837
CUST-102043,2026-03,69.9,12,74.5,563
CUST-102043,2026-04,68.0,10,63.1,606
CUST-102043,2026-05,81.0,12,54.5,827
CUST-102043,2026-06,84.3,10,59.7,806
CUST-102043,2026-07,79.8,16,59.5,734
CUST-102043,2026-08,88.1,7,66.8,809
CUST-102044,2026-03,86.7,15,59.3,555
CUST-102044,2026-04,78.3,6,55.3,879
CUST-102044,2026-05,71.3,1,64.7,752
CUST-102044,2026-06,73.6,13,46.9,696
CUST-102044,2026-07,75.6,12,70.4,835
CUST-102044,2026-08,78.5,12,70.0,686
CUST-102045,2026-03,79.9,14,60.1,666
CUST-102045,2026-04,83.4,12,74.5,1158
CUST-102045,2026-05,82.3,1,67.0,617
CUST-102045,2026-06,83.7,16,57.5,663
CUST-102045,2026-07,74.3,6,62.8,655
CUST-102045,2026-08,61.0,1,47.8,419
CUST-102046,2026-03,153.2,19,60.2,1274
CUST-102046,2026-04,179.7,29,45.1,1838
CUST-102046,2026-05,158.2,14,36.4,1057
CUST-102046,2026-06,99.3,13,29.4,934
CUST-102046,2026-07,117.4,11,53.3,924
CUST-102046,2026-08,94.2,15,23.5,839
CUST-102047,2026-03,375.0,49,51.5,2828
CUST-102047,2026-04,406.5,66,37.1,4477
CUST-102047,2026-05,403.3,61,63.3,3336
CUST-102047,2026-06,367.6,49,67.3,3011
CUST-102047,2026-07,333.1,47,56.6,3519
CUST-102047,2026-08,434.2,64,50.3,4231
CUST-102048,2026-03,79.6,7,40.6,832
CUST-102048,2026-04,64.9,10,50.3,637
CUST-102048,2026-05,72.9,6,65.3,768
CUST-102048,2026-06,68.2,10,50.3,762
CUST-102048,2026-07,56.1,12,33.0,564
CUST-102048,2026-08,50.7,6,59.1,456
CUST-102049,2026-03,848.1,127,64.7,7912
CUST-102049,2026-04,756.9,109,80.1,5714
CUST-102049,2026-05,655.7,95,52.2,7077
CUST-102049,2026-06,610.2,92,38.8,4444
CUST-102049,2026-07,602.3,84,54.7,5505
CUST-102049,2026-08,533.7,77,29.5,5960
CUST-102050,2026-03,78.7,7,23.9,689
CUST-102050,2026-04,77.4,7,37.9,879
CUST-102050,2026-05,61.8,11,47.8,485
CUST-102050,2026-06,54.2,4,51.6,551
CUST-102050,2026-07,46.1,10,23.4,407
CUST-102050,2026-08,41.3,3,39.4,461
CUST-102051,2026-03,180.7,28,84.7,1370
CUST-102051,2026-04,171.5,23,54.9,1429
CUST-102051,2026-05,174.1,26,78.4,2131
CUST-102051,2026-06,200.8,25,61.6,1728
CUST-102051,2026-07,169.0,24,64.0,1442
CUST-102051,2026-08,178.3,22,64.9,1488
CUST-102052,2026-03,169.8,15,43.1,1894
CUST-102052,2026-04,162.1,21,66.6,1691
CUST-102052,2026-05,162.0,24,52.1,1765
CUST-102052,2026-06,213.9,34,51.0,2091
CUST-102052,2026-07,219.7,32,73.3,1940
CUST-102052,2026-08,183.2,27,60.7,1442
CUST-102053,2026-03,835.3,113,29.9,6957
CUST-102053,2026-04,914.5,133,47.0,10140
CUST-102053,2026-05,910.9,128,39.3,8917
CUST-102053,2026-06,502.1,71,41.4,3527
CUST-102053,2026-07,684.8,98,31.6,4487
CUST-102053,2026-08,460.1,58,44.7,4689
CUST-102054,2026-03,156.1,22,63.9,1690
CUST-102054,2026-04,167.9,22,56.5,1320
CUST-102054,2026-05,171.6,28,39.9,893
CUST-102054,2026-06,109.9,10,84.6,838
CUST-102054,2026-07,100.2,16,42.1,705
CUST-102054,2026-08,65.4,10,45.4,581
CUST-102055,2026-03,86.2,12,41.6,831
CUST-102055,2026-04,72.2,12,54.0,752
CUST-102055,2026-05,73.6,5,46.3,637
CUST-102055,2026-06,69.6,14,40.7,678
CUST-102055,2026-07,69.3,7,54.3,582
CUST-102055,2026-08,75.9,7,36.1,487
CUST-102056,2026-03,71.0,11,45.5,760
CUST-102056,2026-04,77.2,14,57.4,847
CUST-102056,2026-05,71.4,15,61.7,643
CUST-102056,2026-06,83.2,4,72.5,832
CUST-102056,2026-07,81.0,19,80.9,561
CUST-102056,2026-08,78.7,6,56.1,484
CUST-102057,2026-03,828.4,114,60.2,5248
CUST-102057,2026-04,798.8,115,32.6,7952
CUST-102057,2026-05,868.0,119,58.2,8518
CUST-102057,2026-06,980.8,145,54.5,8893
CUST-102057,2026-07,838.9,115,60.6,5385
CUST-102057,2026-08,838.6,122,51.0,6804
CUST-102058,2026-03,86.8,8,69.6,890
CUST-102058,2026-04,81.0,12,34.9,710
CUST-102058,2026-05,61.6,5,65.0,458
CUST-102058,2026-06,53.6,6,75.9,482
CUST-102058,2026-07,41.1,5,41.1,235
CUST-102058,2026-08,31.8,1,42.6,305
CUST-102059,2026-03,160.5,23,49.5,1207
CUST-102059,2026-04,173.9,16,47.3,1497
CUST-102059,2026-05,157.2,23,41.4,1476
CUST-102059,2026-06,139.6,19,46.9,1084
CUST-102059,2026-07,144.3,19,48.7,1187
CUST-102059,2026-08,132.8,16,44.7,1196
CUST-102060,2026-03,79.6,12,61.0,934
CUST-102060,2026-04,75.2,6,37.3,714
CUST-102060,2026-05,91.8,18,47.4,932
CUST-102060,2026-06,69.0,5,60.1,435
CUST-102060,2026-07,78.0,11,52.9,544
CUST-102060,2026-08,46.3,10,50.3,504
CUST-102061,2026-03,201.7,28,52.9,2432
CUST-102061,2026-04,160.5,19,54.8,1448
CUST-102061,2026-05,163.7,26,44.3,1355
CUST-102061,2026-06,163.8,24,54.4,1380
CUST-102061,2026-07,161.8,22,28.8,1163
CUST-102061,2026-08,184.6,22,40.6,1708
CUST-102062,2026-03,182.3,29,51.0,1362
CUST-102062,2026-04,187.1,21,39.4,1654
CUST-102062,2026-05,158.0,21,40.4,1534
CUST-102062,2026-06,169.5,15,35.0,1151
CUST-102062,2026-07,180.9,27,53.6,1981
CUST-102062,2026-08,169.2,22,47.8,1611
CUST-102063,2026-03,181.8,23,73.8,1761
CUST-102063,2026-04,228.2,30,59.3,1933
CUST-102063,2026-05,188.6,32,76.0,1973
CUST-102063,2026-06,154.6,22,56.1,1314
CUST-102063,2026-07,197.9,23,37.5,1852
CUST-102063,2026-08,175.3,25,67.0,1587
CUST-102064,2026-03,187.9,25,58.0,2323
CUST-102064,2026-04,181.0,21,48.2,1962
CUST-102064,2026-05,134.6,16,60.9,1105
CUST-102064,2026-06,169.7,21,39.5,1564
CUST-102064,2026-07,140.1,23,56.0,1386
CUST-102064,2026-08,178.4,30,53.2,1666
CUST-102065,2026-03,185.8,29,35.7,1373
CUST-102065,2026-04,198.2,30,59.4,1993
CUST-102065,2026-05,153.2,24,55.6,1730
CUST-102065,2026-06,205.6,31,61.2,1501
CUST-102065,2026-07,207.0,26,65.0,1808
CUST-102065,2026-08,206.3,27,66.4,1757
CUST-102066,2026-03,92.0,23,60.8,902
CUST-102066,2026-04,79.8,11,54.9,935
CUST-102066,2026-05,68.5,14,48.1,364
CUST-102066,2026-06,81.4,5,54.9,579
CUST-102066,2026-07,88.6,9,29.5,938
CUST-102066,2026-08,82.8,10,47.3,802
CUST-102067,2026-03,78.8,16,35.1,540
CUST-102067,2026-04,69.8,15,66.7,539
CUST-102067,2026-05,86.8,9,34.7,1051
CUST-102067,2026-06,90.4,16,49.9,781
CUST-102067,2026-07,81.4,10,61.8,777
CUST-102067,2026-08,79.9,4,47.7,806
CUST-102068,2026-03,369.8,49,67.2,3541
CUST-102068,2026-04,334.8,40,67.8,3036
CUST-102068,2026-05,373.1,49,65.7,3746
CUST-102068,2026-06,387.7,54,52.4,3906
CUST-102068,2026-07,423.8,56,24.5,4004
CUST-102068,2026-08,409.1,58,49.3,3523
CUST-102069,2026-03,989.6,136,47.3,4679
CUST-102069,2026-04,904.6,129,69.8,10432
CUST-102069,2026-05,861.0,125,51.5,5498
CUST-102069,2026-06,958.3,140,61.7,6731
CUST-102069,2026-07,860.3,131,56.0,7762
CUST-102069,2026-08,1018.0,152,51.1,9584
CUST-102070,2026-03,83.2,9,52.3,594
CUST-102070,2026-04,86.5,8,67.7,823
CUST-102070,2026-05,77.3,7,66.6,583
CUST-102070,2026-06,76.1,10,63.4,718
CUST-102070,2026-07,77.3,8,50.8,584
CUST-102070,2026-08,74.3,11,61.9,697
CUST-102071,2026-03,169.6,28,62.5,1540
CUST-102071,2026-04,177.5,27,64.1,1467
CUST-102071,2026-05,196.0,33,58.2,1761
CUST-102071,2026-06,179.7,24,40.1,1418
CUST-102071,2026-07,164.6,27,49.9,958
CUST-102071,2026-08,172.5,29,54.5,1570
CUST-102072,2026-03,179.2,21,56.5,1812
CUST-102072,2026-04,194.2,35,59.6,1623
CUST-102072,2026-05,125.2,23,59.1,1061
CUST-102072,2026-06,131.3,20,39.7,1080
CUST-102072,2026-07,114.4,15,37.7,840
CUST-102072,2026-08,77.7,12,29.9,762
CUST-102073,2026-03,202.4,30,40.2,1964
CUST-102073,2026-04,184.0,28,73.4,1731
CUST-102073,2026-05,163.1,27,54.1,1092
CUST-102073,2026-06,155.3,21,61.8,1272
CUST-102073,2026-07,137.5,21,34.1,1042
CUST-102073,2026-08,143.8,27,50.6,979
CUST-102074,2026-03,200.8,28,58.3,1600
CUST-102074,2026-04,155.7,23,45.2,1342
CUST-102074,2026-05,157.0,18,55.0,1765
CUST-102074,2026-06,121.3,15,45.1,1120
CUST-102074,2026-07,102.7,18,40.7,785
CUST-102074,2026-08,93.5,10,62.6,730
CUST-102075,2026-03,84.5,12,52.0,1101
CUST-102075,2026-04,73.0,3,60.3,565
CUST-102075,2026-05,83.8,13,68.0,883
CUST-102075,2026-06,82.5,10,60.1,753
CUST-102075,2026-07,97.0,12,59.5,876
CUST-102075,2026-08,89.6,1,57.0,897
CUST-102076,2026-03,165.1,23,63.1,1490
CUST-102076,2026-04,172.9,22,47.4,1220
CUST-102076,2026-05,165.8,27,47.1,1047
CUST-102076,2026-06,170.5,23,58.5,1582
CUST-102076,2026-07,166.5,19,45.2,1487
CUST-102076,2026-08,181.8,20,28.0,2104
CUST-102077,2026-03,172.9,23,56.6,2214
CUST-102077,2026-04,154.2,26,51.4,1585
CUST-102077,2026-05,144.2,16,47.9,1082
CUST-102077,2026-06,141.1,22,41.0,1195
CUST-102077,2026-07,129.0,20,69.3,1263
CUST-102077,2026-08,115.6,14,22.6,1307
CUST-102078,2026-03,771.7,113,65.0,9885
CUST-102078,2026-04,764.4,106,56.2,6483
CUST-102078,2026-05,1111.0,163,49.5,8503
CUST-102078,2026-06,789.6,106,56.2,6276
CUST-102078,2026-07,736.2,102,30.0,5219
CUST-102078,2026-08,771.3,111,52.3,6288
CUST-102079,2026-03,893.8,123,55.9,6448
CUST-102079,2026-04,879.2,127,48.3,6901
CUST-102079,2026-05,1073.5,151,49.2,12461
CUST-102079,2026-06,888.7,115,63.8,8756
CUST-102079,2026-07,861.8,125,76.6,8164
CUST-102079,2026-08,946.2,132,53.7,8293
CUST-102080,2026-03,178.7,33,60.8,1021
CUST-102080,2026-04,188.0,26,40.2,1408
CUST-102080,2026-05,206.0,29,38.3,1870
CUST-102080,2026-06,219.3,31,64.6,1022
CUST-102080,2026-07,176.3,27,35.5,1458
CUST-102080,2026-08,173.7,28,54.7,1242
CUST-102081,2026-03,81.0,12,63.8,640
CUST-102081,2026-04,74.5,8,46.2,603
CUST-102081,2026-05,74.4,19,62.8,755
CUST-102081,2026-06,47.5,6,59.2,374
CUST-102081,2026-07,45.7,5,44.2,488
CUST-102081,2026-08,31.2,1,10.7,371
CUST-102082,2026-03,78.8,7,51.5,864
CUST-102082,2026-04,90.4,12,65.5,1057
CUST-102082,2026-05,83.9,10,39.9,929
CUST-102082,2026-06,57.8,5,46.1,515
CUST-102082,2026-07,79.6,18,54.7,1021
CUST-102082,2026-08,75.4,10,42.1,662
CUST-102083,2026-03,68.9,12,43.2,421
CUST-102083,2026-04,72.6,3,29.0,728
CUST-102083,2026-05,72.8,9,54.3,790
CUST-102083,2026-06,69.2,8,39.9,670
CUST-102083,2026-07,62.4,14,66.3,372
CUST-102083,2026-08,37.3,4,37.0,437
CUST-102084,2026-03,78.6,9,80.7,517
CUST-102084,2026-04,89.0,18,69.9,934
CUST-102084,2026-05,80.4,13,72.6,608
CUST-102084,2026-06,87.7,10,51.1,782
CUST-102084,2026-07,84.2,7,70.8,766
CUST-102084,2026-08,79.7,13,65.6,674
CUST-102085,2026-03,185.1,23,55.7,1489
CUST-102085,2026-04,159.7,17,49.0,967
CUST-102085,2026-05,181.4,17,56.9,1784
CUST-102085,2026-06,175.2,19,58.5,1614
CUST-102085,2026-07,169.3,27,43.3,1605
CUST-102085,2026-08,202.6,26,61.0,2153
CUST-102086,2026-03,178.1,24,47.7,1338
CUST-102086,2026-04,197.3,27,46.3,1202
CUST-102086,2026-05,197.4,26,59.6,1675
CUST-102086,2026-06,165.0,25,78.8,1602
CUST-102086,2026-07,187.3,19,56.5,1653
CUST-102086,2026-08,181.7,28,54.8,1646
CUST-102087,2026-03,71.8,11,49.0,437
CUST-102087,2026-04,74.4,17,65.2,666
CUST-102087,2026-05,71.0,4,66.7,683
CUST-102087,2026-06,88.2,14,55.6,890
CUST-102087,2026-07,95.3,20,45.8,765
CUST-102087,2026-08,73.9,15,60.9,454
CUST-102088,2026-03,94.3,17,42.1,855
CUST-102088,2026-04,76.7,8,52.7,662
CUST-102088,2026-05,81.8,7,53.5,810
CUST-102088,2026-06,81.5,16,57.0,690
CUST-102088,2026-07,78.3,14,53.8,629
CUST-102088,2026-08,75.2,6,60.5,665
CUST-102089,2026-03,75.9,9,55.1,623
CUST-102089,2026-04,68.7,5,54.1,640
CUST-102089,2026-05,60.9,8,60.1,492
CUST-102089,2026-06,77.3,10,63.3,621
CUST-102089,2026-07,65.2,11,57.1,560
CUST-102089,2026-08,50.7,14,39.6,524
CUST-102090,2026-03,400.5,58,70.6,3356
CUST-102090,2026-04,398.8,55,58.1,4442
CUST-102090,2026-05,390.3,55,51.4,2661
CUST-102090,2026-06,359.2,50,57.2,3904
CUST-102090,2026-07,371.6,51,64.2,2901
CUST-102090,2026-08,378.5,50,50.0,3123
CUST-102091,2026-03,402.9,60,49.9,3177
CUST-102091,2026-04,378.0,48,44.4,1981
CUST-102091,2026-05,377.2,56,48.6,3646
CUST-102091,2026-06,410.9,62,75.0,3892
CUST-102091,2026-07,383.2,44,50.6,4728
CUST-102091,2026-08,438.5,63,60.0,3755
CUST-102092,2026-03,199.0,30,56.6,1833
CUST-102092,2026-04,215.6,34,59.9,1572
CUST-102092,2026-05,204.8,36,47.1,1701
CUST-102092,2026-06,178.0,25,70.2,1627
CUST-102092,2026-07,191.4,31,51.5,1218
CUST-102092,2026-08,192.7,31,59.1,2036
CUST-102093,2026-03,71.2,13,53.1,862
CUST-102093,2026-04,74.2,18,54.3,373
CUST-102093,2026-05,69.6,5,58.8,566
CUST-102093,2026-06,67.9,7,50.8,624
CUST-102093,2026-07,44.2,3,43.5,363
CUST-102093,2026-08,53.0,8,45.5,534
CUST-102094,2026-03,85.3,9,62.1,1022
CUST-102094,2026-04,81.6,10,67.7,921
CUST-102094,2026-05,68.9,11,64.9,703
CUST-102094,2026-06,68.6,14,37.9,599
CUST-102094,2026-07,69.9,10,52.7,470
CUST-102094,2026-08,52.9,1,48.9,386
CUST-102095,2026-03,193.9,32,60.6,1845
CUST-102095,2026-04,217.2,27,46.4,2321
CUST-102095,2026-05,164.2,24,55.4,1103
CUST-102095,2026-06,155.5,17,74.8,1614
CUST-102095,2026-07,198.4,24,60.8,1294
CUST-102095,2026-08,192.7,35,83.8,2069
CUST-102096,2026-03,153.2,23,51.9,1267
CUST-102096,2026-04,140.7,20,37.6,1384
CUST-102096,2026-05,124.4,16,48.3,1092
CUST-102096,2026-06,136.1,12,33.7,966
CUST-102096,2026-07,119.0,21,37.7,1205
CUST-102096,2026-08,109.2,15,28.5,1106
CUST-102097,2026-03,78.8,15,48.5,541
CUST-102097,2026-04,80.1,16,67.8,664
CUST-102097,2026-05,75.9,3,69.1,813
CUST-102097,2026-06,59.2,6,41.7,607
CUST-102097,2026-07,43.1,8,49.4,513
CUST-102097,2026-08,38.6,6,46.9,413
CUST-102098,2026-03,374.9,60,69.4,4735
CUST-102098,2026-04,277.0,45,66.2,2834
CUST-102098,2026-05,348.8,45,56.6,2881
CUST-102098,2026-06,345.5,47,56.8,3617
CUST-102098,2026-07,313.6,43,62.4,2376
CUST-102098,2026-08,295.9,39,55.6,3042
CUST-102099,2026-03,417.5,59,54.4,2944
CUST-102099,2026-04,423.7,59,26.6,3092
CUST-102099,2026-05,403.1,61,67.6,5004
CUST-102099,2026-06,430.5,61,49.7,2664
CUST-102099,2026-07,366.2,55,68.2,3000
CUST-102099,2026-08,400.1,60,42.1,3642
CUST-102100,2026-03,345.3,53,51.1,3813
CUST-102100,2026-04,336.2,44,42.0,2585
CUST-102100,2026-05,308.5,46,19.0,2405
CUST-102100,2026-06,278.9,39,40.9,2754
CUST-102100,2026-07,207.2,23,34.2,1711
CUST-102100,2026-08,189.2,23,42.5,1297
CUST-102101,2026-03,66.6,4,77.2,519
CUST-102101,2026-04,69.6,9,51.5,659
CUST-102101,2026-05,87.8,8,49.3,894
CUST-102101,2026-06,73.1,12,46.0,604
CUST-102101,2026-07,89.2,16,45.2,710
CUST-102101,2026-08,88.3,13,64.8,933
CUST-102102,2026-03,75.7,6,45.1,767
CUST-102102,2026-04,71.0,6,98.0,442
CUST-102102,2026-05,75.9,22,60.9,884
CUST-102102,2026-06,69.8,8,43.1,669
CUST-102102,2026-07,75.7,5,60.3,605
CUST-102102,2026-08,75.2,9,59.6,834
CUST-102103,2026-03,80.8,15,54.9,1022
CUST-102103,2026-04,77.8,7,48.9,751
CUST-102103,2026-05,84.5,12,80.2,689
CUST-102103,2026-06,78.4,5,69.1,516
CUST-102103,2026-07,83.1,8,51.9,900
CUST-102103,2026-08,78.4,14,33.3,783
CUST-102104,2026-03,358.1,55,53.9,4016
CUST-102104,2026-04,353.2,52,44.5,3012
CUST-102104,2026-05,435.0,56,49.6,4514
CUST-102104,2026-06,361.3,51,40.7,3116
CUST-102104,2026-07,320.5,49,42.7,2110
CUST-102104,2026-08,350.4,48,42.1,3862
CUST-102105,2026-03,201.6,34,48.1,1931
CUST-102105,2026-04,185.3,26,66.2,1767
CUST-102105,2026-05,149.1,15,45.2,888
CUST-102105,2026-06,209.8,31,65.4,1924
CUST-102105,2026-07,181.5,26,58.1,1726
CUST-102105,2026-08,208.8,31,31.0,2045
CUST-102106,2026-03,862.7,124,37.6,6324
CUST-102106,2026-04,874.0,118,45.1,6879
CUST-102106,2026-05,1008.0,138,43.7,9943
CUST-102106,2026-06,886.1,127,52.4,7293
CUST-102106,2026-07,846.7,116,55.9,7832
CUST-102106,2026-08,998.3,149,55.6,9324
CUST-102107,2026-03,419.5,56,61.3,4466
CUST-102107,2026-04,403.5,56,42.7,3818
CUST-102107,2026-05,466.4,70,58.0,5220
CUST-102107,2026-06,379.7,52,68.4,3963
CUST-102107,2026-07,416.4,62,41.9,3916
CUST-102107,2026-08,417.0,61,53.4,5825
CUST-102108,2026-03,189.1,26,50.7,2077
CUST-102108,2026-04,173.8,24,43.8,1651
CUST-102108,2026-05,174.3,29,69.0,1874
CUST-102108,2026-06,184.7,28,64.8,1604
CUST-102108,2026-07,168.4,24,43.4,1700
CUST-102108,2026-08,177.5,22,70.4,1687
CUST-102109,2026-03,179.4,22,53.0,2595
CUST-102109,2026-04,162.0,20,32.1,1540
CUST-102109,2026-05,163.3,21,79.6,1576
CUST-102109,2026-06,205.1,33,50.7,1333
CUST-102109,2026-07,195.6,15,59.2,1196
CUST-102109,2026-08,187.1,27,49.0,992
CUST-102110,2026-03,87.4,10,54.3,972
CUST-102110,2026-04,76.4,5,73.6,637
CUST-102110,2026-05,86.0,12,39.6,831
CUST-102110,2026-06,75.2,15,79.1,718
CUST-102110,2026-07,70.1,7,66.5,507
CUST-102110,2026-08,53.7,9,65.8,495
CUST-102111,2026-03,193.8,29,48.3,2389
CUST-102111,2026-04,170.7,24,43.0,1492
CUST-102111,2026-05,142.9,20,39.7,1704
CUST-102111,2026-06,121.0,23,32.6,877
CUST-102111,2026-07,157.2,24,39.4,1453
CUST-102111,2026-08,124.6,19,71.9,1271
CUST-102112,2026-03,769.3,111,74.8,10185
CUST-102112,2026-04,788.5,110,67.3,6574
CUST-102112,2026-05,556.3,84,64.5,4130
CUST-102112,2026-06,512.9,70,25.7,3816
CUST-102112,2026-07,534.4,82,35.7,4846
CUST-102112,2026-08,433.6,66,50.5,4643
CUST-102113,2026-03,394.3,59,53.5,3406
CUST-102113,2026-04,371.4,45,60.6,4624
CUST-102113,2026-05,333.1,49,45.4,2395
CUST-102113,2026-06,340.1,51,58.8,3334
CUST-102113,2026-07,327.7,46,50.2,2298
CUST-102113,2026-08,377.6,52,55.5,3611
CUST-102114,2026-03,892.7,125,71.6,8318
CUST-102114,2026-04,771.6,110,58.1,4484
CUST-102114,2026-05,802.6,113,68.3,5257
CUST-102114,2026-06,494.1,59,36.5,5800
CUST-102114,2026-07,438.9,60,44.4,4760
CUST-102114,2026-08,633.5,90,58.2,5849
CUST-102115,2026-03,61.8,13,49.5,587
CUST-102115,2026-04,65.9,10,79.3,529
CUST-102115,2026-05,73.6,14,38.0,619
CUST-102115,2026-06,63.4,10,68.9,426
CUST-102115,2026-07,79.6,7,67.5,670
CUST-102115,2026-08,73.8,11,62.8,560
CUST-102116,2026-03,171.4,14,49.6,912
CUST-102116,2026-04,175.7,26,43.0,1059
CUST-102116,2026-05,183.9,26,71.9,1667
CUST-102116,2026-06,192.3,30,42.7,1987
CUST-102116,2026-07,168.7,31,50.8,1470
CUST-102116,2026-08,159.9,23,54.2,1629
CUST-102117,2026-03,166.0,19,49.6,1529
CUST-102117,2026-04,186.3,23,77.9,1560
CUST-102117,2026-05,197.7,26,58.1,1169
CUST-102117,2026-06,170.6,20,67.1,1514
CUST-102117,2026-07,163.8,19,43.7,1310
CUST-102117,2026-08,184.4,21,56.3,1540
CUST-102118,2026-03,75.6,9,65.2,623
CUST-102118,2026-04,86.5,14,57.7,961
CUST-102118,2026-05,78.4,11,55.4,679
CUST-102118,2026-06,72.5,11,48.5,507
CUST-102118,2026-07,73.2,10,46.1,849
CUST-102118,2026-08,57.2,5,53.0,356
CUST-102119,2026-03,193.7,29,45.9,1630
CUST-102119,2026-04,139.7,20,54.8,1670
CUST-102119,2026-05,159.9,23,68.0,1028
CUST-102119,2026-06,105.6,25,39.6,697
CUST-102119,2026-07,129.4,12,55.2,1229
CUST-102119,2026-08,88.5,9,12.6,789
CUST-102120,2026-03,87.5,6,45.4,737
CUST-102120,2026-04,85.6,18,54.9,709
CUST-102120,2026-05,67.4,7,59.2,426
CUST-102120,2026-06,82.1,6,64.1,887
CUST-102120,2026-07,84.6,10,63.7,483
CUST-102120,2026-08,81.5,12,34.3,887
CUST-102121,2026-03,176.9,39,71.3,1198
CUST-102121,2026-04,195.1,26,67.4,2113
CUST-102121,2026-05,175.7,26,76.0,1543
CUST-102121,2026-06,157.6,25,61.9,958
CUST-102121,2026-07,159.5,28,60.5,1431
CUST-102121,2026-08,196.1,26,60.0,2207
CUST-102122,2026-03,190.2,21,68.9,1743
CUST-102122,2026-04,196.1,27,56.8,1788
CUST-102122,2026-05,203.0,32,49.0,2095
CUST-102122,2026-06,193.0,27,49.4,2368
CUST-102122,2026-07,188.4,27,78.0,1172
CUST-102122,2026-08,188.1,23,52.5,1768
CUST-102123,2026-03,79.0,11,48.0,743
CUST-102123,2026-04,68.3,15,45.4,492
CUST-102123,2026-05,70.8,8,41.1,598
CUST-102123,2026-06,63.3,9,50.1,520
CUST-102123,2026-07,55.9,8,65.8,331
CUST-102123,2026-08,38.9,5,44.1,335
CUST-102124,2026-03,207.7,31,39.5,2734
CUST-102124,2026-04,192.5,34,49.7,1344
CUST-102124,2026-05,187.0,27,69.7,2329
CUST-102124,2026-06,192.1,27,49.3,1454
CUST-102124,2026-07,180.1,26,25.0,1559
CUST-102124,2026-08,176.8,25,46.4,1351
CUST-102125,2026-03,64.8,9,51.6,696
CUST-102125,2026-04,77.9,18,36.7,713
CUST-102125,2026-05,77.0,7,43.9,871
CUST-102125,2026-06,65.0,6,70.6,669
CUST-102125,2026-07,68.4,1,54.9,525
CUST-102125,2026-08,64.2,4,47.1,501
CUST-102126,2026-03,196.9,28,71.6,1835
CUST-102126,2026-04,164.7,28,74.9,1763
CUST-102126,2026-05,174.1,27,39.2,1420
CUST-102126,2026-06,217.6,26,62.9,2221
CUST-102126,2026-07,188.3,23,55.2,1102
CUST-102126,2026-08,188.6,27,49.5,1845
CUST-102127,2026-03,92.2,11,56.3,764
CUST-102127,2026-04,79.8,10,48.2,890
CUST-102127,2026-05,78.5,15,56.6,597
CUST-102127,2026-06,83.3,14,49.7,785
CUST-102127,2026-07,73.9,11,40.8,587
CUST-102127,2026-08,79.8,6,38.6,785
CUST-102128,2026-03,172.6,27,68.3,1615
CUST-102128,2026-04,169.2,22,59.7,1529
CUST-102128,2026-05,188.3,30,72.0,1738
CUST-102128,2026-06,178.4,25,70.1,1520
CUST-102128,2026-07,187.0,24,51.4,1404
CUST-102128,2026-08,190.5,26,55.7,1747
CUST-102129,2026-03,327.2,41,43.7,3022
CUST-102129,2026-04,379.2,46,54.5,3113
CUST-102129,2026-05,410.4,52,65.3,3652
CUST-102129,2026-06,426.6,65,57.9,3178
CUST-102129,2026-07,343.6,43,76.7,2768
CUST-102129,2026-08,386.2,45,67.7,4022
CUST-102130,2026-03,75.6,14,65.4,710
CUST-102130,2026-04,81.3,12,63.4,565
CUST-102130,2026-05,73.6,15,64.9,755
CUST-102130,2026-06,73.6,6,41.6,591
CUST-102130,2026-07,80.4,14,61.8,662
CUST-102130,2026-08,90.0,20,38.9,948
CUST-102131,2026-03,72.5,3,52.4,665
CUST-102131,2026-04,77.6,12,62.9,813
CUST-102131,2026-05,70.5,4,56.0,773
CUST-102131,2026-06,86.7,13,64.3,784
CUST-102131,2026-07,85.3,22,63.5,929
CUST-102131,2026-08,84.8,8,32.2,880
CUST-102132,2026-03,87.0,7,64.9,621
CUST-102132,2026-04,71.0,12,42.4,883
CUST-102132,2026-05,93.0,15,86.9,806
CUST-102132,2026-06,76.3,17,59.0,768
CUST-102132,2026-07,76.5,5,40.6,575
CUST-102132,2026-08,79.3,15,74.3,875
CUST-102133,2026-03,80.0,6,66.4,734
CUST-102133,2026-04,74.2,7,61.8,727
CUST-102133,2026-05,61.9,13,57.9,742
CUST-102133,2026-06,53.2,3,29.3,535
CUST-102133,2026-07,42.6,1,65.4,374
CUST-102133,2026-08,44.7,4,29.6,334
CUST-102134,2026-03,69.1,7,57.6,671
CUST-102134,2026-04,65.3,12,39.2,643
CUST-102134,2026-05,65.6,7,25.4,511
CUST-102134,2026-06,78.3,14,44.4,677
CUST-102134,2026-07,71.6,4,57.6,716
CUST-102134,2026-08,66.0,13,59.2,416
CUST-102135,2026-03,88.0,9,78.0,960
CUST-102135,2026-04,78.2,13,47.5,733
CUST-102135,2026-05,59.4,8,59.0,584
CUST-102135,2026-06,84.0,18,69.3,537
CUST-102135,2026-07,67.9,11,76.8,714
CUST-102135,2026-08,73.7,6,51.8,785
CUST-102136,2026-03,199.2,21,35.7,1869
CUST-102136,2026-04,180.2,31,67.3,2024
CUST-102136,2026-05,155.0,26,56.3,1444
CUST-102136,2026-06,150.6,22,64.0,1386
CUST-102136,2026-07,151.8,24,59.4,915
CUST-102136,2026-08,127.7,14,73.7,1157
CUST-102137,2026-03,376.8,48,59.3,4376
CUST-102137,2026-04,274.8,38,30.9,3277
CUST-102137,2026-05,388.2,57,59.1,3603
CUST-102137,2026-06,313.1,49,45.5,3551
CUST-102137,2026-07,335.7,44,55.0,4083
CUST-102137,2026-08,345.4,53,52.0,3695
CUST-102138,2026-03,76.3,10,41.5,772
CUST-102138,2026-04,77.6,6,40.4,796
CUST-102138,2026-05,78.2,1,52.6,602
CUST-102138,2026-06,63.4,6,61.1,609
CUST-102138,2026-07,49.7,10,44.0,455
CUST-102138,2026-08,54.4,2,52.8,407
CUST-102139,2026-03,147.5,18,42.5,1167
CUST-102139,2026-04,156.2,22,49.8,1264
CUST-102139,2026-05,168.6,23,49.1,1076
CUST-102139,2026-06,153.7,27,40.5,1476
CUST-102139,2026-07,147.2,16,48.7,1594
CUST-102139,2026-08,135.2,24,35.5,1400
CUST-102140,2026-03,186.3,23,27.7,1036
CUST-102140,2026-04,124.4,21,56.7,759
CUST-102140,2026-05,128.3,21,59.0,1229
CUST-102140,2026-06,111.6,14,53.9,1078
CUST-102140,2026-07,91.0,7,32.6,737
CUST-102140,2026-08,66.8,4,13.7,627
CUST-102141,2026-03,84.2,11,50.0,812
CUST-102141,2026-04,80.3,10,67.1,566
CUST-102141,2026-05,79.8,15,56.9,550
CUST-102141,2026-06,78.0,8,69.7,692
CUST-102141,2026-07,96.2,4,49.4,1023
CUST-102141,2026-08,70.9,4,71.8,545
CUST-102142,2026-03,429.4,60,39.9,3386
CUST-102142,2026-04,323.4,42,39.6,3047
CUST-102142,2026-05,329.2,40,71.8,1291
CUST-102142,2026-06,233.4,34,60.5,2123
CUST-102142,2026-07,236.3,31,58.8,2180
CUST-102142,2026-08,281.0,41,49.3,2188
CUST-102143,2026-03,802.1,119,59.5,8491
CUST-102143,2026-04,1002.8,146,61.4,7017
CUST-102143,2026-05,775.1,101,61.9,4712
CUST-102143,2026-06,904.4,125,87.3,7222
CUST-102143,2026-07,1178.7,165,38.0,6985
CUST-102143,2026-08,979.1,136,56.3,7834
CUST-102144,2026-03,401.9,58,45.8,3940
CUST-102144,2026-04,314.7,41,44.4,2565
CUST-102144,2026-05,442.5,54,74.0,4768
CUST-102144,2026-06,405.0,63,70.1,2467
CUST-102144,2026-07,433.2,64,61.4,4087
CUST-102144,2026-08,418.7,58,55.8,3708
CUST-102145,2026-03,78.9,20,60.3,721
CUST-102145,2026-04,76.9,14,78.4,924
CUST-102145,2026-05,79.5,9,44.6,864
CUST-102145,2026-06,85.1,11,69.6,960
CUST-102145,2026-07,84.3,11,58.8,701
CUST-102145,2026-08,82.4,15,54.8,682
CUST-102146,2026-03,76.8,4,87.3,358
CUST-102146,2026-04,77.5,6,54.5,554
CUST-102146,2026-05,65.4,4,63.6,667
CUST-102146,2026-06,77.0,8,40.6,658
CUST-102146,2026-07,65.9,11,60.1,537
CUST-102146,2026-08,72.3,6,45.0,552
CUST-102147,2026-03,399.2,60,50.6,3429
CUST-102147,2026-04,331.7,52,51.7,3081
CUST-102147,2026-05,332.9,44,66.3,2237
CUST-102147,2026-06,289.1,42,33.0,3167
CUST-102147,2026-07,259.4,47,67.4,2239
CUST-102147,2026-08,211.4,30,39.5,1655
CUST-102148,2026-03,410.7,56,68.3,3801
CUST-102148,2026-04,352.0,51,53.2,4673
CUST-102148,2026-05,295.3,43,57.8,2603
CUST-102148,2026-06,271.1,37,60.6,2849
CUST-102148,2026-07,219.7,28,45.0,1710
CUST-102148,2026-08,214.6,28,55.2,1606
CUST-102149,2026-03,76.3,5,63.7,745
CUST-102149,2026-04,75.2,12,24.9,567
CUST-102149,2026-05,77.8,11,67.4,657
CUST-102149,2026-06,75.7,18,38.8,597
CUST-102149,2026-07,78.4,11,46.3,814
CUST-102149,2026-08,68.2,12,70.9,700
CUST-102150,2026-03,93.9,8,60.4,773
CUST-102150,2026-04,83.3,8,47.2,812
CUST-102150,2026-05,82.6,14,36.6,948
CUST-102150,2026-06,53.2,8,53.3,536
CUST-102150,2026-07,57.3,4,69.2,617
CUST-102150,2026-08,54.1,7,31.9,532
CUST-102151,2026-03,165.3,23,43.8,1745
CUST-102151,2026-04,194.9,29,35.1,1648
CUST-102151,2026-05,150.6,13,59.0,1102
CUST-102151,2026-06,128.6,22,54.8,1252
CUST-102151,2026-07,107.6,11,41.5,599
CUST-102151,2026-08,86.6,17,42.8,748
CUST-102152,2026-03,88.0,4,34.6,750
CUST-102152,2026-04,80.9,7,51.9,881
CUST-102152,2026-05,89.0,9,56.7,1199
CUST-102152,2026-06,77.7,5,35.5,985
CUST-102152,2026-07,84.4,8,51.8,838
CUST-102152,2026-08,81.8,11,39.2,805
CUST-102153,2026-03,315.1,49,58.7,3336
CUST-102153,2026-04,367.0,54,59.5,3628
CUST-102153,2026-05,390.3,63,40.5,3830
CUST-102153,2026-06,324.1,51,71.7,2729
CUST-102153,2026-07,370.0,50,64.2,3384
CUST-102153,2026-08,348.2,50,48.5,2386
CUST-102154,2026-03,174.1,19,34.9,1493
CUST-102154,2026-04,181.6,19,51.6,1122
CUST-102154,2026-05,188.5,32,71.5,1287
CUST-102154,2026-06,172.2,24,80.8,1920
CUST-102154,2026-07,146.5,20,48.6,1189
CUST-102154,2026-08,192.3,29,48.5,1959
CUST-102155,2026-03,176.3,27,53.0,2457
CUST-102155,2026-04,182.8,34,73.0,1567
CUST-102155,2026-05,160.6,16,58.3,1741
CUST-102155,2026-06,193.2,37,40.4,2195
CUST-102155,2026-07,196.8,24,33.5,1437
CUST-102155,2026-08,159.3,16,60.1,1775
CUST-102156,2026-03,83.7,4,58.1,825
CUST-102156,2026-04,83.6,14,48.5,664
CUST-102156,2026-05,55.9,12,58.6,497
CUST-102156,2026-06,56.1,7,51.6,401
CUST-102156,2026-07,44.1,6,28.4,413
CUST-102156,2026-08,52.4,3,55.3,536
CUST-102157,2026-03,382.1,52,46.8,3554
CUST-102157,2026-04,372.1,57,49.6,2794
CUST-102157,2026-05,324.2,39,53.1,3868
CUST-102157,2026-06,297.0,37,50.8,2471
CUST-102157,2026-07,242.7,36,27.0,2242
CUST-102157,2026-08,236.2,29,47.2,2317
CUST-102158,2026-03,379.6,56,67.1,3884
CUST-102158,2026-04,304.5,41,61.9,3649
CUST-102158,2026-05,326.0,40,48.4,3485
CUST-102158,2026-06,268.8,36,33.4,2593
CUST-102158,2026-07,282.5,40,35.9,2089
CUST-102158,2026-08,199.2,24,34.7,1333
CUST-102159,2026-03,161.1,19,49.2,1539
CUST-102159,2026-04,175.7,23,34.7,1546
CUST-102159,2026-05,143.7,21,49.2,987
CUST-102159,2026-06,158.5,18,55.7,1756
CUST-102159,2026-07,137.3,19,65.4,1052
CUST-102159,2026-08,153.7,16,34.2,1107
CUST-102160,2026-03,191.4,27,54.1,1649
CUST-102160,2026-04,170.9,20,59.3,2085
CUST-102160,2026-05,168.2,24,51.5,732
CUST-102160,2026-06,165.5,17,52.9,884
CUST-102160,2026-07,167.1,21,49.8,1831
CUST-102160,2026-08,154.5,17,60.8,1709
CUST-102161,2026-03,88.5,16,54.8,789
CUST-102161,2026-04,91.3,9,55.5,819
CUST-102161,2026-05,79.9,5,74.3,819
CUST-102161,2026-06,82.1,14,45.0,476
CUST-102161,2026-07,81.0,19,56.2,881
CUST-102161,2026-08,102.1,20,50.4,854
CUST-102162,2026-03,389.7,52,59.4,3921
CUST-102162,2026-04,467.8,69,73.4,5260
CUST-102162,2026-05,379.9,52,44.9,4126
CUST-102162,2026-06,341.5,48,55.2,3342
CUST-102162,2026-07,436.7,61,40.4,3191
CUST-102162,2026-08,359.5,57,39.8,2092
CUST-102163,2026-03,184.2,30,47.7,1656
CUST-102163,2026-04,152.5,14,48.4,1409
CUST-102163,2026-05,161.4,18,66.0,1421
CUST-102163,2026-06,142.3,15,42.4,1285
CUST-102163,2026-07,122.3,15,53.9,1165
CUST-102163,2026-08,103.6,17,25.9,806
CUST-102164,2026-03,194.1,21,57.4,2173
CUST-102164,2026-04,184.4,23,64.6,1098
CUST-102164,2026-05,171.2,30,54.5,1727
CUST-102164,2026-06,176.1,22,43.8,1454
CUST-102164,2026-07,179.7,26,63.0,1838
CUST-102164,2026-08,186.3,21,74.6,1861
CUST-102165,2026-03,325.8,41,60.7,3802
CUST-102165,2026-04,399.6,57,35.9,3628
CUST-102165,2026-05,396.5,53,51.2,4229
CUST-102165,2026-06,393.7,60,53.8,3657
CUST-102165,2026-07,389.4,54,62.8,2247
CUST-102165,2026-08,391.3,63,61.0,2933
CUST-102166,2026-03,177.9,29,54.6,1575
CUST-102166,2026-04,175.0,22,56.3,1675
CUST-102166,2026-05,201.3,33,41.5,1232
CUST-102166,2026-06,163.7,20,66.1,1399
CUST-102166,2026-07,167.5,21,70.7,1229
CUST-102166,2026-08,165.8,28,54.2,1493
CUST-102167,2026-03,77.7,15,64.9,574
CUST-102167,2026-04,72.4,15,53.7,665
CUST-102167,2026-05,80.0,8,43.9,870
CUST-102167,2026-06,60.8,13,43.0,671
CUST-102167,2026-07,46.2,10,48.1,468
CUST-102167,2026-08,36.5,5,21.1,250
CUST-102168,2026-03,401.9,54,48.3,3990
CUST-102168,2026-04,412.6,59,54.6,5099
CUST-102168,2026-05,396.4,56,47.6,4504
CUST-102168,2026-06,417.3,54,63.1,2233
CUST-102168,2026-07,436.8,64,71.4,3135
CUST-102168,2026-08,313.5,43,47.3,2999
CUST-102169,2026-03,167.3,20,38.2,1508
CUST-102169,2026-04,156.2,19,23.5,1350
CUST-102169,2026-05,137.0,19,66.8,1095
CUST-102169,2026-06,120.5,26,48.7,978
CUST-102169,2026-07,95.3,12,45.7,631
CUST-102169,2026-08,122.2,20,45.6,1171
CUST-102170,2026-03,323.6,39,56.4,3556
CUST-102170,2026-04,317.5,47,50.8,2792
CUST-102170,2026-05,355.8,52,58.1,2465
CUST-102170,2026-06,350.6,53,63.3,3674
CUST-102170,2026-07,433.4,60,48.3,5065
CUST-102170,2026-08,456.8,72,77.0,4360
CUST-102171,2026-03,84.7,15,65.9,944
CUST-102171,2026-04,67.0,10,46.3,734
CUST-102171,2026-05,67.3,9,39.8,671
CUST-102171,2026-06,59.6,10,74.5,456
CUST-102171,2026-07,43.3,2,40.7,299
CUST-102171,2026-08,47.0,10,23.4,495
CUST-102172,2026-03,72.5,5,59.3,589
CUST-102172,2026-04,75.7,5,36.2,525
CUST-102172,2026-05,83.4,6,49.3,775
CUST-102172,2026-06,85.3,12,48.9,990
CUST-102172,2026-07,92.6,15,47.1,623
CUST-102172,2026-08,85.2,9,45.0,852
CUST-102173,2026-03,201.0,27,52.8,2164
CUST-102173,2026-04,181.7,22,67.5,1999
CUST-102173,2026-05,170.2,25,46.0,994
CUST-102173,2026-06,184.9,27,55.2,1745
CUST-102173,2026-07,190.9,27,59.0,1882
CUST-102173,2026-08,174.0,25,66.0,1397
CUST-102174,2026-03,80.5,16,53.1,657
CUST-102174,2026-04,72.7,18,76.1,605
CUST-102174,2026-05,64.8,6,41.4,496
CUST-102174,2026-06,80.9,24,62.8,644
CUST-102174,2026-07,59.2,5,41.6,614
CUST-102174,2026-08,77.3,8,46.2,802
CUST-102175,2026-03,78.2,3,50.5,669
CUST-102175,2026-04,74.2,8,68.2,574
CUST-102175,2026-05,63.3,10,42.4,494
CUST-102175,2026-06,60.1,6,49.4,518
CUST-102175,2026-07,42.4,8,62.5,363
CUST-102175,2026-08,32.8,4,29.5,289
CUST-102176,2026-03,78.0,8,49.8,582
CUST-102176,2026-04,76.6,6,49.8,534
CUST-102176,2026-05,64.0,8,44.9,567
CUST-102176,2026-06,69.3,9,44.5,640
CUST-102176,2026-07,55.9,10,20.0,427
CUST-102176,2026-08,52.3,13,48.0,488
CUST-102177,2026-03,370.2,54,43.8,3552
CUST-102177,2026-04,355.4,53,67.2,3668
CUST-102177,2026-05,343.2,48,80.4,3286
CUST-102177,2026-06,224.8,34,46.4,1901
CUST-102177,2026-07,256.2,39,36.7,2203
CUST-102177,2026-08,211.5,28,32.9,1461
CUST-102178,2026-03,172.4,28,42.0,1574
CUST-102178,2026-04,185.2,31,64.0,2193
CUST-102178,2026-05,180.6,20,52.3,1537
CUST-102178,2026-06,161.1,26,75.7,1164
CUST-102178,2026-07,181.5,26,76.3,1489
CUST-102178,2026-08,199.4,27,51.8,1890
CUST-102179,2026-03,159.0,23,81.1,1825
CUST-102179,2026-04,173.9,23,55.2,1607
CUST-102179,2026-05,181.1,34,67.0,1560
CUST-102179,2026-06,174.1,26,63.3,1507
CUST-102179,2026-07,206.8,33,45.0,1402
CUST-102179,2026-08,187.1,18,62.9,1316
CUST-102180,2026-03,185.7,32,28.2,1608
CUST-102180,2026-04,171.9,25,33.1,1655
CUST-102180,2026-05,147.3,20,55.9,1249
CUST-102180,2026-06,181.8,20,46.8,1345
CUST-102180,2026-07,159.3,17,44.2,912
CUST-102180,2026-08,91.0,11,37.5,662
CUST-102181,2026-03,173.0,18,48.8,1438
CUST-102181,2026-04,181.8,26,54.5,1842
CUST-102181,2026-05,203.1,25,56.7,1452
CUST-102181,2026-06,198.9,26,53.5,1504
CUST-102181,2026-07,196.9,25,70.5,2114
CUST-102181,2026-08,186.7,15,49.2,1820
CUST-102182,2026-03,333.8,45,63.4,2789
CUST-102182,2026-04,414.6,59,33.7,3427
CUST-102182,2026-05,379.6,51,53.9,3696
CUST-102182,2026-06,458.0,66,61.4,5109
CUST-102182,2026-07,398.2,52,57.0,3900
CUST-102182,2026-08,374.7,66,65.5,3428
CUST-102183,2026-03,79.9,8,70.5,713
CUST-102183,2026-04,89.8,15,83.3,931
CUST-102183,2026-05,86.1,10,69.7,832
CUST-102183,2026-06,68.6,11,50.4,786
CUST-102183,2026-07,76.5,10,47.6,624
CUST-102183,2026-08,80.4,13,43.1,826
CUST-102184,2026-03,376.7,58,56.3,2921
CUST-102184,2026-04,389.0,62,39.4,3743
CUST-102184,2026-05,343.3,53,56.1,2970
CUST-102184,2026-06,347.0,50,63.0,3584
CUST-102184,2026-07,267.7,40,37.5,2517
CUST-102184,2026-08,233.5,37,15.3,1381
CUST-102185,2026-03,881.0,129,50.2,7014
CUST-102185,2026-04,1070.6,153,68.5,8566
CUST-102185,2026-05,799.8,112,67.1,8927
CUST-102185,2026-06,1039.8,155,51.3,9050
CUST-102185,2026-07,930.9,131,43.7,9740
CUST-102185,2026-08,852.5,130,47.0,7616
CUST-102186,2026-03,82.8,11,62.8,1052
CUST-102186,2026-04,69.3,12,54.4,562
CUST-102186,2026-05,61.9,10,28.3,476
CUST-102186,2026-06,47.3,4,46.0,428
CUST-102186,2026-07,35.9,1,37.6,433
CUST-102186,2026-08,38.2,6,29.4,142
CUST-102187,2026-03,76.7,14,69.7,560
CUST-102187,2026-04,89.2,9,25.9,766
CUST-102187,2026-05,80.0,6,51.8,879
CUST-102187,2026-06,73.2,4,61.3,551
CUST-102187,2026-07,76.8,10,48.3,656
CUST-102187,2026-08,96.3,10,55.3,838
CUST-102188,2026-03,186.0,27,28.6,1905
CUST-102188,2026-04,167.2,28,34.9,2196
CUST-102188,2026-05,150.8,31,48.5,1593
CUST-102188,2026-06,156.6,19,46.4,1615
CUST-102188,2026-07,127.6,15,65.7,1810
CUST-102188,2026-08,135.5,21,61.8,1376
CUST-102189,2026-03,180.0,24,60.3,1743
CUST-102189,2026-04,157.4,23,80.8,1227
CUST-102189,2026-05,143.7,21,54.4,1129
CUST-102189,2026-06,127.9,13,45.6,884
CUST-102189,2026-07,101.6,10,26.9,1134
CUST-102189,2026-08,88.9,11,32.5,838
CUST-102190,2026-03,202.5,26,53.1,1127
CUST-102190,2026-04,183.5,20,53.1,1469
CUST-102190,2026-05,161.2,25,52.1,1538
CUST-102190,2026-06,175.4,19,55.4,1562
CUST-102190,2026-07,177.1,23,76.3,980
CUST-102190,2026-08,219.4,26,51.6,1685
CUST-102191,2026-03,419.2,56,52.7,4847
CUST-102191,2026-04,346.4,45,68.6,3022
CUST-102191,2026-05,327.0,43,25.7,2170
CUST-102191,2026-06,319.7,45,40.0,2976
CUST-102191,2026-07,217.6,19,51.9,2072
CUST-102191,2026-08,208.1,29,20.1,1889
CUST-102192,2026-03,184.5,27,63.6,1473
CUST-102192,2026-04,207.0,29,53.2,2123
CUST-102192,2026-05,194.7,27,49.0,1084
CUST-102192,2026-06,162.3,24,78.9,1582
CUST-102192,2026-07,217.3,32,51.8,2871
CUST-102192,2026-08,194.9,31,45.5,2308
CUST-102193,2026-03,180.5,20,67.8,1877
CUST-102193,2026-04,136.0,16,64.1,1584
CUST-102193,2026-05,107.9,7,54.8,1025
CUST-102193,2026-06,94.6,15,55.6,637
CUST-102193,2026-07,96.6,21,55.3,916
CUST-102193,2026-08,85.5,12,30.3,543
CUST-102194,2026-03,79.9,2,64.9,714
CUST-102194,2026-04,64.3,12,59.0,443
CUST-102194,2026-05,67.2,16,36.5,666
CUST-102194,2026-06,57.2,14,32.3,489
CUST-102194,2026-07,54.5,6,28.5,586
CUST-102194,2026-08,42.0,6,37.3,423
CUST-102195,2026-03,81.6,12,50.2,624
CUST-102195,2026-04,82.4,15,36.7,609
CUST-102195,2026-05,86.7,14,56.0,859
CUST-102195,2026-06,80.2,8,57.7,722
CUST-102195,2026-07,77.6,9,41.0,587
CUST-102195,2026-08,89.0,18,59.4,929
CUST-102196,2026-03,183.1,23,66.4,1821
CUST-102196,2026-04,163.4,21,59.1,1430
CUST-102196,2026-05,143.3,21,64.3,1596
CUST-102196,2026-06,147.6,19,45.9,1369
CUST-102196,2026-07,146.6,16,42.2,1460
CUST-102196,2026-08,88.6,13,53.0,818
CUST-102197,2026-03,170.5,28,61.0,1532
CUST-102197,2026-04,196.7,24,52.2,1493
CUST-102197,2026-05,180.0,31,70.5,1421
CUST-102197,2026-06,182.6,21,41.8,1574
CUST-102197,2026-07,145.8,24,41.3,1294
CUST-102197,2026-08,144.4,17,47.8,1369
CUST-102198,2026-03,76.1,14,53.8,816
CUST-102198,2026-04,79.1,11,37.2,832
CUST-102198,2026-05,76.3,6,57.1,874
CUST-102198,2026-06,69.1,19,48.4,638
CUST-102198,2026-07,69.9,6,40.0,675
CUST-102198,2026-08,49.5,11,28.8,562
CUST-102199,2026-03,383.2,55,49.5,3604
CUST-102199,2026-04,411.1,55,52.3,2395
CUST-102199,2026-05,420.4,62,69.1,3443
CUST-102199,2026-06,350.7,53,57.3,3088
CUST-102199,2026-07,431.3,58,23.4,3313
CUST-102199,2026-08,390.5,51,33.6,3107
CUST-102200,2026-03,74.7,9,49.6,456
CUST-102200,2026-04,83.8,14,61.2,653
CUST-102200,2026-05,99.4,16,52.0,1015
CUST-102200,2026-06,76.0,8,57.9,827
CUST-102200,2026-07,78.2,13,48.4,871
CUST-102200,2026-08,77.6,19,52.0,646
CUST-102201,2026-03,175.7,23,40.8,1475
CUST-102201,2026-04,170.5,18,43.3,1873
CUST-102201,2026-05,160.8,23,73.9,1532
CUST-102201,2026-06,200.4,27,77.8,1513
CUST-102201,2026-07,216.2,23,56.9,2172
CUST-102201,2026-08,173.5,27,30.0,1859
CUST-102202,2026-03,180.2,28,59.2,1709
CUST-102202,2026-04,134.9,19,54.6,1147
CUST-102202,2026-05,155.0,14,48.6,1206
CUST-102202,2026-06,143.3,28,53.6,1015
CUST-102202,2026-07,153.2,21,52.9,1516
CUST-102202,2026-08,79.9,9,35.3,759
CUST-102203,2026-03,878.6,124,71.9,8342
CUST-102203,2026-04,958.8,136,63.3,9316
CUST-102203,2026-05,1071.7,155,66.5,9234
CUST-102203,2026-06,895.7,130,52.1,8766
CUST-102203,2026-07,919.7,132,36.3,8417
CUST-102203,2026-08,1012.8,140,63.0,9157
CUST-102204,2026-03,86.4,10,44.0,685
CUST-102204,2026-04,81.3,15,60.5,745
CUST-102204,2026-05,90.1,18,48.5,829
CUST-102204,2026-06,73.7,3,57.6,664
CUST-102204,2026-07,84.1,16,39.8,623
CUST-102204,2026-08,91.3,13,51.1,833
CUST-102205,2026-03,328.5,48,60.0,3473
CUST-102205,2026-04,349.6,45,53.0,4170
CUST-102205,2026-05,271.9,37,51.0,2868
CUST-102205,2026-06,230.0,32,47.7,1793
CUST-102205,2026-07,233.3,32,21.0,2529
CUST-102205,2026-08,206.5,29,17.5,2055
CUST-102206,2026-03,852.8,121,39.3,8138
CUST-102206,2026-04,1075.6,148,72.7,11245
CUST-102206,2026-05,876.5,128,66.9,5445
CUST-102206,2026-06,829.9,121,39.2,8166
CUST-102206,2026-07,806.0,121,65.2,8805
CUST-102206,2026-08,905.4,131,55.3,7738
CUST-102207,2026-03,970.2,134,59.9,8138
CUST-102207,2026-04,854.6,115,47.2,7023
CUST-102207,2026-05,880.3,120,47.4,7418
CUST-102207,2026-06,841.0,124,62.7,9644
CUST-102207,2026-07,872.0,123,33.8,8364
CUST-102207,2026-08,759.7,100,52.1,6163
CUST-102208,2026-03,81.3,7,57.2,673
CUST-102208,2026-04,82.1,19,68.7,696
CUST-102208,2026-05,68.2,10,43.5,696
CUST-102208,2026-06,86.8,19,74.9,720
CUST-102208,2026-07,80.2,12,55.2,724
CUST-102208,2026-08,92.3,15,72.6,859
CUST-102209,2026-03,84.1,9,47.5,850
CUST-102209,2026-04,73.7,16,41.3,795
CUST-102209,2026-05,60.4,6,63.4,683
CUST-102209,2026-06,68.8,14,57.5,562
CUST-102209,2026-07,46.3,6,54.3,424
CUST-102209,2026-08,45.5,7,35.9,289
CUST-102210,2026-03,78.5,19,52.8,834
CUST-102210,2026-04,76.2,10,71.9,573
CUST-102210,2026-05,79.6,15,62.7,803
CUST-102210,2026-06,85.4,14,51.9,558
CUST-102210,2026-07,83.5,7,46.3,748
CUST-102210,2026-08,95.2,12,56.9,822
CUST-102211,2026-03,174.4,25,54.7,2003
CUST-102211,2026-04,152.6,24,55.9,1016
CUST-102211,2026-05,174.0,22,71.5,1035
CUST-102211,2026-06,184.9,33,58.8,1522
CUST-102211,2026-07,147.9,17,66.8,1525
CUST-102211,2026-08,169.2,24,54.9,1066
CUST-102212,2026-03,342.0,55,65.1,3109
CUST-102212,2026-04,437.4,68,45.2,3730
CUST-102212,2026-05,408.2,53,47.7,3808
CUST-102212,2026-06,409.3,59,57.1,3254
CUST-102212,2026-07,420.6,58,72.8,3048
CUST-102212,2026-08,432.5,64,37.2,2540
CUST-102213,2026-03,420.7,69,34.5,2899
CUST-102213,2026-04,411.1,57,57.0,4128
CUST-102213,2026-05,421.1,56,62.4,2958
CUST-102213,2026-06,378.7,53,70.2,4666
CUST-102213,2026-07,380.5,58,37.0,3930
CUST-102213,2026-08,378.5,48,33.5,1961
CUST-102214,2026-03,392.5,64,49.2,3129
CUST-102214,2026-04,348.5,47,65.1,3231
CUST-102214,2026-05,324.3,45,56.7,3088
CUST-102214,2026-06,322.6,52,37.1,2270
CUST-102214,2026-07,328.9,48,53.6,4307
CUST-102214,2026-08,303.1,38,63.2,3303
CUST-102215,2026-03,390.1,59,57.0,4657
CUST-102215,2026-04,471.4,71,77.1,4224
CUST-102215,2026-05,337.2,57,50.6,2543
CUST-102215,2026-06,401.5,56,44.3,4223
CUST-102215,2026-07,386.6,53,45.1,2597
CUST-102215,2026-08,440.5,68,38.1,3610
CUST-102216,2026-03,166.8,23,53.6,1329
CUST-102216,2026-04,172.8,24,65.2,1740
CUST-102216,2026-05,171.5,17,46.9,1357
CUST-102216,2026-06,128.9,24,30.7,1050
CUST-102216,2026-07,98.9,15,41.8,887
CUST-102216,2026-08,126.4,16,38.1,1124
CUST-102217,2026-03,169.7,28,63.5,1701
CUST-102217,2026-04,147.7,18,56.8,1411
CUST-102217,2026-05,135.4,25,62.8,1351
CUST-102217,2026-06,137.0,18,59.8,1306
CUST-102217,2026-07,107.1,9,35.8,1058
CUST-102217,2026-08,91.6,9,33.8,987
CUST-102218,2026-03,90.9,6,51.9,704
CUST-102218,2026-04,84.8,14,33.8,956
CUST-102218,2026-05,82.4,15,49.1,855
CUST-102218,2026-06,89.8,6,62.5,797
CUST-102218,2026-07,77.4,12,59.9,634
CUST-102218,2026-08,85.4,7,52.1,717
CUST-102219,2026-03,390.1,55,81.5,3275
CUST-102219,2026-04,359.9,50,41.9,3014
CUST-102219,2026-05,366.3,55,56.3,4151
CUST-102219,2026-06,391.6,56,39.7,4114
CUST-102219,2026-07,406.0,57,42.2,4154
CUST-102219,2026-08,352.2,51,33.0,3795
CUST-102220,2026-03,397.6,60,67.9,3359
CUST-102220,2026-04,386.1,49,63.9,3878
CUST-102220,2026-05,367.1,58,49.7,3426
CUST-102220,2026-06,378.7,60,47.1,2638
CUST-102220,2026-07,457.7,63,32.0,4739
CUST-102220,2026-08,358.7,46,48.2,3961
CUST-102221,2026-03,366.3,57,40.9,1928
CUST-102221,2026-04,340.5,46,45.9,3606
CUST-102221,2026-05,316.7,45,46.8,3597
CUST-102221,2026-06,318.6,45,29.7,2535
CUST-102221,2026-07,261.1,38,55.4,1797
CUST-102221,2026-08,206.9,27,40.9,1803
CUST-102222,2026-03,77.1,13,47.8,660
CUST-102222,2026-04,88.5,7,61.0,546
CUST-102222,2026-05,100.1,11,52.3,1232
CUST-102222,2026-06,76.9,16,51.1,741
CUST-102222,2026-07,92.8,10,62.9,788
CUST-102222,2026-08,76.4,13,67.4,745
CUST-102223,2026-03,187.0,25,49.9,1444
CUST-102223,2026-04,155.1,19,54.4,1242
CUST-102223,2026-05,129.0,25,59.3,1089
CUST-102223,2026-06,117.2,14,42.6,504
CUST-102223,2026-07,110.6,9,30.4,1015
CUST-102223,2026-08,85.3,17,44.1,848
CUST-102224,2026-03,175.4,21,50.0,1659
CUST-102224,2026-04,179.9,25,47.6,2017
CUST-102224,2026-05,163.7,16,51.7,1643
CUST-102224,2026-06,134.4,15,49.2,645
CUST-102224,2026-07,139.0,19,25.5,1389
CUST-102224,2026-08,95.9,20,60.3,1148
CUST-102225,2026-03,169.6,22,38.1,1474
CUST-102225,2026-04,172.9,24,37.4,1614
CUST-102225,2026-05,193.7,32,49.4,1927
CUST-102225,2026-06,167.7,18,59.8,1789
CUST-102225,2026-07,175.3,20,67.1,1666
CUST-102225,2026-08,193.6,30,61.3,1391
CUST-102226,2026-03,161.6,20,70.1,950
CUST-102226,2026-04,152.8,21,32.8,1452
CUST-102226,2026-05,181.3,26,43.2,1450
CUST-102226,2026-06,146.7,20,56.4,1027
CUST-102226,2026-07,118.9,22,47.3,932
CUST-102226,2026-08,103.1,13,23.2,1063
CUST-102227,2026-03,89.4,13,78.6,913
CUST-102227,2026-04,72.4,8,69.8,492
CUST-102227,2026-05,81.1,14,65.5,448
CUST-102227,2026-06,87.8,12,41.2,874
CUST-102227,2026-07,102.5,18,53.1,1065
CUST-102227,2026-08,77.2,12,35.7,609
CUST-102228,2026-03,79.6,11,65.6,753
CUST-102228,2026-04,69.3,12,61.8,513
CUST-102228,2026-05,65.5,15,30.4,522
CUST-102228,2026-06,56.4,6,48.9,455
CUST-102228,2026-07,62.8,8,41.3,567
CUST-102228,2026-08,28.4,5,60.1,180
CUST-102229,2026-03,179.9,28,43.0,1327
CUST-102229,2026-04,135.1,23,52.2,1007
CUST-102229,2026-05,167.1,19,49.7,904
CUST-102229,2026-06,147.5,17,42.1,1437
CUST-102229,2026-07,132.0,22,45.9,1075
CUST-102229,2026-08,150.1,22,47.1,1150
CUST-102230,2026-03,204.2,33,39.7,2039
CUST-102230,2026-04,163.7,19,44.9,1518
CUST-102230,2026-05,152.3,25,60.0,866
CUST-102230,2026-06,173.2,20,54.6,1325
CUST-102230,2026-07,146.9,13,50.1,1696
CUST-102230,2026-08,168.6,19,60.9,847
CUST-102231,2026-03,191.8,35,60.1,1647
CUST-102231,2026-04,152.4,11,52.5,1519
CUST-102231,2026-05,125.7,10,51.9,1160
CUST-102231,2026-06,128.8,18,56.4,1526
CUST-102231,2026-07,149.1,29,55.0,934
CUST-102231,2026-08,136.2,20,40.9,1091
CUST-102232,2026-03,146.9,19,61.1,1035
CUST-102232,2026-04,189.6,28,59.1,1559
CUST-102232,2026-05,171.3,25,62.8,1250
CUST-102232,2026-06,200.7,31,69.6,2015
CUST-102232,2026-07,150.6,21,51.0,1027
CUST-102232,2026-08,202.3,26,52.6,1925
CUST-102233,2026-03,89.2,11,63.5,954
CUST-102233,2026-04,81.6,12,37.5,1041
CUST-102233,2026-05,75.6,13,54.6,514
CUST-102233,2026-06,69.2,4,57.1,592
CUST-102233,2026-07,85.1,9,72.4,678
CUST-102233,2026-08,77.9,4,55.2,872
CUST-102234,2026-03,76.9,4,67.0,1095
CUST-102234,2026-04,58.9,7,56.0,400
CUST-102234,2026-05,64.1,24,50.5,548
CUST-102234,2026-06,57.0,8,16.9,567
CUST-102234,2026-07,66.7,10,33.1,653
CUST-102234,2026-08,53.3,10,53.3,521
CUST-102235,2026-03,74.5,6,38.3,719
CUST-102235,2026-04,79.8,8,33.5,668
CUST-102235,2026-05,78.1,16,55.3,682
CUST-102235,2026-06,62.0,4,39.6,679
CUST-102235,2026-07,72.3,7,45.3,421
CUST-102235,2026-08,89.6,20,52.1,1222
CUST-102236,2026-03,171.3,31,56.2,1801
CUST-102236,2026-04,189.8,27,70.6,1165
CUST-102236,2026-05,186.8,29,50.3,2135
CUST-102236,2026-06,169.1,29,48.8,1081
CUST-102236,2026-07,208.5,31,41.8,1510
CUST-102236,2026-08,203.5,24,47.0,1658
CUST-102237,2026-03,189.0,15,49.8,1907
CUST-102237,2026-04,169.8,28,41.5,1833
CUST-102237,2026-05,155.9,20,54.3,1792
CUST-102237,2026-06,173.4,20,53.4,1764
CUST-102237,2026-07,138.9,20,64.5,1628
CUST-102237,2026-08,138.4,18,58.5,1457
CUST-102238,2026-03,189.6,19,44.6,1349
CUST-102238,2026-04,156.4,23,17.9,1492
CUST-102238,2026-05,148.5,20,34.1,1377
CUST-102238,2026-06,150.9,19,41.1,1484
CUST-102238,2026-07,122.6,13,44.2,1342
CUST-102238,2026-08,148.2,25,44.3,1477
CUST-102239,2026-03,148.9,26,63.7,1665
CUST-102239,2026-04,203.3,28,54.0,2182
CUST-102239,2026-05,183.7,27,56.8,1868
CUST-102239,2026-06,191.2,31,57.5,1629
CUST-102239,2026-07,179.3,19,45.4,1385
CUST-102239,2026-08,155.1,29,60.0,1404
CUST-102240,2026-03,80.4,7,47.8,577
CUST-102240,2026-04,74.8,10,70.1,560
CUST-102240,2026-05,82.0,7,51.4,883
CUST-102240,2026-06,76.0,18,87.8,672
CUST-102240,2026-07,81.8,7,57.9,757
CUST-102240,2026-08,84.7,16,77.6,820
CUST-102241,2026-03,864.6,123,26.2,7936
CUST-102241,2026-04,775.8,103,38.5,4647
CUST-102241,2026-05,857.6,129,51.7,6890
CUST-102241,2026-06,780.1,110,48.4,6671
CUST-102241,2026-07,809.8,110,61.7,7326
CUST-102241,2026-08,751.2,108,36.1,5801
CUST-102242,2026-03,161.9,26,58.1,2121
CUST-102242,2026-04,180.7,19,57.8,1819
CUST-102242,2026-05,195.7,26,59.4,1604
CUST-102242,2026-06,149.2,25,34.9,1299
CUST-102242,2026-07,178.5,24,43.0,1840
CUST-102242,2026-08,127.1,25,39.9,1343
CUST-102243,2026-03,84.6,10,56.8,582
CUST-102243,2026-04,92.9,15,62.1,789
CUST-102243,2026-05,88.9,7,42.5,638
CUST-102243,2026-06,68.0,6,47.6,739
CUST-102243,2026-07,75.0,10,40.5,532
CUST-102243,2026-08,85.5,9,40.3,903
CUST-102244,2026-03,312.9,38,65.7,3898
CUST-102244,2026-04,352.3,56,66.0,2583
CUST-102244,2026-05,329.3,45,41.4,2146
CUST-102244,2026-06,343.4,48,49.7,3785
CUST-102244,2026-07,451.6,64,73.9,3452
CUST-102244,2026-08,346.5,43,85.2,3169
CUST-102245,2026-03,163.1,19,70.0,1165
CUST-102245,2026-04,159.3,21,35.1,1660
CUST-102245,2026-05,128.6,23,43.0,1481
CUST-102245,2026-06,176.7,23,43.2,1489
CUST-102245,2026-07,188.7,28,77.2,1969
CUST-102245,2026-08,157.0,24,43.5,1287
CUST-102246,2026-03,390.7,57,53.4,3985
CUST-102246,2026-04,413.6,58,63.3,3309
CUST-102246,2026-05,390.6,58,72.6,3048
CUST-102246,2026-06,378.3,55,61.5,3619
CUST-102246,2026-07,386.7,57,49.9,3556
CUST-102246,2026-08,400.7,56,56.9,2223
CUST-102247,2026-03,182.2,21,55.5,1442
CUST-102247,2026-04,183.0,25,56.2,1183
CUST-102247,2026-05,176.5,29,70.8,1691
CUST-102247,2026-06,161.3,19,68.9,1895
CUST-102247,2026-07,184.1,25,41.3,1260
CUST-102247,2026-08,185.4,26,61.6,1659
CUST-102248,2026-03,408.6,60,64.2,3713
CUST-102248,2026-04,324.8,34,67.4,3580
CUST-102248,2026-05,371.1,56,37.9,3835
CUST-102248,2026-06,365.1,47,54.2,2141
CUST-102248,2026-07,369.3,47,68.0,3679
CUST-102248,2026-08,407.3,60,53.7,4463
CUST-102249,2026-03,357.2,49,49.5,2477
CUST-102249,2026-04,329.9,48,79.3,2814
CUST-102249,2026-05,292.7,39,49.5,3536
CUST-102249,2026-06,281.3,49,51.1,2453
CUST-102249,2026-07,361.7,54,64.9,1603
CUST-102249,2026-08,297.2,43,42.5,2884
CUST-102250,2026-03,374.8,46,36.3,2574
CUST-102250,2026-04,397.9,52,65.3,3714
CUST-102250,2026-05,407.8,54,53.3,3465
CUST-102250,2026-06,379.4,49,62.8,4085
CUST-102250,2026-07,442.6,66,49.8,3986
CUST-102250,2026-08,388.7,56,54.2,2423
CUST-102251,2026-03,190.6,26,58.5,2051
CUST-102251,2026-04,204.3,29,42.1,1298
CUST-102251,2026-05,149.2,17,30.9,1318
CUST-102251,2026-06,96.7,15,46.6,1127
CUST-102251,2026-07,76.4,14,55.2,635
CUST-102251,2026-08,85.2,5,35.8,543
CUST-102252,2026-03,203.5,25,63.3,2068
CUST-102252,2026-04,182.5,24,41.7,1318
CUST-102252,2026-05,174.3,21,44.6,1633
CUST-102252,2026-06,150.3,23,55.8,829
CUST-102252,2026-07,99.3,9,48.4,694
CUST-102252,2026-08,93.6,12,58.7,949
CUST-102253,2026-03,82.5,6,48.0,820
CUST-102253,2026-04,80.6,8,49.3,684
CUST-102253,2026-05,72.3,13,21.7,709
CUST-102253,2026-06,52.1,12,25.0,465
CUST-102253,2026-07,66.9,4,61.4,593
CUST-102253,2026-08,46.2,3,37.3,476
CUST-102254,2026-03,172.5,28,34.2,1422
CUST-102254,2026-04,181.2,22,36.3,1808
CUST-102254,2026-05,175.1,25,62.2,1042
CUST-102254,2026-06,170.1,25,44.0,1519
CUST-102254,2026-07,138.2,16,77.0,1128
CUST-102254,2026-08,140.1,24,43.2,1322
CUST-102255,2026-03,182.3,26,80.4,1887
CUST-102255,2026-04,169.8,17,35.2,1106
CUST-102255,2026-05,177.3,27,39.0,2100
CUST-102255,2026-06,212.5,33,57.3,1859
CUST-102255,2026-07,212.2,34,69.6,1862
CUST-102255,2026-08,194.9,28,63.2,2500
CUST-102256,2026-03,402.3,57,51.3,4200
CUST-102256,2026-04,276.0,45,35.1,2422
CUST-102256,2026-05,354.8,51,73.7,2072
CUST-102256,2026-06,225.2,31,64.6,2657
CUST-102256,2026-07,260.1,33,46.4,2666
CUST-102256,2026-08,164.4,23,33.5,1277
CUST-102257,2026-03,388.2,62,57.8,3948
CUST-102257,2026-04,296.7,41,48.2,3166
CUST-102257,2026-05,283.9,42,47.3,2595
CUST-102257,2026-06,263.4,31,61.2,3360
CUST-102257,2026-07,220.4,33,52.7,2183
CUST-102257,2026-08,237.3,35,48.6,1884
CUST-102258,2026-03,409.2,65,37.9,3413
CUST-102258,2026-04,431.4,68,70.9,3719
CUST-102258,2026-05,418.7,56,53.0,4019
CUST-102258,2026-06,412.1,61,68.7,4489
CUST-102258,2026-07,362.2,54,77.7,3520
CUST-102258,2026-08,403.5,62,39.6,4030
CUST-102259,2026-03,395.9,53,55.8,3859
CUST-102259,2026-04,360.9,58,61.2,2901
CUST-102259,2026-05,397.8,59,66.0,3123
CUST-102259,2026-06,367.0,56,63.5,3631
CUST-102259,2026-07,408.9,56,52.3,3877
CUST-102259,2026-08,406.4,64,46.1,3302
CUST-102260,2026-03,198.0,32,53.8,1737
CUST-102260,2026-04,174.2,32,66.8,1862
CUST-102260,2026-05,172.0,25,56.3,1529
CUST-102260,2026-06,154.8,19,45.6,1587
CUST-102260,2026-07,198.9,23,67.8,1345
CUST-102260,2026-08,171.0,27,70.4,1400
CUST-102261,2026-03,79.1,10,52.3,627
CUST-102261,2026-04,74.8,16,36.2,713
CUST-102261,2026-05,71.2,8,48.0,554
CUST-102261,2026-06,65.6,10,58.0,398
CUST-102261,2026-07,41.8,1,39.3,504
CUST-102261,2026-08,54.8,11,52.7,468
CUST-102262,2026-03,410.7,50,66.2,3945
CUST-102262,2026-04,376.6,59,44.2,3657
CUST-102262,2026-05,374.2,60,31.4,4240
CUST-102262,2026-06,427.4,58,63.9,4401
CUST-102262,2026-07,385.9,55,41.4,3518
CUST-102262,2026-08,378.1,45,57.1,2033
CUST-102263,2026-03,180.4,31,39.9,1473
CUST-102263,2026-04,180.8,18,31.4,2162
CUST-102263,2026-05,193.5,31,47.7,1100
CUST-102263,2026-06,182.8,26,51.1,2217
CUST-102263,2026-07,206.9,26,32.0,1927
CUST-102263,2026-08,177.0,23,43.7,1413
CUST-102264,2026-03,164.5,29,46.7,1725
CUST-102264,2026-04,160.0,22,56.6,1940
CUST-102264,2026-05,173.0,29,63.6,1864
CUST-102264,2026-06,188.1,30,53.4,1271
CUST-102264,2026-07,169.3,22,54.0,1676
CUST-102264,2026-08,178.0,34,59.4,1569
CUST-102265,2026-03,184.6,25,79.2,1577
CUST-102265,2026-04,196.2,26,50.0,2108
CUST-102265,2026-05,181.6,19,58.1,1803
CUST-102265,2026-06,175.6,23,57.3,1629
CUST-102265,2026-07,172.6,28,55.7,1341
CUST-102265,2026-08,172.8,19,70.6,1227
CUST-102266,2026-03,183.5,22,47.9,1573
CUST-102266,2026-04,186.9,24,66.7,1470
CUST-102266,2026-05,191.4,27,55.5,1314
CUST-102266,2026-06,164.1,23,61.0,1475
CUST-102266,2026-07,175.8,24,62.3,1986
CUST-102266,2026-08,203.3,30,58.8,1335
CUST-102267,2026-03,81.7,6,53.9,819
CUST-102267,2026-04,77.8,11,45.6,608
CUST-102267,2026-05,55.3,1,61.4,572
CUST-102267,2026-06,80.0,12,38.3,690
CUST-102267,2026-07,66.4,9,52.4,805
CUST-102267,2026-08,68.9,18,44.3,669
CUST-102268,2026-03,82.8,8,66.3,656
CUST-102268,2026-04,91.6,11,69.4,1170
CUST-102268,2026-05,71.4,21,35.6,635
CUST-102268,2026-06,93.6,13,51.6,892
CUST-102268,2026-07,86.4,18,64.2,1036
CUST-102268,2026-08,65.4,1,69.3,631
CUST-102269,2026-03,400.7,58,46.8,4305
CUST-102269,2026-04,383.0,56,56.2,3758
CUST-102269,2026-05,466.6,74,43.3,5423
CUST-102269,2026-06,409.9,58,58.4,3427
CUST-102269,2026-07,419.8,53,59.5,3749
CUST-102269,2026-08,414.1,59,41.5,3293
CUST-102270,2026-03,71.7,15,53.0,623
CUST-102270,2026-04,73.9,14,67.2,696
CUST-102270,2026-05,61.0,1,46.0,478
CUST-102270,2026-06,56.0,2,54.5,657
CUST-102270,2026-07,50.3,9,34.7,431
CUST-102270,2026-08,44.0,12,21.0,418
CUST-102271,2026-03,189.3,26,59.6,1466
CUST-102271,2026-04,204.1,26,70.0,1991
CUST-102271,2026-05,173.3,25,46.2,1847
CUST-102271,2026-06,161.4,28,43.9,1471
CUST-102271,2026-07,174.7,18,72.4,2015
CUST-102271,2026-08,185.6,26,46.6,2049
CUST-102272,2026-03,80.5,5,70.0,841
CUST-102272,2026-04,76.6,12,84.7,723
CUST-102272,2026-05,72.6,6,69.4,672
CUST-102272,2026-06,72.4,4,46.0,642
CUST-102272,2026-07,72.1,12,52.4,717
CUST-102272,2026-08,51.7,3,54.0,497
CUST-102273,2026-03,86.4,14,62.5,851
CUST-102273,2026-04,77.4,15,43.2,728
CUST-102273,2026-05,77.9,13,56.4,701
CUST-102273,2026-06,94.6,6,56.2,947
CUST-102273,2026-07,79.2,7,69.8,777
CUST-102273,2026-08,71.8,3,60.7,672
CUST-102274,2026-03,175.7,25,42.6,1716
CUST-102274,2026-04,192.1,31,51.7,946
CUST-102274,2026-05,158.7,25,43.9,1677
CUST-102274,2026-06,193.3,25,39.2,2178
CUST-102274,2026-07,208.8,29,48.7,2126
CUST-102274,2026-08,144.3,20,44.2,1160
CUST-102275,2026-03,187.2,30,58.6,1776
CUST-102275,2026-04,178.2,32,64.8,1902
CUST-102275,2026-05,165.5,25,59.7,1198
CUST-102275,2026-06,186.6,28,51.5,1786
CUST-102275,2026-07,193.9,21,68.4,1994
CUST-102275,2026-08,169.0,20,62.9,1536
CUST-102276,2026-03,186.4,25,35.6,1633
CUST-102276,2026-04,178.3,23,67.5,1653
CUST-102276,2026-05,179.9,21,40.2,1790
CUST-102276,2026-06,182.0,29,55.6,1985
CUST-102276,2026-07,191.5,23,48.9,1952
CUST-102276,2026-08,194.4,24,28.5,2656
CUST-102277,2026-03,154.4,25,41.0,1451
CUST-102277,2026-04,187.9,32,59.4,1723
CUST-102277,2026-05,130.4,27,38.1,1530
CUST-102277,2026-06,133.6,12,31.7,1620
CUST-102277,2026-07,128.9,18,32.0,1333
CUST-102277,2026-08,95.4,21,50.5,709
CUST-102278,2026-03,800.0,114,48.3,6973
CUST-102278,2026-04,821.0,124,57.6,8729
CUST-102278,2026-05,874.7,120,55.4,5456
CUST-102278,2026-06,888.1,128,35.6,8727
CUST-102278,2026-07,924.5,128,61.2,8512
CUST-102278,2026-08,981.5,144,47.8,9660
CUST-102279,2026-03,190.1,19,53.2,1920
CUST-102279,2026-04,172.9,23,53.7,1350
CUST-102279,2026-05,175.3,25,33.4,1292
CUST-102279,2026-06,129.7,18,53.4,1600
CUST-102279,2026-07,91.3,12,71.6,701
CUST-102279,2026-08,95.6,19,56.4,533
CUST-102280,2026-03,398.1,53,50.2,4918
CUST-102280,2026-04,321.0,40,49.7,2137
CUST-102280,2026-05,300.3,40,41.1,2731
CUST-102280,2026-06,227.6,33,35.6,1619
CUST-102280,2026-07,261.9,40,25.7,4019
CUST-102280,2026-08,249.0,36,55.3,2747
CUST-102281,2026-03,344.3,44,88.5,3675
CUST-102281,2026-04,446.7,72,68.4,4523
CUST-102281,2026-05,382.5,51,44.9,3717
CUST-102281,2026-06,386.2,51,55.1,4056
CUST-102281,2026-07,348.6,49,48.2,4146
CUST-102281,2026-08,368.0,54,58.9,3401
CUST-102282,2026-03,171.9,24,36.2,1473
CUST-102282,2026-04,178.4,31,70.6,1702
CUST-102282,2026-05,216.9,28,55.2,1913
CUST-102282,2026-06,184.6,32,54.2,1053
CUST-102282,2026-07,184.8,25,62.4,1486
CUST-102282,2026-08,170.1,23,65.6,1915
CUST-102283,2026-03,90.6,12,52.8,820
CUST-102283,2026-04,74.9,13,64.1,450
CUST-102283,2026-05,78.1,17,78.9,627
CUST-102283,2026-06,86.0,11,58.0,594
CUST-102283,2026-07,75.7,12,77.8,823
CUST-102283,2026-08,71.6,11,78.7,474
CUST-102284,2026-03,173.9,24,39.8,1418
CUST-102284,2026-04,171.4,21,57.4,1874
CUST-102284,2026-05,222.5,29,57.6,1394
CUST-102284,2026-06,174.2,29,63.6,1825
CUST-102284,2026-07,164.1,23,66.7,1251
CUST-102284,2026-08,194.7,24,72.7,1264
CUST-102285,2026-03,187.8,19,45.9,1389
CUST-102285,2026-04,171.9,27,37.4,1717
CUST-102285,2026-05,140.4,17,48.4,1472
CUST-102285,2026-06,151.4,19,45.1,1553
CUST-102285,2026-07,146.5,25,40.3,1427
CUST-102285,2026-08,124.9,13,37.8,1496
CUST-102286,2026-03,83.2,2,32.6,1135
CUST-102286,2026-04,71.9,13,77.7,420
CUST-102286,2026-05,49.6,8,51.2,554
CUST-102286,2026-06,48.2,4,45.2,487
CUST-102286,2026-07,46.6,6,59.0,364
CUST-102286,2026-08,46.0,4,56.0,420
CUST-102287,2026-03,996.6,142,46.8,9955
CUST-102287,2026-04,853.3,126,36.6,7030
CUST-102287,2026-05,926.8,126,43.3,7592
CUST-102287,2026-06,935.4,126,62.2,8644
CUST-102287,2026-07,504.9,72,54.1,4037
CUST-102287,2026-08,596.9,82,49.8,4518
CUST-102288,2026-03,158.9,23,33.9,1205
CUST-102288,2026-04,195.2,26,60.7,2067
CUST-102288,2026-05,174.8,24,58.4,1514
CUST-102288,2026-06,185.8,23,61.0,2241
CUST-102288,2026-07,203.2,31,71.6,2236
CUST-102288,2026-08,184.4,24,48.3,1663
CUST-102289,2026-03,362.4,56,47.9,2940
CUST-102289,2026-04,417.8,54,65.2,4146
CUST-102289,2026-05,340.3,50,48.8,3808
CUST-102289,2026-06,393.7,57,59.6,2377
CUST-102289,2026-07,393.1,53,49.9,4839
CUST-102289,2026-08,402.4,53,45.7,3213
CUST-102290,2026-03,81.8,10,66.6,930
CUST-102290,2026-04,67.6,1,46.4,635
CUST-102290,2026-05,80.6,10,46.1,841
CUST-102290,2026-06,71.4,6,62.3,477
CUST-102290,2026-07,70.2,7,24.1,630
CUST-102290,2026-08,79.4,9,65.0,952
CUST-102291,2026-03,81.4,16,54.3,1130
CUST-102291,2026-04,68.5,8,65.4,495
CUST-102291,2026-05,62.7,6,69.3,664
CUST-102291,2026-06,54.3,9,39.1,522
CUST-102291,2026-07,50.4,7,40.2,448
CUST-102291,2026-08,46.1,2,51.9,473
CUST-102292,2026-03,71.4,10,56.2,520
CUST-102292,2026-04,79.9,6,47.0,968
CUST-102292,2026-05,75.1,8,36.3,581
CUST-102292,2026-06,89.5,14,61.5,900
CUST-102292,2026-07,77.8,10,47.6,728
CUST-102292,2026-08,78.3,4,50.8,572
CUST-102293,2026-03,194.2,28,51.1,2023
CUST-102293,2026-04,168.8,21,54.8,1347
CUST-102293,2026-05,162.9,21,48.2,1402
CUST-102293,2026-06,118.1,18,51.0,1028
CUST-102293,2026-07,154.8,20,49.4,1733
CUST-102293,2026-08,120.4,8,39.6,974
CUST-102294,2026-03,353.2,57,34.7,2869
CUST-102294,2026-04,429.4,62,55.4,4428
CUST-102294,2026-05,389.6,48,47.3,3926
CUST-102294,2026-06,355.6,45,49.9,2014
CUST-102294,2026-07,349.5,52,32.8,3140
CUST-102294,2026-08,392.9,55,62.9,2990
CUST-102295,2026-03,329.1,39,70.9,2423
CUST-102295,2026-04,420.8,65,57.2,4470
CUST-102295,2026-05,363.6,47,50.5,4233
CUST-102295,2026-06,391.9,59,53.3,5397
CUST-102295,2026-07,471.4,74,51.1,2194
CUST-102295,2026-08,299.4,48,62.0,2491
CUST-102296,2026-03,317.5,41,49.5,2634
CUST-102296,2026-04,406.0,53,60.9,2030
CUST-102296,2026-05,338.7,54,75.0,3719
CUST-102296,2026-06,292.5,48,58.8,3039
CUST-102296,2026-07,475.9,74,51.2,3869
CUST-102296,2026-08,397.8,60,57.5,3307
CUST-102297,2026-03,79.8,12,63.2,785
CUST-102297,2026-04,78.0,1,47.0,622
CUST-102297,2026-05,95.4,12,71.6,890
CUST-102297,2026-06,72.5,8,70.1,640
CUST-102297,2026-07,80.5,10,67.6,649
CUST-102297,2026-08,94.9,11,47.4,517
CUST-102298,2026-03,355.2,56,65.3,2895
CUST-102298,2026-04,423.3,62,41.8,3460
CUST-102298,2026-05,353.9,47,59.9,2844
CUST-102298,2026-06,319.1,42,78.5,3056
CUST-102298,2026-07,292.9,38,51.3,2114
CUST-102298,2026-08,281.5,35,61.4,1892
CUST-102299,2026-03,71.2,8,50.6,646
CUST-102299,2026-04,60.9,10,55.3,586
CUST-102299,2026-05,67.0,10,61.5,739
CUST-102299,2026-06,51.0,4,52.9,614
CUST-102299,2026-07,54.3,3,49.6,347
CUST-102299,2026-08,45.5,1,36.6,475
CUST-102300,2026-03,341.4,49,51.5,4789
CUST-102300,2026-04,387.9,63,25.5,3032
CUST-102300,2026-05,345.4,46,47.2,2334
CUST-102300,2026-06,407.0,64,49.7,3285
CUST-102300,2026-07,432.6,61,66.9,3747
CUST-102300,2026-08,466.7,65,51.3,2666
CUST-102301,2026-03,213.4,28,35.8,1177
CUST-102301,2026-04,193.4,18,44.1,1833
CUST-102301,2026-05,187.5,23,60.0,1939
CUST-102301,2026-06,155.3,18,60.7,1356
CUST-102301,2026-07,152.8,27,61.5,1756
CUST-102301,2026-08,127.6,14,76.0,1067
CUST-102302,2026-03,188.0,29,63.3,1996
CUST-102302,2026-04,190.2,22,69.0,2203
CUST-102302,2026-05,169.9,26,62.6,1482
CUST-102302,2026-06,140.4,16,72.2,1487
CUST-102302,2026-07,141.4,19,57.2,1498
CUST-102302,2026-08,131.6,22,39.2,1079
CUST-102303,2026-03,382.5,52,52.6,3308
CUST-102303,2026-04,352.8,47,48.7,2147
CUST-102303,2026-05,424.8,57,53.1,3585
CUST-102303,2026-06,441.2,60,68.2,3609
CUST-102303,2026-07,333.9,47,70.7,2214
CUST-102303,2026-08,397.9,57,50.5,2971
CUST-102304,2026-03,166.9,18,39.9,1789
CUST-102304,2026-04,163.4,19,50.7,1427
CUST-102304,2026-05,132.7,16,69.2,1240
CUST-102304,2026-06,100.8,14,61.1,775
CUST-102304,2026-07,127.8,10,54.8,1234
CUST-102304,2026-08,87.6,8,45.7,487
CUST-102305,2026-03,179.5,29,62.1,1306
CUST-102305,2026-04,168.3,23,53.3,1383
CUST-102305,2026-05,163.1,23,72.3,1329
CUST-102305,2026-06,179.2,29,62.8,2212
CUST-102305,2026-07,190.0,32,44.1,1806
CUST-102305,2026-08,190.9,29,48.1,1078
CUST-102306,2026-03,421.1,65,24.5,3405
CUST-102306,2026-04,388.3,52,60.2,4375
CUST-102306,2026-05,331.9,41,54.0,2314
CUST-102306,2026-06,298.8,42,34.7,2643
CUST-102306,2026-07,312.7,40,46.2,3615
CUST-102306,2026-08,228.1,31,38.5,2571
CUST-102307,2026-03,160.4,26,34.1,1760
CUST-102307,2026-04,165.8,21,58.4,1861
CUST-102307,2026-05,147.6,15,46.5,958
CUST-102307,2026-06,134.8,19,58.0,1553
CUST-102307,2026-07,125.0,17,34.5,1106
CUST-102307,2026-08,90.5,10,47.0,878
CUST-102308,2026-03,181.8,22,61.1,2116
CUST-102308,2026-04,173.0,24,67.1,1893
CUST-102308,2026-05,144.5,25,47.1,1085
CUST-102308,2026-06,105.2,22,49.3,678
CUST-102308,2026-07,118.0,19,41.9,871
CUST-102308,2026-08,110.9,14,54.7,1007
CUST-102309,2026-03,827.4,109,31.5,9522
CUST-102309,2026-04,847.2,122,49.9,4993
CUST-102309,2026-05,859.4,122,44.7,5465
CUST-102309,2026-06,958.1,133,63.1,8153
CUST-102309,2026-07,834.4,118,40.0,8435
CUST-102309,2026-08,698.4,99,42.4,4801
CUST-102310,2026-03,212.1,30,57.0,2112
CUST-102310,2026-04,161.1,25,65.6,1721
CUST-102310,2026-05,175.7,30,47.3,1320
CUST-102310,2026-06,196.3,28,62.3,1540
CUST-102310,2026-07,174.6,21,47.2,1704
CUST-102310,2026-08,178.0,25,46.2,1593
CUST-102311,2026-03,193.3,30,76.2,2103
CUST-102311,2026-04,153.9,18,30.2,675
CUST-102311,2026-05,145.5,24,35.8,1247
CUST-102311,2026-06,150.1,18,45.1,1410
CUST-102311,2026-07,121.3,22,54.0,795
CUST-102311,2026-08,87.3,15,26.4,675
CUST-102312,2026-03,83.0,15,61.5,786
CUST-102312,2026-04,77.8,12,48.4,945
CUST-102312,2026-05,74.6,7,46.8,667
CUST-102312,2026-06,59.9,10,41.9,608
CUST-102312,2026-07,54.0,8,40.1,641
CUST-102312,2026-08,48.6,9,35.3,447
CUST-102313,2026-03,158.3,25,43.8,1717
CUST-102313,2026-04,150.2,18,64.8,1265
CUST-102313,2026-05,194.6,27,50.4,1557
CUST-102313,2026-06,198.3,32,55.9,1784
CUST-102313,2026-07,199.2,27,38.9,1606
CUST-102313,2026-08,174.9,23,73.9,1585
CUST-102314,2026-03,211.3,27,28.8,1921
CUST-102314,2026-04,195.6,22,58.1,1859
CUST-102314,2026-05,179.0,24,51.0,1281
CUST-102314,2026-06,192.1,26,50.6,1599
CUST-102314,2026-07,197.2,28,49.5,1048
CUST-102314,2026-08,171.2,26,54.8,1625
CUST-102315,2026-03,86.5,11,47.2,1006
CUST-102315,2026-04,77.6,10,76.9,807
CUST-102315,2026-05,79.5,14,51.3,597
CUST-102315,2026-06,76.9,14,57.2,889
CUST-102315,2026-07,81.2,13,57.1,601
CUST-102315,2026-08,62.2,7,56.2,626
CUST-102316,2026-03,866.2,128,57.0,5038
CUST-102316,2026-04,832.8,118,46.0,6240
CUST-102316,2026-05,909.0,128,56.6,8198
CUST-102316,2026-06,1114.6,159,68.5,6837
CUST-102316,2026-07,875.0,119,58.9,7310
CUST-102316,2026-08,780.0,118,60.7,5028
CUST-102317,2026-03,189.8,28,60.8,1726
CUST-102317,2026-04,166.3,21,49.1,1305
CUST-102317,2026-05,162.3,27,57.3,1272
CUST-102317,2026-06,139.3,22,40.0,1179
CUST-102317,2026-07,133.8,25,31.7,864
CUST-102317,2026-08,94.2,12,49.3,1027
CUST-102318,2026-03,379.2,56,55.8,2190
CUST-102318,2026-04,357.2,54,61.0,3109
CUST-102318,2026-05,262.5,38,37.0,2546
CUST-102318,2026-06,283.4,41,65.7,2540
CUST-102318,2026-07,237.3,25,47.1,2382
CUST-102318,2026-08,246.5,36,43.2,1358
CUST-102319,2026-03,177.4,25,54.5,1541
CUST-102319,2026-04,165.5,30,56.1,1787
CUST-102319,2026-05,171.0,21,60.8,1317
CUST-102319,2026-06,205.6,31,57.1,2574
CUST-102319,2026-07,175.9,28,84.0,1390
CUST-102319,2026-08,206.5,24,55.7,1645
CUST-102320,2026-03,70.1,21,53.0,766
CUST-102320,2026-04,92.9,14,56.4,888
CUST-102320,2026-05,74.0,11,58.2,473
CUST-102320,2026-06,70.6,6,73.1,469
CUST-102320,2026-07,81.6,9,38.6,734
CUST-102320,2026-08,88.9,12,54.0,715
CUST-102321,2026-03,170.8,24,36.5,1454
CUST-102321,2026-04,147.3,20,68.7,1741
CUST-102321,2026-05,121.9,19,50.0,1150
CUST-102321,2026-06,144.4,21,64.8,1640
CUST-102321,2026-07,101.0,10,42.6,935
CUST-102321,2026-08,82.1,13,41.4,906
CUST-102322,2026-03,372.2,48,48.7,2990
CUST-102322,2026-04,423.8,61,63.7,3435
CUST-102322,2026-05,337.7,51,38.4,2963
CUST-102322,2026-06,315.3,40,66.9,3568
CUST-102322,2026-07,340.7,46,42.6,2666
CUST-102322,2026-08,326.6,42,35.6,2519
CUST-102323,2026-03,374.6,53,53.2,3388
CUST-102323,2026-04,329.2,47,52.9,3398
CUST-102323,2026-05,329.2,43,57.2,2292
CUST-102323,2026-06,403.7,49,56.9,4108
CUST-102323,2026-07,384.5,49,58.9,3504
CUST-102323,2026-08,249.6,30,43.2,1896
CUST-102324,2026-03,76.7,9,58.8,888
CUST-102324,2026-04,75.7,11,61.5,416
CUST-102324,2026-05,84.9,20,49.0,1037
CUST-102324,2026-06,82.6,11,69.3,812
CUST-102324,2026-07,85.1,10,42.8,911
CUST-102324,2026-08,87.1,11,40.9,731
CUST-102325,2026-03,204.6,30,55.6,3044
CUST-102325,2026-04,187.6,27,37.2,1531
CUST-102325,2026-05,197.0,30,54.6,2072
CUST-102325,2026-06,211.5,25,51.8,2274
CUST-102325,2026-07,186.0,28,61.3,1510
CUST-102325,2026-08,181.9,29,81.0,2131
CUST-102326,2026-03,964.6,136,54.2,8583
CUST-102326,2026-04,794.3,107,76.9,4518
CUST-102326,2026-05,806.7,116,60.5,4654
CUST-102326,2026-06,783.9,105,61.0,10115
CUST-102326,2026-07,752.1,115,57.2,7885
CUST-102326,2026-08,664.7,97,53.8,7152
CUST-102327,2026-03,74.3,15,50.3,681
CUST-102327,2026-04,63.4,6,57.8,497
CUST-102327,2026-05,73.3,11,77.3,657
CUST-102327,2026-06,66.1,14,29.9,637
CUST-102327,2026-07,55.0,6,43.1,530
CUST-102327,2026-08,47.7,5,32.2,431
CUST-102328,2026-03,185.1,26,54.4,1560
CUST-102328,2026-04,178.0,23,55.4,2094
CUST-102328,2026-05,196.7,32,32.5,1690
CUST-102328,2026-06,218.3,32,51.0,2450
CUST-102328,2026-07,196.1,28,68.7,1598
CUST-102328,2026-08,217.1,25,71.1,2788
CUST-102329,2026-03,939.2,140,54.8,9613
CUST-102329,2026-04,1018.6,140,54.8,10815
CUST-102329,2026-05,1006.3,152,62.8,11328
CUST-102329,2026-06,794.6,110,40.6,7347
CUST-102329,2026-07,833.8,117,56.9,5725
CUST-102329,2026-08,988.8,149,55.2,8644
CUST-102330,2026-03,144.0,17,13.6,1329
CUST-102330,2026-04,187.7,28,41.0,1633
CUST-102330,2026-05,176.3,22,48.5,1336
CUST-102330,2026-06,190.5,25,50.9,1217
CUST-102330,2026-07,181.0,25,45.8,2167
CUST-102330,2026-08,189.3,29,58.4,2132
CUST-102331,2026-03,327.2,50,38.6,2697
CUST-102331,2026-04,376.3,59,75.2,3233
CUST-102331,2026-05,338.2,53,47.2,2873
CUST-102331,2026-06,398.4,52,69.1,4397
CUST-102331,2026-07,336.9,46,59.6,2785
CUST-102331,2026-08,409.2,69,46.0,3145
CUST-102332,2026-03,171.1,26,59.4,1551
CUST-102332,2026-04,162.3,24,43.5,1289
CUST-102332,2026-05,176.1,24,42.2,1689
CUST-102332,2026-06,172.2,21,48.2,1421
CUST-102332,2026-07,163.2,27,64.7,1932
CUST-102332,2026-08,167.9,23,56.2,1709
CUST-102333,2026-03,172.5,22,46.1,1220
CUST-102333,2026-04,166.2,23,63.7,1602
CUST-102333,2026-05,179.0,22,63.4,1777
CUST-102333,2026-06,171.7,26,33.0,1504
CUST-102333,2026-07,157.2,31,38.9,1381
CUST-102333,2026-08,168.6,20,58.6,1758
CUST-102334,2026-03,75.2,12,64.4,584
CUST-102334,2026-04,79.1,17,30.9,806
CUST-102334,2026-05,59.1,1,61.7,542
CUST-102334,2026-06,76.8,18,35.5,521
CUST-102334,2026-07,83.5,12,40.4,642
CUST-102334,2026-08,60.3,5,31.3,479
CUST-102335,2026-03,762.3,112,72.7,7023
CUST-102335,2026-04,860.6,118,69.4,6766
CUST-102335,2026-05,758.2,103,73.7,5390
CUST-102335,2026-06,827.8,118,52.7,5912
CUST-102335,2026-07,769.7,112,37.3,7722
CUST-102335,2026-08,780.6,109,40.5,9065
CUST-102336,2026-03,179.4,23,29.3,1250
CUST-102336,2026-04,158.2,20,69.2,1146
CUST-102336,2026-05,157.1,20,51.1,1560
CUST-102336,2026-06,101.1,19,51.4,524
CUST-102336,2026-07,124.1,24,57.7,1191
CUST-102336,2026-08,82.8,9,44.2,649
CUST-102337,2026-03,880.7,121,63.7,5267
CUST-102337,2026-04,868.0,126,32.8,7508
CUST-102337,2026-05,763.3,106,57.6,4401
CUST-102337,2026-06,657.8,97,50.5,6614
CUST-102337,2026-07,483.3,66,41.7,4721
CUST-102337,2026-08,443.2,59,39.2,4289
CUST-102338,2026-03,360.3,48,40.4,3424
CUST-102338,2026-04,352.7,54,52.0,3624
CUST-102338,2026-05,331.3,55,36.7,3069
CUST-102338,2026-06,419.8,66,57.8,5174
CUST-102338,2026-07,433.4,59,58.8,3377
CUST-102338,2026-08,371.3,47,54.9,3353
CUST-102339,2026-03,191.4,28,46.2,1551
CUST-102339,2026-04,187.2,24,71.6,2573
CUST-102339,2026-05,107.0,20,54.9,1108
CUST-102339,2026-06,116.5,21,42.5,974
CUST-102339,2026-07,114.1,9,43.8,747
CUST-102339,2026-08,93.5,17,55.1,956
CUST-102340,2026-03,388.0,50,46.5,3150
CUST-102340,2026-04,420.2,56,44.7,4435
CUST-102340,2026-05,395.8,53,47.7,2884
CUST-102340,2026-06,388.8,53,65.1,3052
CUST-102340,2026-07,406.7,57,46.4,2968
CUST-102340,2026-08,407.0,56,61.8,1529
CUST-102341,2026-03,177.3,24,64.2,2040
CUST-102341,2026-04,174.9,21,62.7,1427
CUST-102341,2026-05,117.0,14,56.5,1409
CUST-102341,2026-06,130.4,14,78.4,1181
CUST-102341,2026-07,96.7,20,39.4,1002
CUST-102341,2026-08,74.0,10,45.0,771
CUST-102342,2026-03,357.2,49,53.3,3081
CUST-102342,2026-04,337.3,44,45.9,2683
CUST-102342,2026-05,295.5,41,70.2,3143
CUST-102342,2026-06,326.9,39,17.8,2946
CUST-102342,2026-07,224.0,37,50.3,2244
CUST-102342,2026-08,187.1,19,32.2,1694
CUST-102343,2026-03,196.1,36,25.3,1663
CUST-102343,2026-04,171.8,18,63.2,1303
CUST-102343,2026-05,168.9,18,56.3,1355
CUST-102343,2026-06,182.9,20,55.1,1811
CUST-102343,2026-07,206.7,24,79.9,2239
CUST-102343,2026-08,191.5,31,91.4,1756
CUST-102344,2026-03,85.1,11,37.1,1129
CUST-102344,2026-04,80.9,11,85.9,823
CUST-102344,2026-05,79.9,6,66.2,711
CUST-102344,2026-06,80.8,7,53.3,953
CUST-102344,2026-07,89.4,12,40.7,636
CUST-102344,2026-08,72.9,7,60.0,765
CUST-102345,2026-03,78.7,6,45.2,1079
CUST-102345,2026-04,77.8,7,49.6,615
CUST-102345,2026-05,72.5,7,48.7,670
CUST-102345,2026-06,69.2,10,59.0,764
CUST-102345,2026-07,57.7,6,47.9,527
CUST-102345,2026-08,58.6,11,45.0,445
CUST-102346,2026-03,64.3,5,57.9,404
CUST-102346,2026-04,68.5,8,43.8,618
CUST-102346,2026-05,62.5,8,49.8,554
CUST-102346,2026-06,69.7,11,49.0,946
CUST-102346,2026-07,54.2,12,50.7,364
CUST-102346,2026-08,51.0,17,45.3,490
CUST-102347,2026-03,319.2,48,71.5,3338
CUST-102347,2026-04,339.6,47,62.4,2757
CUST-102347,2026-05,363.9,50,62.7,3482
CUST-102347,2026-06,429.2,57,60.4,3293
CUST-102347,2026-07,385.6,54,72.0,4051
CUST-102347,2026-08,367.6,52,77.3,3159
CUST-102348,2026-03,404.2,55,60.8,4353
CUST-102348,2026-04,318.2,47,52.9,2213
CUST-102348,2026-05,344.6,44,68.2,3498
CUST-102348,2026-06,331.1,42,53.5,2007
CUST-102348,2026-07,275.8,32,39.6,2171
CUST-102348,2026-08,213.2,29,51.4,1735
CUST-102349,2026-03,57.7,10,55.3,569
CUST-102349,2026-04,84.3,7,83.7,692
CUST-102349,2026-05,81.0,12,56.6,916
CUST-102349,2026-06,63.4,2,34.9,484
CUST-102349,2026-07,62.8,3,72.3,447
CUST-102349,2026-08,56.4,8,47.4,291
CUST-102350,2026-03,213.9,34,40.4,1543
CUST-102350,2026-04,179.1,26,35.4,1236
CUST-102350,2026-05,160.5,26,56.3,1609
CUST-102350,2026-06,136.6,24,89.0,1645
CUST-102350,2026-07,132.4,16,28.3,1046
CUST-102350,2026-08,130.7,12,69.1,1399
CUST-102351,2026-03,851.3,125,59.4,6764
CUST-102351,2026-04,852.0,125,54.4,6598
CUST-102351,2026-05,904.3,127,67.1,6859
CUST-102351,2026-06,873.6,113,34.4,7184
CUST-102351,2026-07,864.4,120,82.1,7172
CUST-102351,2026-08,894.8,128,52.2,5278
CUST-102352,2026-03,383.4,52,59.9,4514
CUST-102352,2026-04,398.7,52,46.4,4215
CUST-102352,2026-05,380.3,54,49.8,3605
CUST-102352,2026-06,362.3,48,56.4,3878
CUST-102352,2026-07,396.3,56,65.3,2594
CUST-102352,2026-08,418.3,57,46.1,4276
CUST-102353,2026-03,851.5,122,46.6,8219
CUST-102353,2026-04,948.2,130,72.9,9244
CUST-102353,2026-05,711.6,101,45.3,7056
CUST-102353,2026-06,733.2,100,51.0,8522
CUST-102353,2026-07,660.4,89,38.2,6307
CUST-102353,2026-08,377.1,60,50.6,2546
CUST-102354,2026-03,189.1,30,75.6,1266
CUST-102354,2026-04,171.8,21,57.9,1125
CUST-102354,2026-05,184.2,32,73.7,1301
CUST-102354,2026-06,164.2,26,36.6,1475
CUST-102354,2026-07,170.6,23,50.2,1536
CUST-102354,2026-08,164.7,25,46.1,1370
CUST-102355,2026-03,72.5,13,52.3,701
CUST-102355,2026-04,94.6,15,54.8,841
CUST-102355,2026-05,68.8,12,43.1,543
CUST-102355,2026-06,67.1,11,35.4,540
CUST-102355,2026-07,56.2,13,35.3,471
CUST-102355,2026-08,56.0,6,44.8,442
CUST-102356,2026-03,64.6,4,52.4,655
CUST-102356,2026-04,75.1,8,66.8,603
CUST-102356,2026-05,82.6,19,42.8,513
CUST-102356,2026-06,87.3,13,60.9,730
CUST-102356,2026-07,70.1,6,32.3,309
CUST-102356,2026-08,97.6,22,53.4,637
CUST-102357,2026-03,826.5,118,59.1,8590
CUST-102357,2026-04,946.3,141,53.3,8442
CUST-102357,2026-05,961.5,142,43.9,7156
CUST-102357,2026-06,938.2,133,54.1,12512
CUST-102357,2026-07,861.3,123,69.0,7779
CUST-102357,2026-08,921.7,136,78.8,11026
CUST-102358,2026-03,198.0,28,62.1,1280
CUST-102358,2026-04,182.9,20,69.4,1828
CUST-102358,2026-05,201.0,30,73.8,2363
CUST-102358,2026-06,188.2,21,50.7,1855
CUST-102358,2026-07,175.5,24,31.2,1161
CUST-102358,2026-08,194.9,23,60.8,1379
CUST-102359,2026-03,70.4,12,51.9,630
CUST-102359,2026-04,79.0,1,44.4,545
CUST-102359,2026-05,68.4,4,60.6,664
CUST-102359,2026-06,55.6,5,47.7,355
CUST-102359,2026-07,35.8,1,45.9,289
CUST-102359,2026-08,29.5,6,22.9,307
CUST-102360,2026-03,365.0,53,41.8,3937
CUST-102360,2026-04,381.1,55,62.3,2540
CUST-102360,2026-05,459.7,64,25.2,3910
CUST-102360,2026-06,354.4,51,48.0,3906
CUST-102360,2026-07,396.6,55,75.7,2692
CUST-102360,2026-08,415.9,58,56.7,5793
CUST-102361,2026-03,352.9,41,56.1,2739
CUST-102361,2026-04,321.5,40,58.1,3192
CUST-102361,2026-05,363.2,43,37.6,4353
CUST-102361,2026-06,359.5,55,62.0,3934
CUST-102361,2026-07,345.3,45,48.6,3369
CUST-102361,2026-08,328.9,50,66.0,2925
CUST-102362,2026-03,167.8,22,37.7,1668
CUST-102362,2026-04,195.7,21,58.2,1512
CUST-102362,2026-05,186.3,24,61.0,1850
CUST-102362,2026-06,186.5,23,65.0,1838
CUST-102362,2026-07,197.6,25,44.4,1733
CUST-102362,2026-08,177.0,30,63.2,1675
CUST-102363,2026-03,165.2,28,62.3,1429
CUST-102363,2026-04,172.1,23,76.8,1717
CUST-102363,2026-05,150.0,20,49.4,1131
CUST-102363,2026-06,122.0,23,50.5,713
CUST-102363,2026-07,110.3,20,43.0,1263
CUST-102363,2026-08,90.4,6,39.4,671
CUST-102364,2026-03,830.4,123,29.0,8153
CUST-102364,2026-04,885.6,130,45.8,9864
CUST-102364,2026-05,921.0,131,57.8,8465
CUST-102364,2026-06,811.5,113,39.5,7756
CUST-102364,2026-07,563.4,77,27.9,6712
CUST-102364,2026-08,786.1,111,48.9,8772
CUST-102365,2026-03,396.0,55,41.7,3341
CUST-102365,2026-04,393.5,52,44.0,3809
CUST-102365,2026-05,225.6,36,56.8,2249
CUST-102365,2026-06,263.5,40,46.7,2181
CUST-102365,2026-07,237.2,31,23.5,2554
CUST-102365,2026-08,229.8,35,39.8,1769
CUST-102366,2026-03,72.9,4,50.0,653
CUST-102366,2026-04,84.1,15,54.0,692
CUST-102366,2026-05,60.5,12,42.6,675
CUST-102366,2026-06,75.8,8,52.9,808
CUST-102366,2026-07,61.3,4,50.4,501
CUST-102366,2026-08,57.0,10,56.3,514
CUST-102367,2026-03,168.4,24,52.8,1516
CUST-102367,2026-04,184.2,27,57.4,1872
CUST-102367,2026-05,185.6,29,82.9,1986
CUST-102367,2026-06,175.7,31,49.2,1987
CUST-102367,2026-07,180.4,27,69.3,1893
CUST-102367,2026-08,187.0,20,55.2,1327
CUST-102368,2026-03,216.7,28,74.4,1816
CUST-102368,2026-04,167.7,22,58.4,1598
CUST-102368,2026-05,167.0,23,60.1,1984
CUST-102368,2026-06,157.3,22,36.6,1656
CUST-102368,2026-07,166.3,21,50.4,1231
CUST-102368,2026-08,163.0,27,56.7,1904
CUST-102369,2026-03,743.5,96,57.2,5146
CUST-102369,2026-04,939.3,134,63.0,9986
CUST-102369,2026-05,843.7,122,65.3,7335
CUST-102369,2026-06,952.5,133,63.8,8561
CUST-102369,2026-07,857.5,120,46.7,8213
CUST-102369,2026-08,887.4,130,49.8,8641
CUST-102370,2026-03,171.1,28,51.5,1933
CUST-102370,2026-04,153.7,26,42.6,1617
CUST-102370,2026-05,134.9,20,38.4,1888
CUST-102370,2026-06,129.2,19,38.9,1085
CUST-102370,2026-07,102.9,18,44.2,1070
CUST-102370,2026-08,104.3,18,56.4,974
CUST-102371,2026-03,955.2,132,53.7,8519
CUST-102371,2026-04,870.8,123,66.9,6477
CUST-102371,2026-05,814.7,122,57.3,9067
CUST-102371,2026-06,976.2,135,41.1,8679
CUST-102371,2026-07,1075.3,159,31.5,9146
CUST-102371,2026-08,833.4,116,51.7,8134
CUST-102372,2026-03,177.1,20,60.8,1671
CUST-102372,2026-04,165.7,21,57.4,1304
CUST-102372,2026-05,136.2,16,68.9,1294
CUST-102372,2026-06,150.4,18,49.5,1472
CUST-102372,2026-07,121.8,11,47.8,1312
CUST-102372,2026-08,122.3,17,60.8,1246
CUST-102373,2026-03,89.1,8,51.8,926
CUST-102373,2026-04,74.8,3,66.1,708
CUST-102373,2026-05,67.7,10,42.6,842
CUST-102373,2026-06,69.6,16,47.2,633
CUST-102373,2026-07,74.0,15,53.8,696
CUST-102373,2026-08,67.1,13,48.0,687
CUST-102374,2026-03,392.7,45,55.6,4536
CUST-102374,2026-04,382.9,53,31.7,3916
CUST-102374,2026-05,355.6,51,60.7,3900
CUST-102374,2026-06,279.2,39,37.8,3049
CUST-102374,2026-07,314.0,51,50.9,3008
CUST-102374,2026-08,258.3,34,36.3,2690
CUST-102375,2026-03,945.5,132,49.5,7207
CUST-102375,2026-04,813.1,114,87.4,8972
CUST-102375,2026-05,783.4,119,47.7,8067
CUST-102375,2026-06,909.3,134,55.5,7186
CUST-102375,2026-07,1052.3,154,70.0,7433
CUST-102375,2026-08,984.3,145,44.1,9404
CUST-102376,2026-03,86.6,8,39.2,997
CUST-102376,2026-04,80.3,10,52.1,804
CUST-102376,2026-05,63.1,10,48.3,619
CUST-102376,2026-06,75.4,13,47.1,652
CUST-102376,2026-07,62.6,12,56.2,457
CUST-102376,2026-08,68.9,10,40.2,747
CUST-102377,2026-03,346.4,39,50.0,3960
CUST-102377,2026-04,294.5,38,45.5,3436
CUST-102377,2026-05,300.5,38,51.8,2550
CUST-102377,2026-06,308.4,39,54.8,3023
CUST-102377,2026-07,386.0,57,43.9,4080
CUST-102377,2026-08,336.5,46,45.2,2729
CUST-102378,2026-03,349.2,52,38.3,3298
CUST-102378,2026-04,347.6,51,59.9,3499
CUST-102378,2026-05,252.3,40,41.0,2111
CUST-102378,2026-06,215.7,29,48.8,2234
CUST-102378,2026-07,305.4,50,45.7,2705
CUST-102378,2026-08,159.8,24,41.4,1143
CUST-102379,2026-03,84.5,10,60.3,692
CUST-102379,2026-04,69.6,11,38.8,653
CUST-102379,2026-05,74.4,19,43.0,731
CUST-102379,2026-06,82.0,11,49.8,792
CUST-102379,2026-07,97.0,16,61.0,643
CUST-102379,2026-08,69.4,13,48.1,706
CUST-102380,2026-03,180.3,27,66.8,1018
CUST-102380,2026-04,189.8,28,44.7,1402
CUST-102380,2026-05,200.5,25,49.5,1842
CUST-102380,2026-06,179.0,27,51.0,1759
CUST-102380,2026-07,169.0,21,63.8,1453
CUST-102380,2026-08,170.2,27,49.4,1560
CUST-102381,2026-03,411.3,57,55.6,2286
CUST-102381,2026-04,426.7,64,62.0,4109
CUST-102381,2026-05,323.1,46,54.2,3282
CUST-102381,2026-06,313.6,41,53.4,3166
CUST-102381,2026-07,343.1,51,62.1,3329
CUST-102381,2026-08,301.6,52,60.0,2513
CUST-102382,2026-03,200.6,32,70.3,2343
CUST-102382,2026-04,158.7,26,40.8,1681
CUST-102382,2026-05,147.3,22,35.6,1513
CUST-102382,2026-06,152.0,11,45.3,1217
CUST-102382,2026-07,119.7,22,61.4,1326
CUST-102382,2026-08,168.6,19,34.1,1320
CUST-102383,2026-03,188.4,23,57.5,1512
CUST-102383,2026-04,146.6,9,31.4,1410
CUST-102383,2026-05,156.4,22,38.5,1531
CUST-102383,2026-06,115.7,10,49.8,875
CUST-102383,2026-07,120.8,11,56.5,1538
CUST-102383,2026-08,121.5,18,59.4,1163
CUST-102384,2026-03,374.5,56,40.2,2756
CUST-102384,2026-04,351.4,51,53.8,2805
CUST-102384,2026-05,270.4,35,68.5,2352
CUST-102384,2026-06,272.2,34,63.0,2211
CUST-102384,2026-07,215.4,30,23.2,1617
CUST-102384,2026-08,169.7,29,26.1,1467
CUST-102385,2026-03,144.6,17,49.5,796
CUST-102385,2026-04,190.1,31,71.2,1330
CUST-102385,2026-05,155.0,26,69.4,1726
CUST-102385,2026-06,170.6,24,27.6,1686
CUST-102385,2026-07,190.9,22,78.8,1129
CUST-102385,2026-08,179.9,27,57.2,1709
CUST-102386,2026-03,451.1,76,52.7,3511
CUST-102386,2026-04,431.9,56,38.2,4898
CUST-102386,2026-05,375.2,52,48.6,3778
CUST-102386,2026-06,389.4,51,57.7,3987
CUST-102386,2026-07,366.7,48,73.5,2090
CUST-102386,2026-08,397.0,54,65.4,2715
CUST-102387,2026-03,191.3,21,66.1,2041
CUST-102387,2026-04,191.4,25,45.9,2482
CUST-102387,2026-05,204.0,24,64.6,2451
CUST-102387,2026-06,182.6,30,38.9,1538
CUST-102387,2026-07,207.0,21,60.3,1385
CUST-102387,2026-08,189.3,28,59.4,1621
CUST-102388,2026-03,170.5,15,45.3,1329
CUST-102388,2026-04,200.4,25,57.8,1749
CUST-102388,2026-05,186.0,18,46.8,1791
CUST-102388,2026-06,177.5,24,66.2,1538
CUST-102388,2026-07,185.1,29,50.9,1648
CUST-102388,2026-08,187.6,27,63.6,1705
CUST-102389,2026-03,326.0,42,75.0,3343
CUST-102389,2026-04,364.8,49,54.7,3389
CUST-102389,2026-05,378.3,51,43.0,3530
CUST-102389,2026-06,368.4,47,49.2,2272
CUST-102389,2026-07,443.3,69,56.5,2567
CUST-102389,2026-08,386.5,56,32.3,4185
CUST-102390,2026-03,361.2,51,60.3,2964
CUST-102390,2026-04,409.4,61,57.8,4187
CUST-102390,2026-05,326.9,49,59.7,2606
CUST-102390,2026-06,295.5,43,59.3,1829
CUST-102390,2026-07,190.9,27,49.0,1703
CUST-102390,2026-08,258.4,42,46.5,2248
CUST-102391,2026-03,70.2,7,46.8,579
CUST-102391,2026-04,75.4,11,55.7,532
CUST-102391,2026-05,81.7,11,67.5,871
CUST-102391,2026-06,52.8,3,34.7,440
CUST-102391,2026-07,48.5,11,38.5,520
CUST-102391,2026-08,47.0,1,41.4,592
CUST-102392,2026-03,994.7,144,44.3,6759
CUST-102392,2026-04,823.7,122,61.6,6702
CUST-102392,2026-05,931.0,130,49.6,9251
CUST-102392,2026-06,818.4,113,82.2,5718
CUST-102392,2026-07,830.5,120,32.7,8218
CUST-102392,2026-08,765.9,116,56.0,8276
CUST-102393,2026-03,79.7,10,49.6,570
CUST-102393,2026-04,82.8,17,68.2,729
CUST-102393,2026-05,93.9,10,43.9,950
CUST-102393,2026-06,73.8,12,77.2,544
CUST-102393,2026-07,80.2,12,71.4,944
CUST-102393,2026-08,86.2,6,62.3,1038
CUST-102394,2026-03,76.6,8,51.0,575
CUST-102394,2026-04,74.0,1,67.9,527
CUST-102394,2026-05,63.2,5,54.3,546
CUST-102394,2026-06,65.1,2,23.6,475
CUST-102394,2026-07,50.1,2,48.4,325
CUST-102394,2026-08,38.0,1,45.0,335
CUST-102395,2026-03,359.1,52,79.8,3439
CUST-102395,2026-04,372.3,51,66.6,2630
CUST-102395,2026-05,366.8,52,36.1,3413
CUST-102395,2026-06,335.3,46,54.7,3379
CUST-102395,2026-07,285.7,40,65.5,2212
CUST-102395,2026-08,268.8,40,38.8,1719
CUST-102396,2026-03,429.1,66,67.0,3703
CUST-102396,2026-04,413.7,59,55.3,3873
CUST-102396,2026-05,315.3,43,42.1,4558
CUST-102396,2026-06,268.3,34,26.7,2356
CUST-102396,2026-07,248.5,31,63.8,2987
CUST-102396,2026-08,210.6,21,26.6,1821
CUST-102397,2026-03,931.2,134,46.1,4987
CUST-102397,2026-04,870.7,127,65.6,9835
CUST-102397,2026-05,844.3,119,40.0,5774
CUST-102397,2026-06,619.1,89,35.9,6239
CUST-102397,2026-07,653.6,95,52.8,7037
CUST-102397,2026-08,586.2,79,28.3,5806
CUST-102398,2026-03,375.8,57,75.2,3284
CUST-102398,2026-04,417.4,57,37.0,3257
CUST-102398,2026-05,354.7,41,36.2,2684
CUST-102398,2026-06,347.1,48,64.3,2491
CUST-102398,2026-07,360.2,47,46.6,2940
CUST-102398,2026-08,321.1,46,48.7,2680
CUST-102399,2026-03,187.4,19,43.0,1325
CUST-102399,2026-04,153.8,24,38.4,1695
CUST-102399,2026-05,138.9,19,28.2,1652
CUST-102399,2026-06,122.2,21,52.6,1150
CUST-102399,2026-07,114.7,15,46.9,1127
CUST-102399,2026-08,94.3,20,47.6,898
CUST-102400,2026-03,160.8,15,62.3,1797
CUST-102400,2026-04,182.1,28,55.3,1566
CUST-102400,2026-05,176.2,23,58.2,1825
CUST-102400,2026-06,98.1,16,35.7,1024
CUST-102400,2026-07,124.7,17,45.3,796
CUST-102400,2026-08,54.3,1,43.0,442
CUST-102401,2026-03,169.8,23,44.1,1502
CUST-102401,2026-04,188.6,31,48.6,1889
CUST-102401,2026-05,186.4,21,56.1,1356
CUST-102401,2026-06,163.3,19,61.8,1363
CUST-102401,2026-07,189.3,28,71.4,1546
CUST-102401,2026-08,157.1,24,50.5,1635
CUST-102402,2026-03,164.5,19,33.3,1015
CUST-102402,2026-04,157.4,27,53.2,1025
CUST-102402,2026-05,186.2,22,90.1,1660
CUST-102402,2026-06,177.8,30,48.6,1368
CUST-102402,2026-07,156.8,26,72.5,1531
CUST-102402,2026-08,199.2,32,52.5,1482
CUST-102403,2026-03,157.2,26,62.6,1663
CUST-102403,2026-04,176.3,24,58.5,1161
CUST-102403,2026-05,156.6,19,40.0,1257
CUST-102403,2026-06,177.9,28,71.9,1085
CUST-102403,2026-07,185.7,25,51.0,2039
CUST-102403,2026-08,195.1,32,38.3,1962
CUST-102404,2026-03,799.5,119,36.5,7335
CUST-102404,2026-04,838.8,122,65.7,6522
CUST-102404,2026-05,756.4,110,41.6,4996
CUST-102404,2026-06,786.8,109,35.0,5741
CUST-102404,2026-07,590.3,89,59.1,4598
CUST-102404,2026-08,307.2,40,34.4,3035
CUST-102405,2026-03,897.2,120,32.0,7879
CUST-102405,2026-04,888.4,122,65.8,7703
CUST-102405,2026-05,824.1,118,56.7,6967
CUST-102405,2026-06,752.8,112,65.3,8908
CUST-102405,2026-07,850.5,117,54.0,8993
CUST-102405,2026-08,821.8,113,38.7,6481
CUST-102406,2026-03,987.0,137,65.8,10278
CUST-102406,2026-04,809.7,116,55.0,9185
CUST-102406,2026-05,810.9,117,56.3,9376
CUST-102406,2026-06,882.1,125,60.6,9838
CUST-102406,2026-07,918.3,132,42.7,10097
CUST-102406,2026-08,811.6,114,33.6,7992
CUST-102407,2026-03,83.4,13,53.2,551
CUST-102407,2026-04,82.9,13,50.0,341
CUST-102407,2026-05,79.4,8,37.0,459
CUST-102407,2026-06,85.3,10,52.4,928
CUST-102407,2026-07,77.2,13,53.6,713
CUST-102407,2026-08,80.1,12,47.9,792
CUST-102408,2026-03,143.5,21,47.1,1118
CUST-102408,2026-04,195.2,31,77.7,1309
CUST-102408,2026-05,203.3,26,71.4,1243
CUST-102408,2026-06,209.0,31,56.4,1615
CUST-102408,2026-07,167.7,18,30.3,2116
CUST-102408,2026-08,201.3,32,76.9,1305
CUST-102409,2026-03,82.4,16,85.5,716
CUST-102409,2026-04,76.8,9,67.6,570
CUST-102409,2026-05,85.2,11,76.2,439
CUST-102409,2026-06,90.8,13,72.8,949
CUST-102409,2026-07,80.3,9,28.2,559
CUST-102409,2026-08,84.9,15,36.8,1184
CUST-102410,2026-03,166.6,28,36.2,1337
CUST-102410,2026-04,182.4,24,54.1,1410
CUST-102410,2026-05,150.9,19,39.6,1249
CUST-102410,2026-06,148.3,26,41.8,1000
CUST-102410,2026-07,126.2,21,31.1,1151
CUST-102410,2026-08,76.1,7,45.1,713
CUST-102411,2026-03,197.7,33,48.8,2149
CUST-102411,2026-04,217.3,30,56.0,678
CUST-102411,2026-05,197.8,26,33.5,1729
CUST-102411,2026-06,153.0,21,68.2,1661
CUST-102411,2026-07,189.9,19,64.2,1682
CUST-102411,2026-08,163.8,25,59.5,1210
CUST-102412,2026-03,70.7,7,54.6,697
CUST-102412,2026-04,83.1,18,41.5,797
CUST-102412,2026-05,77.8,8,67.7,617
CUST-102412,2026-06,87.8,10,54.6,672
CUST-102412,2026-07,94.5,10,47.3,777
CUST-102412,2026-08,88.3,12,51.6,1032
CUST-102413,2026-03,360.8,56,56.4,3794
CUST-102413,2026-04,281.9,41,49.9,2586
CUST-102413,2026-05,263.9,40,48.3,2614
CUST-102413,2026-06,248.2,32,57.8,1342
CUST-102413,2026-07,259.9,46,46.4,2211
CUST-102413,2026-08,242.4,39,42.0,2015
CUST-102414,2026-03,182.2,20,52.1,1660
CUST-102414,2026-04,195.1,27,82.6,1675
CUST-102414,2026-05,170.4,26,47.6,1772
CUST-102414,2026-06,181.0,26,79.6,1837
CUST-102414,2026-07,163.1,25,72.1,1649
CUST-102414,2026-08,154.6,18,49.0,1731
CUST-102415,2026-03,195.8,26,47.1,1770
CUST-102415,2026-04,150.5,14,56.1,1010
CUST-102415,2026-05,146.1,22,46.1,1246
CUST-102415,2026-06,153.8,25,51.0,1624
CUST-102415,2026-07,143.6,21,39.0,1005
CUST-102415,2026-08,120.2,15,41.6,1398
CUST-102416,2026-03,149.1,20,49.1,1245
CUST-102416,2026-04,177.4,23,60.5,1306
CUST-102416,2026-05,150.3,22,51.1,1128
CUST-102416,2026-06,141.4,17,35.3,1633
CUST-102416,2026-07,108.4,12,23.2,1008
CUST-102416,2026-08,86.7,12,55.5,943
CUST-102417,2026-03,415.1,64,62.7,3259
CUST-102417,2026-04,309.2,38,51.5,3721
CUST-102417,2026-05,310.5,44,77.8,2956
CUST-102417,2026-06,198.8,16,41.4,2646
CUST-102417,2026-07,263.3,35,33.4,3014
CUST-102417,2026-08,167.2,18,49.7,1913
CUST-102418,2026-03,182.6,21,68.9,1738
CUST-102418,2026-04,180.6,25,54.2,1542
CUST-102418,2026-05,142.3,15,56.0,1095
CUST-102418,2026-06,207.5,24,69.8,1770
CUST-102418,2026-07,170.3,23,49.9,1826
CUST-102418,2026-08,133.2,27,53.4,1220
CUST-102419,2026-03,417.6,67,40.9,4092
CUST-102419,2026-04,411.3,59,57.9,4418
CUST-102419,2026-05,372.5,52,61.7,2721
CUST-102419,2026-06,358.6,49,40.8,2825
CUST-102419,2026-07,396.1,59,54.5,4492
CUST-102419,2026-08,380.5,56,79.3,3698
CUST-102420,2026-03,84.9,12,54.9,492
CUST-102420,2026-04,66.5,9,57.3,511
CUST-102420,2026-05,63.4,4,46.8,491
CUST-102420,2026-06,55.4,10,40.6,461
CUST-102420,2026-07,51.5,1,49.6,492
CUST-102420,2026-08,41.0,8,47.8,378
CUST-102421,2026-03,183.4,24,58.0,1294
CUST-102421,2026-04,186.5,22,52.8,1914
CUST-102421,2026-05,160.9,23,67.9,1236
CUST-102421,2026-06,208.3,31,69.1,1353
CUST-102421,2026-07,160.1,17,23.9,1379
CUST-102421,2026-08,179.3,22,76.8,1355
CUST-102422,2026-03,169.8,21,25.6,1811
CUST-102422,2026-04,185.6,25,68.9,2179
CUST-102422,2026-05,170.7,28,66.8,1746
CUST-102422,2026-06,187.2,27,43.0,1338
CUST-102422,2026-07,164.1,22,65.0,1914
CUST-102422,2026-08,175.8,21,56.9,956
CUST-102423,2026-03,76.0,11,69.4,792
CUST-102423,2026-04,79.6,18,53.0,702
CUST-102423,2026-05,76.1,8,50.9,655
CUST-102423,2026-06,73.3,13,43.6,507
CUST-102423,2026-07,88.8,16,45.4,718
CUST-102423,2026-08,84.0,9,65.4,877
CUST-102424,2026-03,428.6,62,67.6,4332
CUST-102424,2026-04,304.1,43,48.1,2784
CUST-102424,2026-05,312.9,44,52.3,3151
CUST-102424,2026-06,248.4,34,48.3,1538
CUST-102424,2026-07,198.0,26,18.3,1715
CUST-102424,2026-08,181.1,27,29.0,2321
CUST-102425,2026-03,194.5,19,48.8,1589
CUST-102425,2026-04,189.8,25,57.6,1988
CUST-102425,2026-05,162.9,16,32.3,1508
CUST-102425,2026-06,149.9,22,24.0,822
CUST-102425,2026-07,132.1,14,36.9,1596
CUST-102425,2026-08,73.4,14,54.9,810
CUST-102426,2026-03,945.5,142,61.5,6997
CUST-102426,2026-04,923.7,132,39.9,8831
CUST-102426,2026-05,768.7,115,50.6,5360
CUST-102426,2026-06,1019.4,151,36.3,4601
CUST-102426,2026-07,943.6,132,55.4,5812
CUST-102426,2026-08,877.7,124,57.8,8003
CUST-102427,2026-03,177.8,23,37.5,1710
CUST-102427,2026-04,175.4,23,47.7,1571
CUST-102427,2026-05,150.9,29,45.5,1276
CUST-102427,2026-06,130.7,15,66.8,821
CUST-102427,2026-07,83.3,8,36.5,541
CUST-102427,2026-08,84.8,15,34.8,655
CUST-102428,2026-03,82.2,18,48.1,1039
CUST-102428,2026-04,83.0,17,50.0,925
CUST-102428,2026-05,85.6,17,37.8,774
CUST-102428,2026-06,92.1,10,69.0,565
CUST-102428,2026-07,95.7,18,44.8,904
CUST-102428,2026-08,107.2,18,82.7,1191
CUST-102429,2026-03,305.0,44,36.9,2508
CUST-102429,2026-04,402.6,65,46.7,4106
CUST-102429,2026-05,408.4,56,60.1,2788
CUST-102429,2026-06,325.8,48,76.2,3093
CUST-102429,2026-07,435.6,65,74.3,4134
CUST-102429,2026-08,416.3,61,64.4,4073
CUST-102430,2026-03,329.3,42,50.7,2602
CUST-102430,2026-04,467.0,59,71.7,2866
CUST-102430,2026-05,410.4,66,71.4,3303
CUST-102430,2026-06,445.6,64,64.1,4751
CUST-102430,2026-07,369.9,61,61.8,3900
CUST-102430,2026-08,405.8,60,53.0,3457
CUST-102431,2026-03,78.8,6,45.3,583
CUST-102431,2026-04,85.9,11,49.4,679
CUST-102431,2026-05,84.9,8,34.4,881
CUST-102431,2026-06,78.2,6,72.2,655
CUST-102431,2026-07,74.4,10,72.4,676
CUST-102431,2026-08,74.9,10,60.7,555
CUST-102432,2026-03,74.3,11,55.1,718
CUST-102432,2026-04,78.5,17,40.9,550
CUST-102432,2026-05,70.1,10,53.2,664
CUST-102432,2026-06,57.3,12,62.0,325
CUST-102432,2026-07,60.2,11,47.1,320
CUST-102432,2026-08,52.8,2,53.7,616
CUST-102433,2026-03,198.0,32,44.5,2032
CUST-102433,2026-04,164.5,25,81.4,1446
CUST-102433,2026-05,167.4,30,38.9,1054
CUST-102433,2026-06,165.2,16,56.3,1321
CUST-102433,2026-07,152.6,30,59.2,1335
CUST-102433,2026-08,150.3,22,53.8,1387
CUST-102434,2026-03,162.4,20,67.9,1406
CUST-102434,2026-04,170.9,27,74.6,1311
CUST-102434,2026-05,150.0,18,53.9,1517
CUST-102434,2026-06,113.1,14,31.2,1165
CUST-102434,2026-07,111.6,13,14.9,1074
CUST-102434,2026-08,68.0,12,42.8,514
CUST-102435,2026-03,90.0,17,41.1,909
CUST-102435,2026-04,67.6,8,64.0,730
CUST-102435,2026-05,83.1,18,55.0,734
CUST-102435,2026-06,85.2,18,68.9,1121
CUST-102435,2026-07,81.3,8,36.6,865
CUST-102435,2026-08,77.8,12,48.0,688
CUST-102436,2026-03,387.9,60,52.0,3601
CUST-102436,2026-04,380.3,47,57.3,3216
CUST-102436,2026-05,442.5,58,50.8,3206
CUST-102436,2026-06,360.1,54,56.6,3658
CUST-102436,2026-07,396.2,52,42.2,3824
CUST-102436,2026-08,446.9,75,58.3,4297
CUST-102437,2026-03,73.0,10,52.4,577
CUST-102437,2026-04,69.4,18,36.4,481
CUST-102437,2026-05,81.4,14,48.0,889
CUST-102437,2026-06,88.9,10,43.4,1041
CUST-102437,2026-07,88.2,7,51.5,593
CUST-102437,2026-08,82.4,18,59.7,964
CUST-102438,2026-03,182.9,26,58.3,1736
CUST-102438,2026-04,146.1,22,65.2,1596
CUST-102438,2026-05,169.0,27,25.8,1752
CUST-102438,2026-06,172.8,23,47.2,1714
CUST-102438,2026-07,124.3,14,69.1,1398
CUST-102438,2026-08,105.0,16,42.9,992
CUST-102439,2026-03,79.8,9,56.3,840
CUST-102439,2026-04,73.2,10,61.9,823
CUST-102439,2026-05,78.3,11,47.7,681
CUST-102439,2026-06,84.7,18,61.1,726
CUST-102439,2026-07,63.5,6,46.0,383
CUST-102439,2026-08,72.2,10,42.9,694
CUST-102440,2026-03,345.6,51,47.4,2848
CUST-102440,2026-04,414.7,64,61.1,2698
CUST-102440,2026-05,410.7,53,40.3,3371
CUST-102440,2026-06,401.3,53,59.3,3560
CUST-102440,2026-07,402.8,55,61.6,3450
CUST-102440,2026-08,415.4,56,85.3,4854
CUST-102441,2026-03,78.4,9,57.7,606
CUST-102441,2026-04,83.8,7,62.5,676
CUST-102441,2026-05,91.9,12,47.5,952
CUST-102441,2026-06,67.7,9,35.4,696
CUST-102441,2026-07,70.6,11,67.1,581
CUST-102441,2026-08,77.4,8,62.4,827
CUST-102442,2026-03,345.2,47,44.0,2765
CUST-102442,2026-04,393.2,56,51.2,2990
CUST-102442,2026-05,384.6,54,72.0,3066
CUST-102442,2026-06,365.6,51,45.0,3920
CUST-102442,2026-07,402.6,62,52.8,3299
CUST-102442,2026-08,384.4,54,43.6,4165
CUST-102443,2026-03,84.9,11,45.2,1005
CUST-102443,2026-04,75.1,14,48.7,757
CUST-102443,2026-05,77.9,18,53.2,853
CUST-102443,2026-06,72.4,17,46.5,857
CUST-102443,2026-07,68.2,14,67.7,343
CUST-102443,2026-08,69.3,13,61.3,753
CUST-102444,2026-03,185.9,22,47.9,1559
CUST-102444,2026-04,157.2,18,55.7,1047
CUST-102444,2026-05,185.7,25,45.4,1389
CUST-102444,2026-06,144.1,15,61.9,1121
CUST-102444,2026-07,160.6,14,65.9,1133
CUST-102444,2026-08,142.8,23,58.1,1133
CUST-102445,2026-03,80.2,8,62.8,735
CUST-102445,2026-04,71.8,9,39.0,452
CUST-102445,2026-05,65.3,13,41.4,725
CUST-102445,2026-06,64.8,11,45.3,400
CUST-102445,2026-07,52.1,5,49.6,526
CUST-102445,2026-08,34.5,7,43.2,247
CUST-102446,2026-03,94.9,17,68.3,797
CUST-102446,2026-04,83.2,17,35.9,763
CUST-102446,2026-05,70.3,10,57.9,785
CUST-102446,2026-06,69.0,17,25.7,591
CUST-102446,2026-07,69.0,13,49.6,619
CUST-102446,2026-08,54.1,9,72.7,414
CUST-102447,2026-03,187.2,27,62.0,1748
CUST-102447,2026-04,180.8,23,66.6,1150
CUST-102447,2026-05,151.0,21,50.0,2033
CUST-102447,2026-06,131.0,26,67.9,973
CUST-102447,2026-07,130.6,18,55.7,1162
CUST-102447,2026-08,155.2,22,35.9,1229
CUST-102448,2026-03,438.9,66,52.1,3539
CUST-102448,2026-04,409.5,54,71.6,3969
CUST-102448,2026-05,435.6,62,56.7,3577
CUST-102448,2026-06,364.2,56,75.1,3022
CUST-102448,2026-07,406.2,56,52.5,4174
CUST-102448,2026-08,408.0,56,61.1,4971
CUST-102449,2026-03,188.3,27,64.1,1544
CUST-102449,2026-04,182.1,30,41.6,1251
CUST-102449,2026-05,159.6,28,34.4,1677
CUST-102449,2026-06,153.1,24,34.6,1045
CUST-102449,2026-07,129.1,16,65.1,1138
CUST-102449,2026-08,146.8,10,60.7,1193
CUST-102450,2026-03,81.1,11,63.8,849
CUST-102450,2026-04,75.3,6,61.6,774
CUST-102450,2026-05,82.6,12,48.8,816
CUST-102450,2026-06,73.4,7,37.6,703
CUST-102450,2026-07,62.0,1,39.6,635
CUST-102450,2026-08,66.5,11,49.8,528
CUST-102451,2026-03,92.5,11,46.9,738
CUST-102451,2026-04,79.4,11,58.1,754
CUST-102451,2026-05,77.8,12,60.1,797
CUST-102451,2026-06,78.6,12,73.0,782
CUST-102451,2026-07,83.0,9,57.4,1153
CUST-102451,2026-08,83.8,17,50.1,877
CUST-102452,2026-03,153.2,20,44.2,1609
CUST-102452,2026-04,201.4,23,48.5,868
CUST-102452,2026-05,170.1,24,56.9,1359
CUST-102452,2026-06,193.1,29,55.4,1657
CUST-102452,2026-07,169.1,27,48.9,1552
CUST-102452,2026-08,169.7,21,72.0,1561
CUST-102453,2026-03,92.2,17,67.3,1024
CUST-102453,2026-04,73.7,10,43.3,650
CUST-102453,2026-05,74.1,16,70.7,595
CUST-102453,2026-06,64.8,9,73.6,600
CUST-102453,2026-07,55.3,13,50.5,443
CUST-102453,2026-08,46.7,11,61.0,365
CUST-102454,2026-03,199.1,30,67.9,2061
CUST-102454,2026-04,148.5,17,44.5,1050
CUST-102454,2026-05,125.6,13,47.1,1467
CUST-102454,2026-06,123.5,14,31.4,837
CUST-102454,2026-07,95.6,8,61.2,787
CUST-102454,2026-08,62.3,8,61.6,507
CUST-102455,2026-03,1086.9,159,69.1,8132
CUST-102455,2026-04,850.7,119,50.6,7282
CUST-102455,2026-05,992.3,139,47.1,7379
CUST-102455,2026-06,1018.6,138,55.5,8828
CUST-102455,2026-07,971.8,138,55.2,11067
CUST-102455,2026-08,915.1,136,43.1,9347
CUST-102456,2026-03,362.0,55,40.7,3381
CUST-102456,2026-04,345.8,43,47.1,2763
CUST-102456,2026-05,298.9,41,48.4,3229
CUST-102456,2026-06,250.4,33,28.3,2413
CUST-102456,2026-07,215.1,31,42.8,1718
CUST-102456,2026-08,168.6,22,25.7,1673
CUST-102457,2026-03,864.4,118,55.3,5555
CUST-102457,2026-04,929.1,139,51.1,8494
CUST-102457,2026-05,1003.1,145,66.6,11372
CUST-102457,2026-06,780.5,109,55.9,7596
CUST-102457,2026-07,982.7,140,31.7,10185
CUST-102457,2026-08,1083.0,151,52.1,7440
CUST-102458,2026-03,364.7,56,65.3,2519
CUST-102458,2026-04,382.7,51,47.3,2896
CUST-102458,2026-05,404.5,60,58.5,5092
CUST-102458,2026-06,378.8,55,60.1,3882
CUST-102458,2026-07,351.5,42,45.8,2975
CUST-102458,2026-08,400.9,57,55.8,3231
CUST-102459,2026-03,185.4,23,73.2,1457
CUST-102459,2026-04,173.5,27,69.2,1726
CUST-102459,2026-05,160.2,19,64.4,1600
CUST-102459,2026-06,185.9,27,67.2,1533
CUST-102459,2026-07,183.6,24,57.3,2263
CUST-102459,2026-08,183.9,21,42.0,1530
CUST-102460,2026-03,76.3,9,78.7,656
CUST-102460,2026-04,80.9,16,74.6,771
CUST-102460,2026-05,80.1,19,37.3,721
CUST-102460,2026-06,79.9,6,49.1,471
CUST-102460,2026-07,92.1,9,67.1,1117
CUST-102460,2026-08,74.8,10,55.0,678
CUST-102461,2026-03,67.8,7,73.9,723
CUST-102461,2026-04,88.7,12,25.4,877
CUST-102461,2026-05,86.0,7,62.6,1026
CUST-102461,2026-06,78.6,6,60.6,604
CUST-102461,2026-07,72.7,13,77.6,583
CUST-102461,2026-08,73.1,10,55.4,349
CUST-102462,2026-03,176.5,25,57.9,1586
CUST-102462,2026-04,175.4,29,47.7,1814
CUST-102462,2026-05,133.9,16,43.9,1048
CUST-102462,2026-06,130.5,21,31.1,1349
CUST-102462,2026-07,108.4,13,63.1,1040
CUST-102462,2026-08,72.6,3,43.9,609
CUST-102463,2026-03,82.2,15,78.4,735
CUST-102463,2026-04,64.0,13,45.6,588
CUST-102463,2026-05,56.7,16,51.9,675
CUST-102463,2026-06,59.5,8,45.6,885
CUST-102463,2026-07,55.9,8,51.0,523
CUST-102463,2026-08,35.5,1,58.0,389
CUST-102464,2026-03,178.4,29,47.4,1786
CUST-102464,2026-04,167.2,35,42.8,1537
CUST-102464,2026-05,145.2,15,61.2,1420
CUST-102464,2026-06,134.4,20,58.6,1183
CUST-102464,2026-07,108.2,22,53.3,911
CUST-102464,2026-08,100.6,16,16.4,1086
CUST-102465,2026-03,86.0,12,60.0,988
CUST-102465,2026-04,77.0,16,38.9,804
CUST-102465,2026-05,62.4,5,51.7,735
CUST-102465,2026-06,65.1,13,31.3,597
CUST-102465,2026-07,65.4,16,43.7,536
CUST-102465,2026-08,50.2,4,33.7,492
CUST-102466,2026-03,188.1,39,61.3,2207
CUST-102466,2026-04,181.2,30,60.4,1611
CUST-102466,2026-05,172.7,23,51.7,1368
CUST-102466,2026-06,198.3,24,54.0,2039
CUST-102466,2026-07,178.4,25,48.0,2105
CUST-102466,2026-08,200.3,28,46.5,2337
CUST-102467,2026-03,75.0,12,53.0,683
CUST-102467,2026-04,80.0,11,54.5,869
CUST-102467,2026-05,79.4,10,70.7,664
CUST-102467,2026-06,79.7,2,47.3,575
CUST-102467,2026-07,76.8,17,62.4,918
CUST-102467,2026-08,70.3,9,45.8,491
CUST-102468,2026-03,91.4,12,42.0,587
CUST-102468,2026-04,83.9,9,62.2,1044
CUST-102468,2026-05,84.7,6,77.8,752
CUST-102468,2026-06,94.0,12,20.9,954
CUST-102468,2026-07,83.9,17,69.6,486
CUST-102468,2026-08,72.4,5,62.1,577
CUST-102469,2026-03,931.2,127,47.5,8318
CUST-102469,2026-04,971.8,136,56.5,9509
CUST-102469,2026-05,782.5,109,59.7,7886
CUST-102469,2026-06,979.3,145,56.7,9130
CUST-102469,2026-07,1012.3,146,54.6,8433
CUST-102469,2026-08,920.0,128,49.4,6662
CUST-102470,2026-03,374.3,53,56.7,4524
CUST-102470,2026-04,360.8,50,36.2,3434
CUST-102470,2026-05,400.9,49,40.8,3448
CUST-102470,2026-06,379.0,61,86.1,2548
CUST-102470,2026-07,379.0,44,67.5,3963
CUST-102470,2026-08,368.4,47,43.7,3230
CUST-102471,2026-03,74.2,17,52.5,731
CUST-102471,2026-04,82.2,7,36.5,662
CUST-102471,2026-05,73.6,6,55.0,708
CUST-102471,2026-06,50.1,6,59.4,387
CUST-102471,2026-07,63.0,4,52.1,563
CUST-102471,2026-08,57.8,4,33.7,637
CUST-102472,2026-03,75.9,12,52.1,834
CUST-102472,2026-04,66.9,5,40.3,609
CUST-102472,2026-05,79.1,13,51.0,703
CUST-102472,2026-06,51.6,1,54.5,486
CUST-102472,2026-07,38.7,2,67.2,400
CUST-102472,2026-08,45.0,4,41.7,292
CUST-102473,2026-03,87.2,9,69.8,600
CUST-102473,2026-04,83.7,5,53.6,822
CUST-102473,2026-05,75.1,10,58.9,597
CUST-102473,2026-06,75.4,8,61.5,564
CUST-102473,2026-07,81.5,5,56.3,884
CUST-102473,2026-08,77.7,8,75.9,677
CUST-102474,2026-03,80.4,8,80.4,643
CUST-102474,2026-04,72.2,10,59.6,889
CUST-102474,2026-05,71.3,12,40.1,639
CUST-102474,2026-06,57.3,5,41.1,679
CUST-102474,2026-07,45.7,1,42.3,212
CUST-102474,2026-08,33.5,3,41.3,356
CUST-102475,2026-03,169.9,20,61.4,1704
CUST-102475,2026-04,162.3,26,56.4,1563
CUST-102475,2026-05,162.0,19,64.0,1266
CUST-102475,2026-06,141.9,14,32.8,1131
CUST-102475,2026-07,135.0,22,44.2,901
CUST-102475,2026-08,112.3,14,40.4,1086
CUST-102476,2026-03,947.0,135,52.5,8813
CUST-102476,2026-04,832.8,123,61.2,8852
CUST-102476,2026-05,931.2,131,35.4,7245
CUST-102476,2026-06,725.9,106,59.0,7000
CUST-102476,2026-07,1044.7,145,49.5,6675
CUST-102476,2026-08,1069.3,156,60.8,9987
CUST-102477,2026-03,1001.1,142,67.8,11941
CUST-102477,2026-04,907.8,126,36.7,7904
CUST-102477,2026-05,949.3,136,63.8,8031
CUST-102477,2026-06,936.4,129,59.2,4757
CUST-102477,2026-07,1006.9,142,61.0,4354
CUST-102477,2026-08,960.2,133,55.0,9996
CUST-102478,2026-03,208.8,35,45.7,1645
CUST-102478,2026-04,160.2,19,61.3,1872
CUST-102478,2026-05,115.9,13,34.9,1039
CUST-102478,2026-06,109.2,24,29.9,962
CUST-102478,2026-07,112.2,13,42.0,707
CUST-102478,2026-08,93.3,10,47.7,942
CUST-102479,2026-03,84.9,7,52.1,791
CUST-102479,2026-04,69.7,6,74.7,476
CUST-102479,2026-05,85.0,8,45.8,689
CUST-102479,2026-06,74.6,8,67.9,448
CUST-102479,2026-07,82.8,18,60.8,760
CUST-102479,2026-08,64.0,12,38.7,470
CUST-102480,2026-03,987.9,140,73.7,9897
CUST-102480,2026-04,1001.3,144,66.7,9809
CUST-102480,2026-05,963.1,136,30.8,8231
CUST-102480,2026-06,1028.0,146,76.9,6730
CUST-102480,2026-07,886.7,121,49.0,9419
CUST-102480,2026-08,890.3,131,58.1,5815
CUST-102481,2026-03,382.3,55,42.4,2948
CUST-102481,2026-04,348.2,45,48.0,2291
CUST-102481,2026-05,343.1,43,68.5,3046
CUST-102481,2026-06,405.3,59,60.4,3212
CUST-102481,2026-07,379.8,55,58.4,3296
CUST-102481,2026-08,431.5,62,64.0,3723
CUST-102482,2026-03,78.3,16,65.5,855
CUST-102482,2026-04,74.1,16,80.6,855
CUST-102482,2026-05,72.5,8,53.1,662
CUST-102482,2026-06,93.6,10,37.8,1070
CUST-102482,2026-07,87.0,10,73.5,792
CUST-102482,2026-08,93.9,8,49.0,900
CUST-102483,2026-03,172.5,24,58.1,1228
CUST-102483,2026-04,175.4,19,72.3,1564
CUST-102483,2026-05,190.3,27,48.6,1690
CUST-102483,2026-06,181.6,20,56.4,1268
CUST-102483,2026-07,208.6,32,46.0,1680
CUST-102483,2026-08,200.5,28,39.5,1576
CUST-102484,2026-03,382.5,61,67.3,3360
CUST-102484,2026-04,390.9,55,62.4,2948
CUST-102484,2026-05,362.2,46,41.0,3689
CUST-102484,2026-06,360.8,56,57.5,3457
CUST-102484,2026-07,390.7,58,59.3,3206
CUST-102484,2026-08,442.9,50,54.1,3656
CUST-102485,2026-03,394.6,59,60.9,3038
CUST-102485,2026-04,453.9,64,27.0,4986
CUST-102485,2026-05,372.4,54,47.8,2759
CUST-102485,2026-06,368.3,45,61.2,3091
CUST-102485,2026-07,379.8,48,81.8,3434
CUST-102485,2026-08,418.5,57,52.6,4484
CUST-102486,2026-03,341.4,50,63.1,2350
CUST-102486,2026-04,381.1,52,62.3,6062
CUST-102486,2026-05,347.2,45,60.1,3752
CUST-102486,2026-06,305.6,48,73.4,3049
CUST-102486,2026-07,342.5,54,45.0,4232
CUST-102486,2026-08,348.2,51,52.4,1920
CUST-102487,2026-03,171.0,26,33.3,1351
CUST-102487,2026-04,178.5,28,67.7,1791
CUST-102487,2026-05,172.1,20,40.1,1053
CUST-102487,2026-06,195.7,28,36.9,1110
CUST-102487,2026-07,140.0,31,28.6,1522
CUST-102487,2026-08,184.0,27,41.2,2109
CUST-102488,2026-03,79.6,20,59.1,765
CUST-102488,2026-04,95.9,10,66.4,1144
CUST-102488,2026-05,85.2,12,75.3,790
CUST-102488,2026-06,62.7,17,52.7,387
CUST-102488,2026-07,79.4,14,58.8,654
CUST-102488,2026-08,82.3,15,52.9,699
CUST-102489,2026-03,81.4,13,52.6,653
CUST-102489,2026-04,71.9,13,55.9,733
CUST-102489,2026-05,54.6,9,21.7,500
CUST-102489,2026-06,66.5,7,47.4,536
CUST-102489,2026-07,46.1,5,39.7,337
CUST-102489,2026-08,38.3,1,17.8,340
CUST-102490,2026-03,882.4,124,39.8,11516
CUST-102490,2026-04,688.2,101,49.6,8326
CUST-102490,2026-05,679.5,99,49.9,7520
CUST-102490,2026-06,621.3,84,47.8,5113
CUST-102490,2026-07,605.7,83,42.5,6062
CUST-102490,2026-08,429.0,63,46.3,4133
CUST-102491,2026-03,79.1,16,57.4,772
CUST-102491,2026-04,73.8,10,73.9,764
CUST-102491,2026-05,66.5,10,71.3,707
CUST-102491,2026-06,72.0,12,56.4,671
CUST-102491,2026-07,49.8,5,38.7,389
CUST-102491,2026-08,42.3,4,23.6,325
CUST-102492,2026-03,181.0,27,59.8,1242
CUST-102492,2026-04,184.6,24,53.5,455
CUST-102492,2026-05,170.3,22,75.0,1836
CUST-102492,2026-06,128.9,22,46.2,729
CUST-102492,2026-07,130.9,23,60.7,1194
CUST-102492,2026-08,135.5,18,44.8,1221
CUST-102493,2026-03,170.8,27,65.1,1138
CUST-102493,2026-04,190.4,24,84.1,1120
CUST-102493,2026-05,178.3,26,59.5,1545
CUST-102493,2026-06,197.9,25,60.9,1815
CUST-102493,2026-07,183.5,22,58.0,1471
CUST-102493,2026-08,219.8,26,58.5,1780
CUST-102494,2026-03,181.6,30,53.5,1495
CUST-102494,2026-04,175.5,21,33.0,1201
CUST-102494,2026-05,142.0,18,50.6,1523
CUST-102494,2026-06,145.2,22,31.1,1638
CUST-102494,2026-07,156.5,28,53.2,1378
CUST-102494,2026-08,68.0,8,44.7,665
CUST-102495,2026-03,412.9,59,66.0,3912
CUST-102495,2026-04,398.8,56,70.1,3863
CUST-102495,2026-05,386.5,60,73.4,3551
CUST-102495,2026-06,350.2,53,60.1,4097
CUST-102495,2026-07,415.8,61,51.5,4484
CUST-102495,2026-08,384.3,55,58.5,3201
CUST-102496,2026-03,789.9,113,76.8,5665
CUST-102496,2026-04,845.3,119,37.1,5036
CUST-102496,2026-05,708.8,102,42.5,6030
CUST-102496,2026-06,681.4,99,58.6,3415
CUST-102496,2026-07,704.0,93,47.3,7593
CUST-102496,2026-08,577.9,83,35.3,4939
CUST-102497,2026-03,84.3,11,42.1,551
CUST-102497,2026-04,88.5,20,62.6,985
CUST-102497,2026-05,85.7,9,50.8,834
CUST-102497,2026-06,82.0,10,55.5,408
CUST-102497,2026-07,76.0,14,70.6,523
CUST-102497,2026-08,73.4,14,42.1,478
CUST-102498,2026-03,899.6,125,52.1,7539
CUST-102498,2026-04,711.5,97,65.8,8123
CUST-102498,2026-05,869.4,122,69.2,10114
CUST-102498,2026-06,854.7,128,45.8,7905
CUST-102498,2026-07,893.1,120,46.0,10260
CUST-102498,2026-08,1062.3,146,59.8,12548
CUST-102499,2026-03,174.1,18,58.7,2013
CUST-102499,2026-04,184.0,24,56.3,1762
CUST-102499,2026-05,133.0,17,43.2,738
CUST-102499,2026-06,110.6,22,27.4,1086
CUST-102499,2026-07,144.7,23,68.5,1432
CUST-102499,2026-08,89.3,7,48.7,767
CUST-102500,2026-03,79.3,6,67.0,675
CUST-102500,2026-04,70.9,11,40.1,473
CUST-102500,2026-05,74.0,8,60.2,703
CUST-102500,2026-06,52.3,7,39.8,421
CUST-102500,2026-07,45.2,4,36.2,444
CUST-102500,2026-08,38.3,4,51.4,380
CUST-102501,2026-03,386.4,56,60.0,2908
CUST-102501,2026-04,371.9,59,64.7,2630
CUST-102501,2026-05,369.2,54,71.3,3521
CUST-102501,2026-06,364.2,54,44.9,2842
CUST-102501,2026-07,438.1,63,57.9,2357
CUST-102501,2026-08,385.6,57,66.6,3380
CUST-102502,2026-03,878.4,119,82.2,6562
CUST-102502,2026-04,854.2,119,32.2,7217
CUST-102502,2026-05,591.2,85,42.0,5471
CUST-102502,2026-06,650.8,92,54.5,6079
CUST-102502,2026-07,572.3,83,52.3,6053
CUST-102502,2026-08,387.3,58,49.2,3163
CUST-102503,2026-03,77.1,7,81.1,938
CUST-102503,2026-04,73.3,9,70.1,612
CUST-102503,2026-05,72.4,7,60.2,619
CUST-102503,2026-06,80.1,3,49.6,894
CUST-102503,2026-07,82.7,9,76.4,860
CUST-102503,2026-08,91.2,16,57.2,827
CUST-102504,2026-03,79.4,11,68.2,709
CUST-102504,2026-04,82.5,19,62.6,887
CUST-102504,2026-05,76.8,15,50.3,751
CUST-102504,2026-06,84.1,13,43.5,537
CUST-102504,2026-07,79.7,17,75.2,916
CUST-102504,2026-08,76.6,8,72.2,736
CUST-102505,2026-03,87.2,18,96.9,746
CUST-102505,2026-04,64.8,10,29.4,619
CUST-102505,2026-05,75.4,12,52.3,737
CUST-102505,2026-06,60.4,7,33.3,468
CUST-102505,2026-07,62.4,7,45.1,583
CUST-102505,2026-08,51.8,5,26.6,387
CUST-102506,2026-03,164.2,27,61.2,1990
CUST-102506,2026-04,201.7,23,55.3,1191
CUST-102506,2026-05,176.3,25,46.5,1879
CUST-102506,2026-06,163.0,17,53.3,1002
CUST-102506,2026-07,157.4,12,42.7,1314
CUST-102506,2026-08,190.7,35,54.8,1693
CUST-102507,2026-03,190.8,25,63.6,1764
CUST-102507,2026-04,175.4,33,51.1,1335
CUST-102507,2026-05,141.9,19,63.9,1532
CUST-102507,2026-06,115.8,14,48.9,890
CUST-102507,2026-07,117.9,17,60.6,1074
CUST-102507,2026-08,111.7,19,34.0,1056
CUST-102508,2026-03,79.8,7,55.0,816
CUST-102508,2026-04,62.2,10,51.7,508
CUST-102508,2026-05,78.2,12,53.1,776
CUST-102508,2026-06,49.1,6,46.2,565
CUST-102508,2026-07,46.2,8,35.2,394
CUST-102508,2026-08,57.4,2,45.3,547
CUST-102509,2026-03,386.8,55,49.5,2301
CUST-102509,2026-04,335.6,50,41.2,3252
CUST-102509,2026-05,301.7,41,68.3,3275
CUST-102509,2026-06,320.6,48,56.9,3480
CUST-102509,2026-07,232.6,29,41.2,2394
CUST-102509,2026-08,247.2,37,56.1,2682
CUST-102510,2026-03,940.5,133,48.3,10107
CUST-102510,2026-04,825.9,122,56.1,6729
CUST-102510,2026-05,891.4,126,63.1,5783
CUST-102510,2026-06,1076.4,151,35.8,10459
CUST-102510,2026-07,847.2,121,53.7,7952
CUST-102510,2026-08,1012.9,150,57.5,8853
CUST-102511,2026-03,195.2,29,73.0,1675
CUST-102511,2026-04,162.3,22,47.4,1405
CUST-102511,2026-05,133.8,22,57.0,1270
CUST-102511,2026-06,156.8,27,40.5,1514
CUST-102511,2026-07,128.3,18,52.6,1427
CUST-102511,2026-08,57.3,14,26.0,479
CUST-102512,2026-03,357.1,51,61.3,3053
CUST-102512,2026-04,428.7,60,31.5,2237
CUST-102512,2026-05,426.6,55,73.5,5046
CUST-102512,2026-06,404.9,59,68.1,3824
CUST-102512,2026-07,398.9,57,55.1,3897
CUST-102512,2026-08,291.3,34,61.4,2140
CUST-102513,2026-03,173.1,23,67.3,1744
CUST-102513,2026-04,174.6,26,76.6,1137
CUST-102513,2026-05,191.6,19,59.7,1959
CUST-102513,2026-06,195.3,26,49.6,1435
CUST-102513,2026-07,185.5,28,59.5,1701
CUST-102513,2026-08,216.6,32,42.9,1996
CUST-102514,2026-03,77.3,19,39.3,611
CUST-102514,2026-04,84.6,7,52.1,646
CUST-102514,2026-05,67.6,10,54.1,657
CUST-102514,2026-06,59.9,15,40.7,773
CUST-102514,2026-07,72.5,13,28.9,827
CUST-102514,2026-08,80.5,10,61.6,833
CUST-102515,2026-03,185.4,21,53.7,2299
CUST-102515,2026-04,170.2,24,42.9,1527
CUST-102515,2026-05,150.6,21,42.4,1616
CUST-102515,2026-06,130.4,15,53.4,1096
CUST-102515,2026-07,122.0,13,32.9,1027
CUST-102515,2026-08,97.9,17,35.2,1042
CUST-102516,2026-03,199.3,25,65.2,1579
CUST-102516,2026-04,147.2,17,43.2,816
CUST-102516,2026-05,163.6,21,81.0,1274
CUST-102516,2026-06,147.3,17,59.8,1628
CUST-102516,2026-07,135.4,24,42.5,1552
CUST-102516,2026-08,162.8,17,51.1,1571
CUST-102517,2026-03,83.6,12,63.9,791
CUST-102517,2026-04,68.2,14,60.7,636
CUST-102517,2026-05,61.3,8,58.0,524
CUST-102517,2026-06,65.2,8,57.6,502
CUST-102517,2026-07,62.9,6,53.3,594
CUST-102517,2026-08,74.1,12,48.6,637
CUST-102518,2026-03,373.2,53,76.2,3031
CUST-102518,2026-04,302.3,48,51.9,2129
CUST-102518,2026-05,328.5,48,61.2,2721
CUST-102518,2026-06,310.0,44,40.4,1923
CUST-102518,2026-07,231.4,27,66.3,2197
CUST-102518,2026-08,217.4,28,52.5,2352
CUST-102519,2026-03,222.2,27,54.5,1977
CUST-102519,2026-04,159.4,26,43.6,1737
CUST-102519,2026-05,137.1,21,37.5,949
CUST-102519,2026-06,132.3,19,45.4,1170
CUST-102519,2026-07,117.2,21,39.1,971
CUST-102519,2026-08,92.8,9,25.9,884
CUST-102520,2026-03,178.4,28,65.6,1456
CUST-102520,2026-04,163.4,23,59.8,1294
CUST-102520,2026-05,174.6,24,65.6,1834
CUST-102520,2026-06,190.2,26,75.2,2299
CUST-102520,2026-07,173.2,22,46.4,2042
CUST-102520,2026-08,201.9,22,61.6,2342
CUST-102521,2026-03,176.4,27,37.4,857
CUST-102521,2026-04,179.8,27,65.9,1235
CUST-102521,2026-05,184.6,23,43.8,1572
CUST-102521,2026-06,180.6,28,50.9,1694
CUST-102521,2026-07,196.7,27,49.6,2136
CUST-102521,2026-08,187.0,33,52.3,1653
CUST-102522,2026-03,78.9,6,47.2,702
CUST-102522,2026-04,73.6,11,59.3,660
CUST-102522,2026-05,74.5,4,47.7,517
CUST-102522,2026-06,64.7,10,37.5,761
CUST-102522,2026-07,57.1,4,44.5,369
CUST-102522,2026-08,77.7,11,54.3,769
CUST-102523,2026-03,998.9,141,46.0,7386
CUST-102523,2026-04,767.9,111,36.3,5071
CUST-102523,2026-05,609.4,89,60.3,5194
CUST-102523,2026-06,523.8,77,37.6,4866
CUST-102523,2026-07,540.4,76,44.8,5824
CUST-102523,2026-08,411.5,52,25.3,3017
CUST-102524,2026-03,671.0,88,67.5,5777
CUST-102524,2026-04,960.8,133,55.5,8061
CUST-102524,2026-05,972.6,142,59.0,9375
CUST-102524,2026-06,839.7,126,48.2,8911
CUST-102524,2026-07,941.5,143,46.5,6589
CUST-102524,2026-08,873.4,122,62.8,9833
CUST-102525,2026-03,183.4,30,75.2,2130
CUST-102525,2026-04,217.5,28,81.5,1821
CUST-102525,2026-05,180.5,30,47.9,1315
CUST-102525,2026-06,192.7,23,38.6,1249
CUST-102525,2026-07,158.6,23,58.8,1595
CUST-102525,2026-08,219.7,34,42.2,2378
CUST-102526,2026-03,383.0,55,60.7,3058
CUST-102526,2026-04,398.6,52,43.6,3568
CUST-102526,2026-05,324.1,43,42.2,3084
CUST-102526,2026-06,304.9,42,58.0,2779
CUST-102526,2026-07,407.6,55,65.0,2114
CUST-102526,2026-08,314.5,43,41.2,3252
CUST-102527,2026-03,89.3,5,42.5,689
CUST-102527,2026-04,87.4,5,43.1,922
CUST-102527,2026-05,92.9,16,48.4,1092
CUST-102527,2026-06,82.2,6,33.8,804
CUST-102527,2026-07,63.4,5,42.1,368
CUST-102527,2026-08,63.0,9,37.4,530
CUST-102528,2026-03,200.2,27,62.7,1577
CUST-102528,2026-04,147.3,25,50.1,1300
CUST-102528,2026-05,201.3,27,65.2,1909
CUST-102528,2026-06,185.6,24,35.3,1709
CUST-102528,2026-07,166.6,29,57.3,1508
CUST-102528,2026-08,216.1,29,51.0,1513
CUST-102529,2026-03,1009.3,142,69.5,7160
CUST-102529,2026-04,880.8,121,63.6,9347
CUST-102529,2026-05,650.4,90,52.1,5738
CUST-102529,2026-06,630.5,91,40.3,5529
CUST-102529,2026-07,469.3,69,63.0,5420
CUST-102529,2026-08,472.6,71,5.0,2798
CUST-102530,2026-03,168.9,20,62.6,2158
CUST-102530,2026-04,149.5,22,49.7,1491
CUST-102530,2026-05,154.2,20,63.1,1012
CUST-102530,2026-06,115.9,18,61.6,1260
CUST-102530,2026-07,115.7,14,46.9,997
CUST-102530,2026-08,100.4,13,49.5,903
CUST-102531,2026-03,196.6,30,74.5,1813
CUST-102531,2026-04,166.3,19,46.3,1686
CUST-102531,2026-05,137.5,17,47.4,1260
CUST-102531,2026-06,103.0,14,62.6,1056
CUST-102531,2026-07,106.3,20,21.2,913
CUST-102531,2026-08,115.3,13,26.5,1297
CUST-102532,2026-03,354.3,50,50.0,2649
CUST-102532,2026-04,443.0,65,46.7,3478
CUST-102532,2026-05,354.3,50,62.8,3978
CUST-102532,2026-06,365.4,49,61.7,3849
CUST-102532,2026-07,408.0,59,64.8,3954
CUST-102532,2026-08,379.7,51,53.8,3768
CUST-102533,2026-03,80.4,14,54.1,703
CUST-102533,2026-04,92.2,17,63.4,983
CUST-102533,2026-05,90.5,15,42.2,1016
CUST-102533,2026-06,84.8,17,74.5,677
CUST-102533,2026-07,87.4,17,77.7,516
CUST-102533,2026-08,76.9,15,61.5,584
CUST-102534,2026-03,219.1,28,40.5,2125
CUST-102534,2026-04,146.9,22,52.8,1693
CUST-102534,2026-05,128.6,15,57.9,1040
CUST-102534,2026-06,132.5,19,45.0,1038
CUST-102534,2026-07,113.5,14,62.2,968
CUST-102534,2026-08,91.6,9,41.5,744
CUST-102535,2026-03,186.1,17,62.6,1255
CUST-102535,2026-04,183.1,31,41.9,2289
CUST-102535,2026-05,142.0,18,57.1,1639
CUST-102535,2026-06,158.0,23,50.4,1769
CUST-102535,2026-07,116.8,18,41.5,1069
CUST-102535,2026-08,96.9,9,44.8,967
CUST-102536,2026-03,180.7,24,37.6,1169
CUST-102536,2026-04,145.2,19,58.8,1218
CUST-102536,2026-05,172.8,26,55.1,2098
CUST-102536,2026-06,175.2,22,67.7,2260
CUST-102536,2026-07,206.5,28,50.9,1862
CUST-102536,2026-08,162.0,22,53.6,1655
CUST-102537,2026-03,191.4,30,50.0,1767
CUST-102537,2026-04,189.6,27,58.7,1581
CUST-102537,2026-05,193.2,25,52.7,1826
CUST-102537,2026-06,188.2,32,49.7,1869
CUST-102537,2026-07,159.5,21,63.0,1529
CUST-102537,2026-08,205.2,34,58.9,2166
CUST-102538,2026-03,86.7,8,51.8,859
CUST-102538,2026-04,65.7,3,55.1,798
CUST-102538,2026-05,64.5,5,57.6,563
CUST-102538,2026-06,59.6,5,50.6,425
CUST-102538,2026-07,53.1,2,57.1,567
CUST-102538,2026-08,40.1,5,43.5,265
CUST-102539,2026-03,355.9,51,87.7,3074
CUST-102539,2026-04,387.2,50,64.8,3877
CUST-102539,2026-05,401.6,55,58.9,3685
CUST-102539,2026-06,339.5,48,59.4,3262
CUST-102539,2026-07,204.3,31,51.8,1720
CUST-102539,2026-08,284.6,37,41.6,2412
CUST-102540,2026-03,317.8,42,47.2,3075
CUST-102540,2026-04,418.2,57,43.6,3095
CUST-102540,2026-05,353.4,47,68.1,2675
CUST-102540,2026-06,339.3,53,54.4,2768
CUST-102540,2026-07,358.6,57,50.0,3474
CUST-102540,2026-08,346.0,55,56.2,2683
CUST-102541,2026-03,78.6,18,45.7,828
CUST-102541,2026-04,81.9,13,50.5,869
CUST-102541,2026-05,66.1,5,64.7,824
CUST-102541,2026-06,55.8,11,58.1,632
CUST-102541,2026-07,51.4,3,38.1,374
CUST-102541,2026-08,33.2,7,23.1,525
CUST-102542,2026-03,420.2,56,56.2,3526
CUST-102542,2026-04,382.5,58,60.1,3642
CUST-102542,2026-05,308.9,44,44.7,2982
CUST-102542,2026-06,289.9,45,30.6,2910
CUST-102542,2026-07,267.8,27,48.8,2815
CUST-102542,2026-08,165.2,18,44.6,1342
CUST-102543,2026-03,344.7,55,49.6,2608
CUST-102543,2026-04,387.2,50,57.5,4202
CUST-102543,2026-05,371.1,54,47.0,3350
CUST-102543,2026-06,320.4,49,47.7,3518
CUST-102543,2026-07,331.4,49,47.8,2601
CUST-102543,2026-08,312.0,42,48.2,1646
CUST-102544,2026-03,75.3,7,66.4,413
CUST-102544,2026-04,72.6,8,40.3,364
CUST-102544,2026-05,68.8,11,55.6,468
CUST-102544,2026-06,74.6,11,28.9,787
CUST-102544,2026-07,66.1,16,51.9,634
CUST-102544,2026-08,68.7,5,44.8,407
CUST-102545,2026-03,398.4,61,72.4,3851
CUST-102545,2026-04,391.1,52,64.6,3383
CUST-102545,2026-05,291.8,41,63.8,3071
CUST-102545,2026-06,441.9,66,50.4,2517
CUST-102545,2026-07,236.4,34,39.8,1752
CUST-102545,2026-08,240.3,24,40.4,1640
CUST-102546,2026-03,185.9,25,32.5,1611
CUST-102546,2026-04,175.5,28,51.9,1317
CUST-102546,2026-05,207.8,35,49.2,1608
CUST-102546,2026-06,174.6,20,57.4,1898
CUST-102546,2026-07,199.5,28,57.9,2109
CUST-102546,2026-08,198.1,24,58.5,2881
CUST-102547,2026-03,400.4,58,67.9,3300
CUST-102547,2026-04,389.6,55,50.6,3835
CUST-102547,2026-05,350.2,44,47.8,4315
CUST-102547,2026-06,301.7,39,30.6,3398
CUST-102547,2026-07,298.0,42,39.9,2774
CUST-102547,2026-08,241.3,28,45.5,1948
CUST-102548,2026-03,373.1,43,63.2,2846
CUST-102548,2026-04,369.3,50,78.3,2829
CUST-102548,2026-05,307.1,47,54.6,2760
CUST-102548,2026-06,427.8,65,51.8,4080
CUST-102548,2026-07,405.8,56,39.3,2834
CUST-102548,2026-08,418.6,54,67.7,3880
CUST-102549,2026-03,373.4,56,50.0,4031
CUST-102549,2026-04,354.4,47,60.8,2943
CUST-102549,2026-05,387.0,61,71.7,3057
CUST-102549,2026-06,364.3,56,49.4,3096
CUST-102549,2026-07,367.0,50,72.5,4255
CUST-102549,2026-08,394.3,55,55.7,4582
CUST-102550,2026-03,196.6,28,47.0,2019
CUST-102550,2026-04,196.6,26,65.1,1442
CUST-102550,2026-05,163.7,23,64.1,1571
CUST-102550,2026-06,187.1,26,58.2,1748
CUST-102550,2026-07,189.2,29,18.7,1644
CUST-102550,2026-08,209.8,29,62.2,1927
CUST-102551,2026-03,164.3,22,44.7,1451
CUST-102551,2026-04,155.7,17,40.8,801
CUST-102551,2026-05,157.0,24,48.4,1371
CUST-102551,2026-06,145.0,19,37.6,1400
CUST-102551,2026-07,128.8,18,63.1,1684
CUST-102551,2026-08,123.5,18,45.6,839
CUST-102552,2026-03,73.7,13,57.8,731
CUST-102552,2026-04,65.3,9,48.3,605
CUST-102552,2026-05,83.3,14,43.9,656
CUST-102552,2026-06,64.3,3,71.0,577
CUST-102552,2026-07,72.7,7,59.6,705
CUST-102552,2026-08,60.9,8,57.2,559
CUST-102553,2026-03,183.9,29,66.1,1906
CUST-102553,2026-04,197.2,28,38.9,1475
CUST-102553,2026-05,173.7,29,53.4,1110
CUST-102553,2026-06,198.2,24,58.3,1757
CUST-102553,2026-07,198.2,22,55.1,1389
CUST-102553,2026-08,184.8,29,44.9,1443
CUST-102554,2026-03,939.3,132,39.9,10438
CUST-102554,2026-04,773.5,109,40.3,6660
CUST-102554,2026-05,741.3,102,65.5,4082
CUST-102554,2026-06,782.0,114,52.9,7638
CUST-102554,2026-07,768.7,111,38.2,4478
CUST-102554,2026-08,858.7,124,36.4,9377
CUST-102555,2026-03,82.9,9,61.2,685
CUST-102555,2026-04,81.9,9,40.2,894
CUST-102555,2026-05,87.1,12,48.9,721
CUST-102555,2026-06,82.6,9,52.7,732
CUST-102555,2026-07,79.0,15,77.2,783
CUST-102555,2026-08,88.3,12,40.4,827
CUST-102556,2026-03,870.1,122,65.7,7914
CUST-102556,2026-04,750.5,107,59.7,5831
CUST-102556,2026-05,471.8,69,63.7,3301
CUST-102556,2026-06,675.9,97,31.7,6500
CUST-102556,2026-07,524.8,81,59.8,5007
CUST-102556,2026-08,568.8,82,27.4,5261
CUST-102557,2026-03,453.5,61,43.3,4427
CUST-102557,2026-04,312.9,43,47.7,2322
CUST-102557,2026-05,326.8,47,51.0,2400
CUST-102557,2026-06,281.4,46,47.4,2928
CUST-102557,2026-07,249.2,38,53.5,2452
CUST-102557,2026-08,274.5,41,25.7,2967
CUST-102558,2026-03,170.4,22,53.6,1745
CUST-102558,2026-04,167.7,28,58.2,1067
CUST-102558,2026-05,158.4,22,49.3,1311
CUST-102558,2026-06,120.9,15,56.2,1296
CUST-102558,2026-07,77.4,10,54.6,716
CUST-102558,2026-08,93.8,21,40.3,860
CUST-102559,2026-03,88.4,9,64.4,898
CUST-102559,2026-04,82.3,10,71.8,715
CUST-102559,2026-05,77.7,11,57.8,816
CUST-102559,2026-06,87.6,12,56.7,883
CUST-102559,2026-07,86.2,6,50.4,703
CUST-102559,2026-08,81.2,10,54.8,977
CUST-102560,2026-03,184.8,27,55.5,1947
CUST-102560,2026-04,191.0,24,59.6,1829
CUST-102560,2026-05,195.2,23,60.9,2128
CUST-102560,2026-06,149.7,18,57.9,1530
CUST-102560,2026-07,183.4,21,52.0,2386
CUST-102560,2026-08,180.8,23,76.5,1514
CUST-102561,2026-03,75.2,9,71.2,889
CUST-102561,2026-04,82.6,14,36.0,734
CUST-102561,2026-05,96.2,7,46.6,841
CUST-102561,2026-06,83.6,7,64.4,1017
CUST-102561,2026-07,83.3,9,54.1,565
CUST-102561,2026-08,94.2,14,49.9,849
CUST-102562,2026-03,403.5,61,47.6,2760
CUST-102562,2026-04,449.7,66,70.6,3967
CUST-102562,2026-05,406.3,56,61.2,4161
CUST-102562,2026-06,420.9,62,53.4,3821
CUST-102562,2026-07,374.9,58,53.3,2160
CUST-102562,2026-08,352.0,42,57.1,3806
CUST-102563,2026-03,160.8,30,57.9,1265
CUST-102563,2026-04,186.8,33,65.5,1328
CUST-102563,2026-05,179.2,18,47.5,1684
CUST-102563,2026-06,171.0,25,55.7,1567
CUST-102563,2026-07,196.2,36,42.5,1873
CUST-102563,2026-08,199.7,32,56.0,1778
CUST-102564,2026-03,84.9,13,56.0,722
CUST-102564,2026-04,68.6,8,51.9,877
CUST-102564,2026-05,58.5,5,46.0,585
CUST-102564,2026-06,54.6,10,70.7,451
CUST-102564,2026-07,54.8,9,36.5,430
CUST-102564,2026-08,50.4,1,55.1,369
CUST-102565,2026-03,207.1,35,51.8,2165
CUST-102565,2026-04,147.6,17,36.5,1306
CUST-102565,2026-05,189.0,24,61.5,1886
CUST-102565,2026-06,176.5,30,57.1,1439
CUST-102565,2026-07,183.1,27,76.7,1588
CUST-102565,2026-08,201.9,29,70.0,1381
CUST-102566,2026-03,81.5,16,60.0,723
CUST-102566,2026-04,78.7,12,63.2,822
CUST-102566,2026-05,75.5,15,60.7,611
CUST-102566,2026-06,81.4,13,40.0,985
CUST-102566,2026-07,85.8,13,45.9,841
CUST-102566,2026-08,95.6,7,44.9,622
CUST-102567,2026-03,76.3,4,57.0,684
CUST-102567,2026-04,70.3,8,55.1,714
CUST-102567,2026-05,68.7,9,48.3,674
CUST-102567,2026-06,49.7,8,58.3,534
CUST-102567,2026-07,56.1,9,60.2,373
CUST-102567,2026-08,43.8,6,28.6,390
CUST-102568,2026-03,199.3,27,53.5,1885
CUST-102568,2026-04,160.8,26,42.3,943
CUST-102568,2026-05,212.5,31,48.3,1812
CUST-102568,2026-06,191.4,30,65.2,1647
CUST-102568,2026-07,204.2,31,82.7,2270
CUST-102568,2026-08,180.9,26,64.0,1382
CUST-102569,2026-03,163.0,20,52.3,1633
CUST-102569,2026-04,187.3,32,57.6,1331
CUST-102569,2026-05,180.9,32,44.8,2273
CUST-102569,2026-06,189.6,25,45.3,1619
CUST-102569,2026-07,161.3,22,41.6,1308
CUST-102569,2026-08,180.3,17,61.3,1509
CUST-102570,2026-03,388.9,62,40.4,3388
CUST-102570,2026-04,352.7,45,53.4,3853
CUST-102570,2026-05,356.5,53,61.6,2204
CUST-102570,2026-06,416.6,60,49.0,5590
CUST-102570,2026-07,431.0,62,38.4,4379
CUST-102570,2026-08,315.9,47,56.2,3468
CUST-102571,2026-03,181.1,24,61.4,1429
CUST-102571,2026-04,193.8,25,70.5,1969
CUST-102571,2026-05,169.0,25,47.2,1654
CUST-102571,2026-06,136.6,18,24.1,833
CUST-102571,2026-07,166.5,30,30.2,1513
CUST-102571,2026-08,130.3,22,59.9,854
CUST-102572,2026-03,166.3,18,47.9,1578
CUST-102572,2026-04,172.5,27,48.5,1324
CUST-102572,2026-05,197.1,33,54.9,1709
CUST-102572,2026-06,176.9,23,60.9,1658
CUST-102572,2026-07,168.3,25,64.3,1011
CUST-102572,2026-08,201.3,27,61.3,2165
CUST-102573,2026-03,177.8,30,67.1,2043
CUST-102573,2026-04,158.0,15,58.3,1480
CUST-102573,2026-05,113.8,9,45.9,1058
CUST-102573,2026-06,122.6,14,55.2,1205
CUST-102573,2026-07,73.0,15,32.8,678
CUST-102573,2026-08,95.3,6,55.7,1033
CUST-102574,2026-03,389.6,56,77.6,4697
CUST-102574,2026-04,386.2,53,56.0,1934
CUST-102574,2026-05,313.9,43,41.2,3231
CUST-102574,2026-06,252.2,37,35.3,2730
CUST-102574,2026-07,263.0,32,37.7,2970
CUST-102574,2026-08,252.9,38,40.5,1944
CUST-102575,2026-03,381.0,56,61.5,3817
CUST-102575,2026-04,431.3,68,42.9,3565
CUST-102575,2026-05,317.2,52,54.7,3193
CUST-102575,2026-06,323.2,43,58.6,2949
CUST-102575,2026-07,320.8,47,30.2,3582
CUST-102575,2026-08,311.3,47,55.5,2302
CUST-102576,2026-03,208.4,38,50.6,2028
CUST-102576,2026-04,168.0,21,65.5,1508
CUST-102576,2026-05,163.1,25,68.2,1931
CUST-102576,2026-06,128.6,19,39.2,612
CUST-102576,2026-07,106.2,17,43.1,1112
CUST-102576,2026-08,90.8,15,43.9,819
CUST-102577,2026-03,98.4,12,61.1,1041
CUST-102577,2026-04,79.3,9,72.5,607
CUST-102577,2026-05,62.1,3,64.5,750
CUST-102577,2026-06,76.7,14,58.5,554
CUST-102577,2026-07,72.1,7,63.2,457
CUST-102577,2026-08,65.2,8,49.1,519
CUST-102578,2026-03,193.2,30,51.5,2174
CUST-102578,2026-04,183.5,24,69.8,1872
CUST-102578,2026-05,127.5,22,32.6,935
CUST-102578,2026-06,125.2,21,38.9,1100
CUST-102578,2026-07,97.6,13,54.1,837
CUST-102578,2026-08,82.7,11,27.2,711
CUST-102579,2026-03,186.4,29,51.1,2679
CUST-102579,2026-04,171.7,24,60.4,1924
CUST-102579,2026-05,164.1,27,50.3,1102
CUST-102579,2026-06,180.7,23,45.5,1724
CUST-102579,2026-07,168.3,29,42.9,1290
CUST-102579,2026-08,168.8,18,38.1,1065
CUST-102580,2026-03,167.5,27,57.2,1687
CUST-102580,2026-04,165.8,23,64.6,1797
CUST-102580,2026-05,199.2,26,42.0,2189
CUST-102580,2026-06,166.4,23,56.8,1217
CUST-102580,2026-07,133.3,24,56.0,1589
CUST-102580,2026-08,159.7,25,46.3,1147
CUST-102581,2026-03,318.3,47,70.4,2939
CUST-102581,2026-04,334.5,40,48.1,3379
CUST-102581,2026-05,356.6,53,64.7,3233
CUST-102581,2026-06,365.6,47,54.7,2727
CUST-102581,2026-07,379.5,47,40.4,2247
CUST-102581,2026-08,426.1,64,46.8,4931
CUST-102582,2026-03,77.5,19,47.5,575
CUST-102582,2026-04,91.4,18,40.8,656
CUST-102582,2026-05,76.3,11,56.8,687
CUST-102582,2026-06,77.8,8,63.7,463
CUST-102582,2026-07,82.2,12,65.7,662
CUST-102582,2026-08,81.5,13,80.0,884
CUST-102583,2026-03,338.6,47,65.5,3697
CUST-102583,2026-04,417.1,57,32.1,5056
CUST-102583,2026-05,303.6,47,71.2,3133
CUST-102583,2026-06,373.5,58,67.0,3168
CUST-102583,2026-07,422.4,69,36.6,3912
CUST-102583,2026-08,402.8,52,45.3,3156
CUST-102584,2026-03,338.7,46,26.1,2978
CUST-102584,2026-04,375.7,50,50.2,3641
CUST-102584,2026-05,429.0,63,45.6,3910
CUST-102584,2026-06,464.3,64,39.1,3886
CUST-102584,2026-07,421.1,66,53.8,4545
CUST-102584,2026-08,366.2,56,58.7,2919
CUST-102585,2026-03,165.8,20,59.2,1890
CUST-102585,2026-04,147.9,25,52.5,1462
CUST-102585,2026-05,178.2,35,43.4,1212
CUST-102585,2026-06,166.9,25,41.1,1391
CUST-102585,2026-07,171.9,28,53.5,1513
CUST-102585,2026-08,151.4,18,60.0,1445
CUST-102586,2026-03,188.2,25,50.7,1608
CUST-102586,2026-04,185.9,24,63.6,1713
CUST-102586,2026-05,158.8,22,47.7,937
CUST-102586,2026-06,212.8,30,42.5,1695
CUST-102586,2026-07,163.2,21,65.7,1432
CUST-102586,2026-08,161.2,33,60.4,1204
CUST-102587,2026-03,391.3,58,47.6,4120
CUST-102587,2026-04,348.2,46,50.4,3394
CUST-102587,2026-05,407.7,55,50.4,4975
CUST-102587,2026-06,414.5,55,61.0,2847
CUST-102587,2026-07,346.6,54,50.0,3122
CUST-102587,2026-08,369.1,56,80.4,3290
CUST-102588,2026-03,194.8,34,49.7,2044
CUST-102588,2026-04,211.6,25,70.2,1587
CUST-102588,2026-05,194.7,24,57.8,1764
CUST-102588,2026-06,172.0,24,78.7,1264
CUST-102588,2026-07,221.9,32,37.8,2169
CUST-102588,2026-08,199.7,27,41.8,1788
CUST-102589,2026-03,174.9,28,47.6,1366
CUST-102589,2026-04,188.3,35,75.3,1808
CUST-102589,2026-05,161.3,22,50.8,1601
CUST-102589,2026-06,164.1,28,56.9,1180
CUST-102589,2026-07,208.0,28,62.0,2231
CUST-102589,2026-08,183.6,25,66.7,1463
CUST-102590,2026-03,191.3,25,42.6,2413
CUST-102590,2026-04,151.3,17,56.2,1734
CUST-102590,2026-05,150.9,20,69.0,1176
CUST-102590,2026-06,139.7,25,64.8,1266
CUST-102590,2026-07,95.8,13,34.3,1264
CUST-102590,2026-08,93.1,12,44.7,824
CUST-102591,2026-03,202.6,30,46.7,1684
CUST-102591,2026-04,180.8,24,51.9,1865
CUST-102591,2026-05,140.1,23,51.7,1344
CUST-102591,2026-06,119.8,16,47.2,981
CUST-102591,2026-07,111.4,17,49.6,1205
CUST-102591,2026-08,99.1,14,34.0,675
CUST-102592,2026-03,182.7,27,64.1,2073
CUST-102592,2026-04,184.4,22,51.1,1642
CUST-102592,2026-05,185.7,32,29.9,1465
CUST-102592,2026-06,115.4,19,34.6,1164
CUST-102592,2026-07,94.0,5,53.0,717
CUST-102592,2026-08,61.4,13,41.1,522
CUST-102593,2026-03,427.7,64,44.9,3081
CUST-102593,2026-04,411.5,57,37.7,4123
CUST-102593,2026-05,376.3,48,55.1,4199
CUST-102593,2026-06,400.0,58,33.6,3127
CUST-102593,2026-07,369.1,48,73.6,2735
CUST-102593,2026-08,450.5,57,58.3,4445
CUST-102594,2026-03,83.8,12,62.1,766
CUST-102594,2026-04,79.2,12,51.8,664
CUST-102594,2026-05,61.0,3,73.9,614
CUST-102594,2026-06,64.4,9,35.3,619
CUST-102594,2026-07,46.0,8,49.8,417
CUST-102594,2026-08,43.0,8,29.7,357
CUST-102595,2026-03,163.3,20,46.9,1490
CUST-102595,2026-04,158.1,31,46.4,1150
CUST-102595,2026-05,134.3,15,27.4,1460
CUST-102595,2026-06,150.0,18,50.8,1443
CUST-102595,2026-07,148.2,19,84.1,1312
CUST-102595,2026-08,126.0,17,53.7,1089
CUST-102596,2026-03,75.1,16,70.9,846
CUST-102596,2026-04,77.7,13,67.6,677
CUST-102596,2026-05,85.7,12,38.3,661
CUST-102596,2026-06,71.7,5,71.5,638
CUST-102596,2026-07,86.9,4,40.8,865
CUST-102596,2026-08,76.2,15,58.8,690
CUST-102597,2026-03,156.1,26,61.7,1352
CUST-102597,2026-04,157.5,19,31.9,1417
CUST-102597,2026-05,151.0,21,61.2,1465
CUST-102597,2026-06,131.4,11,38.9,1191
CUST-102597,2026-07,101.5,24,63.1,851
CUST-102597,2026-08,76.5,14,45.5,604
CUST-102598,2026-03,339.5,52,65.3,2935
CUST-102598,2026-04,356.8,50,53.7,3562
CUST-102598,2026-05,334.1,48,69.6,2880
CUST-102598,2026-06,271.3,41,28.1,1944
CUST-102598,2026-07,228.5,33,38.6,2517
CUST-102598,2026-08,191.1,25,37.9,2036
CUST-102599,2026-03,84.3,16,38.7,930
CUST-102599,2026-04,89.2,18,63.2,1012
CUST-102599,2026-05,68.1,11,55.9,685
CUST-102599,2026-06,75.6,12,66.5,764
CUST-102599,2026-07,55.7,6,65.7,517
CUST-102599,2026-08,50.5,9,59.8,444
CUST-102600,2026-03,188.8,26,61.5,1518
CUST-102600,2026-04,158.3,19,70.3,1577
CUST-102600,2026-05,182.9,33,63.0,1833
CUST-102600,2026-06,175.4,29,39.6,2474
CUST-102600,2026-07,175.0,23,66.1,1117
CUST-102600,2026-08,139.8,26,36.4,1419
CUST-102601,2026-03,171.2,21,64.3,992
CUST-102601,2026-04,195.5,31,35.7,1159
CUST-102601,2026-05,165.5,22,38.7,1548
CUST-102601,2026-06,175.8,24,67.9,1934
CUST-102601,2026-07,151.0,26,43.9,1125
CUST-102601,2026-08,167.6,29,61.4,1968
CUST-102602,2026-03,392.0,56,60.0,3416
CUST-102602,2026-04,348.4,42,54.4,3087
CUST-102602,2026-05,295.7,41,51.7,2759
CUST-102602,2026-06,311.3,36,51.5,2928
CUST-102602,2026-07,217.2,35,41.6,2932
CUST-102602,2026-08,212.5,39,47.4,2823
CUST-102603,2026-03,388.7,58,36.6,3909
CUST-102603,2026-04,439.1,57,79.7,4298
CUST-102603,2026-05,404.3,51,58.5,3105
CUST-102603,2026-06,409.2,56,64.2,3093
CUST-102603,2026-07,336.1,48,44.0,3379
CUST-102603,2026-08,383.8,54,50.7,2151
CUST-102604,2026-03,85.8,10,33.0,821
CUST-102604,2026-04,64.8,4,77.7,886
CUST-102604,2026-05,79.7,10,62.5,706
CUST-102604,2026-06,84.1,15,66.3,807
CUST-102604,2026-07,89.2,14,53.6,682
CUST-102604,2026-08,70.1,13,59.3,432
CUST-102605,2026-03,81.2,16,75.4,676
CUST-102605,2026-04,88.3,10,54.9,970
CUST-102605,2026-05,76.2,17,52.0,641
CUST-102605,2026-06,90.3,1,53.2,738
CUST-102605,2026-07,68.4,7,62.0,426
CUST-102605,2026-08,88.9,15,54.1,991
CUST-102606,2026-03,167.0,18,41.2,1127
CUST-102606,2026-04,187.2,26,63.9,1654
CUST-102606,2026-05,171.7,30,60.9,1383
CUST-102606,2026-06,159.4,25,60.1,1387
CUST-102606,2026-07,198.7,24,45.8,1753
CUST-102606,2026-08,182.1,22,47.1,1950
CUST-102607,2026-03,181.2,27,63.5,1915
CUST-102607,2026-04,158.7,23,54.5,1464
CUST-102607,2026-05,148.4,20,58.3,985
CUST-102607,2026-06,132.1,21,48.3,1078
CUST-102607,2026-07,125.8,17,51.5,1695
CUST-102607,2026-08,72.0,3,43.9,676
CUST-102608,2026-03,79.7,8,55.6,610
CUST-102608,2026-04,77.1,11,66.1,699
CUST-102608,2026-05,73.5,18,63.3,580
CUST-102608,2026-06,48.0,5,51.0,203
CUST-102608,2026-07,43.6,7,45.1,398
CUST-102608,2026-08,30.0,2,26.7,299
CUST-102609,2026-03,782.3,107,50.5,6461
CUST-102609,2026-04,738.7,108,50.9,6112
CUST-102609,2026-05,763.5,107,44.7,7368
CUST-102609,2026-06,1030.6,146,55.9,8682
CUST-102609,2026-07,852.8,127,50.8,6608
CUST-102609,2026-08,897.8,132,64.1,8900
CUST-102610,2026-03,78.2,8,65.3,711
CUST-102610,2026-04,75.9,8,36.0,410
CUST-102610,2026-05,69.5,11,52.7,624
CUST-102610,2026-06,63.2,12,72.9,531
CUST-102610,2026-07,64.9,5,29.3,749
CUST-102610,2026-08,48.1,6,43.5,293
CUST-102611,2026-03,180.2,33,50.8,1591
CUST-102611,2026-04,155.0,13,73.1,1495
CUST-102611,2026-05,153.7,24,30.3,1014
CUST-102611,2026-06,132.5,28,54.5,1062
CUST-102611,2026-07,101.2,12,32.5,866
CUST-102611,2026-08,87.0,15,56.5,1054
CUST-102612,2026-03,178.8,18,58.7,2121
CUST-102612,2026-04,166.4,20,50.0,1309
CUST-102612,2026-05,164.8,19,52.1,1833
CUST-102612,2026-06,215.1,33,66.6,1608
CUST-102612,2026-07,182.6,35,52.4,843
CUST-102612,2026-08,179.1,31,58.7,1364
CUST-102613,2026-03,382.6,54,50.8,3632
CUST-102613,2026-04,399.8,55,77.6,3997
CUST-102613,2026-05,343.7,46,57.2,3019
CUST-102613,2026-06,431.7,66,42.4,4838
CUST-102613,2026-07,382.5,45,57.8,2823
CUST-102613,2026-08,431.6,57,62.4,2954
CUST-102614,2026-03,762.9,107,47.8,7539
CUST-102614,2026-04,954.7,137,48.3,10259
CUST-102614,2026-05,1018.8,141,74.8,10048
CUST-102614,2026-06,924.2,137,82.9,10513
CUST-102614,2026-07,915.7,135,58.3,6659
CUST-102614,2026-08,851.4,126,44.3,6975
CUST-102615,2026-03,77.1,11,58.2,840
CUST-102615,2026-04,55.3,10,75.7,454
CUST-102615,2026-05,69.1,12,60.8,608
CUST-102615,2026-06,57.0,6,42.8,456
CUST-102615,2026-07,64.8,4,25.9,698
CUST-102615,2026-08,31.8,9,38.3,246
CUST-102616,2026-03,174.8,22,51.0,1931
CUST-102616,2026-04,172.8,26,58.0,1864
CUST-102616,2026-05,201.0,29,62.4,2066
CUST-102616,2026-06,182.1,32,50.5,1715
CUST-102616,2026-07,190.2,23,70.0,2505
CUST-102616,2026-08,160.6,19,56.0,1929
CUST-102617,2026-03,82.9,14,56.1,717
CUST-102617,2026-04,84.6,15,69.7,846
CUST-102617,2026-05,84.6,14,68.7,852
CUST-102617,2026-06,70.7,9,52.6,478
CUST-102617,2026-07,88.5,8,55.9,723
CUST-102617,2026-08,83.0,12,32.2,631
CUST-102618,2026-03,178.3,21,78.2,1995
CUST-102618,2026-04,167.0,23,43.8,1485
CUST-102618,2026-05,116.5,16,43.7,1155
CUST-102618,2026-06,126.7,17,60.2,1251
CUST-102618,2026-07,106.0,7,38.1,1030
CUST-102618,2026-08,115.9,16,20.2,804
CUST-102619,2026-03,395.6,57,55.7,3066
CUST-102619,2026-04,397.3,56,58.1,4020
CUST-102619,2026-05,318.8,53,32.9,4130
CUST-102619,2026-06,323.0,42,70.4,3022
CUST-102619,2026-07,392.0,56,38.1,3342
CUST-102619,2026-08,266.9,36,50.0,2320
CUST-102620,2026-03,71.9,5,63.9,625
CUST-102620,2026-04,68.5,12,49.5,461
CUST-102620,2026-05,58.4,6,46.8,462
CUST-102620,2026-06,63.1,9,44.7,661
CUST-102620,2026-07,49.7,10,23.0,531
CUST-102620,2026-08,40.8,1,43.3,414
CUST-102621,2026-03,344.8,49,44.8,2805
CUST-102621,2026-04,419.9,54,35.1,4059
CUST-102621,2026-05,327.3,48,41.5,3308
CUST-102621,2026-06,313.8,47,57.4,3045
CUST-102621,2026-07,332.3,41,42.5,2444
CUST-102621,2026-08,284.0,36,65.7,3598
CUST-102622,2026-03,186.2,34,42.9,1724
CUST-102622,2026-04,191.2,15,62.5,2072
CUST-102622,2026-05,183.1,21,50.6,1868
CUST-102622,2026-06,178.8,30,64.0,1882
CUST-102622,2026-07,179.1,28,49.6,1706
CUST-102622,2026-08,208.5,29,39.2,2081
CUST-102623,2026-03,176.4,28,51.4,793
CUST-102623,2026-04,196.7,32,49.1,1803
CUST-102623,2026-05,154.7,28,63.6,1698
CUST-102623,2026-06,172.6,19,54.9,1736
CUST-102623,2026-07,137.8,22,59.0,911
CUST-102623,2026-08,144.6,24,50.0,1902
CUST-102624,2026-03,429.4,61,67.7,4933
CUST-102624,2026-04,385.1,61,59.3,4680
CUST-102624,2026-05,378.6,45,57.1,4816
CUST-102624,2026-06,443.6,59,62.7,4706
CUST-102624,2026-07,344.8,49,46.0,2834
CUST-102624,2026-08,383.8,55,40.2,4072
CUST-102625,2026-03,87.3,11,71.1,376
CUST-102625,2026-04,80.2,4,62.3,650
CUST-102625,2026-05,77.7,10,68.0,707
CUST-102625,2026-06,86.1,5,30.6,1090
CUST-102625,2026-07,77.8,11,44.8,766
CUST-102625,2026-08,91.9,8,62.5,517
CUST-102626,2026-03,86.3,10,62.1,961
CUST-102626,2026-04,71.0,13,54.4,643
CUST-102626,2026-05,85.3,17,58.6,757
CUST-102626,2026-06,82.8,9,66.6,555
CUST-102626,2026-07,80.4,5,46.0,657
CUST-102626,2026-08,64.4,11,51.8,626
CUST-102627,2026-03,84.6,16,49.8,635
CUST-102627,2026-04,77.3,10,28.8,874
CUST-102627,2026-05,63.9,7,55.9,604
CUST-102627,2026-06,59.1,14,52.3,560
CUST-102627,2026-07,53.0,1,60.8,477
CUST-102627,2026-08,45.5,7,34.0,430
CUST-102628,2026-03,414.6,60,92.5,2534
CUST-102628,2026-04,344.6,54,35.9,3607
CUST-102628,2026-05,390.5,51,69.3,3500
CUST-102628,2026-06,395.6,56,46.2,3738
CUST-102628,2026-07,426.5,55,39.2,3022
CUST-102628,2026-08,382.6,57,76.1,2751
CUST-102629,2026-03,393.9,59,58.8,5006
CUST-102629,2026-04,362.6,48,54.7,2040
CUST-102629,2026-05,289.2,50,46.6,1961
CUST-102629,2026-06,284.3,34,63.7,3632
CUST-102629,2026-07,258.1,33,44.3,1062
CUST-102629,2026-08,190.6,31,48.9,1562
CUST-102630,2026-03,180.1,22,58.6,1826
CUST-102630,2026-04,165.6,30,47.0,941
CUST-102630,2026-05,170.1,30,48.2,1295
CUST-102630,2026-06,195.9,29,50.5,2071
CUST-102630,2026-07,143.7,15,40.1,922
CUST-102630,2026-08,163.9,23,52.6,1685
CUST-102631,2026-03,150.3,19,39.8,990
CUST-102631,2026-04,161.3,22,71.5,1560
CUST-102631,2026-05,136.2,17,22.2,918
CUST-102631,2026-06,144.9,23,30.9,946
CUST-102631,2026-07,116.7,19,22.1,1074
CUST-102631,2026-08,106.6,15,20.0,951
CUST-102632,2026-03,389.2,57,47.1,3856
CUST-102632,2026-04,360.7,48,66.4,4120
CUST-102632,2026-05,351.6,52,31.5,3375
CUST-102632,2026-06,372.6,58,60.1,2908
CUST-102632,2026-07,403.2,56,57.3,3934
CUST-102632,2026-08,436.2,64,67.6,3634
CUST-102633,2026-03,82.8,17,51.6,816
CUST-102633,2026-04,90.4,11,50.4,814
CUST-102633,2026-05,95.7,10,63.1,1216
CUST-102633,2026-06,68.3,9,58.0,786
CUST-102633,2026-07,79.4,11,42.8,732
CUST-102633,2026-08,78.5,14,45.7,711
CUST-102634,2026-03,75.6,5,50.3,440
CUST-102634,2026-04,72.9,9,64.5,743
CUST-102634,2026-05,64.9,10,53.9,692
CUST-102634,2026-06,46.9,5,55.5,287
CUST-102634,2026-07,40.4,4,35.0,264
CUST-102634,2026-08,45.7,10,30.2,292
CUST-102635,2026-03,72.1,15,51.2,478
CUST-102635,2026-04,74.7,16,60.0,627
CUST-102635,2026-05,59.6,2,52.7,173
CUST-102635,2026-06,55.5,10,61.7,529
CUST-102635,2026-07,31.4,7,29.1,221
CUST-102635,2026-08,36.0,1,39.6,453
CUST-102636,2026-03,170.2,31,73.9,1702
CUST-102636,2026-04,175.4,23,63.2,1924
CUST-102636,2026-05,154.4,28,49.4,1342
CUST-102636,2026-06,166.8,25,33.0,1357
CUST-102636,2026-07,171.1,19,48.1,1458
CUST-102636,2026-08,152.9,30,37.7,971
CUST-102637,2026-03,86.9,7,35.6,848
CUST-102637,2026-04,69.6,10,75.2,603
CUST-102637,2026-05,55.8,1,37.7,512
CUST-102637,2026-06,55.8,12,46.0,410
CUST-102637,2026-07,30.6,3,50.3,201
CUST-102637,2026-08,39.6,2,46.8,402
CUST-102638,2026-03,180.6,21,72.9,1437
CUST-102638,2026-04,202.7,34,46.4,1400
CUST-102638,2026-05,158.2,20,52.9,1156
CUST-102638,2026-06,157.8,10,51.4,1074
CUST-102638,2026-07,162.6,30,64.9,1426
CUST-102638,2026-08,185.0,25,71.7,1599
CUST-102639,2026-03,171.9,24,64.2,1440
CUST-102639,2026-04,145.5,17,49.7,1330
CUST-102639,2026-05,178.2,30,44.6,1553
CUST-102639,2026-06,179.5,29,39.9,2320
CUST-102639,2026-07,162.6,21,62.3,1411
CUST-102639,2026-08,166.8,22,66.0,1815
CUST-102640,2026-03,943.2,133,62.9,6646
CUST-102640,2026-04,902.7,130,22.5,6772
CUST-102640,2026-05,953.8,136,46.8,11426
CUST-102640,2026-06,861.8,121,73.5,6540
CUST-102640,2026-07,1017.2,144,61.5,10442
CUST-102640,2026-08,1055.9,146,54.8,4103
CUST-102641,2026-03,72.1,5,47.2,692
CUST-102641,2026-04,87.1,15,58.2,834
CUST-102641,2026-05,81.1,6,28.0,804
CUST-102641,2026-06,77.4,8,42.4,766
CUST-102641,2026-07,79.4,8,68.4,915
CUST-102641,2026-08,94.8,13,61.7,810
CUST-102642,2026-03,175.5,26,70.1,1558
CUST-102642,2026-04,178.1,23,50.1,1536
CUST-102642,2026-05,200.4,23,48.1,1992
CUST-102642,2026-06,186.8,32,62.0,1521
CUST-102642,2026-07,164.5,21,58.3,2094
CUST-102642,2026-08,220.1,29,51.6,1791
CUST-102643,2026-03,413.9,56,47.1,3746
CUST-102643,2026-04,368.9,49,69.9,3994
CUST-102643,2026-05,377.3,50,52.0,3320
CUST-102643,2026-06,396.3,60,60.2,2974
CUST-102643,2026-07,313.0,42,29.6,3631
CUST-102643,2026-08,280.0,34,50.3,1905
CUST-102644,2026-03,153.1,23,49.8,1311
CUST-102644,2026-04,150.8,17,63.6,914
CUST-102644,2026-05,130.1,23,57.1,1108
CUST-102644,2026-06,107.4,15,38.4,871
CUST-102644,2026-07,94.6,15,49.6,544
CUST-102644,2026-08,95.2,19,39.2,914
CUST-102645,2026-03,78.1,9,58.8,754
CUST-102645,2026-04,79.9,14,56.7,830
CUST-102645,2026-05,88.9,11,66.6,848
CUST-102645,2026-06,94.0,7,36.4,749
CUST-102645,2026-07,72.9,8,60.0,546
CUST-102645,2026-08,87.7,13,35.7,769
CUST-102646,2026-03,192.6,25,59.3,2058
CUST-102646,2026-04,155.5,21,43.0,1210
CUST-102646,2026-05,153.6,13,58.6,1134
CUST-102646,2026-06,143.9,19,59.8,1398
CUST-102646,2026-07,148.9,22,55.2,927
CUST-102646,2026-08,136.4,21,38.6,951
CUST-102647,2026-03,460.4,64,45.6,4339
CUST-102647,2026-04,337.6,51,41.5,3155
CUST-102647,2026-05,326.1,44,42.1,2430
CUST-102647,2026-06,359.7,56,43.5,2664
CUST-102647,2026-07,377.5,53,29.2,3282
CUST-102647,2026-08,363.6,53,57.2,2652
CUST-102648,2026-03,343.5,47,38.6,3084
CUST-102648,2026-04,352.7,49,58.8,2040
CUST-102648,2026-05,269.2,36,66.2,2901
CUST-102648,2026-06,306.5,39,49.8,2866
CUST-102648,2026-07,280.8,39,34.3,2371
CUST-102648,2026-08,198.2,32,43.7,1995
CUST-102649,2026-03,201.4,28,54.1,1943
CUST-102649,2026-04,152.0,20,44.4,1229
CUST-102649,2026-05,183.7,23,51.9,2113
CUST-102649,2026-06,204.1,36,67.3,1932
CUST-102649,2026-07,188.6,23,41.2,1908
CUST-102649,2026-08,162.1,24,31.4,1366
CUST-102650,2026-03,175.9,21,51.0,1487
CUST-102650,2026-04,174.5,35,36.8,1556
CUST-102650,2026-05,183.8,22,25.0,1106
CUST-102650,2026-06,175.7,24,48.1,2288
CUST-102650,2026-07,202.7,28,75.1,2060
CUST-102650,2026-08,166.9,22,60.3,1780
CUST-102651,2026-03,77.6,11,45.5,920
CUST-102651,2026-04,80.2,10,55.7,698
CUST-102651,2026-05,68.6,12,53.2,756
CUST-102651,2026-06,59.1,2,61.9,442
CUST-102651,2026-07,70.5,10,34.5,853
CUST-102651,2026-08,60.8,6,28.1,404
CUST-102652,2026-03,172.4,21,52.0,1972
CUST-102652,2026-04,173.1,27,54.6,1343
CUST-102652,2026-05,191.0,27,53.8,1453
CUST-102652,2026-06,195.8,30,42.1,1693
CUST-102652,2026-07,175.1,27,54.0,1935
CUST-102652,2026-08,178.4,27,81.8,1259
CUST-102653,2026-03,217.6,33,57.5,1741
CUST-102653,2026-04,172.6,12,52.2,793
CUST-102653,2026-05,161.6,20,62.4,1687
CUST-102653,2026-06,138.3,18,39.0,1024
CUST-102653,2026-07,112.4,15,46.8,1006
CUST-102653,2026-08,117.8,18,38.7,1115
CUST-102654,2026-03,193.5,30,75.0,1749
CUST-102654,2026-04,166.1,31,40.0,1632
CUST-102654,2026-05,195.1,27,39.4,2320
CUST-102654,2026-06,142.7,26,65.7,1015
CUST-102654,2026-07,145.1,15,38.1,1358
CUST-102654,2026-08,142.3,24,63.5,1023
CUST-102655,2026-03,162.1,21,60.6,1547
CUST-102655,2026-04,175.6,26,74.1,2065
CUST-102655,2026-05,209.6,31,55.6,3032
CUST-102655,2026-06,192.1,28,64.0,2070
CUST-102655,2026-07,191.0,26,43.8,1758
CUST-102655,2026-08,204.7,29,67.0,1639
CUST-102656,2026-03,188.3,30,54.7,1657
CUST-102656,2026-04,163.8,17,48.1,1425
CUST-102656,2026-05,183.3,31,50.8,1812
CUST-102656,2026-06,219.1,39,51.5,1464
CUST-102656,2026-07,183.3,22,76.9,1998
CUST-102656,2026-08,189.2,26,48.5,1839
CUST-102657,2026-03,356.7,42,40.8,2964
CUST-102657,2026-04,379.5,56,55.7,4015
CUST-102657,2026-05,343.5,52,64.8,3236
CUST-102657,2026-06,301.9,41,56.5,3098
CUST-102657,2026-07,327.3,43,49.9,1670
CUST-102657,2026-08,276.9,36,21.3,1823
CUST-102658,2026-03,153.0,23,66.7,1339
CUST-102658,2026-04,154.6,20,53.4,1002
CUST-102658,2026-05,135.7,11,45.1,974
CUST-102658,2026-06,122.0,15,30.7,735
CUST-102658,2026-07,102.0,9,52.8,989
CUST-102658,2026-08,69.8,11,43.5,571
CUST-102659,2026-03,397.7,56,69.9,3507
CUST-102659,2026-04,398.3,48,77.1,3550
CUST-102659,2026-05,380.9,58,46.9,3703
CUST-102659,2026-06,397.5,57,50.3,3587
CUST-102659,2026-07,390.4,48,49.1,2754
CUST-102659,2026-08,343.5,51,44.1,2967
CUST-102660,2026-03,163.6,24,49.1,1656
CUST-102660,2026-04,147.7,22,49.5,1337
CUST-102660,2026-05,173.5,17,51.9,1986
CUST-102660,2026-06,166.2,23,42.4,1675
CUST-102660,2026-07,150.4,23,50.9,1286
CUST-102660,2026-08,152.1,18,42.0,693
CUST-102661,2026-03,85.1,12,40.1,765
CUST-102661,2026-04,76.8,14,69.1,754
CUST-102661,2026-05,75.5,10,50.4,426
CUST-102661,2026-06,74.3,16,41.5,717
CUST-102661,2026-07,75.1,4,57.3,650
CUST-102661,2026-08,61.6,4,50.4,525
CUST-102662,2026-03,162.8,23,56.0,1804
CUST-102662,2026-04,200.4,28,75.1,1870
CUST-102662,2026-05,194.4,33,60.9,1596
CUST-102662,2026-06,184.1,24,53.6,1117
CUST-102662,2026-07,160.7,15,45.5,1585
CUST-102662,2026-08,222.5,28,42.7,2448
CUST-102663,2026-03,364.5,51,43.7,2212
CUST-102663,2026-04,395.8,64,68.7,1890
CUST-102663,2026-05,315.2,36,36.9,3055
CUST-102663,2026-06,373.9,41,47.1,4365
CUST-102663,2026-07,362.5,51,55.4,2527
CUST-102663,2026-08,266.6,45,35.8,2390
CUST-102664,2026-03,414.4,61,58.3,4854
CUST-102664,2026-04,270.8,39,54.8,1880
CUST-102664,2026-05,428.1,67,65.0,5540
CUST-102664,2026-06,374.5,53,63.4,2887
CUST-102664,2026-07,386.2,52,40.6,2428
CUST-102664,2026-08,391.5,58,51.9,3536
CUST-102665,2026-03,86.6,8,38.6,859
CUST-102665,2026-04,89.5,21,63.3,1017
CUST-102665,2026-05,91.7,11,52.0,831
CUST-102665,2026-06,81.5,18,44.6,716
CUST-102665,2026-07,83.1,15,82.5,858
CUST-102665,2026-08,76.9,15,49.9,859
CUST-102666,2026-03,81.9,11,60.9,901
CUST-102666,2026-04,78.8,11,59.0,718
CUST-102666,2026-05,79.6,10,62.5,573
CUST-102666,2026-06,99.0,21,65.0,846
CUST-102666,2026-07,79.4,12,63.0,784
CUST-102666,2026-08,95.6,16,52.2,986
CUST-102667,2026-03,86.6,16,47.5,736
CUST-102667,2026-04,75.0,9,43.2,402
CUST-102667,2026-05,75.6,11,52.6,699
CUST-102667,2026-06,52.7,1,69.8,429
CUST-102667,2026-07,29.6,8,48.4,295
CUST-102667,2026-08,37.0,5,29.1,321
CUST-102668,2026-03,190.1,35,70.7,1615
CUST-102668,2026-04,180.9,32,63.9,1477
CUST-102668,2026-05,182.4,21,32.5,1675
CUST-102668,2026-06,167.9,23,30.3,1442
CUST-102668,2026-07,123.4,16,51.1,1068
CUST-102668,2026-08,159.5,27,34.6,1195
CUST-102669,2026-03,397.0,63,51.4,2966
CUST-102669,2026-04,339.6,56,62.7,3064
CUST-102669,2026-05,290.0,42,43.0,2596
CUST-102669,2026-06,284.2,40,40.2,2700
CUST-102669,2026-07,233.1,33,54.0,3248
CUST-102669,2026-08,142.5,22,55.5,1491
CUST-102670,2026-03,390.7,58,59.4,2911
CUST-102670,2026-04,386.3,51,45.8,4344
CUST-102670,2026-05,371.4,54,50.9,2800
CUST-102670,2026-06,384.5,56,66.6,2679
CUST-102670,2026-07,421.4,53,48.6,2844
CUST-102670,2026-08,378.0,48,67.4,3220
CUST-102671,2026-03,368.7,54,50.6,4055
CUST-102671,2026-04,375.5,48,55.7,4800
CUST-102671,2026-05,339.4,49,43.7,2130
CUST-102671,2026-06,349.0,48,68.1,2359
CUST-102671,2026-07,318.3,42,43.2,2770
CUST-102671,2026-08,290.3,42,33.5,3017
CUST-102672,2026-03,83.9,12,67.1,714
CUST-102672,2026-04,79.9,13,54.3,844
CUST-102672,2026-05,93.4,14,45.1,1007
CUST-102672,2026-06,84.0,8,64.1,722
CUST-102672,2026-07,84.7,10,53.0,693
CUST-102672,2026-08,85.0,10,51.7,801
CUST-102673,2026-03,349.5,54,44.6,1751
CUST-102673,2026-04,404.8,59,47.3,4285
CUST-102673,2026-05,438.1,60,15.8,3164
CUST-102673,2026-06,400.0,57,79.8,3284
CUST-102673,2026-07,393.6,56,67.3,3473
CUST-102673,2026-08,404.0,60,43.0,5147
CUST-102674,2026-03,360.5,46,69.4,2664
CUST-102674,2026-04,397.4,52,61.7,3996
CUST-102674,2026-05,307.7,37,46.5,2358
CUST-102674,2026-06,346.0,47,66.5,1852
CUST-102674,2026-07,415.2,58,42.2,4315
CUST-102674,2026-08,406.1,52,68.1,3054
CUST-102675,2026-03,82.0,4,56.7,701
CUST-102675,2026-04,79.2,11,77.4,686
CUST-102675,2026-05,73.6,12,72.2,499
CUST-102675,2026-06,73.7,13,61.7,436
CUST-102675,2026-07,91.5,7,46.2,787
CUST-102675,2026-08,87.5,10,56.0,788
CUST-102676,2026-03,76.3,7,45.1,524
CUST-102676,2026-04,76.3,10,82.1,528
CUST-102676,2026-05,60.8,13,73.1,613
CUST-102676,2026-06,58.6,12,57.9,450
CUST-102676,2026-07,67.5,1,30.6,562
CUST-102676,2026-08,55.5,13,30.9,483
CUST-102677,2026-03,401.2,65,70.8,3301
CUST-102677,2026-04,393.3,59,33.4,3998
CUST-102677,2026-05,311.3,45,44.4,2605
CUST-102677,2026-06,274.4,41,30.0,1232
CUST-102677,2026-07,312.2,42,61.6,2265
CUST-102677,2026-08,146.0,21,21.7,1099
CUST-102678,2026-03,82.5,18,50.1,605
CUST-102678,2026-04,80.2,13,62.1,701
CUST-102678,2026-05,99.2,16,67.3,818
CUST-102678,2026-06,74.6,12,46.3,490
CUST-102678,2026-07,82.0,13,48.8,860
CUST-102678,2026-08,80.0,19,68.0,858
CUST-102679,2026-03,85.9,15,73.5,759
CUST-102679,2026-04,76.2,8,44.3,610
CUST-102679,2026-05,77.4,10,53.0,631
CUST-102679,2026-06,70.3,9,35.3,722
CUST-102679,2026-07,67.5,3,31.3,525
CUST-102679,2026-08,70.1,5,41.0,645
CUST-102680,2026-03,197.3,26,60.7,1359
CUST-102680,2026-04,219.2,34,48.2,2103
CUST-102680,2026-05,169.3,21,52.3,1867
CUST-102680,2026-06,179.7,28,68.4,1541
CUST-102680,2026-07,201.3,32,51.4,1566
CUST-102680,2026-08,184.8,27,50.0,1594
CUST-102681,2026-03,77.6,13,72.6,731
CUST-102681,2026-04,56.3,11,39.7,546
CUST-102681,2026-05,80.6,5,38.3,799
CUST-102681,2026-06,68.1,10,50.4,666
CUST-102681,2026-07,60.7,13,48.5,675
CUST-102681,2026-08,54.2,11,32.0,506
CUST-102682,2026-03,93.0,13,55.4,696
CUST-102682,2026-04,82.5,8,51.2,1010
CUST-102682,2026-05,71.1,4,52.1,1021
CUST-102682,2026-06,82.9,16,64.8,848
CUST-102682,2026-07,91.0,22,56.0,808
CUST-102682,2026-08,90.5,11,62.8,402
CUST-102683,2026-03,415.0,60,36.6,4042
CUST-102683,2026-04,407.3,59,56.4,3823
CUST-102683,2026-05,365.9,55,62.5,3698
CUST-102683,2026-06,341.8,49,57.2,2561
CUST-102683,2026-07,384.2,49,51.9,2401
CUST-102683,2026-08,362.1,50,64.7,3053
CUST-102684,2026-03,189.4,25,61.0,1327
CUST-102684,2026-04,136.8,18,27.5,1145
CUST-102684,2026-05,128.6,21,41.2,959
CUST-102684,2026-06,133.4,15,39.1,986
CUST-102684,2026-07,94.1,19,47.6,997
CUST-102684,2026-08,74.3,4,30.5,733
CUST-102685,2026-03,85.9,17,48.7,972
CUST-102685,2026-04,74.4,11,36.2,821
CUST-102685,2026-05,65.2,9,71.3,280
CUST-102685,2026-06,52.6,5,73.4,618
CUST-102685,2026-07,39.1,9,24.6,399
CUST-102685,2026-08,34.2,2,49.3,339
CUST-102686,2026-03,184.8,25,32.3,1968
CUST-102686,2026-04,169.0,20,54.8,1662
CUST-102686,2026-05,178.2,28,61.1,1109
CUST-102686,2026-06,202.9,30,58.7,1880
CUST-102686,2026-07,175.5,30,63.2,905
CUST-102686,2026-08,194.5,28,56.9,1478
CUST-102687,2026-03,330.7,54,23.4,2391
CUST-102687,2026-04,321.2,41,58.3,3938
CUST-102687,2026-05,395.3,58,50.6,2246
CUST-102687,2026-06,382.6,58,47.0,3684
CUST-102687,2026-07,345.7,50,67.4,3585
CUST-102687,2026-08,324.8,46,52.2,3056
CUST-102688,2026-03,406.8,66,52.2,5021
CUST-102688,2026-04,406.8,60,54.4,3982
CUST-102688,2026-05,351.0,55,37.4,2773
CUST-102688,2026-06,359.2,55,42.4,2709
CUST-102688,2026-07,319.4,46,60.2,2810
CUST-102688,2026-08,339.4,52,66.3,3442
CUST-102689,2026-03,430.7,56,48.4,2989
CUST-102689,2026-04,407.3,58,37.9,2899
CUST-102689,2026-05,292.8,35,39.5,2036
CUST-102689,2026-06,235.2,36,70.2,1731
CUST-102689,2026-07,220.9,34,54.4,1942
CUST-102689,2026-08,245.0,37,41.5,2710
CUST-102690,2026-03,87.7,9,57.2,689
CUST-102690,2026-04,76.0,10,59.4,686
CUST-102690,2026-05,54.5,1,61.4,439
CUST-102690,2026-06,64.0,14,39.1,589
CUST-102690,2026-07,40.5,11,46.7,354
CUST-102690,2026-08,36.4,8,53.8,259
CUST-102691,2026-03,182.0,27,60.6,1531
CUST-102691,2026-04,174.9,22,62.8,1751
CUST-102691,2026-05,215.1,30,44.9,2017
CUST-102691,2026-06,175.0,21,61.6,1939
CUST-102691,2026-07,191.9,30,55.1,1796
CUST-102691,2026-08,211.4,34,43.9,2286
CUST-102692,2026-03,80.0,7,61.4,723
CUST-102692,2026-04,81.0,4,51.8,687
CUST-102692,2026-05,76.0,15,77.5,695
CUST-102692,2026-06,81.9,10,60.0,804
CUST-102692,2026-07,72.9,8,60.4,701
CUST-102692,2026-08,88.8,14,40.3,958
CUST-102693,2026-03,368.4,52,48.2,3465
CUST-102693,2026-04,368.8,48,37.7,3506
CUST-102693,2026-05,368.9,59,70.4,3583
CUST-102693,2026-06,368.1,51,49.1,3018
CUST-102693,2026-07,403.2,57,59.8,3387
CUST-102693,2026-08,461.8,69,42.2,3261
CUST-102694,2026-03,80.4,9,48.5,847
CUST-102694,2026-04,86.9,10,42.5,775
CUST-102694,2026-05,78.1,5,45.6,642
CUST-102694,2026-06,81.5,7,49.8,767
CUST-102694,2026-07,79.5,11,57.9,571
CUST-102694,2026-08,65.3,3,40.8,666
CUST-102695,2026-03,169.6,22,64.2,1419
CUST-102695,2026-04,179.1,21,78.8,956
CUST-102695,2026-05,185.8,28,70.2,1551
CUST-102695,2026-06,177.8,27,48.7,1669
CUST-102695,2026-07,168.6,24,45.9,1274
CUST-102695,2026-08,154.2,24,47.3,1380
CUST-102696,2026-03,357.9,52,45.3,3260
CUST-102696,2026-04,429.5,64,47.8,4829
CUST-102696,2026-05,374.8,50,70.5,3196
CUST-102696,2026-06,376.4,51,53.3,3579
CUST-102696,2026-07,432.3,55,53.7,4142
CUST-102696,2026-08,454.3,68,52.3,4032
CUST-102697,2026-03,176.5,23,61.9,1740
CUST-102697,2026-04,172.7,26,40.6,1220
CUST-102697,2026-05,112.0,16,52.4,657
CUST-102697,2026-06,108.5,15,42.9,792
CUST-102697,2026-07,115.0,10,48.7,1470
CUST-102697,2026-08,107.8,16,59.3,1210
CUST-102698,2026-03,172.1,31,40.1,1471
CUST-102698,2026-04,186.2,24,60.2,1453
CUST-102698,2026-05,151.9,17,33.8,1687
CUST-102698,2026-06,114.9,15,65.3,1156
CUST-102698,2026-07,143.0,20,32.6,1390
CUST-102698,2026-08,105.2,18,51.0,1194
CUST-102699,2026-03,88.9,19,76.5,734
CUST-102699,2026-04,67.8,5,50.3,629
CUST-102699,2026-05,61.6,9,32.0,512
CUST-102699,2026-06,68.4,8,42.7,502
CUST-102699,2026-07,46.8,13,51.4,444
CUST-102699,2026-08,44.6,7,49.2,283
CUST-102700,2026-03,76.2,10,57.5,850
CUST-102700,2026-04,68.9,7,64.9,757
CUST-102700,2026-05,80.5,12,31.8,700
CUST-102700,2026-06,73.5,11,59.8,610
CUST-102700,2026-07,80.6,13,60.3,582
CUST-102700,2026-08,52.5,7,53.6,437
CUST-102701,2026-03,79.1,10,29.4,654
CUST-102701,2026-04,79.0,11,56.8,735
CUST-102701,2026-05,66.9,10,46.3,587
CUST-102701,2026-06,80.3,4,72.6,440
CUST-102701,2026-07,85.9,9,60.2,837
CUST-102701,2026-08,88.7,12,65.6,779
CUST-102702,2026-03,169.9,18,87.4,1417
CUST-102702,2026-04,167.1,24,53.4,2109
CUST-102702,2026-05,194.2,28,61.1,1425
CUST-102702,2026-06,174.9,21,42.7,1749
CUST-102702,2026-07,182.8,26,46.2,1601
CUST-102702,2026-08,183.2,19,58.8,1925
CUST-102703,2026-03,79.5,11,78.2,612
CUST-102703,2026-04,78.6,18,41.6,874
CUST-102703,2026-05,68.2,10,61.3,730
CUST-102703,2026-06,77.0,12,62.2,670
CUST-102703,2026-07,75.4,5,61.5,626
CUST-102703,2026-08,60.8,11,47.7,622
CUST-102704,2026-03,368.3,59,68.3,3210
CUST-102704,2026-04,391.4,54,61.4,3154
CUST-102704,2026-05,394.2,52,59.5,3239
CUST-102704,2026-06,308.3,48,57.0,3744
CUST-102704,2026-07,321.1,48,65.0,3532
CUST-102704,2026-08,326.8,52,46.9,2518
CUST-102705,2026-03,79.2,12,61.2,802
CUST-102705,2026-04,82.7,20,57.8,820
CUST-102705,2026-05,92.8,12,57.9,852
CUST-102705,2026-06,79.9,11,71.0,512
CUST-102705,2026-07,84.3,9,46.4,801
CUST-102705,2026-08,74.4,9,29.7,664
CUST-102706,2026-03,379.8,58,72.4,4156
CUST-102706,2026-04,369.9,55,68.8,2897
CUST-102706,2026-05,269.3,35,35.4,2278
CUST-102706,2026-06,262.6,36,38.4,2834
CUST-102706,2026-07,259.6,40,49.6,2156
CUST-102706,2026-08,176.5,27,55.2,1482
CUST-102707,2026-03,164.4,21,55.1,1567
CUST-102707,2026-04,137.6,26,52.4,690
CUST-102707,2026-05,176.7,21,37.3,1408
CUST-102707,2026-06,151.6,26,56.5,866
CUST-102707,2026-07,158.2,22,45.9,1192
CUST-102707,2026-08,123.2,14,46.2,1504
CUST-102708,2026-03,80.8,16,52.7,514
CUST-102708,2026-04,86.4,8,55.6,900
CUST-102708,2026-05,66.2,16,46.7,657
CUST-102708,2026-06,66.1,8,55.1,713
CUST-102708,2026-07,67.4,10,46.8,517
CUST-102708,2026-08,64.8,2,56.0,775
CUST-102709,2026-03,166.2,21,41.7,1680
CUST-102709,2026-04,180.5,23,66.0,1329
CUST-102709,2026-05,141.3,16,31.4,1147
CUST-102709,2026-06,151.2,19,44.6,1468
CUST-102709,2026-07,160.4,12,78.9,1471
CUST-102709,2026-08,130.2,10,29.9,990
CUST-102710,2026-03,174.9,24,44.2,1804
CUST-102710,2026-04,170.9,23,54.6,1621
CUST-102710,2026-05,134.8,14,53.1,1231
CUST-102710,2026-06,125.4,13,59.5,1132
CUST-102710,2026-07,121.9,18,40.8,763
CUST-102710,2026-08,102.4,11,57.2,1100
CUST-102711,2026-03,402.1,61,65.9,4394
CUST-102711,2026-04,335.9,46,51.6,2557
CUST-102711,2026-05,389.7,54,51.8,4858
CUST-102711,2026-06,340.6,55,39.6,3178
CUST-102711,2026-07,387.8,52,77.6,2800
CUST-102711,2026-08,378.8,55,60.8,2656
CUST-102712,2026-03,87.4,1,84.8,983
CUST-102712,2026-04,69.7,10,48.3,784
CUST-102712,2026-05,71.6,11,49.9,500
CUST-102712,2026-06,61.2,9,60.2,413
CUST-102712,2026-07,75.8,13,37.6,538
CUST-102712,2026-08,45.1,5,42.0,448
CUST-102713,2026-03,185.8,34,64.1,1073
CUST-102713,2026-04,173.0,20,65.5,1088
CUST-102713,2026-05,157.3,24,57.7,1724
CUST-102713,2026-06,143.2,23,51.7,1123
CUST-102713,2026-07,114.4,13,49.7,1020
CUST-102713,2026-08,95.6,16,43.8,457
CUST-102714,2026-03,914.6,122,49.4,7811
CUST-102714,2026-04,823.8,116,65.4,4262
CUST-102714,2026-05,766.7,113,69.3,8470
CUST-102714,2026-06,1053.1,149,47.0,9488
CUST-102714,2026-07,978.6,140,55.5,7477
CUST-102714,2026-08,887.9,139,64.8,8263
CUST-102715,2026-03,804.9,119,61.7,6610
CUST-102715,2026-04,754.0,110,76.5,6103
CUST-102715,2026-05,690.6,97,29.7,6847
CUST-102715,2026-06,591.3,82,54.9,6307
CUST-102715,2026-07,607.2,84,44.7,4343
CUST-102715,2026-08,529.3,77,41.6,5117
CUST-102716,2026-03,78.5,14,55.4,752
CUST-102716,2026-04,71.7,12,77.9,807
CUST-102716,2026-05,89.8,14,57.2,699
CUST-102716,2026-06,83.9,12,40.8,951
CUST-102716,2026-07,66.3,12,36.2,420
CUST-102716,2026-08,71.7,9,42.6,814
CUST-102717,2026-03,83.4,14,56.1,613
CUST-102717,2026-04,78.1,12,40.4,854
CUST-102717,2026-05,62.5,12,47.3,741
CUST-102717,2026-06,81.0,16,62.3,684
CUST-102717,2026-07,71.2,8,44.7,667
CUST-102717,2026-08,59.1,9,53.8,547
CUST-102718,2026-03,83.0,20,72.1,798
CUST-102718,2026-04,70.0,4,52.2,735
CUST-102718,2026-05,80.1,8,59.5,916
CUST-102718,2026-06,72.5,16,27.9,664
CUST-102718,2026-07,75.3,12,48.4,799
CUST-102718,2026-08,54.9,10,50.6,354
CUST-102719,2026-03,393.5,52,70.1,3115
CUST-102719,2026-04,322.4,51,38.4,2779
CUST-102719,2026-05,325.7,43,54.0,2956
CUST-102719,2026-06,304.2,43,61.3,2532
CUST-102719,2026-07,297.2,50,22.3,3374
CUST-102719,2026-08,172.6,25,52.9,1329
CUST-102720,2026-03,398.7,60,77.9,4351
CUST-102720,2026-04,326.3,51,50.1,2553
CUST-102720,2026-05,271.0,38,64.5,2542
CUST-102720,2026-06,289.9,42,49.3,3148
CUST-102720,2026-07,188.3,24,42.8,1422
CUST-102720,2026-08,139.7,18,40.2,1246
CUST-102721,2026-03,85.4,19,56.7,657
CUST-102721,2026-04,73.6,7,36.1,813
CUST-102721,2026-05,66.3,6,59.5,609
CUST-102721,2026-06,53.8,6,35.2,453
CUST-102721,2026-07,39.2,1,35.5,295
CUST-102721,2026-08,31.8,6,36.9,248
CUST-102722,2026-03,76.7,10,66.2,461
CUST-102722,2026-04,77.2,6,60.5,394
CUST-102722,2026-05,78.5,12,55.5,791
CUST-102722,2026-06,79.1,11,43.0,830
CUST-102722,2026-07,96.8,15,49.2,969
CUST-102722,2026-08,88.2,8,49.9,773
CUST-102723,2026-03,362.4,56,55.8,3561
CUST-102723,2026-04,330.6,52,73.4,3138
CUST-102723,2026-05,305.6,42,43.2,3152
CUST-102723,2026-06,281.3,50,39.5,3210
CUST-102723,2026-07,237.4,32,42.4,1809
CUST-102723,2026-08,195.4,26,39.8,1547
CUST-102724,2026-03,81.6,8,54.6,782
CUST-102724,2026-04,64.4,15,73.5,636
CUST-102724,2026-05,52.3,5,46.3,469
CUST-102724,2026-06,65.3,11,36.8,408
CUST-102724,2026-07,37.8,3,48.4,390
CUST-102724,2026-08,28.7,5,48.2,325
CUST-102725,2026-03,375.8,58,60.3,3633
CUST-102725,2026-04,407.7,57,38.7,3393
CUST-102725,2026-05,410.1,49,78.3,5458
CUST-102725,2026-06,415.7,55,73.5,2433
CUST-102725,2026-07,350.7,50,58.7,3169
CUST-102725,2026-08,382.2,52,56.6,3638
CUST-102726,2026-03,79.2,19,57.1,791
CUST-102726,2026-04,63.9,11,53.1,454
CUST-102726,2026-05,78.3,6,25.4,558
CUST-102726,2026-06,72.0,12,49.6,719
CUST-102726,2026-07,68.5,8,51.7,537
CUST-102726,2026-08,62.4,2,46.9,624
CUST-102727,2026-03,203.3,29,60.7,2312
CUST-102727,2026-04,171.4,26,48.4,1124
CUST-102727,2026-05,142.6,18,39.4,1630
CUST-102727,2026-06,137.4,16,62.1,904
CUST-102727,2026-07,111.0,23,34.3,857
CUST-102727,2026-08,100.1,16,41.7,739
CUST-102728,2026-03,370.9,53,41.9,2948
CUST-102728,2026-04,365.9,50,50.3,3696
CUST-102728,2026-05,340.1,43,47.7,2768
CUST-102728,2026-06,354.7,47,56.9,3250
CUST-102728,2026-07,284.6,34,32.2,2678
CUST-102728,2026-08,306.3,44,65.3,3281
CUST-102729,2026-03,930.5,131,57.1,8709
CUST-102729,2026-04,993.9,135,72.9,8791
CUST-102729,2026-05,884.8,121,40.1,8924
CUST-102729,2026-06,842.3,119,38.8,8225
CUST-102729,2026-07,950.2,132,57.0,10430
CUST-102729,2026-08,1076.1,162,40.9,10452
CUST-102730,2026-03,189.0,30,48.1,1607
CUST-102730,2026-04,158.2,22,72.9,859
CUST-102730,2026-05,169.5,22,45.0,1015
CUST-102730,2026-06,142.0,22,44.7,1576
CUST-102730,2026-07,155.9,26,42.4,1586
CUST-102730,2026-08,157.5,19,53.7,1223
CUST-102731,2026-03,207.4,25,51.8,1707
CUST-102731,2026-04,171.3,22,67.3,2115
CUST-102731,2026-05,144.5,16,48.3,1311
CUST-102731,2026-06,167.8,20,46.5,1710
CUST-102731,2026-07,143.0,18,20.1,1568
CUST-102731,2026-08,131.7,18,48.4,1209
CUST-102732,2026-03,391.5,50,71.6,3901
CUST-102732,2026-04,353.0,49,37.9,2638
CUST-102732,2026-05,344.1,54,39.6,4024
CUST-102732,2026-06,383.8,51,35.7,3822
CUST-102732,2026-07,288.7,37,58.9,2526
CUST-102732,2026-08,330.9,50,66.4,2922
CUST-102733,2026-03,165.5,24,64.4,1254
CUST-102733,2026-04,149.2,16,39.6,972
CUST-102733,2026-05,151.7,22,59.8,1402
CUST-102733,2026-06,115.5,17,34.8,883
CUST-102733,2026-07,112.1,16,45.7,853
CUST-102733,2026-08,99.9,14,35.1,951
CUST-102734,2026-03,977.5,141,42.4,6966
CUST-102734,2026-04,893.2,129,64.3,9807
CUST-102734,2026-05,869.7,120,58.2,7243
CUST-102734,2026-06,921.8,132,56.8,7614
CUST-102734,2026-07,875.3,125,52.2,9170
CUST-102734,2026-08,979.9,137,50.1,10698
CUST-102735,2026-03,86.2,16,48.3,984
CUST-102735,2026-04,77.2,9,65.9,764
CUST-102735,2026-05,85.2,15,29.0,590
CUST-102735,2026-06,70.6,13,53.7,824
CUST-102735,2026-07,73.0,6,50.8,820
CUST-102735,2026-08,68.4,5,79.0,733
CUST-102736,2026-03,134.2,20,69.7,1208
CUST-102736,2026-04,185.2,28,60.1,2051
CUST-102736,2026-05,181.5,24,65.8,1268
CUST-102736,2026-06,152.5,20,38.8,1506
CUST-102736,2026-07,167.0,22,56.4,1482
CUST-102736,2026-08,175.8,32,84.5,1367
CUST-102737,2026-03,209.0,32,67.4,1800
CUST-102737,2026-04,215.7,27,56.9,1529
CUST-102737,2026-05,195.9,23,55.6,1434
CUST-102737,2026-06,162.8,28,30.7,1740
CUST-102737,2026-07,191.2,24,60.6,1797
CUST-102737,2026-08,170.0,19,36.7,1345
CUST-102738,2026-03,75.6,13,67.5,667
CUST-102738,2026-04,57.7,8,45.3,634
CUST-102738,2026-05,73.7,10,63.4,795
CUST-102738,2026-06,72.4,15,30.3,551
CUST-102738,2026-07,59.4,8,45.5,553
CUST-102738,2026-08,63.0,3,37.9,749
CUST-102739,2026-03,423.5,58,79.2,3021
CUST-102739,2026-04,447.2,63,46.3,4748
CUST-102739,2026-05,363.4,52,5.0,3969
CUST-102739,2026-06,412.7,62,61.4,3443
CUST-102739,2026-07,326.2,50,60.2,2519
CUST-102739,2026-08,394.7,57,75.9,4865
CUST-102740,2026-03,83.8,20,57.4,735
CUST-102740,2026-04,76.7,8,44.3,642
CUST-102740,2026-05,80.7,10,58.4,635
CUST-102740,2026-06,77.7,12,36.2,586
CUST-102740,2026-07,90.4,14,28.6,911
CUST-102740,2026-08,89.3,9,53.4,637
CUST-102741,2026-03,80.8,7,52.7,303
CUST-102741,2026-04,83.2,12,50.1,610
CUST-102741,2026-05,64.5,1,46.5,601
CUST-102741,2026-06,58.3,6,31.4,449
CUST-102741,2026-07,46.6,8,33.8,423
CUST-102741,2026-08,51.6,14,30.9,320
CUST-102742,2026-03,73.0,15,55.6,605
CUST-102742,2026-04,82.1,8,71.0,900
CUST-102742,2026-05,76.9,9,65.4,628
CUST-102742,2026-06,85.0,12,64.9,785
CUST-102742,2026-07,81.2,9,45.6,528
CUST-102742,2026-08,82.6,7,40.7,610
CUST-102743,2026-03,470.5,67,66.8,2281
CUST-102743,2026-04,344.6,45,63.2,3526
CUST-102743,2026-05,313.0,50,57.8,2524
CUST-102743,2026-06,358.3,50,78.8,3589
CUST-102743,2026-07,371.3,59,59.9,2835
CUST-102743,2026-08,394.5,54,55.4,3377
CUST-102744,2026-03,75.7,11,61.4,390
CUST-102744,2026-04,65.8,9,49.3,488
CUST-102744,2026-05,74.7,4,52.4,621
CUST-102744,2026-06,72.6,10,64.1,803
CUST-102744,2026-07,83.3,21,47.9,1089
CUST-102744,2026-08,75.8,6,59.9,685
CUST-102745,2026-03,414.2,59,62.6,4585
CUST-102745,2026-04,365.1,46,66.7,2824
CUST-102745,2026-05,323.8,39,45.7,2979
CUST-102745,2026-06,304.3,42,39.6,2880
CUST-102745,2026-07,254.1,35,51.3,2471
CUST-102745,2026-08,243.0,33,50.3,2548
CUST-102746,2026-03,367.9,53,38.2,1901
CUST-102746,2026-04,378.9,54,63.1,4677
CUST-102746,2026-05,287.8,45,57.3,3182
CUST-102746,2026-06,221.5,33,62.4,2178
CUST-102746,2026-07,283.4,37,18.1,2349
CUST-102746,2026-08,176.3,26,57.3,1350
CUST-102747,2026-03,775.7,107,25.8,6532
CUST-102747,2026-04,787.4,109,59.5,7450
CUST-102747,2026-05,637.0,87,29.4,5179
CUST-102747,2026-06,641.4,98,46.2,5058
CUST-102747,2026-07,619.9,79,52.9,4226
CUST-102747,2026-08,554.1,81,43.6,4145
CUST-102748,2026-03,163.8,23,63.7,1274
CUST-102748,2026-04,187.1,26,52.0,1239
CUST-102748,2026-05,201.0,38,62.0,648
CUST-102748,2026-06,186.5,25,48.2,2020
CUST-102748,2026-07,171.8,22,63.8,1503
CUST-102748,2026-08,202.0,30,41.6,2107
CUST-102749,2026-03,388.9,50,71.5,3853
CUST-102749,2026-04,324.7,49,39.4,2496
CUST-102749,2026-05,352.4,47,47.4,4088
CUST-102749,2026-06,278.8,40,24.4,3584
CUST-102749,2026-07,276.8,36,36.5,2101
CUST-102749,2026-08,222.5,29,46.7,2471
CUST-102750,2026-03,420.3,60,68.4,2619
CUST-102750,2026-04,341.8,46,42.3,3620
CUST-102750,2026-05,286.5,41,48.0,2314
CUST-102750,2026-06,267.2,36,45.8,2059
CUST-102750,2026-07,248.3,34,37.9,1895
CUST-102750,2026-08,249.3,38,36.2,2106
CUST-102751,2026-03,918.8,130,36.5,9207
CUST-102751,2026-04,839.8,117,53.5,6433
CUST-102751,2026-05,777.4,112,39.2,8271
CUST-102751,2026-06,610.4,87,41.4,4317
CUST-102751,2026-07,709.0,99,53.8,5133
CUST-102751,2026-08,741.8,109,52.9,5965
CUST-102752,2026-03,182.5,23,52.7,1886
CUST-102752,2026-04,141.2,27,76.9,1022
CUST-102752,2026-05,105.4,19,56.2,860
CUST-102752,2026-06,115.2,14,42.9,912
CUST-102752,2026-07,106.5,12,48.8,961
CUST-102752,2026-08,40.9,1,47.6,352
CUST-102753,2026-03,186.4,19,51.2,1170
CUST-102753,2026-04,194.0,23,52.6,2091
CUST-102753,2026-05,164.8,17,40.9,1217
CUST-102753,2026-06,180.4,27,56.5,1633
CUST-102753,2026-07,178.6,25,47.7,1551
CUST-102753,2026-08,188.7,26,57.2,2157
CUST-102754,2026-03,386.0,55,37.5,2107
CUST-102754,2026-04,321.6,47,32.9,1476
CUST-102754,2026-05,278.7,34,79.1,2543
CUST-102754,2026-06,225.3,34,51.3,1656
CUST-102754,2026-07,251.6,30,41.9,2221
CUST-102754,2026-08,206.2,28,55.4,1807
CUST-102755,2026-03,363.1,60,64.2,3211
CUST-102755,2026-04,339.9,55,85.0,3145
CUST-102755,2026-05,332.2,58,34.4,3349
CUST-102755,2026-06,403.5,58,35.3,3536
CUST-102755,2026-07,360.5,49,41.7,3497
CUST-102755,2026-08,346.7,53,42.1,3846
CUST-102756,2026-03,169.2,22,41.9,1676
CUST-102756,2026-04,173.9,24,66.3,1666
CUST-102756,2026-05,184.9,24,61.9,2043
CUST-102756,2026-06,182.2,23,59.9,1975
CUST-102756,2026-07,184.5,20,55.3,1586
CUST-102756,2026-08,198.1,42,49.0,1493
CUST-102757,2026-03,168.3,24,43.7,1968
CUST-102757,2026-04,189.0,22,62.7,1791
CUST-102757,2026-05,142.9,18,56.7,1360
CUST-102757,2026-06,134.6,20,55.8,861
CUST-102757,2026-07,139.4,18,72.9,1211
CUST-102757,2026-08,179.1,33,59.9,1999
CUST-102758,2026-03,172.9,33,47.7,1271
CUST-102758,2026-04,198.2,28,51.4,1849
CUST-102758,2026-05,162.4,24,48.1,1514
CUST-102758,2026-06,174.2,30,63.8,1427
CUST-102758,2026-07,158.6,20,70.5,1143
CUST-102758,2026-08,125.7,20,44.0,1058
CUST-102759,2026-03,164.1,24,63.7,1263
CUST-102759,2026-04,160.7,22,55.1,1058
CUST-102759,2026-05,110.0,16,76.4,1339
CUST-102759,2026-06,134.5,23,49.1,1141
CUST-102759,2026-07,112.1,16,26.8,1038
CUST-102759,2026-08,92.3,11,43.0,636
CUST-102760,2026-03,170.5,19,85.9,2129
CUST-102760,2026-04,155.5,17,74.1,1445
CUST-102760,2026-05,193.0,30,60.8,1702
CUST-102760,2026-06,127.9,16,45.9,1060
CUST-102760,2026-07,173.9,27,45.8,1629
CUST-102760,2026-08,122.0,12,60.6,1228
CUST-102761,2026-03,170.5,18,58.5,1756
CUST-102761,2026-04,160.4,23,78.2,1336
CUST-102761,2026-05,152.6,24,44.5,1510
CUST-102761,2026-06,176.8,33,65.4,1175
CUST-102761,2026-07,175.7,22,49.7,2204
CUST-102761,2026-08,191.9,25,61.2,1955
CUST-102762,2026-03,79.1,8,38.7,621
CUST-102762,2026-04,68.1,11,74.2,750
CUST-102762,2026-05,89.5,16,63.6,598
CUST-102762,2026-06,79.4,8,53.2,838
CUST-102762,2026-07,84.9,6,53.3,655
CUST-102762,2026-08,86.0,16,54.6,454
CUST-102763,2026-03,780.5,102,43.5,4865
CUST-102763,2026-04,985.3,141,43.8,14912
CUST-102763,2026-05,817.0,114,63.2,7316
CUST-102763,2026-06,860.9,128,64.2,7602
CUST-102763,2026-07,896.3,128,70.4,11084
CUST-102763,2026-08,836.8,122,58.3,7444
CUST-102764,2026-03,92.3,13,52.2,830
CUST-102764,2026-04,71.1,12,43.4,831
CUST-102764,2026-05,76.6,9,45.8,645
CUST-102764,2026-06,84.2,6,51.8,803
CUST-102764,2026-07,90.7,11,72.9,738
CUST-102764,2026-08,71.6,3,52.3,833
CUST-102765,2026-03,396.9,59,58.8,3441
CUST-102765,2026-04,314.7,45,63.7,3233
CUST-102765,2026-05,305.4,44,38.5,2548
CUST-102765,2026-06,269.6,34,19.7,2440
CUST-102765,2026-07,254.6,31,41.1,2622
CUST-102765,2026-08,151.5,29,23.0,1581
CUST-102766,2026-03,379.3,54,72.8,1975
CUST-102766,2026-04,406.8,56,54.9,5220
CUST-102766,2026-05,363.5,50,55.1,3674
CUST-102766,2026-06,423.8,66,29.0,4107
CUST-102766,2026-07,410.3,51,49.3,3413
CUST-102766,2026-08,359.4,55,35.3,2682
CUST-102767,2026-03,85.6,15,51.6,542
CUST-102767,2026-04,75.5,9,57.6,717
CUST-102767,2026-05,73.0,9,70.4,657
CUST-102767,2026-06,86.8,9,60.3,877
CUST-102767,2026-07,74.1,16,36.1,908
CUST-102767,2026-08,86.0,11,45.5,688
CUST-102768,2026-03,365.2,59,59.2,3192
CUST-102768,2026-04,348.0,52,46.3,3236
CUST-102768,2026-05,270.9,37,33.5,2126
CUST-102768,2026-06,226.7,34,37.0,1127
CUST-102768,2026-07,296.7,39,61.7,3025
CUST-102768,2026-08,135.3,17,35.0,1553
CUST-102769,2026-03,360.7,49,60.0,3939
CUST-102769,2026-04,324.6,46,44.5,3022
CUST-102769,2026-05,289.6,37,43.7,2415
CUST-102769,2026-06,235.9,34,48.9,2307
CUST-102769,2026-07,233.7,28,48.9,2539
CUST-102769,2026-08,269.7,40,47.5,2975
CUST-102770,2026-03,86.4,13,48.0,760
CUST-102770,2026-04,83.5,14,61.8,994
CUST-102770,2026-05,76.3,13,59.4,748
CUST-102770,2026-06,71.4,15,71.2,557
CUST-102770,2026-07,86.7,5,52.2,696
CUST-102770,2026-08,94.8,10,39.6,1079
CUST-102771,2026-03,814.9,112,33.0,6323
CUST-102771,2026-04,939.6,127,42.2,11161
CUST-102771,2026-05,884.0,128,66.0,9312
CUST-102771,2026-06,815.4,112,57.0,6242
CUST-102771,2026-07,887.1,128,39.9,8501
CUST-102771,2026-08,774.0,111,50.4,7279
CUST-102772,2026-03,85.4,12,60.6,441
CUST-102772,2026-04,80.3,12,79.4,546
CUST-102772,2026-05,71.7,11,55.7,722
CUST-102772,2026-06,54.1,6,24.3,607
CUST-102772,2026-07,41.2,4,51.3,452
CUST-102772,2026-08,50.1,10,12.4,527
CUST-102773,2026-03,196.4,30,55.9,2167
CUST-102773,2026-04,161.8,18,57.1,1392
CUST-102773,2026-05,174.9,23,71.8,1348
CUST-102773,2026-06,161.6,25,82.6,1369
CUST-102773,2026-07,158.7,24,40.4,1891
CUST-102773,2026-08,155.1,27,51.5,860
CUST-102774,2026-03,174.8,23,65.3,1732
CUST-102774,2026-04,176.3,25,79.3,1930
CUST-102774,2026-05,165.9,22,66.0,1429
CUST-102774,2026-06,163.2,23,67.1,1647
CUST-102774,2026-07,168.1,25,55.0,1416
CUST-102774,2026-08,182.8,29,73.0,1367
CUST-102775,2026-03,319.8,48,56.9,2501
CUST-102775,2026-04,386.0,57,61.5,3353
CUST-102775,2026-05,415.1,57,29.4,3976
CUST-102775,2026-06,354.7,48,63.0,2863
CUST-102775,2026-07,325.5,48,45.1,2081
CUST-102775,2026-08,417.5,64,67.7,2042
CUST-102776,2026-03,436.1,57,53.8,4050
CUST-102776,2026-04,383.3,54,65.6,3518
CUST-102776,2026-05,421.3,60,74.0,3786
CUST-102776,2026-06,418.3,61,53.7,2520
CUST-102776,2026-07,391.9,57,45.8,3320
CUST-102776,2026-08,405.9,58,42.8,2625
CUST-102777,2026-03,168.8,27,57.5,1306
CUST-102777,2026-04,178.4,25,44.1,1910
CUST-102777,2026-05,151.9,15,60.6,1214
CUST-102777,2026-06,124.0,16,62.1,840
CUST-102777,2026-07,116.1,18,16.1,1342
CUST-102777,2026-08,104.0,6,41.4,743
CUST-102778,2026-03,171.4,27,45.1,1631
CUST-102778,2026-04,156.0,26,33.9,971
CUST-102778,2026-05,155.9,23,33.7,1101
CUST-102778,2026-06,133.3,13,38.4,1185
CUST-102778,2026-07,130.6,16,52.4,1397
CUST-102778,2026-08,72.6,8,63.8,554
CUST-102779,2026-03,211.1,28,33.2,1541
CUST-102779,2026-04,196.3,33,47.1,2007
CUST-102779,2026-05,191.3,33,41.8,997
CUST-102779,2026-06,188.1,21,58.8,1483
CUST-102779,2026-07,200.3,31,57.0,1568
CUST-102779,2026-08,197.6,38,54.4,1559
CUST-102780,2026-03,331.9,49,74.9,1365
CUST-102780,2026-04,419.1,60,64.9,3543
CUST-102780,2026-05,383.7,61,51.3,3150
CUST-102780,2026-06,358.3,41,33.8,2683
CUST-102780,2026-07,343.7,48,61.2,3794
CUST-102780,2026-08,354.5,50,48.8,2978
CUST-102781,2026-03,169.0,22,42.5,1556
CUST-102781,2026-04,202.4,29,41.3,1367
CUST-102781,2026-05,184.4,27,41.4,1661
CUST-102781,2026-06,179.8,25,63.6,1603
CUST-102781,2026-07,217.2,27,83.8,2066
CUST-102781,2026-08,159.0,22,70.1,1502
CUST-102782,2026-03,80.1,12,63.5,631
CUST-102782,2026-04,69.1,12,41.6,648
CUST-102782,2026-05,76.0,13,60.9,767
CUST-102782,2026-06,68.4,14,48.8,714
CUST-102782,2026-07,75.6,9,45.5,705
CUST-102782,2026-08,69.5,1,87.8,726
CUST-102783,2026-03,77.2,12,68.8,634
CUST-102783,2026-04,63.7,8,48.1,523
CUST-102783,2026-05,61.7,15,30.1,604
CUST-102783,2026-06,54.1,5,56.2,427
CUST-102783,2026-07,54.2,4,29.3,330
CUST-102783,2026-08,36.8,8,14.6,361
CUST-102784,2026-03,380.8,54,47.5,4284
CUST-102784,2026-04,362.6,50,53.9,2954
CUST-102784,2026-05,408.0,57,55.9,2125
CUST-102784,2026-06,369.1,48,55.8,3697
CUST-102784,2026-07,372.6,49,55.8,3513
CUST-102784,2026-08,359.9,54,53.3,3738
CUST-102785,2026-03,183.3,28,53.8,1447
CUST-102785,2026-04,186.2,32,51.9,1834
CUST-102785,2026-05,154.7,16,43.8,1170
CUST-102785,2026-06,153.7,21,43.8,1345
CUST-102785,2026-07,178.0,25,77.2,1302
CUST-102785,2026-08,107.7,21,58.7,1014
CUST-102786,2026-03,73.2,6,39.9,729
CUST-102786,2026-04,79.7,11,52.9,704
CUST-102786,2026-05,86.0,14,68.5,807
CUST-102786,2026-06,79.9,13,53.4,764
CUST-102786,2026-07,86.9,10,39.1,646
CUST-102786,2026-08,83.5,12,50.2,1031
CUST-102787,2026-03,208.0,28,55.7,2126
CUST-102787,2026-04,146.6,18,37.4,1275
CUST-102787,2026-05,147.6,25,59.9,1403
CUST-102787,2026-06,129.7,16,62.6,1434
CUST-102787,2026-07,134.9,24,67.7,1313
CUST-102787,2026-08,112.5,10,47.3,797
CUST-102788,2026-03,197.9,25,50.7,2083
CUST-102788,2026-04,142.9,18,29.6,1198
CUST-102788,2026-05,143.7,26,16.9,1418
CUST-102788,2026-06,126.9,17,57.7,1448
CUST-102788,2026-07,76.5,16,41.5,792
CUST-102788,2026-08,104.4,18,42.2,1034
CUST-102789,2026-03,360.4,51,56.3,3348
CUST-102789,2026-04,358.3,48,42.3,3749
CUST-102789,2026-05,348.2,51,59.7,2591
CUST-102789,2026-06,355.5,50,54.1,2997
CUST-102789,2026-07,419.5,58,47.0,4687
CUST-102789,2026-08,451.5,64,72.6,2884
CUST-102790,2026-03,165.9,15,58.9,1791
CUST-102790,2026-04,173.0,21,38.9,1219
CUST-102790,2026-05,145.7,22,45.1,1351
CUST-102790,2026-06,152.9,19,46.3,1714
CUST-102790,2026-07,146.5,22,50.9,1261
CUST-102790,2026-08,131.7,14,39.8,1064
CUST-102791,2026-03,195.3,25,38.4,1870
CUST-102791,2026-04,189.1,31,38.2,1660
CUST-102791,2026-05,179.8,29,60.2,1513
CUST-102791,2026-06,138.6,22,55.1,1591
CUST-102791,2026-07,176.0,24,45.2,1918
CUST-102791,2026-08,163.3,25,41.4,2030
CUST-102792,2026-03,406.0,49,71.8,4409
CUST-102792,2026-04,316.7,47,57.6,2838
CUST-102792,2026-05,333.6,45,54.8,2703
CUST-102792,2026-06,314.9,47,45.7,1616
CUST-102792,2026-07,248.2,35,50.4,3158
CUST-102792,2026-08,160.7,20,39.9,1718
CUST-102793,2026-03,403.9,60,51.7,4646
CUST-102793,2026-04,331.2,49,61.4,3169
CUST-102793,2026-05,419.0,55,65.5,3901
CUST-102793,2026-06,306.6,45,68.6,2134
CUST-102793,2026-07,430.4,56,43.6,3735
CUST-102793,2026-08,429.3,67,46.7,4739
CUST-102794,2026-03,372.8,54,56.5,3764
CUST-102794,2026-04,379.9,60,53.7,3203
CUST-102794,2026-05,336.2,46,64.1,2407
CUST-102794,2026-06,320.2,43,44.1,3950
CUST-102794,2026-07,290.3,35,65.6,2513
CUST-102794,2026-08,257.2,39,60.2,1784
CUST-102795,2026-03,193.7,31,84.2,1560
CUST-102795,2026-04,172.0,26,48.9,1273
CUST-102795,2026-05,201.8,34,87.2,1547
CUST-102795,2026-06,186.3,26,40.9,1788
CUST-102795,2026-07,170.4,32,61.0,1904
CUST-102795,2026-08,184.9,29,45.4,1557
CUST-102796,2026-03,917.6,122,54.7,7441
CUST-102796,2026-04,882.9,125,64.9,6943
CUST-102796,2026-05,732.0,107,59.8,5081
CUST-102796,2026-06,525.4,77,48.2,4759
CUST-102796,2026-07,551.4,77,48.0,2871
CUST-102796,2026-08,671.0,102,28.6,6616
CUST-102797,2026-03,73.7,10,56.7,735
CUST-102797,2026-04,79.9,13,66.5,766
CUST-102797,2026-05,75.9,10,52.5,622
CUST-102797,2026-06,76.1,12,52.1,825
CUST-102797,2026-07,70.3,9,81.2,762
CUST-102797,2026-08,78.9,12,56.2,816
CUST-102798,2026-03,399.9,59,38.3,2758
CUST-102798,2026-04,373.4,56,74.8,4845
CUST-102798,2026-05,415.2,54,57.6,4097
CUST-102798,2026-06,377.0,55,64.5,3536
CUST-102798,2026-07,436.1,67,62.3,3709
CUST-102798,2026-08,381.8,55,76.0,3805
CUST-102799,2026-03,148.8,25,52.8,1240
CUST-102799,2026-04,205.2,26,55.7,2040
CUST-102799,2026-05,148.1,22,46.0,1602
CUST-102799,2026-06,148.0,26,65.2,1300
CUST-102799,2026-07,114.7,18,47.0,1039
CUST-102799,2026-08,93.8,10,43.2,688
CUST-102800,2026-03,341.9,47,64.9,3402
CUST-102800,2026-04,312.8,40,39.0,3263
CUST-102800,2026-05,342.4,53,42.7,3159
CUST-102800,2026-06,279.8,35,54.1,2213
CUST-102800,2026-07,238.3,35,35.9,1507
CUST-102800,2026-08,221.1,34,31.5,2077
CUST-102801,2026-03,168.6,26,35.7,2090
CUST-102801,2026-04,170.2,24,71.9,1732
CUST-102801,2026-05,182.5,26,46.9,2111
CUST-102801,2026-06,168.2,18,45.5,1629
CUST-102801,2026-07,176.3,24,55.3,1316
CUST-102801,2026-08,191.6,24,58.8,1493
CUST-102802,2026-03,179.3,25,55.9,1612
CUST-102802,2026-04,172.4,13,59.7,1370
CUST-102802,2026-05,160.4,19,46.4,1568
CUST-102802,2026-06,117.1,11,32.1,1135
CUST-102802,2026-07,132.5,10,34.0,1184
CUST-102802,2026-08,86.0,18,43.3,704
CUST-102803,2026-03,187.0,21,60.9,1916
CUST-102803,2026-04,149.7,19,44.7,1386
CUST-102803,2026-05,151.3,20,51.3,1078
CUST-102803,2026-06,146.0,22,53.8,1371
CUST-102803,2026-07,118.7,20,39.6,857
CUST-102803,2026-08,88.7,10,44.2,747
CUST-102804,2026-03,443.2,63,50.2,4318
CUST-102804,2026-04,312.4,48,43.0,3310
CUST-102804,2026-05,318.6,42,46.9,3637
CUST-102804,2026-06,327.0,50,36.7,3122
CUST-102804,2026-07,252.7,39,32.7,1141
CUST-102804,2026-08,175.5,32,31.7,1842
CUST-102805,2026-03,182.0,26,37.4,1505
CUST-102805,2026-04,197.5,33,58.4,1774
CUST-102805,2026-05,196.8,31,38.1,891
CUST-102805,2026-06,196.1,22,50.3,1854
CUST-102805,2026-07,193.2,26,54.3,2564
CUST-102805,2026-08,183.3,27,35.4,2493
CUST-102806,2026-03,392.9,53,49.1,3182
CUST-102806,2026-04,377.1,54,65.8,2195
CUST-102806,2026-05,332.5,49,33.5,3520
CUST-102806,2026-06,241.2,30,63.7,1803
CUST-102806,2026-07,217.5,36,34.9,2073
CUST-102806,2026-08,142.3,18,14.8,1411
CUST-102807,2026-03,79.0,12,64.3,518
CUST-102807,2026-04,72.7,6,66.9,512
CUST-102807,2026-05,76.9,1,16.1,651
CUST-102807,2026-06,68.4,5,50.6,645
CUST-102807,2026-07,87.8,16,72.4,887
CUST-102807,2026-08,80.2,13,56.1,836
CUST-102808,2026-03,172.6,25,38.0,1950
CUST-102808,2026-04,165.5,24,66.5,1967
CUST-102808,2026-05,155.3,28,47.3,1743
CUST-102808,2026-06,141.9,25,52.8,1199
CUST-102808,2026-07,144.8,21,40.4,1575
CUST-102808,2026-08,140.2,12,46.6,1269
CUST-102809,2026-03,399.8,55,66.0,3700
CUST-102809,2026-04,308.4,39,43.8,3333
CUST-102809,2026-05,335.5,47,43.8,3047
CUST-102809,2026-06,253.9,40,51.4,2279
CUST-102809,2026-07,272.7,39,39.5,2645
CUST-102809,2026-08,176.2,29,47.8,1007
CUST-102810,2026-03,79.8,19,46.9,788
CUST-102810,2026-04,73.5,10,37.8,626
CUST-102810,2026-05,71.0,5,74.5,626
CUST-102810,2026-06,65.2,15,60.9,482
CUST-102810,2026-07,75.6,14,71.9,560
CUST-102810,2026-08,65.4,14,59.4,515
CUST-102811,2026-03,369.9,51,50.2,2541
CUST-102811,2026-04,367.7,51,53.5,3873
CUST-102811,2026-05,324.0,43,54.9,4367
CUST-102811,2026-06,276.9,41,61.6,2416
CUST-102811,2026-07,235.8,30,25.6,2815
CUST-102811,2026-08,237.1,31,50.8,2336
CUST-102812,2026-03,173.8,27,33.7,1526
CUST-102812,2026-04,185.9,27,58.1,1354
CUST-102812,2026-05,165.0,23,47.1,1518
CUST-102812,2026-06,183.1,29,59.5,1721
CUST-102812,2026-07,184.1,22,66.5,1345
CUST-102812,2026-08,179.1,21,76.5,2075
CUST-102813,2026-03,409.7,61,54.4,3502
CUST-102813,2026-04,351.4,46,56.4,2878
CUST-102813,2026-05,322.1,52,69.3,3197
CUST-102813,2026-06,297.0,44,32.1,2858
CUST-102813,2026-07,262.8,41,65.8,2816
CUST-102813,2026-08,335.9,45,74.4,3411
CUST-102814,2026-03,88.7,13,89.0,836
CUST-102814,2026-04,79.1,14,38.7,1100
CUST-102814,2026-05,73.9,11,56.9,536
CUST-102814,2026-06,66.9,17,47.3,741
CUST-102814,2026-07,61.5,12,58.9,517
CUST-102814,2026-08,80.1,11,59.0,720
CUST-102815,2026-03,85.7,15,65.3,1008
CUST-102815,2026-04,83.5,7,59.9,981
CUST-102815,2026-05,81.8,6,40.5,897
CUST-102815,2026-06,81.5,2,61.1,811
CUST-102815,2026-07,69.4,7,36.0,554
CUST-102815,2026-08,87.5,13,65.1,956
CUST-102816,2026-03,357.9,51,75.2,3174
CUST-102816,2026-04,385.7,52,59.2,3454
CUST-102816,2026-05,293.5,39,61.9,2686
CUST-102816,2026-06,276.1,34,62.6,2511
CUST-102816,2026-07,302.9,40,42.2,2749
CUST-102816,2026-08,288.2,47,28.5,2799
CUST-102817,2026-03,184.1,28,65.3,1852
CUST-102817,2026-04,160.2,28,65.6,2026
CUST-102817,2026-05,181.4,27,62.9,1325
CUST-102817,2026-06,174.1,30,43.2,1684
CUST-102817,2026-07,168.6,23,65.8,1470
CUST-102817,2026-08,179.1,31,38.5,1895
CUST-102818,2026-03,87.6,9,58.1,506
CUST-102818,2026-04,66.2,6,73.0,796
CUST-102818,2026-05,61.9,9,35.7,402
CUST-102818,2026-06,52.0,11,55.1,254
CUST-102818,2026-07,49.9,7,57.2,480
CUST-102818,2026-08,49.7,2,21.7,378
CUST-102819,2026-03,173.9,25,61.2,1494
CUST-102819,2026-04,205.0,27,81.4,2542
CUST-102819,2026-05,177.5,31,64.7,1519
CUST-102819,2026-06,161.4,16,63.3,970
CUST-102819,2026-07,160.7,18,45.1,1165
CUST-102819,2026-08,217.8,27,73.8,2232
CUST-102820,2026-03,350.4,44,49.3,3079
CUST-102820,2026-04,275.5,43,32.1,2191
CUST-102820,2026-05,288.3,40,38.6,2705
CUST-102820,2026-06,272.1,39,65.5,1495
CUST-102820,2026-07,250.1,33,61.1,1407
CUST-102820,2026-08,234.8,31,42.0,2355
CUST-102821,2026-03,187.2,26,44.2,1606
CUST-102821,2026-04,134.2,24,43.1,1437
CUST-102821,2026-05,154.9,17,42.4,851
CUST-102821,2026-06,139.5,18,26.5,1460
CUST-102821,2026-07,125.0,8,39.3,679
CUST-102821,2026-08,109.5,17,42.6,714
CUST-102822,2026-03,80.1,15,21.2,749
CUST-102822,2026-04,69.1,4,58.6,583
CUST-102822,2026-05,58.1,6,59.9,432
CUST-102822,2026-06,52.6,5,46.8,322
CUST-102822,2026-07,47.8,7,36.3,405
CUST-102822,2026-08,47.1,2,50.8,344
CUST-102823,2026-03,76.9,11,56.5,474
CUST-102823,2026-04,74.8,6,46.3,681
CUST-102823,2026-05,89.5,5,17.2,833
CUST-102823,2026-06,88.9,10,69.6,615
CUST-102823,2026-07,74.1,12,49.8,692
CUST-102823,2026-08,79.4,7,67.2,546
CUST-102824,2026-03,182.4,27,55.2,1602
CUST-102824,2026-04,146.5,20,55.1,1407
CUST-102824,2026-05,170.3,25,46.6,1381
CUST-102824,2026-06,165.9,27,48.3,1805
CUST-102824,2026-07,190.9,30,50.8,1626
CUST-102824,2026-08,189.4,25,43.4,1471
CUST-102825,2026-03,389.3,48,50.0,3451
CUST-102825,2026-04,336.2,45,61.8,2265
CUST-102825,2026-05,387.0,60,66.3,3136
CUST-102825,2026-06,419.0,59,44.2,4359
CUST-102825,2026-07,413.9,53,48.1,1634
CUST-102825,2026-08,410.8,60,69.6,3480
CUST-102826,2026-03,415.3,58,52.3,4374
CUST-102826,2026-04,390.9,56,39.1,3098
CUST-102826,2026-05,353.9,49,62.2,3830
CUST-102826,2026-06,390.7,58,53.1,4220
CUST-102826,2026-07,379.4,55,40.0,4387
CUST-102826,2026-08,428.8,69,60.2,4120
CUST-102827,2026-03,83.0,8,42.8,805
CUST-102827,2026-04,71.6,9,55.9,626
CUST-102827,2026-05,66.0,10,47.6,658
CUST-102827,2026-06,57.0,7,52.1,361
CUST-102827,2026-07,41.9,2,40.9,376
CUST-102827,2026-08,43.4,5,47.8,340
CUST-102828,2026-03,77.3,18,77.5,715
CUST-102828,2026-04,88.5,6,42.0,754
CUST-102828,2026-05,90.5,7,74.9,1018
CUST-102828,2026-06,81.3,5,61.4,798
CUST-102828,2026-07,81.3,18,78.0,930
CUST-102828,2026-08,83.4,6,48.4,756
CUST-102829,2026-03,349.4,53,45.6,2923
CUST-102829,2026-04,345.2,42,59.9,3030
CUST-102829,2026-05,316.3,40,39.1,2618
CUST-102829,2026-06,260.2,36,24.0,1903
CUST-102829,2026-07,179.5,22,44.6,1279
CUST-102829,2026-08,193.0,27,44.5,1722
CUST-102830,2026-03,62.7,4,58.7,727
CUST-102830,2026-04,81.1,9,57.5,405
CUST-102830,2026-05,76.5,8,55.2,736
CUST-102830,2026-06,96.4,12,62.3,475
CUST-102830,2026-07,81.4,7,49.1,771
CUST-102830,2026-08,90.7,12,74.3,566
CUST-102831,2026-03,368.1,55,83.7,3195
CUST-102831,2026-04,377.2,56,44.2,3183
CUST-102831,2026-05,439.7,64,56.5,3413
CUST-102831,2026-06,411.3,70,47.2,4130
CUST-102831,2026-07,398.0,47,40.6,3328
CUST-102831,2026-08,395.8,60,42.2,4056
CUST-102832,2026-03,807.2,112,61.8,10388
CUST-102832,2026-04,833.8,121,71.9,8458
CUST-102832,2026-05,987.1,137,46.6,8951
CUST-102832,2026-06,972.8,136,64.6,5949
CUST-102832,2026-07,1017.8,144,31.1,8687
CUST-102832,2026-08,871.5,125,64.3,6697
CUST-102833,2026-03,188.8,21,41.1,1366
CUST-102833,2026-04,186.3,31,60.7,1885
CUST-102833,2026-05,169.1,16,62.1,2157
CUST-102833,2026-06,143.6,13,5.6,1069
CUST-102833,2026-07,142.1,23,48.3,1343
CUST-102833,2026-08,150.9,20,54.0,1482
CUST-102834,2026-03,376.8,50,60.2,3315
CUST-102834,2026-04,405.9,52,61.4,3718
CUST-102834,2026-05,340.3,52,61.2,3104
CUST-102834,2026-06,361.1,50,61.6,2644
CUST-102834,2026-07,440.6,66,54.2,3737
CUST-102834,2026-08,368.7,46,62.8,3950
CUST-102835,2026-03,170.9,31,78.8,1524
CUST-102835,2026-04,169.1,17,46.9,1677
CUST-102835,2026-05,133.7,16,46.3,1204
CUST-102835,2026-06,143.2,21,52.7,1382
CUST-102835,2026-07,109.3,11,34.5,1154
CUST-102835,2026-08,90.9,12,27.0,1136
CUST-102836,2026-03,168.3,26,39.7,1870
CUST-102836,2026-04,193.2,33,67.0,2242
CUST-102836,2026-05,181.3,26,74.0,2208
CUST-102836,2026-06,147.3,15,64.5,1478
CUST-102836,2026-07,179.5,25,32.7,1689
CUST-102836,2026-08,138.8,21,54.6,1513
CUST-102837,2026-03,392.8,59,67.5,3376
CUST-102837,2026-04,413.5,62,62.3,3020
CUST-102837,2026-05,447.4,66,35.3,4672
CUST-102837,2026-06,406.4,60,57.9,3476
CUST-102837,2026-07,361.6,55,35.5,2865
CUST-102837,2026-08,339.3,48,53.9,2481
CUST-102838,2026-03,87.5,9,53.2,1135
CUST-102838,2026-04,71.9,9,53.4,897
CUST-102838,2026-05,66.8,12,36.9,663
CUST-102838,2026-06,70.2,8,20.2,644
CUST-102838,2026-07,56.9,15,47.3,411
CUST-102838,2026-08,65.8,13,50.2,605
CUST-102839,2026-03,71.2,10,59.2,754
CUST-102839,2026-04,65.4,5,40.3,681
CUST-102839,2026-05,60.2,11,46.4,601
CUST-102839,2026-06,68.6,5,62.9,584
CUST-102839,2026-07,57.4,5,45.6,551
CUST-102839,2026-08,37.2,12,50.4,366
CUST-102840,2026-03,80.6,12,55.3,771
CUST-102840,2026-04,77.0,18,50.0,744
CUST-102840,2026-05,74.5,13,54.1,652
CUST-102840,2026-06,87.1,10,47.3,801
CUST-102840,2026-07,62.3,4,48.1,585
CUST-102840,2026-08,68.1,14,52.3,772
CUST-102841,2026-03,87.8,19,58.3,850
CUST-102841,2026-04,81.1,15,66.8,745
CUST-102841,2026-05,94.4,9,65.2,866
CUST-102841,2026-06,81.6,2,62.1,686
CUST-102841,2026-07,71.1,12,57.4,575
CUST-102841,2026-08,96.1,13,54.7,722
CUST-102842,2026-03,78.5,6,60.8,687
CUST-102842,2026-04,77.1,15,45.4,760
CUST-102842,2026-05,77.6,5,59.1,694
CUST-102842,2026-06,57.0,3,40.5,601
CUST-102842,2026-07,64.0,7,53.4,556
CUST-102842,2026-08,48.6,10,50.1,383
CUST-102843,2026-03,166.8,23,43.3,1585
CUST-102843,2026-04,148.7,25,47.1,1564
CUST-102843,2026-05,140.7,21,36.2,1458
CUST-102843,2026-06,129.3,21,41.2,676
CUST-102843,2026-07,127.9,12,16.1,1127
CUST-102843,2026-08,84.3,10,46.5,759
CUST-102844,2026-03,309.0,39,64.1,2921
CUST-102844,2026-04,374.1,53,65.2,4007
CUST-102844,2026-05,302.4,39,64.5,2905
CUST-102844,2026-06,215.0,28,25.9,1593
CUST-102844,2026-07,234.8,32,46.9,2384
CUST-102844,2026-08,215.5,27,61.5,2231
CUST-102845,2026-03,147.2,26,49.2,1158
CUST-102845,2026-04,147.4,20,47.7,1387
CUST-102845,2026-05,189.1,31,39.6,1820
CUST-102845,2026-06,157.7,24,60.3,932
CUST-102845,2026-07,119.5,10,69.4,1145
CUST-102845,2026-08,132.9,18,41.3,1514
CUST-102846,2026-03,382.4,54,51.7,3546
CUST-102846,2026-04,444.7,65,58.2,3695
CUST-102846,2026-05,368.4,51,77.7,2097
CUST-102846,2026-06,413.9,55,64.9,4323
CUST-102846,2026-07,400.8,63,61.1,3593
CUST-102846,2026-08,372.3,47,55.0,4001
CUST-102847,2026-03,329.0,50,59.7,3834
CUST-102847,2026-04,338.1,48,47.6,2855
CUST-102847,2026-05,318.5,40,51.1,4472
CUST-102847,2026-06,356.2,43,56.2,4302
CUST-102847,2026-07,312.5,48,60.6,2127
CUST-102847,2026-08,321.6,44,52.5,3368
CUST-102848,2026-03,181.8,29,65.3,1548
CUST-102848,2026-04,186.5,36,60.8,1436
CUST-102848,2026-05,164.9,25,71.8,1465
CUST-102848,2026-06,148.4,25,51.9,1367
CUST-102848,2026-07,130.3,20,43.1,1051
CUST-102848,2026-08,142.2,20,69.7,1030
CUST-102849,2026-03,76.5,9,51.1,388
CUST-102849,2026-04,84.1,4,76.4,818
CUST-102849,2026-05,89.4,12,56.2,754
CUST-102849,2026-06,88.7,10,59.5,932
CUST-102849,2026-07,82.6,11,41.9,687
CUST-102849,2026-08,84.3,12,48.4,712
CUST-102850,2026-03,71.6,11,40.7,513
CUST-102850,2026-04,85.2,15,65.1,679
CUST-102850,2026-05,69.9,13,37.4,615
CUST-102850,2026-06,79.1,12,59.7,592
CUST-102850,2026-07,65.3,1,44.5,578
CUST-102850,2026-08,65.9,12,53.0,681
CUST-102851,2026-03,167.4,27,37.9,2330
CUST-102851,2026-04,151.2,18,51.0,1478
CUST-102851,2026-05,179.2,20,42.1,1364
CUST-102851,2026-06,176.0,24,48.0,2070
CUST-102851,2026-07,190.6,31,60.6,2291
CUST-102851,2026-08,191.1,29,47.6,1728
CUST-102852,2026-03,83.2,9,36.1,604
CUST-102852,2026-04,77.3,6,32.6,689
CUST-102852,2026-05,85.9,11,53.4,566
CUST-102852,2026-06,82.0,5,41.2,749
CUST-102852,2026-07,90.3,16,64.9,1078
CUST-102852,2026-08,86.1,10,55.6,765
CUST-102853,2026-03,409.3,58,44.4,3895
CUST-102853,2026-04,430.8,62,65.6,4393
CUST-102853,2026-05,440.4,65,62.5,4614
CUST-102853,2026-06,332.6,47,42.5,2832
CUST-102853,2026-07,382.8,53,61.8,3654
CUST-102853,2026-08,399.3,56,65.0,2418
CUST-102854,2026-03,190.6,31,56.0,1398
CUST-102854,2026-04,161.1,18,33.5,1043
CUST-102854,2026-05,155.1,23,58.8,1465
CUST-102854,2026-06,105.1,14,42.9,497
CUST-102854,2026-07,159.7,23,45.1,2037
CUST-102854,2026-08,113.1,11,42.1,895
CUST-102855,2026-03,946.7,131,36.4,9192
CUST-102855,2026-04,863.2,124,73.8,6123
CUST-102855,2026-05,853.6,121,42.5,7106
CUST-102855,2026-06,788.1,110,70.3,5663
CUST-102855,2026-07,901.1,132,59.6,11922
CUST-102855,2026-08,946.6,138,61.2,8024
CUST-102856,2026-03,76.0,19,47.0,663
CUST-102856,2026-04,75.1,10,39.2,797
CUST-102856,2026-05,78.7,11,82.0,754
CUST-102856,2026-06,94.1,13,80.8,830
CUST-102856,2026-07,75.9,13,52.7,847
CUST-102856,2026-08,75.2,13,45.1,706
CUST-102857,2026-03,168.1,24,38.9,1135
CUST-102857,2026-04,174.3,26,54.0,1499
CUST-102857,2026-05,130.9,11,39.3,1336
CUST-102857,2026-06,156.3,29,36.6,1791
CUST-102857,2026-07,114.9,20,20.6,1060
CUST-102857,2026-08,91.9,11,34.2,881
CUST-102858,2026-03,88.8,10,29.1,787
CUST-102858,2026-04,63.1,5,59.9,531
CUST-102858,2026-05,50.3,11,37.8,475
CUST-102858,2026-06,57.5,8,58.4,442
CUST-102858,2026-07,38.9,8,37.2,349
CUST-102858,2026-08,54.0,9,41.1,427
CUST-102859,2026-03,847.4,116,74.3,7047
CUST-102859,2026-04,967.1,145,60.4,7658
CUST-102859,2026-05,776.4,115,46.6,5440
CUST-102859,2026-06,521.5,66,53.7,4204
CUST-102859,2026-07,502.6,67,41.5,3389
CUST-102859,2026-08,472.8,63,48.5,4018
CUST-102860,2026-03,187.0,25,48.9,1941
CUST-102860,2026-04,172.4,22,46.2,793
CUST-102860,2026-05,195.2,28,60.5,1644
CUST-102860,2026-06,181.3,25,38.5,1644
CUST-102860,2026-07,161.6,28,57.4,1639
CUST-102860,2026-08,176.5,27,49.7,1791
CUST-102861,2026-03,92.1,11,50.4,938
CUST-102861,2026-04,75.4,3,79.7,608
CUST-102861,2026-05,74.1,8,59.1,789
CUST-102861,2026-06,76.5,5,71.8,562
CUST-102861,2026-07,91.1,14,60.9,780
CUST-102861,2026-08,84.3,6,43.5,654
CUST-102862,2026-03,177.4,26,40.8,2127
CUST-102862,2026-04,187.4,27,57.9,1262
CUST-102862,2026-05,165.1,19,53.1,1672
CUST-102862,2026-06,166.0,20,61.7,1282
CUST-102862,2026-07,150.7,26,54.9,1641
CUST-102862,2026-08,118.7,10,40.3,1122
CUST-102863,2026-03,135.9,18,50.5,1199
CUST-102863,2026-04,184.8,29,78.6,1442
CUST-102863,2026-05,161.8,25,55.9,1159
CUST-102863,2026-06,172.5,23,51.8,1199
CUST-102863,2026-07,172.2,21,68.1,1364
CUST-102863,2026-08,174.2,25,72.2,1752
CUST-102864,2026-03,76.1,8,44.0,543
CUST-102864,2026-04,74.3,7,52.7,411
CUST-102864,2026-05,77.7,7,69.0,723
CUST-102864,2026-06,88.0,12,50.3,933
CUST-102864,2026-07,83.3,10,35.2,475
CUST-102864,2026-08,80.3,2,47.9,665
CUST-102865,2026-03,83.2,15,68.0,598
CUST-102865,2026-04,87.3,14,64.5,881
CUST-102865,2026-05,76.6,9,54.0,757
CUST-102865,2026-06,94.1,16,40.7,659
CUST-102865,2026-07,84.4,2,64.4,570
CUST-102865,2026-08,76.7,8,81.0,595
CUST-102866,2026-03,177.6,28,49.3,2076
CUST-102866,2026-04,178.2,28,63.8,1353
CUST-102866,2026-05,137.2,15,53.2,1363
CUST-102866,2026-06,149.8,20,49.6,1195
CUST-102866,2026-07,112.3,8,53.1,1240
CUST-102866,2026-08,80.1,15,41.5,582
CUST-102867,2026-03,85.7,5,52.2,734
CUST-102867,2026-04,82.5,13,59.6,614
CUST-102867,2026-05,82.1,15,48.2,866
CUST-102867,2026-06,90.8,19,57.8,720
CUST-102867,2026-07,84.8,13,66.8,859
CUST-102867,2026-08,81.9,5,48.5,809
CUST-102868,2026-03,193.9,24,48.8,1383
CUST-102868,2026-04,137.9,21,59.2,1196
CUST-102868,2026-05,183.1,24,62.1,1587
CUST-102868,2026-06,189.5,33,45.9,2047
CUST-102868,2026-07,195.8,23,60.6,1971
CUST-102868,2026-08,192.4,34,26.2,2108
CUST-102869,2026-03,100.6,14,72.9,893
CUST-102869,2026-04,85.6,9,55.7,652
CUST-102869,2026-05,63.9,12,37.2,548
CUST-102869,2026-06,74.3,13,25.2,698
CUST-102869,2026-07,73.3,9,42.5,657
CUST-102869,2026-08,59.2,8,32.2,426
CUST-102870,2026-03,77.5,9,48.3,703
CUST-102870,2026-04,78.5,3,45.2,628
CUST-102870,2026-05,65.4,7,57.5,622
CUST-102870,2026-06,77.0,15,49.0,678
CUST-102870,2026-07,71.5,10,34.0,706
CUST-102870,2026-08,68.0,7,37.6,724
CUST-102871,2026-03,87.5,5,62.5,663
CUST-102871,2026-04,80.4,7,51.9,668
CUST-102871,2026-05,85.1,16,35.0,851
CUST-102871,2026-06,90.3,12,72.9,784
CUST-102871,2026-07,83.9,13,58.5,843
CUST-102871,2026-08,83.3,6,50.1,595
CUST-102872,2026-03,77.5,11,62.7,634
CUST-102872,2026-04,92.6,14,40.2,557
CUST-102872,2026-05,70.2,4,68.1,475
CUST-102872,2026-06,88.8,17,61.1,719
CUST-102872,2026-07,84.3,5,21.9,626
CUST-102872,2026-08,91.1,11,42.2,1056
CUST-102873,2026-03,390.8,54,62.8,3951
CUST-102873,2026-04,325.3,48,47.1,2892
CUST-102873,2026-05,403.2,54,56.5,3985
CUST-102873,2026-06,365.4,58,40.4,2661
CUST-102873,2026-07,365.4,55,54.6,3875
CUST-102873,2026-08,333.1,50,44.2,3143
CUST-102874,2026-03,81.9,9,82.2,820
CUST-102874,2026-04,91.7,11,51.2,965
CUST-102874,2026-05,91.2,15,46.2,706
CUST-102874,2026-06,66.1,8,64.2,784
CUST-102874,2026-07,80.8,11,33.5,1026
CUST-102874,2026-08,65.2,11,66.7,589
CUST-102875,2026-03,422.6,67,53.4,2679
CUST-102875,2026-04,362.7,44,32.3,3606
CUST-102875,2026-05,295.8,36,50.1,2705
CUST-102875,2026-06,231.7,23,46.5,2271
CUST-102875,2026-07,269.4,38,41.6,3005
CUST-102875,2026-08,246.5,37,31.8,2256
CUST-102876,2026-03,173.1,29,63.3,951
CUST-102876,2026-04,195.3,26,69.6,2283
CUST-102876,2026-05,186.0,24,62.4,1073
CUST-102876,2026-06,180.0,25,53.3,1286
CUST-102876,2026-07,175.9,24,51.3,1834
CUST-102876,2026-08,222.5,32,66.1,1863
CUST-102877,2026-03,89.0,13,47.7,1142
CUST-102877,2026-04,74.2,4,52.9,909
CUST-102877,2026-05,82.2,8,75.2,779
CUST-102877,2026-06,83.0,13,79.5,527
CUST-102877,2026-07,83.2,10,43.5,672
CUST-102877,2026-08,73.2,9,61.1,663
CUST-102878,2026-03,86.0,17,45.2,533
CUST-102878,2026-04,77.0,15,54.6,592
CUST-102878,2026-05,59.6,9,64.5,688
CUST-102878,2026-06,68.3,12,62.9,628
CUST-102878,2026-07,46.3,15,56.5,372
CUST-102878,2026-08,68.4,15,42.6,521
CUST-102879,2026-03,73.2,11,65.3,622
CUST-102879,2026-04,87.6,8,56.5,602
CUST-102879,2026-05,80.4,12,81.0,737
CUST-102879,2026-06,90.1,9,41.7,787
CUST-102879,2026-07,78.0,13,51.0,602
CUST-102879,2026-08,79.0,9,78.1,902
CUST-102880,2026-03,187.2,22,39.9,1119
CUST-102880,2026-04,148.9,24,58.7,1556
CUST-102880,2026-05,193.1,21,53.0,1836
CUST-102880,2026-06,132.5,25,44.7,950
CUST-102880,2026-07,105.7,19,53.0,888
CUST-102880,2026-08,98.4,13,57.1,619
CUST-102881,2026-03,78.0,16,76.1,877
CUST-102881,2026-04,72.3,12,41.1,548
CUST-102881,2026-05,84.6,14,72.0,867
CUST-102881,2026-06,85.5,13,52.8,703
CUST-102881,2026-07,76.5,14,52.7,668
CUST-102881,2026-08,72.8,8,51.8,444
CUST-102882,2026-03,354.7,55,56.8,3415
CUST-102882,2026-04,294.1,40,75.3,1369
CUST-102882,2026-05,318.8,51,44.8,2909
CUST-102882,2026-06,305.5,41,45.4,1921
CUST-102882,2026-07,243.0,37,33.4,2631
CUST-102882,2026-08,216.5,35,47.9,2229
CUST-102883,2026-03,180.4,26,56.2,1456
CUST-102883,2026-04,196.5,21,78.0,2037
CUST-102883,2026-05,196.7,38,58.2,1586
CUST-102883,2026-06,211.7,23,53.0,1909
CUST-102883,2026-07,180.7,28,26.7,1370
CUST-102883,2026-08,163.0,32,45.0,1224
CUST-102884,2026-03,85.6,11,45.2,585
CUST-102884,2026-04,92.6,19,59.8,795
CUST-102884,2026-05,82.3,5,36.4,885
CUST-102884,2026-06,87.1,11,55.2,716
CUST-102884,2026-07,84.5,15,56.6,982
CUST-102884,2026-08,82.6,13,56.6,852
CUST-102885,2026-03,195.7,29,52.8,2164
CUST-102885,2026-04,194.4,20,64.8,2098
CUST-102885,2026-05,138.6,18,59.9,1193
CUST-102885,2026-06,127.4,21,48.5,990
CUST-102885,2026-07,94.8,14,38.9,1183
CUST-102885,2026-08,52.1,2,32.9,421
CUST-102886,2026-03,87.4,15,53.2,776
CUST-102886,2026-04,75.3,10,32.9,406
CUST-102886,2026-05,69.5,11,40.0,409
CUST-102886,2026-06,61.1,12,66.3,503
CUST-102886,2026-07,49.4,9,37.3,575
CUST-102886,2026-08,43.0,1,48.5,412
CUST-102887,2026-03,429.0,60,55.5,3745
CUST-102887,2026-04,389.6,51,56.6,3857
CUST-102887,2026-05,351.8,51,64.9,3144
CUST-102887,2026-06,397.8,59,58.1,2020
CUST-102887,2026-07,463.0,69,55.5,4370
CUST-102887,2026-08,329.2,50,57.9,2827
CUST-102888,2026-03,77.2,12,51.1,788
CUST-102888,2026-04,79.0,19,73.2,770
CUST-102888,2026-05,63.4,5,58.1,563
CUST-102888,2026-06,79.4,16,63.3,555
CUST-102888,2026-07,60.3,8,57.2,350
CUST-102888,2026-08,68.0,14,75.0,596
CUST-102889,2026-03,90.2,6,51.2,684
CUST-102889,2026-04,78.3,15,55.7,436
CUST-102889,2026-05,88.7,17,49.9,371
CUST-102889,2026-06,59.3,7,83.0,604
CUST-102889,2026-07,80.8,12,58.2,632
CUST-102889,2026-08,58.8,3,55.4,452
CUST-102890,2026-03,922.7,140,46.6,9456
CUST-102890,2026-04,904.4,131,72.9,6604
CUST-102890,2026-05,930.0,127,56.8,9323
CUST-102890,2026-06,837.7,118,33.2,5987
CUST-102890,2026-07,617.0,85,55.6,6223
CUST-102890,2026-08,618.7,91,65.3,5970
CUST-102891,2026-03,197.7,28,57.1,2130
CUST-102891,2026-04,191.8,24,36.5,2015
CUST-102891,2026-05,181.2,23,47.1,1595
CUST-102891,2026-06,163.0,25,48.2,1425
CUST-102891,2026-07,149.0,27,31.3,753
CUST-102891,2026-08,172.8,25,51.2,1635
CUST-102892,2026-03,196.3,35,55.2,1963
CUST-102892,2026-04,174.2,29,52.7,2005
CUST-102892,2026-05,151.7,22,56.4,1426
CUST-102892,2026-06,190.4,28,41.0,1673
CUST-102892,2026-07,210.6,27,66.7,2015
CUST-102892,2026-08,183.3,24,59.7,1168
CUST-102893,2026-03,89.5,12,52.0,811
CUST-102893,2026-04,79.3,13,53.9,747
CUST-102893,2026-05,67.8,9,52.2,771
CUST-102893,2026-06,59.3,7,47.0,704
CUST-102893,2026-07,50.9,9,62.5,488
CUST-102893,2026-08,46.4,11,63.3,607
CUST-102894,2026-03,188.7,28,38.9,1994
CUST-102894,2026-04,196.3,27,69.1,1807
CUST-102894,2026-05,178.0,23,57.4,1761
CUST-102894,2026-06,186.9,26,49.9,1445
CUST-102894,2026-07,204.9,34,46.6,1702
CUST-102894,2026-08,161.8,25,60.6,1783
CUST-102895,2026-03,78.9,3,49.8,638
CUST-102895,2026-04,83.3,18,65.2,802
CUST-102895,2026-05,90.0,5,63.4,824
CUST-102895,2026-06,77.9,11,52.0,800
CUST-102895,2026-07,78.3,11,73.0,515
CUST-102895,2026-08,64.1,5,70.7,603
CUST-102896,2026-03,185.3,22,56.8,1294
CUST-102896,2026-04,137.9,16,50.3,1545
CUST-102896,2026-05,180.8,26,55.7,2520
CUST-102896,2026-06,199.1,24,60.9,1445
CUST-102896,2026-07,172.9,26,44.5,1348
CUST-102896,2026-08,194.2,29,52.8,1589
CUST-102897,2026-03,77.6,10,58.1,656
CUST-102897,2026-04,78.5,5,62.4,467
CUST-102897,2026-05,86.1,12,39.7,930
CUST-102897,2026-06,85.3,21,60.1,720
CUST-102897,2026-07,77.0,9,45.5,701
CUST-102897,2026-08,89.6,15,51.0,755
CUST-102898,2026-03,168.1,22,52.3,1181
CUST-102898,2026-04,209.7,28,37.5,2517
CUST-102898,2026-05,163.3,28,51.3,1401
CUST-102898,2026-06,184.2,30,73.6,1412
CUST-102898,2026-07,166.9,28,49.5,1650
CUST-102898,2026-08,193.3,32,67.4,2203
CUST-102899,2026-03,75.0,6,44.1,761
CUST-102899,2026-04,68.6,14,68.6,629
CUST-102899,2026-05,86.2,12,53.0,568
CUST-102899,2026-06,77.5,9,41.4,656
CUST-102899,2026-07,81.2,11,49.6,503
CUST-102899,2026-08,83.9,8,62.3,907
CUST-102900,2026-03,181.4,26,37.1,1547
CUST-102900,2026-04,152.5,20,58.4,1298
CUST-102900,2026-05,203.6,28,55.1,1485
CUST-102900,2026-06,160.3,24,82.3,1275
CUST-102900,2026-07,192.4,26,47.1,1593
CUST-102900,2026-08,175.1,26,66.4,989
CUST-102901,2026-03,169.7,23,37.5,1516
CUST-102901,2026-04,158.0,15,48.1,1704
CUST-102901,2026-05,195.6,26,51.2,1737
CUST-102901,2026-06,183.8,22,53.6,1616
CUST-102901,2026-07,168.1,17,47.4,1706
CUST-102901,2026-08,138.1,25,52.1,1146
CUST-102902,2026-03,78.8,16,48.6,743
CUST-102902,2026-04,65.5,10,42.6,570
CUST-102902,2026-05,62.0,7,44.4,477
CUST-102902,2026-06,62.3,6,24.2,476
CUST-102902,2026-07,49.5,10,29.1,394
CUST-102902,2026-08,52.2,10,43.2,450
CUST-102903,2026-03,88.9,12,70.8,891
CUST-102903,2026-04,86.8,15,67.8,740
CUST-102903,2026-05,81.8,5,67.1,532
CUST-102903,2026-06,80.3,11,59.4,818
CUST-102903,2026-07,82.9,17,73.5,1155
CUST-102903,2026-08,85.0,3,56.9,683
CUST-102904,2026-03,75.3,11,58.7,604
CUST-102904,2026-04,80.2,7,56.5,636
CUST-102904,2026-05,76.7,7,47.7,588
CUST-102904,2026-06,88.9,10,68.8,639
CUST-102904,2026-07,84.7,14,53.8,767
CUST-102904,2026-08,81.3,10,53.9,309
CUST-102905,2026-03,212.7,36,40.1,2118
CUST-102905,2026-04,174.1,25,59.6,1409
CUST-102905,2026-05,169.0,24,63.7,1504
CUST-102905,2026-06,157.6,13,73.2,1683
CUST-102905,2026-07,180.5,26,61.7,1320
CUST-102905,2026-08,210.3,37,65.6,1726
CUST-102906,2026-03,182.8,25,58.8,1671
CUST-102906,2026-04,157.1,21,70.1,1883
CUST-102906,2026-05,155.1,19,45.0,1574
CUST-102906,2026-06,122.7,20,60.6,1194
CUST-102906,2026-07,107.5,17,26.0,880
CUST-102906,2026-08,94.9,12,58.7,818
CUST-102907,2026-03,81.8,11,70.5,577
CUST-102907,2026-04,81.8,9,61.1,752
CUST-102907,2026-05,63.2,12,50.6,610
CUST-102907,2026-06,53.6,9,36.5,484
CUST-102907,2026-07,44.3,1,31.0,386
CUST-102907,2026-08,48.5,1,32.6,421
CUST-102908,2026-03,74.4,9,72.2,685
CUST-102908,2026-04,93.4,13,40.6,968
CUST-102908,2026-05,70.9,18,55.2,724
CUST-102908,2026-06,73.4,14,49.5,795
CUST-102908,2026-07,65.5,11,44.0,480
CUST-102908,2026-08,64.4,10,69.0,481
CUST-102909,2026-03,342.3,44,46.9,3257
CUST-102909,2026-04,395.5,59,51.1,2878
CUST-102909,2026-05,402.8,53,58.6,3430
CUST-102909,2026-06,396.3,59,86.9,4616
CUST-102909,2026-07,383.3,53,40.3,3085
CUST-102909,2026-08,435.4,68,48.7,3719
CUST-102910,2026-03,85.5,4,60.7,738
CUST-102910,2026-04,78.0,14,49.6,609
CUST-102910,2026-05,72.6,7,31.0,698
CUST-102910,2026-06,75.4,12,57.9,774
CUST-102910,2026-07,78.4,10,59.8,629
CUST-102910,2026-08,65.0,6,66.7,830
CUST-102911,2026-03,164.1,24,79.4,1838
CUST-102911,2026-04,193.0,26,63.6,1829
CUST-102911,2026-05,173.5,29,25.4,1071
CUST-102911,2026-06,167.2,30,48.4,1701
CUST-102911,2026-07,187.5,27,53.4,1669
CUST-102911,2026-08,168.6,29,52.5,1817
CUST-102912,2026-03,183.8,27,57.4,1573
CUST-102912,2026-04,176.3,23,65.5,1657
CUST-102912,2026-05,164.0,22,63.1,1407
CUST-102912,2026-06,180.4,26,72.6,1979
CUST-102912,2026-07,181.4,22,50.5,1960
CUST-102912,2026-08,211.5,23,53.6,2397
CUST-102913,2026-03,163.1,21,67.8,1608
CUST-102913,2026-04,190.9,26,53.6,1422
CUST-102913,2026-05,178.6,28,46.2,1391
CUST-102913,2026-06,162.0,27,69.3,1576
CUST-102913,2026-07,184.2,30,39.9,1839
CUST-102913,2026-08,182.4,23,44.3,1460
CUST-102914,2026-03,187.0,22,56.2,1635
CUST-102914,2026-04,168.2,27,49.9,1678
CUST-102914,2026-05,186.0,34,47.5,1624
CUST-102914,2026-06,179.1,29,57.7,1181
CUST-102914,2026-07,139.9,19,42.8,1377
CUST-102914,2026-08,145.5,15,55.6,1355
CUST-102915,2026-03,177.6,30,54.0,1425
CUST-102915,2026-04,192.5,25,43.9,1882
CUST-102915,2026-05,163.3,23,58.0,1098
CUST-102915,2026-06,178.0,27,47.1,1975
CUST-102915,2026-07,190.9,25,45.8,926
CUST-102915,2026-08,166.7,25,52.1,1931
CUST-102916,2026-03,194.9,23,65.7,1454
CUST-102916,2026-04,195.6,23,49.3,1770
CUST-102916,2026-05,173.6,23,71.4,1994
CUST-102916,2026-06,213.1,30,49.4,1903
CUST-102916,2026-07,194.6,27,50.0,1517
CUST-102916,2026-08,165.4,23,82.3,1451
CUST-102917,2026-03,167.0,23,65.8,2163
CUST-102917,2026-04,196.7,28,48.0,1693
CUST-102917,2026-05,167.3,24,33.7,1806
CUST-102917,2026-06,183.0,23,61.2,1796
CUST-102917,2026-07,186.0,30,52.6,1618
CUST-102917,2026-08,182.0,20,64.6,1151
CUST-102918,2026-03,178.3,25,47.0,1912
CUST-102918,2026-04,153.4,15,60.8,1729
CUST-102918,2026-05,130.8,18,67.2,1346
CUST-102918,2026-06,124.8,10,51.3,992
CUST-102918,2026-07,117.1,13,39.9,1024
CUST-102918,2026-08,81.7,13,64.6,530
CUST-102919,2026-03,90.5,13,46.9,910
CUST-102919,2026-04,90.3,16,63.8,812
CUST-102919,2026-05,59.5,10,44.0,483
CUST-102919,2026-06,49.1,11,83.8,474
CUST-102919,2026-07,68.0,3,58.9,484
CUST-102919,2026-08,49.7,3,41.2,289
CUST-102920,2026-03,155.8,21,67.8,1519
CUST-102920,2026-04,139.8,20,57.7,1516
CUST-102920,2026-05,163.8,19,56.1,1891
CUST-102920,2026-06,129.2,16,61.8,1037
CUST-102920,2026-07,97.7,8,61.5,741
CUST-102920,2026-08,92.4,11,31.8,957
CUST-102921,2026-03,356.4,56,60.1,3740
CUST-102921,2026-04,408.4,63,58.7,3694
CUST-102921,2026-05,311.1,45,77.6,2471
CUST-102921,2026-06,321.1,49,42.1,2697
CUST-102921,2026-07,301.0,41,56.0,3088
CUST-102921,2026-08,265.3,42,43.7,2632
CUST-102922,2026-03,77.0,7,36.3,722
CUST-102922,2026-04,71.1,9,83.7,576
CUST-102922,2026-05,71.6,9,57.6,789
CUST-102922,2026-06,49.1,8,57.8,274
CUST-102922,2026-07,69.7,12,48.5,482
CUST-102922,2026-08,42.1,7,49.0,417
CUST-102923,2026-03,358.5,55,45.8,3745
CUST-102923,2026-04,408.3,59,57.2,4457
CUST-102923,2026-05,398.5,60,78.3,4269
CUST-102923,2026-06,365.6,46,66.4,2802
CUST-102923,2026-07,340.8,45,55.0,3604
CUST-102923,2026-08,358.4,51,70.2,3649
CUST-102924,2026-03,198.2,29,53.7,1801
CUST-102924,2026-04,182.9,19,61.1,1677
CUST-102924,2026-05,156.3,15,35.5,1252
CUST-102924,2026-06,141.4,21,36.8,1323
CUST-102924,2026-07,145.9,18,45.4,1059
CUST-102924,2026-08,103.9,8,56.4,1058
CUST-102925,2026-03,201.7,23,52.8,1829
CUST-102925,2026-04,184.6,28,49.0,1870
CUST-102925,2026-05,183.5,28,38.5,1478
CUST-102925,2026-06,174.0,17,63.0,1976
CUST-102925,2026-07,185.1,25,57.6,1625
CUST-102925,2026-08,168.1,31,51.6,1696
CUST-102926,2026-03,82.0,5,38.1,627
CUST-102926,2026-04,59.6,7,62.9,623
CUST-102926,2026-05,63.4,5,50.9,729
CUST-102926,2026-06,51.2,6,69.2,445
CUST-102926,2026-07,42.2,7,63.2,407
CUST-102926,2026-08,39.8,5,55.6,178
CUST-102927,2026-03,158.1,18,51.6,1406
CUST-102927,2026-04,161.2,16,52.0,1519
CUST-102927,2026-05,147.5,15,39.0,1427
CUST-102927,2026-06,117.8,18,43.9,1441
CUST-102927,2026-07,105.8,18,25.7,1049
CUST-102927,2026-08,92.9,19,32.8,529
CUST-102928,2026-03,187.6,29,49.6,1450
CUST-102928,2026-04,176.1,24,50.7,2304
CUST-102928,2026-05,163.3,28,63.1,1582
CUST-102928,2026-06,179.6,25,40.6,1572
CUST-102928,2026-07,211.9,18,47.3,1746
CUST-102928,2026-08,198.5,28,44.4,1961
CUST-102929,2026-03,78.0,14,63.8,504
CUST-102929,2026-04,71.1,9,45.6,710
CUST-102929,2026-05,55.1,7,49.7,393
CUST-102929,2026-06,65.5,1,45.4,589
CUST-102929,2026-07,52.7,7,26.7,528
CUST-102929,2026-08,41.6,3,46.8,435
CUST-102930,2026-03,177.8,31,39.2,1737
CUST-102930,2026-04,173.8,28,64.1,1368
CUST-102930,2026-05,147.3,18,43.6,1593
CUST-102930,2026-06,170.3,30,68.7,1314
CUST-102930,2026-07,140.1,17,51.7,1156
CUST-102930,2026-08,130.1,18,51.5,1059
CUST-102931,2026-03,375.6,52,53.1,2725
CUST-102931,2026-04,352.7,61,58.2,2669
CUST-102931,2026-05,369.2,53,55.2,3287
CUST-102931,2026-06,355.9,53,57.7,3389
CUST-102931,2026-07,345.6,51,51.0,3313
CUST-102931,2026-08,419.9,59,60.7,3840
CUST-102932,2026-03,81.1,4,63.2,678
CUST-102932,2026-04,65.1,14,62.2,554
CUST-102932,2026-05,58.4,1,77.3,456
CUST-102932,2026-06,61.3,11,64.9,673
CUST-102932,2026-07,44.8,9,44.1,366
CUST-102932,2026-08,56.2,6,39.3,441
CUST-102933,2026-03,76.1,9,31.4,651
CUST-102933,2026-04,59.7,13,52.3,435
CUST-102933,2026-05,66.1,4,56.9,498
CUST-102933,2026-06,44.1,13,60.2,570
CUST-102933,2026-07,44.6,7,53.6,369
CUST-102933,2026-08,45.2,6,37.8,456
CUST-102934,2026-03,86.3,11,61.3,666
CUST-102934,2026-04,70.0,7,49.6,632
CUST-102934,2026-05,86.0,13,59.2,691
CUST-102934,2026-06,96.3,20,51.8,917
CUST-102934,2026-07,87.0,16,63.7,970
CUST-102934,2026-08,75.6,8,68.2,846
CUST-102935,2026-03,68.8,19,51.0,397
CUST-102935,2026-04,73.9,15,72.3,867
CUST-102935,2026-05,45.4,7,56.7,585
CUST-102935,2026-06,61.3,12,62.8,559
CUST-102935,2026-07,57.0,9,58.0,411
CUST-102935,2026-08,45.4,10,47.6,356
CUST-102936,2026-03,185.1,25,39.5,832
CUST-102936,2026-04,191.7,27,54.7,1915
CUST-102936,2026-05,143.4,18,78.4,1390
CUST-102936,2026-06,138.0,14,39.5,1258
CUST-102936,2026-07,122.7,17,38.4,767
CUST-102936,2026-08,103.9,20,46.1,835
CUST-102937,2026-03,180.2,29,65.5,2151
CUST-102937,2026-04,183.9,19,44.9,2077
CUST-102937,2026-05,156.6,21,58.2,1484
CUST-102937,2026-06,131.3,22,42.4,848
CUST-102937,2026-07,105.7,11,43.2,831
CUST-102937,2026-08,96.6,10,28.1,580
CUST-102938,2026-03,204.8,30,50.9,1809
CUST-102938,2026-04,150.4,28,47.3,1673
CUST-102938,2026-05,185.3,24,26.3,1924
CUST-102938,2026-06,128.6,14,52.3,748
CUST-102938,2026-07,99.0,11,59.6,889
CUST-102938,2026-08,88.8,16,22.3,981
CUST-102939,2026-03,795.3,116,63.2,5300
CUST-102939,2026-04,707.7,103,70.6,7567
CUST-102939,2026-05,503.6,68,51.9,6873
CUST-102939,2026-06,783.9,116,34.9,8169
CUST-102939,2026-07,584.4,83,51.2,6609
CUST-102939,2026-08,334.3,52,38.3,3181
CUST-102940,2026-03,80.4,10,42.0,642
CUST-102940,2026-04,75.3,13,65.2,931
CUST-102940,2026-05,62.4,8,58.7,468
CUST-102940,2026-06,51.6,6,40.5,412
CUST-102940,2026-07,48.9,16,65.2,349
CUST-102940,2026-08,43.5,17,51.6,367
CUST-102941,2026-03,380.4,52,34.3,3307
CUST-102941,2026-04,370.4,54,74.0,3415
CUST-102941,2026-05,365.6,57,61.3,3339
CUST-102941,2026-06,370.6,52,36.4,3190
CUST-102941,2026-07,385.2,50,48.2,3685
CUST-102941,2026-08,356.7,51,51.6,2674
CUST-102942,2026-03,191.8,28,65.0,2107
CUST-102942,2026-04,172.6,28,38.0,718
CUST-102942,2026-05,225.4,34,52.1,1604
CUST-102942,2026-06,171.1,22,81.3,1227
CUST-102942,2026-07,201.8,21,52.8,2017
CUST-102942,2026-08,192.1,20,75.0,1533
CUST-102943,2026-03,407.4,58,58.4,3758
CUST-102943,2026-04,364.7,46,50.1,2750
CUST-102943,2026-05,442.1,63,72.5,3649
CUST-102943,2026-06,367.4,50,52.1,3096
CUST-102943,2026-07,402.3,60,54.0,3642
CUST-102943,2026-08,376.9,54,48.2,3132
CUST-102944,2026-03,201.9,28,62.9,1576
CUST-102944,2026-04,149.8,27,66.9,1634
CUST-102944,2026-05,188.2,22,62.5,1751
CUST-102944,2026-06,151.8,24,60.3,1025
CUST-102944,2026-07,182.1,30,43.5,1200
CUST-102944,2026-08,157.1,19,56.6,1256
CUST-102945,2026-03,971.6,136,63.0,9786
CUST-102945,2026-04,989.0,133,47.0,11351
CUST-102945,2026-05,700.9,96,55.1,8099
CUST-102945,2026-06,669.5,95,75.8,4711
CUST-102945,2026-07,758.3,104,51.5,7546
CUST-102945,2026-08,680.3,108,42.6,6050
CUST-102946,2026-03,77.4,8,40.2,810
CUST-102946,2026-04,80.2,17,72.0,896
CUST-102946,2026-05,85.9,14,67.4,849
CUST-102946,2026-06,85.0,9,63.8,709
CUST-102946,2026-07,92.2,13,61.3,740
CUST-102946,2026-08,76.6,14,77.3,504
CUST-102947,2026-03,177.1,25,45.6,1354
CUST-102947,2026-04,170.0,28,46.9,1529
CUST-102947,2026-05,180.4,30,41.2,1750
CUST-102947,2026-06,155.0,21,67.5,1729
CUST-102947,2026-07,138.9,23,31.8,996
CUST-102947,2026-08,133.1,17,57.3,1410
CUST-102948,2026-03,194.9,23,44.4,1804
CUST-102948,2026-04,176.6,19,58.4,2194
CUST-102948,2026-05,163.5,20,52.6,1713
CUST-102948,2026-06,140.6,10,34.2,1108
CUST-102948,2026-07,122.9,14,38.1,901
CUST-102948,2026-08,89.2,15,43.2,842
CUST-102949,2026-03,211.1,32,55.0,1950
CUST-102949,2026-04,183.8,25,53.0,2039
CUST-102949,2026-05,139.0,25,60.9,1115
CUST-102949,2026-06,169.2,21,45.0,1846
CUST-102949,2026-07,143.2,12,57.2,976
CUST-102949,2026-08,178.6,26,37.4,1251
CUST-102950,2026-03,74.4,16,65.6,482
CUST-102950,2026-04,84.6,16,56.6,954
CUST-102950,2026-05,83.3,12,47.9,980
CUST-102950,2026-06,73.9,11,64.2,636
CUST-102950,2026-07,76.2,13,62.9,810
CUST-102950,2026-08,77.9,9,47.7,695
CUST-102951,2026-03,331.4,44,65.2,2866
CUST-102951,2026-04,345.2,51,64.0,3028
CUST-102951,2026-05,285.3,38,54.7,2333
CUST-102951,2026-06,234.1,32,33.4,3013
CUST-102951,2026-07,247.4,39,46.6,1725
CUST-102951,2026-08,193.3,23,25.5,2144
CUST-102952,2026-03,85.5,5,64.8,947
CUST-102952,2026-04,79.4,9,65.1,753
CUST-102952,2026-05,86.1,19,38.3,843
CUST-102952,2026-06,68.7,8,48.6,527
CUST-102952,2026-07,85.9,17,52.4,810
CUST-102952,2026-08,82.9,10,55.5,1014
CUST-102953,2026-03,162.3,25,56.8,1613
CUST-102953,2026-04,157.7,20,53.1,1708
CUST-102953,2026-05,168.7,30,47.5,1434
CUST-102953,2026-06,107.0,13,61.3,926
CUST-102953,2026-07,130.0,17,35.9,1322
CUST-102953,2026-08,80.9,6,41.0,818
CUST-102954,2026-03,459.9,66,38.5,4468
CUST-102954,2026-04,376.4,56,43.9,3575
CUST-102954,2026-05,277.5,36,56.2,3212
CUST-102954,2026-06,325.0,39,40.3,3250
CUST-102954,2026-07,234.5,38,51.1,1780
CUST-102954,2026-08,228.9,39,54.5,2621
CUST-102955,2026-03,87.2,18,43.0,629
CUST-102955,2026-04,76.2,9,60.2,840
CUST-102955,2026-05,74.4,13,45.1,612
CUST-102955,2026-06,64.3,11,32.2,629
CUST-102955,2026-07,76.3,11,60.5,962
CUST-102955,2026-08,51.8,7,41.5,484
CUST-102956,2026-03,186.7,28,80.2,1719
CUST-102956,2026-04,176.9,23,35.1,2273
CUST-102956,2026-05,139.8,14,58.6,1503
CUST-102956,2026-06,123.0,9,35.8,1039
CUST-102956,2026-07,108.8,16,41.8,749
CUST-102956,2026-08,121.8,13,30.3,820
CUST-102957,2026-03,388.9,56,55.1,3071
CUST-102957,2026-04,295.1,47,44.6,2449
CUST-102957,2026-05,355.1,41,56.5,2006
CUST-102957,2026-06,252.3,40,56.8,2252
CUST-102957,2026-07,247.9,40,39.5,1778
CUST-102957,2026-08,215.6,25,42.4,2227
CUST-102958,2026-03,86.1,13,36.8,678
CUST-102958,2026-04,66.1,3,58.7,347
CUST-102958,2026-05,76.2,11,64.4,558
CUST-102958,2026-06,78.3,10,38.0,622
CUST-102958,2026-07,79.9,8,42.2,776
CUST-102958,2026-08,66.7,1,50.4,449
CUST-102959,2026-03,136.7,29,72.4,962
CUST-102959,2026-04,186.6,28,61.5,1361
CUST-102959,2026-05,162.1,17,38.3,1811
CUST-102959,2026-06,157.0,25,54.9,1334
CUST-102959,2026-07,87.5,7,20.2,958
CUST-102959,2026-08,114.2,11,55.7,1225
CUST-102960,2026-03,73.5,8,63.0,383
CUST-102960,2026-04,82.1,9,43.6,809
CUST-102960,2026-05,96.7,4,42.4,653
CUST-102960,2026-06,80.5,18,51.0,742
CUST-102960,2026-07,83.3,7,45.7,743
CUST-102960,2026-08,90.7,12,48.5,810
CUST-102961,2026-03,88.9,12,59.4,536
CUST-102961,2026-04,88.7,16,62.1,572
CUST-102961,2026-05,55.4,3,20.9,486
CUST-102961,2026-06,50.8,4,53.3,474
CUST-102961,2026-07,46.3,6,44.3,377
CUST-102961,2026-08,46.1,6,60.5,408
CUST-102962,2026-03,174.8,37,67.7,1787
CUST-102962,2026-04,174.7,25,53.4,2086
CUST-102962,2026-05,167.8,23,61.1,1815
CUST-102962,2026-06,177.6,25,68.0,1168
CUST-102962,2026-07,205.2,34,70.5,2187
CUST-102962,2026-08,190.1,30,56.9,1857
CUST-102963,2026-03,174.1,23,28.8,1874
CUST-102963,2026-04,174.9,29,57.6,1638
CUST-102963,2026-05,150.7,16,60.5,1409
CUST-102963,2026-06,150.3,23,23.4,1579
CUST-102963,2026-07,142.1,17,39.6,1335
CUST-102963,2026-08,149.7,19,30.1,1488
CUST-102964,2026-03,82.4,18,50.4,515
CUST-102964,2026-04,88.6,18,49.1,830
CUST-102964,2026-05,77.6,18,44.7,754
CUST-102964,2026-06,84.9,16,69.6,655
CUST-102964,2026-07,80.9,13,52.4,898
CUST-102964,2026-08,78.9,13,49.0,806
CUST-102965,2026-03,806.5,114,50.8,8843
CUST-102965,2026-04,838.3,113,55.6,7645
CUST-102965,2026-05,737.4,105,50.2,9227
CUST-102965,2026-06,620.4,88,44.9,5581
CUST-102965,2026-07,733.5,106,54.7,7842
CUST-102965,2026-08,575.8,86,36.8,5475
CUST-102966,2026-03,210.7,27,77.1,1800
CUST-102966,2026-04,184.2,18,59.6,1634
CUST-102966,2026-05,158.9,21,62.1,1163
CUST-102966,2026-06,181.0,24,68.1,1469
CUST-102966,2026-07,185.1,30,52.8,1586
CUST-102966,2026-08,169.7,21,44.9,1018
CUST-102967,2026-03,74.1,14,48.4,707
CUST-102967,2026-04,85.3,17,88.8,979
CUST-102967,2026-05,71.0,6,54.4,600
CUST-102967,2026-06,65.0,7,51.3,730
CUST-102967,2026-07,72.1,9,34.7,594
CUST-102967,2026-08,75.3,14,47.5,851
CUST-102968,2026-03,69.9,12,63.6,606
CUST-102968,2026-04,96.4,13,75.0,891
CUST-102968,2026-05,87.7,11,72.5,938
CUST-102968,2026-06,84.7,11,46.9,635
CUST-102968,2026-07,62.2,9,62.2,581
CUST-102968,2026-08,72.1,8,67.9,551
CUST-102969,2026-03,181.2,25,56.7,1513
CUST-102969,2026-04,163.0,25,24.6,1021
CUST-102969,2026-05,163.1,17,42.5,1586
CUST-102969,2026-06,213.0,32,30.5,2614
CUST-102969,2026-07,162.9,12,73.1,1847
CUST-102969,2026-08,189.5,25,66.5,1897
CUST-102970,2026-03,152.7,25,54.3,985
CUST-102970,2026-04,190.9,31,33.3,1584
CUST-102970,2026-05,181.6,23,45.5,1571
CUST-102970,2026-06,162.8,26,45.7,1803
CUST-102970,2026-07,200.4,35,71.7,1501
CUST-102970,2026-08,186.4,26,38.0,2373
CUST-102971,2026-03,383.5,56,57.1,3709
CUST-102971,2026-04,402.7,58,35.2,2291
CUST-102971,2026-05,385.9,55,45.4,3102
CUST-102971,2026-06,431.6,62,60.6,2832
CUST-102971,2026-07,387.7,57,59.2,3388
CUST-102971,2026-08,385.5,57,29.9,3893
CUST-102972,2026-03,155.3,23,55.6,1829
CUST-102972,2026-04,184.7,25,46.6,2068
CUST-102972,2026-05,142.0,20,47.4,1353
CUST-102972,2026-06,117.1,17,45.4,1018
CUST-102972,2026-07,114.1,16,36.3,1096
CUST-102972,2026-08,115.8,16,32.5,1116
CUST-102973,2026-03,80.3,11,50.0,838
CUST-102973,2026-04,78.7,8,57.7,761
CUST-102973,2026-05,60.8,16,53.0,613
CUST-102973,2026-06,70.5,11,42.1,772
CUST-102973,2026-07,63.6,16,65.5,534
CUST-102973,2026-08,44.7,9,48.2,370
CUST-102974,2026-03,72.6,11,55.5,593
CUST-102974,2026-04,58.8,3,43.0,626
CUST-102974,2026-05,57.6,15,56.1,413
CUST-102974,2026-06,47.9,10,68.6,384
CUST-102974,2026-07,51.7,4,41.2,370
CUST-102974,2026-08,43.4,9,22.9,436
CUST-102975,2026-03,454.8,66,61.1,4253
CUST-102975,2026-04,345.0,45,52.7,1947
CUST-102975,2026-05,387.5,58,74.9,3896
CUST-102975,2026-06,360.0,48,45.5,2630
CUST-102975,2026-07,361.9,54,53.1,3325
CUST-102975,2026-08,325.1,48,53.5,2592
CUST-102976,2026-03,830.9,118,55.7,7156
CUST-102976,2026-04,763.2,108,45.6,8244
CUST-102976,2026-05,850.1,125,63.0,7106
CUST-102976,2026-06,678.0,98,46.2,6864
CUST-102976,2026-07,574.6,92,40.1,6454
CUST-102976,2026-08,591.0,89,60.9,7076
CUST-102977,2026-03,306.6,40,69.8,3212
CUST-102977,2026-04,390.4,57,58.2,3382
CUST-102977,2026-05,357.1,58,46.7,2334
CUST-102977,2026-06,364.4,59,36.1,2983
CUST-102977,2026-07,313.0,41,31.0,2737
CUST-102977,2026-08,322.1,43,56.5,3149
CUST-102978,2026-03,354.5,51,41.0,3636
CUST-102978,2026-04,405.3,59,68.6,4081
CUST-102978,2026-05,384.6,54,45.7,2186
CUST-102978,2026-06,391.7,55,38.2,3209
CUST-102978,2026-07,388.4,58,49.9,3489
CUST-102978,2026-08,395.6,61,65.0,3827
CUST-102979,2026-03,833.1,115,63.1,8577
CUST-102979,2026-04,894.0,129,58.9,7439
CUST-102979,2026-05,979.6,136,67.0,7448
CUST-102979,2026-06,934.0,127,68.4,7597
CUST-102979,2026-07,887.4,130,61.5,5217
CUST-102979,2026-08,1110.4,163,69.9,10428
CUST-102980,2026-03,358.5,49,55.7,3263
CUST-102980,2026-04,363.9,56,73.4,2024
CUST-102980,2026-05,296.2,36,54.1,3459
CUST-102980,2026-06,318.6,45,27.1,2125
CUST-102980,2026-07,246.5,41,45.6,2036
CUST-102980,2026-08,198.6,29,60.0,1777
CUST-102981,2026-03,75.1,4,60.2,487
CUST-102981,2026-04,59.8,9,31.6,695
CUST-102981,2026-05,65.0,6,69.3,768
CUST-102981,2026-06,70.2,8,84.0,744
CUST-102981,2026-07,60.4,2,27.8,517
CUST-102981,2026-08,62.1,8,44.0,608
CUST-102982,2026-03,1039.1,145,45.3,11440
CUST-102982,2026-04,932.4,132,71.3,8096
CUST-102982,2026-05,1190.6,166,78.5,3268
CUST-102982,2026-06,1035.5,144,53.1,12211
CUST-102982,2026-07,1035.9,152,57.2,9011
CUST-102982,2026-08,884.0,126,77.2,5951
CUST-102983,2026-03,208.5,24,47.1,2176
CUST-102983,2026-04,204.6,32,51.0,1848
CUST-102983,2026-05,159.5,22,33.1,1584
CUST-102983,2026-06,147.9,24,56.6,1366
CUST-102983,2026-07,204.5,29,66.2,1294
CUST-102983,2026-08,201.8,27,69.9,2719
CUST-102984,2026-03,61.1,10,74.4,622
CUST-102984,2026-04,69.4,5,53.9,606
CUST-102984,2026-05,93.6,14,53.6,948
CUST-102984,2026-06,70.0,5,38.4,681
CUST-102984,2026-07,82.4,11,64.6,693
CUST-102984,2026-08,78.9,12,57.5,706
CUST-102985,2026-03,80.7,17,41.7,603
CUST-102985,2026-04,74.2,11,43.5,580
CUST-102985,2026-05,80.6,8,57.1,723
CUST-102985,2026-06,67.7,5,56.2,456
CUST-102985,2026-07,88.7,7,46.7,791
CUST-102985,2026-08,71.7,7,41.4,627
CUST-102986,2026-03,347.4,58,56.1,3483
CUST-102986,2026-04,400.9,54,76.6,3451
CUST-102986,2026-05,392.2,56,62.0,2522
CUST-102986,2026-06,431.0,56,64.5,5301
CUST-102986,2026-07,363.3,50,61.1,3135
CUST-102986,2026-08,392.9,52,65.5,3509
CUST-102987,2026-03,189.7,24,64.9,1249
CUST-102987,2026-04,182.5,34,70.0,1710
CUST-102987,2026-05,191.3,23,74.1,1467
CUST-102987,2026-06,193.6,29,40.3,2130
CUST-102987,2026-07,158.1,25,58.7,1100
CUST-102987,2026-08,196.7,26,65.9,1571
CUST-102988,2026-03,423.8,67,56.6,4961
CUST-102988,2026-04,431.5,56,70.0,4259
CUST-102988,2026-05,378.7,53,52.5,3079
CUST-102988,2026-06,410.4,52,61.2,3955
CUST-102988,2026-07,388.3,50,78.9,3952
CUST-102988,2026-08,450.1,68,65.5,2294
CUST-102989,2026-03,86.0,10,45.8,649
CUST-102989,2026-04,89.2,12,55.5,1026
CUST-102989,2026-05,75.6,4,73.8,781
CUST-102989,2026-06,80.0,7,42.4,561
CUST-102989,2026-07,73.8,15,37.5,768
CUST-102989,2026-08,100.2,12,63.2,584
CUST-102990,2026-03,967.9,134,53.2,7536
CUST-102990,2026-04,798.8,116,55.7,5851
CUST-102990,2026-05,865.5,117,58.1,8982
CUST-102990,2026-06,721.2,105,43.0,8176
CUST-102990,2026-07,575.0,88,33.7,5865
CUST-102990,2026-08,445.7,58,13.8,4197
CUST-102991,2026-03,330.9,50,61.5,2754
CUST-102991,2026-04,441.5,56,49.8,3290
CUST-102991,2026-05,411.7,57,57.3,3133
CUST-102991,2026-06,362.8,53,62.5,3394
CUST-102991,2026-07,380.3,56,68.7,3770
CUST-102991,2026-08,388.8,54,75.1,2980
CUST-102992,2026-03,81.5,14,52.3,660
CUST-102992,2026-04,70.3,9,45.3,704
CUST-102992,2026-05,82.4,8,46.0,719
CUST-102992,2026-06,91.1,6,29.9,695
CUST-102992,2026-07,81.8,8,38.3,745
CUST-102992,2026-08,86.7,13,42.2,840
CUST-102993,2026-03,838.9,114,56.1,9246
CUST-102993,2026-04,808.6,117,48.1,3951
CUST-102993,2026-05,685.0,97,71.5,6287
CUST-102993,2026-06,838.2,125,61.9,6352
CUST-102993,2026-07,695.2,95,61.5,7812
CUST-102993,2026-08,759.1,110,56.7,9457
CUST-102994,2026-03,422.8,63,49.7,4367
CUST-102994,2026-04,328.2,48,59.5,3260
CUST-102994,2026-05,355.0,48,49.6,3321
CUST-102994,2026-06,320.1,44,47.5,2814
CUST-102994,2026-07,434.8,57,64.3,4377
CUST-102994,2026-08,400.7,64,79.1,2843
CUST-102995,2026-03,907.4,126,47.0,5700
CUST-102995,2026-04,877.2,113,64.7,8979
CUST-102995,2026-05,739.5,105,59.2,5959
CUST-102995,2026-06,751.3,114,69.4,7770
CUST-102995,2026-07,863.1,125,58.5,4071
CUST-102995,2026-08,1067.6,153,40.6,11629
CUST-102996,2026-03,82.0,11,48.8,783
CUST-102996,2026-04,79.4,13,78.8,562
CUST-102996,2026-05,79.1,12,46.6,644
CUST-102996,2026-06,57.7,5,68.5,507
CUST-102996,2026-07,69.8,13,45.8,660
CUST-102996,2026-08,60.3,15,40.3,419
CUST-102997,2026-03,431.8,52,77.6,4435
CUST-102997,2026-04,331.0,39,73.0,2426
CUST-102997,2026-05,322.9,46,52.0,4600
CUST-102997,2026-06,336.3,50,63.9,3328
CUST-102997,2026-07,313.0,39,43.9,1939
CUST-102997,2026-08,295.1,40,67.4,3065
CUST-102998,2026-03,180.8,23,34.6,1975
CUST-102998,2026-04,206.5,33,51.8,2336
CUST-102998,2026-05,185.4,20,66.4,2079
CUST-102998,2026-06,162.9,24,75.6,1436
CUST-102998,2026-07,218.2,30,64.2,2464
CUST-102998,2026-08,181.1,30,64.7,1028
CUST-102999,2026-03,361.3,53,46.7,2803
CUST-102999,2026-04,329.3,51,49.4,3054
CUST-102999,2026-05,333.0,42,49.0,2990
CUST-102999,2026-06,239.2,44,16.1,1480
CUST-102999,2026-07,228.7,29,26.8,2025
CUST-102999,2026-08,242.3,37,35.4,2838
CUST-103000,2026-03,67.3,8,60.0,722
CUST-103000,2026-04,72.8,15,58.6,809
CUST-103000,2026-05,69.5,8,55.7,554
CUST-103000,2026-06,69.6,11,67.3,771
CUST-103000,2026-07,68.2,10,36.7,632
CUST-103000,2026-08,56.5,9,43.8,473
